TreeId,MAP,Site,IdGenotype,sum_n_bunch_mes,cum_n_bunch_mes,Date
PR_G5-1_1_GE12_10_4,34,PR,GE12,0,0,2013-03-29
PR_G5-1_1_GE12_10_4,35,PR,GE12,0,0,2013-04-30
PR_G5-1_1_GE12_10_4,36,PR,GE12,0,0,2013-05-10
PR_G5-1_1_GE12_10_4,37,PR,GE12,0,0,2013-06-08
PR_G5-1_1_GE12_10_4,45,PR,GE12,10,10,2014-02-22
PR_G5-1_1_GE12_10_4,46,PR,GE12,3,13,2014-03-31
PR_G5-1_1_GE12_10_4,47,PR,GE12,3,16,2014-04-28
PR_G5-1_1_GE12_10_4,48,PR,GE12,2,18,2014-05-16
PR_G5-1_1_GE12_10_4,49,PR,GE12,3,21,2014-06-13
PR_G5-1_1_GE12_10_4,50,PR,GE12,2,23,2014-07-11
PR_G5-1_1_GE12_10_4,51,PR,GE12,2,25,2014-08-27
PR_G5-1_1_GE12_10_4,58,PR,GE12,1,26,2015-03-20
PR_G5-1_1_GE12_10_4,59,PR,GE12,4,30,2015-04-27
PR_G5-1_1_GE12_10_4,60,PR,GE12,5,35,2015-05-25
PR_G5-1_1_GE12_10_4,61,PR,GE12,1,36,2015-06-12
PR_G5-1_1_GE12_10_4,62,PR,GE12,4,40,2015-07-29
PR_G5-1_1_GE12_10_4,63,PR,GE12,2,42,2015-08-26
PR_G5-1_1_GE12_10_4,64,PR,GE12,3,45,2015-09-23
PR_G5-1_1_GE12_10_4,65,PR,GE12,2,47,2015-10-30
PR_G5-1_1_GE12_10_4,66,PR,GE12,2,49,2015-11-18
PR_G5-1_1_GE12_10_4,74,PR,GE12,4,53,2016-07-27
PR_G5-1_1_GE12_10_4,75,PR,GE12,2,55,2016-08-24
PR_G5-1_1_GE12_10_4,76,PR,GE12,3,58,2016-09-30
PR_G5-1_1_GE12_10_4,77,PR,GE12,2,60,2016-10-28
PR_G5-1_1_GE12_10_4,78,PR,GE12,2,62,2016-11-25
PR_G5-1_1_GE12_10_4,79,PR,GE12,2,64,2016-12-23
PR_G5-1_1_GE12_10_4,87,PR,GE12,2,66,2017-08-14
PR_G5-1_1_GE12_10_4,88,PR,GE12,3,69,2017-09-29
PR_G5-1_1_GE12_10_4,89,PR,GE12,2,71,2017-10-27
PR_G5-1_1_GE12_10_4,90,PR,GE12,2,73,2017-11-24
PR_G5-1_1_GE12_10_4,93,PR,GE12,2,75,2018-02-26
PR_G5-1_1_GE12_10_4,96,PR,GE12,1,76,2018-05-30
PR_G5-1_1_GE12_10_4,97,PR,GE12,1,77,2018-06-27
PR_G5-1_1_GE12_10_4,100,PR,GE12,3,82,2018-09-28
PR_G5-1_1_GE12_10_4,99,PR,GE12,2,81,2018-08-31
PR_G5-1_1_GE12_10_4,104,PR,GE12,2,84,2019-01-28
PR_G5-1_1_GE12_10_4,105,PR,GE12,1,85,2019-02-25
PR_G5-1_1_GE12_10_4,106,PR,GE12,2,87,2019-03-15
PR_G5-1_1_GE12_10_4,107,PR,GE12,1,88,2019-04-03
PR_G5-1_1_GE12_10_4,110,PR,GE12,2,90,2019-07-24
PR_G5-1_1_GE12_10_4,111,PR,GE12,3,93,2019-08-30
PR_G5-1_1_GE12_10_4,112,PR,GE12,1,94,2019-09-18
PR_G5-1_1_GE12_10_4,122,PR,GE12,2,96,2020-07-14
PR_G5-1_1_GE12_10_4,125,PR,GE12,1,97,2020-10-16
PR_G5-1_1_GE12_10_4,126,PR,GE12,1,98,2020-11-03
PR_G5-1_1_GE12_10_4,132,PR,GE12,1,99,2021-05-12
PR_G5-1_1_GE12_10_4,138,PR,GE12,1,100,2021-11-05
PR_G5-1_1_GE12_10_4,142,PR,GE12,2,102,2022-03-28
PR_G5-1_1_GE12_10_4,143,PR,GE12,1,103,2022-04-08
PR_G5-1_1_GE12_10_4,144,PR,GE12,2,105,2022-05-02
PR_G5-1_1_GE12_10_4,146,PR,GE12,1,106,2022-07-11
PR_G5-1_1_GE12_10_4,147,PR,GE12,1,107,2022-08-03
PR_G5-1_1_GE12_10_4,148,PR,GE12,1,108,2022-09-19
PR_G5-1_1_GE12_10_4,149,PR,GE12,1,109,2022-10-12
PR_G5-1_1_GE12_10_4,150,PR,GE12,2,111,2022-11-28
PR_G5-1_1_GE12_10_4,157,PR,GE12,4,115,2023-06-30
PR_G5-1_1_GE12_10_4,158,PR,GE12,1,116,2023-07-13
PR_G5-1_1_GE12_10_4,159,PR,GE12,1,117,2023-08-05
PR_G5-1_1_GE12_10_4,160,PR,GE12,2,119,2023-09-21
PR_G5-1_1_GE12_10_4,161,PR,GE12,3,122,2023-10-26
PR_G5-1_1_GE12_10_4,162,PR,GE12,1,123,2023-11-18
PR_G5-1_1_GE12_10_4,163,PR,GE12,1,124,2023-12-12
PR_G5-1_1_GE12_10_4,164,PR,GE12,1,125,2024-01-04
PR_G5-1_1_GE12_10_5,35,PR,GE12,0,0,2013-04-30
PR_G5-1_1_GE12_10_5,36,PR,GE12,0,0,2013-05-20
PR_G5-1_1_GE12_10_5,39,PR,GE12,0,0,2013-08-30
PR_G5-1_1_GE12_10_5,40,PR,GE12,0,0,2013-09-30
PR_G5-1_1_GE12_10_5,42,PR,GE12,0,0,2013-11-18
PR_G5-1_1_GE12_10_5,43,PR,GE12,0,0,2013-12-06
PR_G5-1_1_GE12_10_5,44,PR,GE12,0,1,2014-01-24
PR_G5-1_1_GE12_10_5,45,PR,GE12,4,4,2014-02-13
PR_G5-1_1_GE12_10_5,46,PR,GE12,4,8,2014-03-31
PR_G5-1_1_GE12_10_5,47,PR,GE12,1,9,2014-04-28
PR_G5-1_1_GE12_10_5,48,PR,GE12,3,12,2014-05-26
PR_G5-1_1_GE12_10_5,49,PR,GE12,2,14,2014-06-13
PR_G5-1_1_GE12_10_5,50,PR,GE12,2,16,2014-07-21
PR_G5-1_1_GE12_10_5,52,PR,GE12,1,17,2014-09-15
PR_G5-1_1_GE12_10_5,60,PR,GE12,4,21,2015-05-25
PR_G5-1_1_GE12_10_5,61,PR,GE12,3,24,2015-06-12
PR_G5-1_1_GE12_10_5,62,PR,GE12,4,28,2015-07-29
PR_G5-1_1_GE12_10_5,63,PR,GE12,3,31,2015-08-26
PR_G5-1_1_GE12_10_5,64,PR,GE12,1,32,2015-09-14
PR_G5-1_1_GE12_10_5,65,PR,GE12,3,35,2015-10-21
PR_G5-1_1_GE12_10_5,66,PR,GE12,1,36,2015-11-18
PR_G5-1_1_GE12_10_5,67,PR,GE12,1,37,2015-12-07
PR_G5-1_1_GE12_10_5,75,PR,GE12,3,40,2016-08-15
PR_G5-1_1_GE12_10_5,76,PR,GE12,5,45,2016-09-21
PR_G5-1_1_GE12_10_5,77,PR,GE12,3,48,2016-10-28
PR_G5-1_1_GE12_10_5,78,PR,GE12,1,49,2016-11-16
PR_G5-1_1_GE12_10_5,79,PR,GE12,1,50,2016-12-23
PR_G5-1_1_GE12_10_5,80,PR,GE12,2,52,2017-01-30
PR_G5-1_1_GE12_10_5,89,PR,GE12,2,54,2017-10-27
PR_G5-1_1_GE12_10_5,90,PR,GE12,2,57,2017-11-24
PR_G5-1_1_GE12_10_5,91,PR,GE12,1,56,2017-12-04
PR_G5-1_1_GE12_10_5,97,PR,GE12,1,58,2018-06-18
PR_G5-1_1_GE12_10_5,98,PR,GE12,1,59,2018-07-06
PR_G5-1_1_GE12_10_5,105,PR,GE12,2,61,2019-02-25
PR_G5-1_1_GE12_10_5,108,PR,GE12,3,64,2019-05-29
PR_G5-1_1_GE12_10_5,109,PR,GE12,2,66,2019-06-26
PR_G5-1_1_GE12_10_5,110,PR,GE12,1,67,2019-07-15
PR_G5-1_1_GE12_10_5,111,PR,GE12,1,68,2019-08-02
PR_G5-1_1_GE12_10_5,112,PR,GE12,1,69,2019-09-09
PR_G5-1_1_GE12_10_5,113,PR,GE12,1,70,2019-10-07
PR_G5-1_1_GE12_10_5,122,PR,GE12,1,71,2020-07-04
PR_G5-1_1_GE12_10_5,127,PR,GE12,1,72,2020-12-19
PR_G5-1_1_GE12_10_5,139,PR,GE12,2,74,2021-12-22
PR_G5-1_1_GE12_10_5,144,PR,GE12,1,75,2022-05-02
PR_G5-1_1_GE12_10_5,148,PR,GE12,1,76,2022-09-30
PR_G5-1_1_GE12_10_5,150,PR,GE12,1,77,2022-11-16
PR_G5-1_1_GE12_10_5,154,PR,GE12,2,79,2023-03-29
PR_G5-1_1_GE12_10_5,155,PR,GE12,1,80,2023-04-21
PR_G5-1_1_GE12_10_5,156,PR,GE12,1,81,2023-05-15
PR_G5-1_1_GE12_10_5,157,PR,GE12,2,83,2023-06-30
PR_G5-1_1_GE12_10_5,159,PR,GE12,1,84,2023-08-05
PR_G5-1_1_GE12_10_5,160,PR,GE12,1,85,2023-09-09
PR_G5-1_1_GE12_10_5,161,PR,GE12,1,86,2023-10-03
PR_G5-1_1_GE12_10_5,162,PR,GE12,1,87,2023-11-07
PR_G5-1_2_GE16_13_3,35,PR,GE16,0,0,2013-04-10
PR_G5-1_2_GE16_13_3,41,PR,GE16,0,0,2013-10-21
PR_G5-1_2_GE16_13_3,42,PR,GE16,0,0,2013-11-18
PR_G5-1_2_GE16_13_3,43,PR,GE16,0,0,2013-12-06
PR_G5-1_2_GE16_13_3,44,PR,GE16,0,0,2014-01-14
PR_G5-1_2_GE16_13_3,45,PR,GE16,4,4,2014-02-22
PR_G5-1_2_GE16_13_3,46,PR,GE16,2,7,2014-03-31
PR_G5-1_2_GE16_13_3,47,PR,GE16,2,8,2014-04-28
PR_G5-1_2_GE16_13_3,48,PR,GE16,2,10,2014-05-26
PR_G5-1_2_GE16_13_3,49,PR,GE16,3,13,2014-06-23
PR_G5-1_2_GE16_13_3,50,PR,GE16,2,15,2014-07-21
PR_G5-1_2_GE16_13_3,51,PR,GE16,3,18,2014-08-27
PR_G5-1_2_GE16_13_3,52,PR,GE16,2,20,2014-09-15
PR_G5-1_2_GE16_13_3,53,PR,GE16,2,22,2014-10-31
PR_G5-1_2_GE16_13_3,55,PR,GE16,1,23,2014-12-08
PR_G5-1_2_GE16_13_3,58,PR,GE16,3,27,2015-03-11
PR_G5-1_2_GE16_13_3,57,PR,GE16,1,25,2015-02-20
PR_G5-1_2_GE16_13_3,59,PR,GE16,5,32,2015-04-17
PR_G5-1_2_GE16_13_3,60,PR,GE16,3,35,2015-05-25
PR_G5-1_2_GE16_13_3,61,PR,GE16,2,37,2015-06-22
PR_G5-1_2_GE16_13_3,62,PR,GE16,4,41,2015-07-29
PR_G5-1_2_GE16_13_3,63,PR,GE16,2,43,2015-08-26
PR_G5-1_2_GE16_13_3,64,PR,GE16,2,45,2015-09-23
PR_G5-1_2_GE16_13_3,71,PR,GE16,6,51,2016-04-15
PR_G5-1_2_GE16_13_3,72,PR,GE16,2,53,2016-05-13
PR_G5-1_2_GE16_13_3,73,PR,GE16,2,55,2016-06-29
PR_G5-1_2_GE16_13_3,74,PR,GE16,2,57,2016-07-27
PR_G5-1_2_GE16_13_3,75,PR,GE16,1,58,2016-08-15
PR_G5-1_2_GE16_13_3,76,PR,GE16,2,60,2016-09-12
PR_G5-1_2_GE16_13_3,77,PR,GE16,2,62,2016-10-28
PR_G5-1_2_GE16_13_3,82,PR,GE16,1,63,2017-03-17
PR_G5-1_2_GE16_13_3,83,PR,GE16,2,65,2017-04-05
PR_G5-1_2_GE16_13_3,87,PR,GE16,2,67,2017-08-23
PR_G5-1_2_GE16_13_3,88,PR,GE16,2,69,2017-09-29
PR_G5-1_2_GE16_13_3,89,PR,GE16,1,70,2017-10-09
PR_G5-1_2_GE16_13_3,90,PR,GE16,1,71,2017-11-06
PR_G5-1_2_GE16_13_3,92,PR,GE16,4,75,2018-01-19
PR_G5-1_2_GE16_13_3,93,PR,GE16,3,78,2018-02-26
PR_G5-1_2_GE16_13_3,94,PR,GE16,1,79,2018-03-26
PR_G5-1_2_GE16_13_3,104,PR,GE16,6,85,2019-01-28
PR_G5-1_2_GE16_13_3,105,PR,GE16,2,87,2019-02-25
PR_G5-1_2_GE16_13_3,106,PR,GE16,1,88,2019-03-15
PR_G5-1_2_GE16_13_3,107,PR,GE16,2,90,2019-04-22
PR_G5-1_2_GE16_13_3,117,PR,GE16,2,92,2020-02-24
PR_G5-1_2_GE16_13_3,118,PR,GE16,1,93,2020-03-13
PR_G5-1_2_GE16_13_3,119,PR,GE16,2,95,2020-04-20
PR_G5-1_2_GE16_13_3,121,PR,GE16,1,96,2020-06-15
PR_G5-1_2_GE16_13_3,122,PR,GE16,1,97,2020-07-04
PR_G5-1_2_GE16_13_3,123,PR,GE16,2,99,2020-08-18
PR_G5-1_2_GE16_13_3,124,PR,GE16,1,100,2020-09-23
PR_G5-1_2_GE16_13_3,125,PR,GE16,1,101,2020-10-05
PR_G5-1_2_GE16_13_3,130,PR,GE16,3,104,2021-03-26
PR_G5-1_2_GE16_13_3,131,PR,GE16,1,105,2021-04-07
PR_G5-1_2_GE16_13_3,137,PR,GE16,1,106,2021-10-13
PR_G5-1_2_GE16_13_3,141,PR,GE16,1,107,2022-02-09
PR_G5-1_2_GE16_13_3,142,PR,GE16,2,109,2022-03-16
PR_G5-1_2_GE16_13_3,143,PR,GE16,1,110,2022-04-08
PR_G5-1_2_GE16_13_3,152,PR,GE16,1,111,2023-01-27
PR_G5-1_2_GE16_13_3,153,PR,GE16,1,112,2023-02-08
PR_G5-1_2_GE16_13_3,154,PR,GE16,1,113,2023-03-29
PR_G5-1_2_GE16_13_3,155,PR,GE16,1,114,2023-04-10
PR_G5-1_2_GE16_13_3,156,PR,GE16,1,115,2023-05-03
PR_G5-1_2_GE16_13_3,160,PR,GE16,2,117,2023-09-21
PR_G5-1_2_GE16_13_3,164,PR,GE16,2,119,2024-01-22
PR_G5-1_2_GE16_13_3,165,PR,GE16,2,121,2024-02-08
PR_G5-1_2_GE16_13_3,166,PR,GE16,3,124,2024-03-26
PR_G5-1_1_GE06_14_14,34,PR,GE06,0,0,2013-03-29
PR_G5-1_1_GE06_14_14,35,PR,GE06,0,0,2013-04-19
PR_G5-1_1_GE06_14_14,36,PR,GE06,0,0,2013-05-30
PR_G5-1_1_GE06_14_14,37,PR,GE06,0,0,2013-06-28
PR_G5-1_1_GE06_14_14,38,PR,GE06,0,0,2013-07-22
PR_G5-1_1_GE06_14_14,39,PR,GE06,0,0,2013-08-20
PR_G5-1_1_GE06_14_14,40,PR,GE06,0,0,2013-09-19
PR_G5-1_1_GE06_14_14,41,PR,GE06,0,0,2013-10-29
PR_G5-1_1_GE06_14_14,42,PR,GE06,0,0,2013-11-18
PR_G5-1_1_GE06_14_14,43,PR,GE06,0,0,2013-12-06
PR_G5-1_1_GE06_14_14,44,PR,GE06,0,0,2014-01-14
PR_G5-1_1_GE06_14_14,45,PR,GE06,4,4,2014-02-22
PR_G5-1_1_GE06_14_14,46,PR,GE06,3,7,2014-03-21
PR_G5-1_1_GE06_14_14,47,PR,GE06,2,9,2014-04-28
PR_G5-1_1_GE06_14_14,48,PR,GE06,3,12,2014-05-26
PR_G5-1_1_GE06_14_14,49,PR,GE06,2,14,2014-06-13
PR_G5-1_1_GE06_14_14,50,PR,GE06,2,16,2014-07-21
PR_G5-1_1_GE06_14_14,51,PR,GE06,3,19,2014-08-27
PR_G5-1_1_GE06_14_14,52,PR,GE06,2,21,2014-09-15
PR_G5-1_1_GE06_14_14,53,PR,GE06,2,23,2014-10-13
PR_G5-1_1_GE06_14_14,54,PR,GE06,3,26,2014-11-28
PR_G5-1_1_GE06_14_14,55,PR,GE06,1,27,2014-12-16
PR_G5-1_1_GE06_14_14,56,PR,GE06,4,31,2015-01-23
PR_G5-1_1_GE06_14_14,57,PR,GE06,2,33,2015-02-20
PR_G5-1_1_GE06_14_14,58,PR,GE06,5,38,2015-03-30
PR_G5-1_1_GE06_14_14,59,PR,GE06,3,41,2015-04-27
PR_G5-1_1_GE06_14_14,60,PR,GE06,3,44,2015-05-25
PR_G5-1_1_GE06_14_14,61,PR,GE06,3,47,2015-06-22
PR_G5-1_1_GE06_14_14,62,PR,GE06,2,49,2015-07-29
PR_G5-1_1_GE06_14_14,63,PR,GE06,2,51,2015-08-26
PR_G5-1_1_GE06_14_14,64,PR,GE06,2,53,2015-09-14
PR_G5-1_1_GE06_14_14,65,PR,GE06,1,54,2015-10-12
PR_G5-1_1_GE06_14_14,68,PR,GE06,4,58,2016-01-04
PR_G5-1_1_GE06_14_14,69,PR,GE06,5,63,2016-02-19
PR_G5-1_1_GE06_14_14,70,PR,GE06,3,66,2016-03-09
PR_G5-1_1_GE06_14_14,71,PR,GE06,3,69,2016-04-15
PR_G5-1_1_GE06_14_14,72,PR,GE06,3,72,2016-05-23
PR_G5-1_1_GE06_14_14,73,PR,GE06,4,76,2016-06-29
PR_G5-1_1_GE06_14_14,74,PR,GE06,2,78,2016-07-27
PR_G5-1_1_GE06_14_14,75,PR,GE06,1,79,2016-08-24
PR_G5-1_1_GE06_14_14,76,PR,GE06,1,80,2016-09-12
PR_G5-1_1_GE06_14_14,80,PR,GE06,2,82,2017-01-30
PR_G5-1_1_GE06_14_14,81,PR,GE06,4,86,2017-02-27
PR_G5-1_1_GE06_14_14,82,PR,GE06,2,88,2017-03-17
PR_G5-1_1_GE06_14_14,85,PR,GE06,2,90,2017-06-19
PR_G5-1_1_GE06_14_14,86,PR,GE06,2,92,2017-07-17
PR_G5-1_1_GE06_14_14,87,PR,GE06,2,94,2017-08-23
PR_G5-1_1_GE06_14_14,88,PR,GE06,2,96,2017-09-29
PR_G5-1_1_GE06_14_14,89,PR,GE06,1,97,2017-10-09
PR_G5-1_1_GE06_14_14,91,PR,GE06,1,98,2017-12-04
PR_G5-1_1_GE06_14_14,90,PR,GE06,1,99,2017-11-15
PR_G5-1_1_GE06_14_14,92,PR,GE06,2,101,2018-01-01
PR_G5-1_1_GE06_14_14,96,PR,GE06,3,104,2018-05-30
PR_G5-1_1_GE06_14_14,97,PR,GE06,2,106,2018-06-27
PR_G5-1_1_GE06_14_14,98,PR,GE06,2,108,2018-07-25
PR_G5-1_1_GE06_14_14,99,PR,GE06,2,110,2018-08-22
PR_G5-1_1_GE06_14_14,100,PR,GE06,2,112,2018-09-19
PR_G5-1_1_GE06_14_14,101,PR,GE06,2,114,2018-10-26
PR_G5-1_1_GE06_14_14,102,PR,GE06,2,116,2018-11-14
PR_G5-1_1_GE06_14_14,103,PR,GE06,2,118,2018-12-21
PR_G5-1_1_GE06_14_14,104,PR,GE06,2,120,2019-01-28
PR_G5-1_1_GE06_14_14,105,PR,GE06,1,121,2019-02-15
PR_G5-1_1_GE06_14_14,110,PR,GE06,4,125,2019-07-24
PR_G5-1_1_GE06_14_14,111,PR,GE06,2,127,2019-08-21
PR_G5-1_1_GE06_14_14,112,PR,GE06,2,129,2019-09-18
PR_G5-1_1_GE06_14_14,113,PR,GE06,2,131,2019-10-25
PR_G5-1_1_GE06_14_14,114,PR,GE06,2,133,2019-11-22
PR_G5-1_1_GE06_14_14,115,PR,GE06,2,135,2019-12-30
PR_G5-1_1_GE06_14_14,120,PR,GE06,1,136,2020-05-27
PR_G5-1_1_GE06_14_14,121,PR,GE06,2,138,2020-06-15
PR_G5-1_1_GE06_14_14,122,PR,GE06,1,139,2020-07-25
PR_G5-1_1_GE06_14_14,123,PR,GE06,2,141,2020-08-29
PR_G5-1_1_GE06_14_14,124,PR,GE06,2,143,2020-09-23
PR_G5-1_1_GE06_14_14,125,PR,GE06,1,144,2020-10-05
PR_G5-1_1_GE06_14_14,126,PR,GE06,3,147,2020-11-14
PR_G5-1_1_GE06_14_14,127,PR,GE06,1,148,2020-12-19
PR_G5-1_1_GE06_14_14,128,PR,GE06,2,150,2021-01-27
PR_G5-1_1_GE06_14_14,129,PR,GE06,1,151,2021-02-08
PR_G5-1_1_GE06_14_14,130,PR,GE06,3,154,2021-03-15
PR_G5-1_1_GE06_14_14,131,PR,GE06,1,155,2021-04-07
PR_G5-1_1_GE06_14_14,135,PR,GE06,3,158,2021-08-27
PR_G5-1_1_GE06_14_14,136,PR,GE06,1,159,2021-09-08
PR_G5-1_1_GE06_14_14,137,PR,GE06,1,160,2021-10-13
PR_G5-1_1_GE06_14_14,141,PR,GE06,1,161,2022-02-21
PR_G5-1_1_GE06_14_14,143,PR,GE06,1,162,2022-04-20
PR_G5-1_1_GE06_14_14,144,PR,GE06,1,163,2022-05-13
PR_G5-1_1_GE06_14_14,148,PR,GE06,1,164,2022-09-30
PR_G5-1_1_GE06_14_14,149,PR,GE06,1,165,2022-10-24
PR_G5-1_1_GE06_14_14,154,PR,GE06,2,167,2023-03-04
PR_G5-1_1_GE06_14_14,157,PR,GE06,2,169,2023-06-30
PR_G5-1_1_GE06_14_14,158,PR,GE06,1,170,2023-07-25
PR_G5-1_1_GE06_14_14,159,PR,GE06,2,172,2023-08-17
PR_G5-1_1_GE06_14_14,160,PR,GE06,1,173,2023-09-21
PR_G5-1_1_GE06_14_14,161,PR,GE06,2,175,2023-10-26
PR_G5-1_1_GE06_14_14,163,PR,GE06,1,176,2023-12-18
PR_G5-1_1_GE06_14_14,164,PR,GE06,2,178,2024-01-22
PR_G5-1_1_GE06_14_14,168,PR,GE06,1,179,2024-05-20
PR_G5-1_1_GE06_14_14,169,PR,GE06,2,181,2024-06-06
PR_G5-1_1_GE06_14_15,35,PR,GE06,0,0,2013-04-30
PR_G5-1_1_GE06_14_15,39,PR,GE06,0,0,2013-08-30
PR_G5-1_1_GE06_14_15,40,PR,GE06,0,0,2013-09-30
PR_G5-1_1_GE06_14_15,41,PR,GE06,0,0,2013-10-09
PR_G5-1_1_GE06_14_15,42,PR,GE06,0,0,2013-11-18
PR_G5-1_1_GE06_14_15,43,PR,GE06,0,0,2013-12-06
PR_G5-1_1_GE06_14_15,44,PR,GE06,0,0,2014-01-14
PR_G5-1_1_GE06_14_15,45,PR,GE06,4,4,2014-02-22
PR_G5-1_1_GE06_14_15,46,PR,GE06,3,7,2014-03-31
PR_G5-1_1_GE06_14_15,47,PR,GE06,2,9,2014-04-18
PR_G5-1_1_GE06_14_15,48,PR,GE06,2,11,2014-05-26
PR_G5-1_1_GE06_14_15,49,PR,GE06,2,13,2014-06-23
PR_G5-1_1_GE06_14_15,50,PR,GE06,2,15,2014-07-21
PR_G5-1_1_GE06_14_15,51,PR,GE06,3,18,2014-08-27
PR_G5-1_1_GE06_14_15,52,PR,GE06,2,20,2014-09-24
PR_G5-1_1_GE06_14_15,53,PR,GE06,2,22,2014-10-31
PR_G5-1_1_GE06_14_15,54,PR,GE06,3,25,2014-11-28
PR_G5-1_1_GE06_14_15,55,PR,GE06,1,26,2014-12-16
PR_G5-1_1_GE06_14_15,56,PR,GE06,2,28,2015-01-05
PR_G5-1_1_GE06_14_15,57,PR,GE06,4,32,2015-02-20
PR_G5-1_1_GE06_14_15,58,PR,GE06,4,36,2015-03-30
PR_G5-1_1_GE06_14_15,59,PR,GE06,2,38,2015-04-17
PR_G5-1_1_GE06_14_15,60,PR,GE06,3,41,2015-05-25
PR_G5-1_1_GE06_14_15,61,PR,GE06,1,42,2015-06-12
PR_G5-1_1_GE06_14_15,62,PR,GE06,4,46,2015-07-29
PR_G5-1_1_GE06_14_15,63,PR,GE06,1,47,2015-08-17
PR_G5-1_1_GE06_14_15,64,PR,GE06,2,49,2015-09-04
PR_G5-1_1_GE06_14_15,65,PR,GE06,1,50,2015-10-02
PR_G5-1_1_GE06_14_15,68,PR,GE06,2,52,2016-01-22
PR_G5-1_1_GE06_14_15,69,PR,GE06,4,56,2016-02-29
PR_G5-1_1_GE06_14_15,70,PR,GE06,3,59,2016-03-18
PR_G5-1_1_GE06_14_15,71,PR,GE06,2,61,2016-04-15
PR_G5-1_1_GE06_14_15,72,PR,GE06,2,63,2016-05-13
PR_G5-1_1_GE06_14_15,73,PR,GE06,3,66,2016-06-29
PR_G5-1_1_GE06_14_15,74,PR,GE06,3,69,2016-07-27
PR_G5-1_1_GE06_14_15,75,PR,GE06,1,70,2016-08-15
PR_G5-1_1_GE06_14_15,76,PR,GE06,2,72,2016-09-30
PR_G5-1_1_GE06_14_15,81,PR,GE06,3,75,2017-02-27
PR_G5-1_1_GE06_14_15,82,PR,GE06,4,79,2017-03-27
PR_G5-1_1_GE06_14_15,83,PR,GE06,2,81,2017-04-05
PR_G5-1_1_GE06_14_15,86,PR,GE06,2,83,2017-07-26
PR_G5-1_1_GE06_14_15,87,PR,GE06,2,85,2017-08-23
PR_G5-1_1_GE06_14_15,92,PR,GE06,2,87,2018-01-29
PR_G5-1_1_GE06_14_15,93,PR,GE06,3,90,2018-02-26
PR_G5-1_1_GE06_14_15,97,PR,GE06,1,91,2018-06-18
PR_G5-1_1_GE06_14_15,98,PR,GE06,2,93,2018-07-25
PR_G5-1_1_GE06_14_15,99,PR,GE06,1,94,2018-08-22
PR_G5-1_1_GE06_14_15,100,PR,GE06,1,95,2018-09-28
PR_G5-1_1_GE06_14_15,103,PR,GE06,4,99,2018-12-31
PR_G5-1_1_GE06_14_15,104,PR,GE06,2,101,2019-01-28
PR_G5-1_1_GE06_14_15,105,PR,GE06,1,102,2019-02-06
PR_G5-1_1_GE06_14_15,106,PR,GE06,3,105,2019-03-25
PR_G5-1_1_GE06_14_15,107,PR,GE06,1,106,2019-04-03
PR_G5-1_1_GE06_14_15,116,PR,GE06,4,110,2020-01-27
PR_G5-1_1_GE06_14_15,117,PR,GE06,1,111,2020-02-05
PR_G5-1_1_GE06_14_15,118,PR,GE06,1,112,2020-03-13
PR_G5-1_1_GE06_14_15,119,PR,GE06,1,113,2020-04-01
PR_G5-1_1_GE06_14_15,122,PR,GE06,1,114,2020-07-04
PR_G5-1_1_GE06_14_15,128,PR,GE06,3,118,2021-01-27
PR_G5-1_1_GE06_14_15,129,PR,GE06,1,117,2021-02-08
PR_G5-1_1_GE06_14_15,130,PR,GE06,1,119,2021-03-03
PR_G5-1_1_GE06_14_15,132,PR,GE06,1,120,2021-05-24
PR_G5-1_1_GE06_14_15,133,PR,GE06,2,122,2021-06-28
PR_G5-1_1_GE06_14_15,135,PR,GE06,1,123,2021-08-04
PR_G5-1_1_GE06_14_15,139,PR,GE06,1,124,2021-12-22
PR_G5-1_1_GE06_14_15,140,PR,GE06,3,127,2022-01-17
PR_G5-1_1_GE06_14_15,141,PR,GE06,1,128,2022-02-21
PR_G5-1_1_GE06_14_15,142,PR,GE06,1,129,2022-03-16
PR_G5-1_1_GE06_14_15,147,PR,GE06,2,131,2022-08-26
PR_G5-1_1_GE06_14_15,152,PR,GE06,6,137,2023-01-16
PR_G5-1_1_GE06_14_15,155,PR,GE06,2,139,2023-04-21
PR_G5-1_1_GE06_14_15,162,PR,GE06,2,141,2023-11-25
PR_G5-1_1_GE06_14_15,163,PR,GE06,3,144,2023-12-18
PR_G5-1_1_GE06_14_15,164,PR,GE06,2,146,2024-01-27
PR_G5-1_1_GE06_14_15,165,PR,GE06,1,147,2024-02-14
PR_G5-1_1_GE06_14_15,166,PR,GE06,1,148,2024-03-08
PR_G5-1_1_GE06_14_15,167,PR,GE06,0,148,2024-04-02
PR_G5-1_1_GE02_14_19,34,PR,GE02,0,0,2013-03-29
PR_G5-1_1_GE02_14_19,35,PR,GE02,0,0,2013-04-10
PR_G5-1_1_GE02_14_19,40,PR,GE02,0,0,2013-09-30
PR_G5-1_1_GE02_14_19,39,PR,GE02,0,0,2013-08-30
PR_G5-1_1_GE02_14_19,41,PR,GE02,0,0,2013-10-29
PR_G5-1_1_GE02_14_19,42,PR,GE02,0,0,2013-11-18
PR_G5-1_1_GE02_14_19,43,PR,GE02,0,0,2013-12-17
PR_G5-1_1_GE02_14_19,44,PR,GE02,0,0,2014-01-04
PR_G5-1_1_GE02_14_19,45,PR,GE02,4,4,2014-02-22
PR_G5-1_1_GE02_14_19,46,PR,GE02,5,10,2014-03-31
PR_G5-1_1_GE02_14_19,47,PR,GE02,1,9,2014-04-18
PR_G5-1_1_GE02_14_19,48,PR,GE02,3,13,2014-05-26
PR_G5-1_1_GE02_14_19,49,PR,GE02,3,16,2014-06-13
PR_G5-1_1_GE02_14_19,50,PR,GE02,2,18,2014-07-21
PR_G5-1_1_GE02_14_19,51,PR,GE02,3,21,2014-08-27
PR_G5-1_1_GE02_14_19,52,PR,GE02,1,22,2014-09-05
PR_G5-1_1_GE02_14_19,57,PR,GE02,2,25,2015-02-11
PR_G5-1_1_GE02_14_19,58,PR,GE02,7,31,2015-03-30
PR_G5-1_1_GE02_14_19,59,PR,GE02,2,33,2015-04-27
PR_G5-1_1_GE02_14_19,60,PR,GE02,3,36,2015-05-25
PR_G5-1_1_GE02_14_19,61,PR,GE02,2,38,2015-06-22
PR_G5-1_1_GE02_14_19,62,PR,GE02,1,39,2015-07-01
PR_G5-1_1_GE02_14_19,63,PR,GE02,2,41,2015-08-26
PR_G5-1_1_GE02_14_19,64,PR,GE02,1,42,2015-09-04
PR_G5-1_1_GE02_14_19,65,PR,GE02,1,43,2015-10-02
PR_G5-1_1_GE02_14_19,70,PR,GE02,4,47,2016-03-28
PR_G5-1_1_GE02_14_19,71,PR,GE02,5,52,2016-04-25
PR_G5-1_1_GE02_14_19,73,PR,GE02,4,56,2016-06-29
PR_G5-1_1_GE02_14_19,74,PR,GE02,2,58,2016-07-18
PR_G5-1_1_GE02_14_19,75,PR,GE02,2,60,2016-08-24
PR_G5-1_1_GE02_14_19,76,PR,GE02,2,62,2016-09-30
PR_G5-1_1_GE02_14_19,77,PR,GE02,1,63,2016-10-10
PR_G5-1_1_GE02_14_19,85,PR,GE02,3,66,2017-06-28
PR_G5-1_1_GE02_14_19,86,PR,GE02,2,68,2017-07-26
PR_G5-1_1_GE02_14_19,87,PR,GE02,1,69,2017-08-23
PR_G5-1_1_GE02_14_19,88,PR,GE02,2,71,2017-09-20
PR_G5-1_1_GE02_14_19,89,PR,GE02,3,74,2017-10-27
PR_G5-1_1_GE02_14_19,90,PR,GE02,2,76,2017-11-24
PR_G5-1_1_GE02_14_19,92,PR,GE02,2,78,2018-01-29
PR_G5-1_1_GE02_14_19,98,PR,GE02,1,79,2018-07-25
PR_G5-1_1_GE02_14_19,100,PR,GE02,4,84,2018-09-28
PR_G5-1_1_GE02_14_19,101,PR,GE02,3,86,2018-10-08
PR_G5-1_1_GE02_14_19,102,PR,GE02,3,89,2018-11-14
PR_G5-1_1_GE02_14_19,103,PR,GE02,1,90,2018-12-21
PR_G5-1_1_GE02_14_19,104,PR,GE02,2,92,2019-01-28
PR_G5-1_1_GE02_14_19,105,PR,GE02,1,93,2019-02-25
PR_G5-1_1_GE02_14_19,114,PR,GE02,3,98,2019-11-13
PR_G5-1_1_GE02_14_19,113,PR,GE02,2,96,2019-10-07
PR_G5-1_1_GE02_14_19,115,PR,GE02,1,99,2019-12-02
PR_G5-1_1_GE02_14_19,116,PR,GE02,1,100,2020-01-27
PR_G5-1_1_GE02_14_19,117,PR,GE02,1,101,2020-02-05
PR_G5-1_1_GE02_14_19,119,PR,GE02,1,102,2020-04-01
PR_G5-1_1_GE02_14_19,125,PR,GE02,1,103,2020-10-05
PR_G5-1_1_GE02_14_19,129,PR,GE02,1,104,2021-02-08
PR_G5-1_1_GE02_14_19,130,PR,GE02,1,105,2021-03-26
PR_G5-1_1_GE02_14_19,131,PR,GE02,1,106,2021-04-07
PR_G5-1_1_GE02_14_19,132,PR,GE02,3,110,2021-05-24
PR_G5-1_1_GE02_14_19,133,PR,GE02,2,111,2021-06-04
PR_G5-1_1_GE02_14_19,134,PR,GE02,1,112,2021-07-23
PR_G5-1_1_GE02_14_19,144,PR,GE02,2,114,2022-05-25
PR_G5-1_1_GE02_14_19,145,PR,GE02,3,117,2022-06-29
PR_G5-1_1_GE02_14_19,146,PR,GE02,1,118,2022-07-22
PR_G5-1_1_GE02_14_19,147,PR,GE02,2,120,2022-08-15
PR_G5-1_1_GE02_14_19,148,PR,GE02,2,122,2022-09-30
PR_G5-1_1_GE02_14_19,158,PR,GE02,2,125,2023-07-25
PR_G5-1_1_GE02_14_19,159,PR,GE02,4,128,2023-08-29
PR_G5-1_1_GE02_14_19,161,PR,GE02,1,129,2023-10-03
PR_G5-1_1_GE02_14_19,164,PR,GE02,3,132,2024-01-27
PR_G5-1_1_GE02_14_19,165,PR,GE02,1,133,2024-02-20
PR_G5-1_1_GE02_14_19,167,PR,GE02,0,133,2024-04-08
PR_G5-1_1_GE02_14_20,34,PR,GE02,0,0,2013-03-29
PR_G5-1_1_GE02_14_20,35,PR,GE02,0,0,2013-04-10
PR_G5-1_1_GE02_14_20,39,PR,GE02,0,0,2013-08-30
PR_G5-1_1_GE02_14_20,40,PR,GE02,0,0,2013-09-30
PR_G5-1_1_GE02_14_20,41,PR,GE02,0,0,2013-10-21
PR_G5-1_1_GE02_14_20,42,PR,GE02,0,0,2013-11-18
PR_G5-1_1_GE02_14_20,43,PR,GE02,0,0,2013-12-17
PR_G5-1_1_GE02_14_20,44,PR,GE02,0,0,2014-01-24
PR_G5-1_1_GE02_14_20,45,PR,GE02,2,2,2014-02-13
PR_G5-1_1_GE02_14_20,46,PR,GE02,6,8,2014-03-31
PR_G5-1_1_GE02_14_20,47,PR,GE02,1,9,2014-04-18
PR_G5-1_1_GE02_14_20,48,PR,GE02,2,11,2014-05-26
PR_G5-1_1_GE02_14_20,49,PR,GE02,3,14,2014-06-23
PR_G5-1_1_GE02_14_20,50,PR,GE02,3,17,2014-07-30
PR_G5-1_1_GE02_14_20,51,PR,GE02,4,21,2014-08-27
PR_G5-1_1_GE02_14_20,53,PR,GE02,3,24,2014-10-13
PR_G5-1_1_GE02_14_20,54,PR,GE02,3,27,2014-11-28
PR_G5-1_1_GE02_14_20,56,PR,GE02,3,30,2015-01-14
PR_G5-1_1_GE02_14_20,57,PR,GE02,5,35,2015-02-20
PR_G5-1_1_GE02_14_20,58,PR,GE02,3,38,2015-03-30
PR_G5-1_1_GE02_14_20,59,PR,GE02,2,40,2015-04-27
PR_G5-1_1_GE02_14_20,60,PR,GE02,3,43,2015-05-25
PR_G5-1_1_GE02_14_20,61,PR,GE02,2,45,2015-06-22
PR_G5-1_1_GE02_14_20,62,PR,GE02,3,48,2015-07-20
PR_G5-1_1_GE02_14_20,63,PR,GE02,2,50,2015-08-26
PR_G5-1_1_GE02_14_20,64,PR,GE02,1,51,2015-09-14
PR_G5-1_1_GE02_14_20,69,PR,GE02,5,57,2016-02-29
PR_G5-1_1_GE02_14_20,70,PR,GE02,4,60,2016-03-18
PR_G5-1_1_GE02_14_20,71,PR,GE02,2,62,2016-04-15
PR_G5-1_1_GE02_14_20,72,PR,GE02,3,65,2016-05-23
PR_G5-1_1_GE02_14_20,73,PR,GE02,4,69,2016-06-29
PR_G5-1_1_GE02_14_20,74,PR,GE02,2,71,2016-07-27
PR_G5-1_1_GE02_14_20,75,PR,GE02,2,73,2016-08-24
PR_G5-1_1_GE02_14_20,76,PR,GE02,1,74,2016-09-12
PR_G5-1_1_GE02_14_20,84,PR,GE02,3,77,2017-05-22
PR_G5-1_1_GE02_14_20,85,PR,GE02,2,79,2017-06-19
PR_G5-1_1_GE02_14_20,86,PR,GE02,1,80,2017-07-26
PR_G5-1_1_GE02_14_20,87,PR,GE02,2,82,2017-08-23
PR_G5-1_1_GE02_14_20,88,PR,GE02,3,85,2017-09-29
PR_G5-1_1_GE02_14_20,89,PR,GE02,2,87,2017-10-18
PR_G5-1_1_GE02_14_20,90,PR,GE02,1,88,2017-11-15
PR_G5-1_1_GE02_14_20,99,PR,GE02,5,96,2018-08-22
PR_G5-1_1_GE02_14_20,97,PR,GE02,2,91,2018-06-27
PR_G5-1_1_GE02_14_20,98,PR,GE02,1,92,2018-07-06
PR_G5-1_1_GE02_14_20,100,PR,GE02,3,99,2018-09-28
PR_G5-1_1_GE02_14_20,101,PR,GE02,3,102,2018-10-26
PR_G5-1_1_GE02_14_20,102,PR,GE02,1,103,2018-11-14
PR_G5-1_1_GE02_14_20,103,PR,GE02,3,106,2018-12-31
PR_G5-1_1_GE02_14_20,112,PR,GE02,1,107,2019-09-09
PR_G5-1_1_GE02_14_20,113,PR,GE02,1,108,2019-10-07
PR_G5-1_1_GE02_14_20,114,PR,GE02,2,110,2019-11-13
PR_G5-1_1_GE02_14_20,115,PR,GE02,1,111,2019-12-02
PR_G5-1_1_GE02_14_20,116,PR,GE02,1,112,2020-01-27
PR_G5-1_1_GE02_14_20,117,PR,GE02,2,114,2020-02-05
PR_G5-1_1_GE02_14_20,118,PR,GE02,2,116,2020-03-13
PR_G5-1_1_GE02_14_20,119,PR,GE02,2,118,2020-04-29
PR_G5-1_1_GE02_14_20,120,PR,GE02,1,119,2020-05-27
PR_G5-1_1_GE02_14_20,121,PR,GE02,3,122,2020-06-24
PR_G5-1_1_GE02_14_20,130,PR,GE02,1,123,2021-03-03
PR_G5-1_1_GE02_14_20,131,PR,GE02,2,125,2021-04-30
PR_G5-1_1_GE02_14_20,132,PR,GE02,2,127,2021-05-12
PR_G5-1_1_GE02_14_20,133,PR,GE02,2,129,2021-06-04
PR_G5-1_1_GE02_14_20,135,PR,GE02,2,131,2021-08-27
PR_G5-1_1_GE02_14_20,136,PR,GE02,2,133,2021-09-20
PR_G5-1_1_GE02_14_20,137,PR,GE02,2,135,2021-10-13
PR_G5-1_1_GE02_14_20,138,PR,GE02,2,137,2021-11-17
PR_G5-1_1_GE02_14_20,139,PR,GE02,1,138,2021-12-10
PR_G5-1_1_GE02_14_20,140,PR,GE02,1,139,2022-01-03
PR_G5-1_1_GE02_14_20,144,PR,GE02,2,141,2022-05-13
PR_G5-1_1_GE02_14_20,149,PR,GE02,2,144,2022-10-12
PR_G5-1_1_GE02_14_20,148,PR,GE02,1,143,2022-09-07
PR_G5-1_1_GE02_14_20,152,PR,GE02,2,146,2023-01-16
PR_G5-1_1_GE02_14_20,154,PR,GE02,4,150,2023-03-29
PR_G5-1_1_GE02_14_20,155,PR,GE02,1,151,2023-04-21
PR_G5-1_1_GE02_14_20,156,PR,GE02,3,154,2023-05-15
PR_G5-1_1_GE02_14_20,157,PR,GE02,2,156,2023-06-30
PR_G5-1_1_GE02_14_20,158,PR,GE02,1,157,2023-07-13
PR_G5-1_1_GE02_14_20,159,PR,GE02,1,158,2023-08-05
PR_G5-1_1_GE02_14_20,160,PR,GE02,1,159,2023-09-09
PR_G5-1_1_GE02_14_20,168,PR,GE02,2,161,2024-05-01
PR_G5-1_1_GE02_14_20,167,PR,GE02,2,163,2024-04-18
PR_G5-1_1_GE02_14_21,34,PR,GE02,0,0,2013-03-29
PR_G5-1_1_GE02_14_21,35,PR,GE02,0,0,2013-04-30
PR_G5-1_1_GE02_14_21,36,PR,GE02,0,0,2013-05-20
PR_G5-1_1_GE02_14_21,43,PR,GE02,0,0,2013-12-17
PR_G5-1_1_GE02_14_21,44,PR,GE02,0,0,2014-01-14
PR_G5-1_1_GE02_14_21,45,PR,GE02,4,4,2014-02-22
PR_G5-1_1_GE02_14_21,46,PR,GE02,2,6,2014-03-03
PR_G5-1_1_GE02_14_21,47,PR,GE02,4,10,2014-04-28
PR_G5-1_1_GE02_14_21,48,PR,GE02,2,12,2014-05-26
PR_G5-1_1_GE02_14_21,49,PR,GE02,3,15,2014-06-23
PR_G5-1_1_GE02_14_21,50,PR,GE02,3,18,2014-07-30
PR_G5-1_1_GE02_14_21,51,PR,GE02,2,20,2014-08-27
PR_G5-1_1_GE02_14_21,52,PR,GE02,2,22,2014-09-24
PR_G5-1_1_GE02_14_21,53,PR,GE02,3,25,2014-10-31
PR_G5-1_1_GE02_14_21,54,PR,GE02,1,26,2014-11-28
PR_G5-1_1_GE02_14_21,55,PR,GE02,1,27,2014-12-16
PR_G5-1_1_GE02_14_21,59,PR,GE02,3,30,2015-04-27
PR_G5-1_1_GE02_14_21,60,PR,GE02,3,33,2015-05-15
PR_G5-1_1_GE02_14_21,61,PR,GE02,3,36,2015-06-22
PR_G5-1_1_GE02_14_21,62,PR,GE02,5,41,2015-07-20
PR_G5-1_1_GE02_14_21,63,PR,GE02,3,44,2015-08-17
PR_G5-1_1_GE02_14_21,64,PR,GE02,2,46,2015-09-04
PR_G5-1_1_GE02_14_21,65,PR,GE02,3,49,2015-10-30
PR_G5-1_1_GE02_14_21,66,PR,GE02,2,51,2015-11-27
PR_G5-1_1_GE02_14_21,67,PR,GE02,2,53,2015-12-26
PR_G5-1_1_GE02_14_21,68,PR,GE02,1,54,2016-01-22
PR_G5-1_1_GE02_14_21,74,PR,GE02,5,59,2016-07-27
PR_G5-1_1_GE02_14_21,75,PR,GE02,2,61,2016-08-24
PR_G5-1_1_GE02_14_21,76,PR,GE02,4,65,2016-09-21
PR_G5-1_1_GE02_14_21,77,PR,GE02,3,68,2016-10-28
PR_G5-1_1_GE02_14_21,78,PR,GE02,1,69,2016-11-16
PR_G5-1_1_GE02_14_21,79,PR,GE02,2,71,2016-12-14
PR_G5-1_1_GE02_14_21,80,PR,GE02,3,74,2017-01-30
PR_G5-1_1_GE02_14_21,81,PR,GE02,1,75,2017-02-27
PR_G5-1_1_GE02_14_21,82,PR,GE02,2,77,2017-03-27
PR_G5-1_1_GE02_14_21,88,PR,GE02,6,83,2017-09-20
PR_G5-1_1_GE02_14_21,89,PR,GE02,3,86,2017-10-18
PR_G5-1_1_GE02_14_21,90,PR,GE02,3,89,2017-11-24
PR_G5-1_1_GE02_14_21,91,PR,GE02,1,90,2017-12-13
PR_G5-1_1_GE02_14_21,92,PR,GE02,4,94,2018-01-29
PR_G5-1_1_GE02_14_21,93,PR,GE02,2,96,2018-02-26
PR_G5-1_1_GE02_14_21,101,PR,GE02,5,101,2018-10-26
PR_G5-1_1_GE02_14_21,102,PR,GE02,4,105,2018-11-14
PR_G5-1_1_GE02_14_21,103,PR,GE02,3,108,2018-12-31
PR_G5-1_1_GE02_14_21,105,PR,GE02,2,110,2019-02-25
PR_G5-1_1_GE02_14_21,115,PR,GE02,2,112,2019-12-11
PR_G5-1_1_GE02_14_21,114,PR,GE02,1,113,2019-11-13
PR_G5-1_1_GE02_14_21,117,PR,GE02,1,114,2020-02-14
PR_G5-1_1_GE02_14_21,118,PR,GE02,2,116,2020-03-13
PR_G5-1_1_GE02_14_21,120,PR,GE02,1,117,2020-05-27
PR_G5-1_1_GE02_14_21,121,PR,GE02,2,119,2020-06-15
PR_G5-1_1_GE02_14_21,122,PR,GE02,2,121,2020-07-25
PR_G5-1_1_GE02_14_21,124,PR,GE02,2,123,2020-09-23
PR_G5-1_1_GE02_14_21,125,PR,GE02,1,124,2020-10-05
PR_G5-1_1_GE02_14_21,126,PR,GE02,1,125,2020-11-03
PR_G5-1_1_GE02_14_21,133,PR,GE02,4,132,2021-06-28
PR_G5-1_1_GE02_14_21,132,PR,GE02,3,129,2021-05-24
PR_G5-1_1_GE02_14_21,134,PR,GE02,2,134,2021-07-23
PR_G5-1_1_GE02_14_21,135,PR,GE02,2,136,2021-08-27
PR_G5-1_1_GE02_14_21,136,PR,GE02,1,137,2021-09-08
PR_G5-1_1_GE02_14_21,137,PR,GE02,1,138,2021-10-13
PR_G5-1_1_GE02_14_21,138,PR,GE02,2,140,2021-11-17
PR_G5-1_1_GE02_14_21,139,PR,GE02,1,141,2021-12-10
PR_G5-1_1_GE02_14_21,140,PR,GE02,1,142,2022-01-17
PR_G5-1_1_GE02_14_21,146,PR,GE02,3,145,2022-07-22
PR_G5-1_1_GE02_14_21,147,PR,GE02,1,146,2022-08-03
PR_G5-1_1_GE02_14_21,149,PR,GE02,1,147,2022-10-24
PR_G5-1_1_GE02_14_21,150,PR,GE02,1,148,2022-11-04
PR_G5-1_1_GE02_14_21,161,PR,GE02,1,149,2023-10-26
PR_G5-1_1_GE02_14_21,162,PR,GE02,2,151,2023-11-25
PR_G5-1_1_GE02_14_21,166,PR,GE02,0,151,2024-03-26
PR_G5-1_1_GE02_14_21,167,PR,GE02,2,153,2024-04-13
PR_G5-1_1_GE02_14_21,168,PR,GE02,2,155,2024-05-14
PR_G5-1_1_GE16_14_24,34,PR,GE16,0,0,2013-03-29
PR_G5-1_1_GE16_14_24,35,PR,GE16,0,0,2013-04-19
PR_G5-1_1_GE16_14_24,36,PR,GE16,0,0,2013-05-20
PR_G5-1_1_GE16_14_24,41,PR,GE16,0,0,2013-10-09
PR_G5-1_1_GE16_14_24,40,PR,GE16,0,0,2013-09-30
PR_G5-1_1_GE16_14_24,42,PR,GE16,0,0,2013-11-26
PR_G5-1_1_GE16_14_24,44,PR,GE16,0,0,2014-01-24
PR_G5-1_1_GE16_14_24,43,PR,GE16,0,0,2013-12-17
PR_G5-1_1_GE16_14_24,45,PR,GE16,5,5,2014-02-22
PR_G5-1_1_GE16_14_24,46,PR,GE16,4,9,2014-03-31
PR_G5-1_1_GE16_14_24,47,PR,GE16,2,11,2014-04-18
PR_G5-1_1_GE16_14_24,48,PR,GE16,3,14,2014-05-26
PR_G5-1_1_GE16_14_24,49,PR,GE16,3,17,2014-06-23
PR_G5-1_1_GE16_14_24,50,PR,GE16,3,20,2014-07-30
PR_G5-1_1_GE16_14_24,51,PR,GE16,2,22,2014-08-27
PR_G5-1_1_GE16_14_24,52,PR,GE16,2,24,2014-09-24
PR_G5-1_1_GE16_14_24,53,PR,GE16,1,25,2014-10-13
PR_G5-1_1_GE16_14_24,54,PR,GE16,1,26,2014-11-10
PR_G5-1_1_GE16_14_24,58,PR,GE16,7,34,2015-03-20
PR_G5-1_1_GE16_14_24,57,PR,GE16,1,28,2015-02-11
PR_G5-1_1_GE16_14_24,61,PR,GE16,2,36,2015-06-22
PR_G5-1_1_GE16_14_24,62,PR,GE16,5,41,2015-07-29
PR_G5-1_1_GE16_14_24,63,PR,GE16,2,43,2015-08-17
PR_G5-1_1_GE16_14_24,64,PR,GE16,3,46,2015-09-23
PR_G5-1_1_GE16_14_24,65,PR,GE16,1,47,2015-10-12
PR_G5-1_1_GE16_14_24,68,PR,GE16,1,48,2016-01-22
PR_G5-1_1_GE16_14_24,69,PR,GE16,3,51,2016-02-29
PR_G5-1_1_GE16_14_24,70,PR,GE16,3,54,2016-03-18
PR_G5-1_1_GE16_14_24,71,PR,GE16,1,55,2016-04-06
PR_G5-1_1_GE16_14_24,73,PR,GE16,3,58,2016-06-29
PR_G5-1_1_GE16_14_24,74,PR,GE16,2,60,2016-07-27
PR_G5-1_1_GE16_14_24,75,PR,GE16,2,62,2016-08-15
PR_G5-1_1_GE16_14_24,76,PR,GE16,2,64,2016-09-30
PR_G5-1_1_GE16_14_24,77,PR,GE16,1,65,2016-10-10
PR_G5-1_1_GE16_14_24,80,PR,GE16,2,67,2017-01-30
PR_G5-1_1_GE16_14_24,81,PR,GE16,1,68,2017-02-08
PR_G5-1_1_GE16_14_24,82,PR,GE16,4,72,2017-03-27
PR_G5-1_1_GE16_14_24,86,PR,GE16,2,74,2017-07-26
PR_G5-1_1_GE16_14_24,87,PR,GE16,2,76,2017-08-23
PR_G5-1_1_GE16_14_24,88,PR,GE16,1,77,2017-09-11
PR_G5-1_1_GE16_14_24,89,PR,GE16,1,78,2017-10-09
PR_G5-1_1_GE16_14_24,92,PR,GE16,7,85,2018-01-29
PR_G5-1_1_GE16_14_24,93,PR,GE16,3,88,2018-02-26
PR_G5-1_1_GE16_14_24,94,PR,GE16,1,89,2018-03-16
PR_G5-1_1_GE16_14_24,95,PR,GE16,1,90,2018-04-04
PR_G5-1_1_GE16_14_24,104,PR,GE16,4,96,2019-01-28
PR_G5-1_1_GE16_14_24,105,PR,GE16,3,97,2019-02-06
PR_G5-1_1_GE16_14_24,111,PR,GE16,2,99,2019-08-21
PR_G5-1_1_GE16_14_24,114,PR,GE16,1,100,2019-11-22
PR_G5-1_1_GE16_14_24,115,PR,GE16,3,103,2019-12-30
PR_G5-1_1_GE16_14_24,116,PR,GE16,1,104,2020-01-27
PR_G5-1_1_GE16_14_24,118,PR,GE16,1,105,2020-03-04
PR_G5-1_1_GE16_14_24,126,PR,GE16,3,108,2020-11-03
PR_G5-1_1_GE16_14_24,127,PR,GE16,1,109,2020-12-08
PR_G5-1_1_GE16_14_24,128,PR,GE16,3,112,2021-01-27
PR_G5-1_1_GE16_14_24,129,PR,GE16,1,113,2021-02-19
PR_G5-1_1_GE16_14_24,130,PR,GE16,3,116,2021-03-26
PR_G5-1_1_GE16_14_24,140,PR,GE16,2,119,2022-01-17
PR_G5-1_1_GE16_14_24,141,PR,GE16,2,120,2022-02-09
PR_G5-1_1_GE16_14_24,142,PR,GE16,1,121,2022-03-16
PR_G5-1_1_GE16_14_24,152,PR,GE16,4,125,2023-01-27
PR_G5-1_1_GE16_14_24,153,PR,GE16,1,126,2023-02-08
PR_G5-1_1_GE16_14_24,156,PR,GE16,1,127,2023-05-26
PR_G5-1_1_GE16_14_24,157,PR,GE16,1,128,2023-06-30
PR_G5-1_1_GE16_14_24,158,PR,GE16,1,129,2023-07-25
PR_G5-1_1_GE16_14_24,159,PR,GE16,1,130,2023-08-17
PR_G5-1_1_GE16_14_24,162,PR,GE16,1,131,2023-11-25
PR_G5-1_1_GE16_14_24,163,PR,GE16,1,132,2023-12-12
PR_G5-1_1_GE16_14_24,164,PR,GE16,1,133,2024-01-04
PR_G5-1_1_GE16_14_24,165,PR,GE16,1,134,2024-02-02
PR_G5-1_1_GE16_14_24,166,PR,GE16,1,135,2024-03-08
PR_G5-1_1_GE16_14_24,167,PR,GE16,1,136,2024-04-13
PR_G5-1_1_GE16_14_25,35,PR,GE16,0,0,2013-04-13
PR_G5-1_1_GE16_14_25,36,PR,GE16,0,0,2013-05-20
PR_G5-1_1_GE16_14_25,37,PR,GE16,0,0,2013-06-28
PR_G5-1_1_GE16_14_25,38,PR,GE16,0,0,2013-07-31
PR_G5-1_1_GE16_14_25,39,PR,GE16,0,0,2013-08-30
PR_G5-1_1_GE16_14_25,41,PR,GE16,0,0,2013-10-21
PR_G5-1_1_GE16_14_25,42,PR,GE16,0,0,2013-11-07
PR_G5-1_1_GE16_14_25,43,PR,GE16,0,0,2013-12-17
PR_G5-1_1_GE16_14_25,44,PR,GE16,0,0,2014-01-24
PR_G5-1_1_GE16_14_25,45,PR,GE16,2,2,2014-02-13
PR_G5-1_1_GE16_14_25,46,PR,GE16,3,5,2014-03-31
PR_G5-1_1_GE16_14_25,47,PR,GE16,3,8,2014-04-28
PR_G5-1_1_GE16_14_25,48,PR,GE16,2,10,2014-05-07
PR_G5-1_1_GE16_14_25,49,PR,GE16,3,13,2014-06-13
PR_G5-1_1_GE16_14_25,50,PR,GE16,3,16,2014-07-21
PR_G5-1_1_GE16_14_25,51,PR,GE16,2,18,2014-08-27
PR_G5-1_1_GE16_14_25,52,PR,GE16,2,20,2014-09-15
PR_G5-1_1_GE16_14_25,53,PR,GE16,2,22,2014-10-31
PR_G5-1_1_GE16_14_25,54,PR,GE16,1,23,2014-11-10
PR_G5-1_1_GE16_14_25,55,PR,GE16,1,24,2014-12-08
PR_G5-1_1_GE16_14_25,61,PR,GE16,6,32,2015-06-22
PR_G5-1_1_GE16_14_25,60,PR,GE16,2,27,2015-05-15
PR_G5-1_1_GE16_14_25,62,PR,GE16,4,36,2015-07-29
PR_G5-1_1_GE16_14_25,63,PR,GE16,3,39,2015-08-26
PR_G5-1_1_GE16_14_25,64,PR,GE16,1,40,2015-09-04
PR_G5-1_1_GE16_14_25,65,PR,GE16,2,42,2015-10-30
PR_G5-1_1_GE16_14_25,66,PR,GE16,2,44,2015-11-27
PR_G5-1_1_GE16_14_25,67,PR,GE16,2,46,2015-12-16
PR_G5-1_1_GE16_14_25,69,PR,GE16,2,48,2016-02-01
PR_G5-1_1_GE16_14_25,73,PR,GE16,2,51,2016-06-20
PR_G5-1_1_GE16_14_25,74,PR,GE16,4,54,2016-07-27
PR_G5-1_1_GE16_14_25,75,PR,GE16,1,55,2016-08-05
PR_G5-1_1_GE16_14_25,76,PR,GE16,4,59,2016-09-30
PR_G5-1_1_GE16_14_25,77,PR,GE16,1,60,2016-10-10
PR_G5-1_1_GE16_14_25,78,PR,GE16,2,62,2016-11-25
PR_G5-1_1_GE16_14_25,79,PR,GE16,1,63,2016-12-05
PR_G5-1_1_GE16_14_25,80,PR,GE16,2,65,2017-01-03
PR_G5-1_1_GE16_14_25,81,PR,GE16,2,67,2017-02-27
PR_G5-1_1_GE16_14_25,82,PR,GE16,1,68,2017-03-08
PR_G5-1_1_GE16_14_25,87,PR,GE16,1,69,2017-08-23
PR_G5-1_1_GE16_14_25,90,PR,GE16,1,70,2017-11-15
PR_G5-1_1_GE16_14_25,91,PR,GE16,1,71,2017-12-04
PR_G5-1_1_GE16_14_25,92,PR,GE16,1,72,2018-01-19
PR_G5-1_1_GE16_14_25,93,PR,GE16,2,74,2018-02-16
PR_G5-1_1_GE16_14_25,94,PR,GE16,1,75,2018-03-07
PR_G5-1_1_GE16_14_25,98,PR,GE16,1,76,2018-07-16
PR_G5-1_1_GE16_14_25,99,PR,GE16,2,78,2018-08-22
PR_G5-1_1_GE16_14_25,100,PR,GE16,1,79,2018-09-10
PR_G5-1_1_GE16_14_25,101,PR,GE16,1,80,2018-10-08
PR_G5-1_1_GE16_14_25,102,PR,GE16,1,81,2018-11-23
PR_G5-1_1_GE16_14_25,103,PR,GE16,2,83,2018-12-12
PR_G5-1_1_GE16_14_25,104,PR,GE16,1,84,2019-01-18
PR_G5-1_1_GE16_14_25,105,PR,GE16,2,86,2019-02-15
PR_G5-1_1_GE16_14_25,113,PR,GE16,4,90,2019-10-16
PR_G5-1_1_GE16_14_25,114,PR,GE16,3,93,2019-11-22
PR_G5-1_1_GE16_14_25,115,PR,GE16,3,96,2019-12-30
PR_G5-1_1_GE16_14_25,116,PR,GE16,2,98,2020-01-27
PR_G5-1_1_GE16_14_25,117,PR,GE16,1,99,2020-02-14
PR_G5-1_1_GE16_14_25,127,PR,GE16,2,101,2020-12-19
PR_G5-1_1_GE16_14_25,128,PR,GE16,1,102,2021-01-04
PR_G5-1_1_GE16_14_25,131,PR,GE16,1,103,2021-04-19
PR_G5-1_1_GE16_14_25,132,PR,GE16,1,104,2021-05-12
PR_G5-1_1_GE16_14_25,133,PR,GE16,1,105,2021-06-04
PR_G5-1_1_GE16_14_25,135,PR,GE16,2,107,2021-08-16
PR_G5-1_1_GE16_14_25,136,PR,GE16,2,109,2021-09-20
PR_G5-1_1_GE16_14_25,137,PR,GE16,1,110,2021-10-25
PR_G5-1_1_GE16_14_25,138,PR,GE16,2,112,2021-11-29
PR_G5-1_1_GE16_14_25,148,PR,GE16,3,115,2022-09-30
PR_G5-1_1_GE16_14_25,149,PR,GE16,1,116,2022-10-12
PR_G5-1_1_GE16_14_25,150,PR,GE16,3,119,2022-11-16
PR_G5-1_1_GE16_14_25,151,PR,GE16,1,120,2022-12-21
PR_G5-1_1_GE16_14_25,152,PR,GE16,1,121,2023-01-27
PR_G5-1_1_GE16_14_25,161,PR,GE16,2,123,2023-10-26
PR_G5-1_1_GE16_14_25,165,PR,GE16,1,124,2024-02-14
PR_G5-1_1_GE16_14_25,167,PR,GE16,1,125,2024-04-25
PR_G5-1_1_GE16_14_26,34,PR,GE16,0,0,2013-03-29
PR_G5-1_1_GE16_14_26,35,PR,GE16,0,0,2013-04-10
PR_G5-1_1_GE16_14_26,36,PR,GE16,0,0,2013-05-10
PR_G5-1_1_GE16_14_26,40,PR,GE16,0,0,2013-09-19
PR_G5-1_1_GE16_14_26,42,PR,GE16,0,0,2013-11-07
PR_G5-1_1_GE16_14_26,43,PR,GE16,0,0,2013-12-17
PR_G5-1_1_GE16_14_26,44,PR,GE16,0,0,2014-01-24
PR_G5-1_1_GE16_14_26,45,PR,GE16,4,4,2014-02-22
PR_G5-1_1_GE16_14_26,46,PR,GE16,3,7,2014-03-31
PR_G5-1_1_GE16_14_26,47,PR,GE16,1,8,2014-04-18
PR_G5-1_1_GE16_14_26,48,PR,GE16,1,9,2014-05-07
PR_G5-1_1_GE16_14_26,49,PR,GE16,4,13,2014-06-13
PR_G5-1_1_GE16_14_26,50,PR,GE16,4,17,2014-07-30
PR_G5-1_1_GE16_14_26,51,PR,GE16,2,19,2014-08-27
PR_G5-1_1_GE16_14_26,53,PR,GE16,3,22,2014-10-22
PR_G5-1_1_GE16_14_26,55,PR,GE16,2,25,2014-12-16
PR_G5-1_1_GE16_14_26,54,PR,GE16,1,24,2014-11-28
PR_G5-1_1_GE16_14_26,62,PR,GE16,10,41,2015-07-20
PR_G5-1_1_GE16_14_26,61,PR,GE16,6,35,2015-06-22
PR_G5-1_1_GE16_14_26,63,PR,GE16,4,45,2015-08-26
PR_G5-1_1_GE16_14_26,64,PR,GE16,2,48,2015-09-23
PR_G5-1_1_GE16_14_26,65,PR,GE16,4,51,2015-10-21
PR_G5-1_1_GE16_14_26,66,PR,GE16,1,52,2015-11-27
PR_G5-1_1_GE16_14_26,67,PR,GE16,1,53,2015-12-16
PR_G5-1_1_GE16_14_26,75,PR,GE16,7,66,2016-08-24
PR_G5-1_1_GE16_14_26,74,PR,GE16,6,63,2016-07-27
PR_G5-1_1_GE16_14_26,76,PR,GE16,2,68,2016-09-12
PR_G5-1_1_GE16_14_26,79,PR,GE16,2,71,2016-12-14
PR_G5-1_1_GE16_14_26,78,PR,GE16,1,70,2016-11-25
PR_G5-1_1_GE16_14_26,80,PR,GE16,2,73,2017-01-30
PR_G5-1_1_GE16_14_26,92,PR,GE16,2,75,2018-01-19
PR_G5-1_1_GE16_14_26,98,PR,GE16,2,77,2018-07-25
PR_G5-1_1_GE16_14_26,100,PR,GE16,1,78,2018-09-28
PR_G5-1_1_GE16_14_26,104,PR,GE16,2,80,2019-01-09
PR_G5-1_1_GE16_14_26,106,PR,GE16,2,82,2019-03-06
PR_G5-1_1_GE16_14_26,107,PR,GE16,1,83,2019-04-03
PR_G5-1_1_GE16_14_26,109,PR,GE16,3,86,2019-06-17
PR_G5-1_1_GE16_14_26,110,PR,GE16,2,88,2019-07-05
PR_G5-1_1_GE16_14_26,111,PR,GE16,3,91,2019-08-30
PR_G5-1_1_GE16_14_26,121,PR,GE16,3,96,2020-06-15
PR_G5-1_1_GE16_14_26,122,PR,GE16,4,99,2020-07-25
PR_G5-1_1_GE16_14_26,123,PR,GE16,2,100,2020-08-18
PR_G5-1_1_GE16_14_26,124,PR,GE16,2,102,2020-09-23
PR_G5-1_1_GE16_14_26,126,PR,GE16,2,105,2020-11-03
PR_G5-1_1_GE16_14_26,125,PR,GE16,1,104,2020-10-16
PR_G5-1_1_GE16_14_26,128,PR,GE16,2,108,2021-01-15
PR_G5-1_1_GE16_14_26,127,PR,GE16,1,107,2020-12-19
PR_G5-1_1_GE16_14_26,139,PR,GE16,1,109,2021-12-22
PR_G5-1_1_GE16_14_26,140,PR,GE16,1,110,2022-01-28
PR_G5-1_1_GE16_14_26,144,PR,GE16,1,111,2022-05-25
PR_G5-1_1_GE16_14_26,151,PR,GE16,2,113,2022-12-09
PR_G5-1_1_GE16_14_26,152,PR,GE16,1,114,2023-01-04
PR_G5-1_1_GE16_14_26,153,PR,GE16,2,116,2023-02-20
PR_G5-1_1_GE16_14_26,154,PR,GE16,1,117,2023-03-04
PR_G5-1_1_GE16_14_26,155,PR,GE16,2,119,2023-04-10
PR_G5-1_1_GE16_14_26,165,PR,GE16,1,120,2024-02-08
PR_G5-1_1_GE16_14_26,166,PR,GE16,2,122,2024-03-26
PR_G5-1_1_GE16_14_26,168,PR,GE16,1,123,2024-05-01
PR_G5-1_1_GE06_15_15,34,PR,GE06,0,0,2013-03-29
PR_G5-1_1_GE06_15_15,35,PR,GE06,0,0,2013-04-30
PR_G5-1_1_GE06_15_15,36,PR,GE06,0,0,2013-05-30
PR_G5-1_1_GE06_15_15,37,PR,GE06,0,0,2013-06-08
PR_G5-1_1_GE06_15_15,40,PR,GE06,0,0,2013-09-30
PR_G5-1_1_GE06_15_15,42,PR,GE06,0,0,2013-11-18
PR_G5-1_1_GE06_15_15,43,PR,GE06,0,0,2013-12-17
PR_G5-1_1_GE06_15_15,44,PR,GE06,0,0,2014-01-24
PR_G5-1_1_GE06_15_15,45,PR,GE06,4,4,2014-02-22
PR_G5-1_1_GE06_15_15,46,PR,GE06,4,8,2014-03-31
PR_G5-1_1_GE06_15_15,47,PR,GE06,2,10,2014-04-18
PR_G5-1_1_GE06_15_15,48,PR,GE06,3,13,2014-05-26
PR_G5-1_1_GE06_15_15,49,PR,GE06,2,15,2014-06-13
PR_G5-1_1_GE06_15_15,50,PR,GE06,2,17,2014-07-30
PR_G5-1_1_GE06_15_15,51,PR,GE06,2,19,2014-08-27
PR_G5-1_1_GE06_15_15,52,PR,GE06,2,21,2014-09-24
PR_G5-1_1_GE06_15_15,53,PR,GE06,4,25,2014-10-31
PR_G5-1_1_GE06_15_15,54,PR,GE06,2,27,2014-11-28
PR_G5-1_1_GE06_15_15,55,PR,GE06,1,28,2014-12-16
PR_G5-1_1_GE06_15_15,56,PR,GE06,3,31,2015-01-23
PR_G5-1_1_GE06_15_15,57,PR,GE06,2,33,2015-02-20
PR_G5-1_1_GE06_15_15,58,PR,GE06,5,38,2015-03-30
PR_G5-1_1_GE06_15_15,59,PR,GE06,3,41,2015-04-27
PR_G5-1_1_GE06_15_15,60,PR,GE06,2,43,2015-05-15
PR_G5-1_1_GE06_15_15,61,PR,GE06,2,45,2015-06-12
PR_G5-1_1_GE06_15_15,62,PR,GE06,4,49,2015-07-29
PR_G5-1_1_GE06_15_15,63,PR,GE06,2,51,2015-08-17
PR_G5-1_1_GE06_15_15,64,PR,GE06,3,54,2015-09-23
PR_G5-1_1_GE06_15_15,65,PR,GE06,3,57,2015-10-30
PR_G5-1_1_GE06_15_15,68,PR,GE06,1,58,2016-01-22
PR_G5-1_1_GE06_15_15,69,PR,GE06,3,61,2016-02-29
PR_G5-1_1_GE06_15_15,70,PR,GE06,5,66,2016-03-28
PR_G5-1_1_GE06_15_15,71,PR,GE06,1,67,2016-04-15
PR_G5-1_1_GE06_15_15,72,PR,GE06,3,70,2016-05-23
PR_G5-1_1_GE06_15_15,73,PR,GE06,3,73,2016-06-29
PR_G5-1_1_GE06_15_15,74,PR,GE06,2,75,2016-07-08
PR_G5-1_1_GE06_15_15,75,PR,GE06,2,77,2016-08-24
PR_G5-1_1_GE06_15_15,76,PR,GE06,1,78,2016-09-30
PR_G5-1_1_GE06_15_15,83,PR,GE06,1,79,2017-04-05
PR_G5-1_1_GE06_15_15,84,PR,GE06,4,83,2017-05-31
PR_G5-1_1_GE06_15_15,85,PR,GE06,2,85,2017-06-28
PR_G5-1_1_GE06_15_15,86,PR,GE06,1,86,2017-07-17
PR_G5-1_1_GE06_15_15,87,PR,GE06,2,88,2017-08-23
PR_G5-1_1_GE06_15_15,88,PR,GE06,2,90,2017-09-29
PR_G5-1_1_GE06_15_15,89,PR,GE06,2,92,2017-10-27
PR_G5-1_1_GE06_15_15,90,PR,GE06,1,93,2017-11-06
PR_G5-1_1_GE06_15_15,91,PR,GE06,1,94,2017-12-04
PR_G5-1_1_GE06_15_15,92,PR,GE06,2,96,2018-01-10
PR_G5-1_1_GE06_15_15,97,PR,GE06,2,98,2018-06-27
PR_G5-1_1_GE06_15_15,98,PR,GE06,1,99,2018-07-16
PR_G5-1_1_GE06_15_15,99,PR,GE06,3,102,2018-08-31
PR_G5-1_1_GE06_15_15,100,PR,GE06,1,103,2018-09-10
PR_G5-1_1_GE06_15_15,101,PR,GE06,2,105,2018-10-17
PR_G5-1_1_GE06_15_15,102,PR,GE06,2,107,2018-11-23
PR_G5-1_1_GE06_15_15,103,PR,GE06,3,110,2018-12-31
PR_G5-1_1_GE06_15_15,104,PR,GE06,2,112,2019-01-28
PR_G5-1_1_GE06_15_15,105,PR,GE06,1,113,2019-02-25
PR_G5-1_1_GE06_15_15,106,PR,GE06,1,114,2019-03-06
PR_G5-1_1_GE06_15_15,111,PR,GE06,5,119,2019-08-30
PR_G5-1_1_GE06_15_15,112,PR,GE06,1,120,2019-09-27
PR_G5-1_1_GE06_15_15,113,PR,GE06,2,122,2019-10-16
PR_G5-1_1_GE06_15_15,114,PR,GE06,2,124,2019-11-13
PR_G5-1_1_GE06_15_15,115,PR,GE06,1,125,2019-12-02
PR_G5-1_1_GE06_15_15,116,PR,GE06,1,126,2020-01-17
PR_G5-1_1_GE06_15_15,117,PR,GE06,1,127,2020-02-05
PR_G5-1_1_GE06_15_15,119,PR,GE06,1,128,2020-04-29
PR_G5-1_1_GE06_15_15,118,PR,GE06,1,129,2020-03-13
PR_G5-1_1_GE06_15_15,123,PR,GE06,3,132,2020-08-18
PR_G5-1_1_GE06_15_15,127,PR,GE06,1,133,2020-12-19
PR_G5-1_1_GE06_15_15,128,PR,GE06,2,135,2021-01-27
PR_G5-1_1_GE06_15_15,130,PR,GE06,2,137,2021-03-15
PR_G5-1_1_GE06_15_15,132,PR,GE06,2,139,2021-05-24
PR_G5-1_1_GE06_15_15,133,PR,GE06,2,141,2021-06-16
PR_G5-1_1_GE06_15_15,134,PR,GE06,1,142,2021-07-10
PR_G5-1_1_GE06_15_15,135,PR,GE06,1,143,2021-08-04
PR_G5-1_1_GE06_15_15,136,PR,GE06,1,144,2021-09-08
PR_G5-1_1_GE06_15_15,142,PR,GE06,2,146,2022-03-28
PR_G5-1_1_GE06_15_15,143,PR,GE06,3,149,2022-04-20
PR_G5-1_1_GE06_15_15,146,PR,GE06,2,151,2022-07-22
PR_G5-1_1_GE06_15_15,147,PR,GE06,2,153,2022-08-26
PR_G5-1_1_GE06_15_15,148,PR,GE06,1,154,2022-09-30
PR_G5-1_1_GE06_15_15,150,PR,GE06,1,155,2022-11-16
PR_G5-1_1_GE06_15_15,154,PR,GE06,3,158,2023-03-16
PR_G5-1_1_GE06_15_15,155,PR,GE06,2,160,2023-04-21
PR_G5-1_1_GE06_15_15,156,PR,GE06,1,161,2023-05-15
PR_G5-1_1_GE06_15_15,157,PR,GE06,2,163,2023-06-30
PR_G5-1_1_GE06_15_15,158,PR,GE06,1,164,2023-07-25
PR_G5-1_1_GE06_15_15,159,PR,GE06,1,165,2023-08-29
PR_G5-1_1_GE06_15_15,160,PR,GE06,1,166,2023-09-21
PR_G5-1_1_GE06_15_15,161,PR,GE06,2,168,2023-10-26
PR_G5-1_1_GE06_15_15,165,PR,GE06,2,170,2024-02-26
PR_G5-1_1_GE06_15_15,166,PR,GE06,2,172,2024-03-14
PR_G5-1_1_GE06_15_15,167,PR,GE06,0,172,2024-04-08
PR_G5-1_1_GE06_15_15,168,PR,GE06,3,175,2024-05-08
PR_G5-1_1_GE03_19_18,36,PR,GE03,0,0,2013-05-30
PR_G5-1_1_GE03_19_18,38,PR,GE03,0,0,2013-07-22
PR_G5-1_1_GE03_19_18,39,PR,GE03,0,0,2013-08-30
PR_G5-1_1_GE03_19_18,40,PR,GE03,0,0,2013-09-19
PR_G5-1_1_GE03_19_18,41,PR,GE03,0,0,2013-10-21
PR_G5-1_1_GE03_19_18,42,PR,GE03,0,0,2013-11-07
PR_G5-1_1_GE03_19_18,43,PR,GE03,0,0,2013-12-06
PR_G5-1_1_GE03_19_18,44,PR,GE03,0,0,2014-01-14
PR_G5-1_1_GE03_19_18,45,PR,GE03,3,3,2014-02-22
PR_G5-1_1_GE03_19_18,46,PR,GE03,3,6,2014-03-31
PR_G5-1_1_GE03_19_18,47,PR,GE03,2,8,2014-04-18
PR_G5-1_1_GE03_19_18,48,PR,GE03,2,10,2014-05-26
PR_G5-1_1_GE03_19_18,49,PR,GE03,1,11,2014-06-23
PR_G5-1_1_GE03_19_18,50,PR,GE03,2,13,2014-07-21
PR_G5-1_1_GE03_19_18,51,PR,GE03,1,14,2014-08-08
PR_G5-1_1_GE03_19_18,56,PR,GE03,6,21,2015-01-14
PR_G5-1_1_GE03_19_18,57,PR,GE03,5,25,2015-02-20
PR_G5-1_1_GE03_19_18,58,PR,GE03,4,29,2015-03-30
PR_G5-1_1_GE03_19_18,59,PR,GE03,2,31,2015-04-08
PR_G5-1_1_GE03_19_18,60,PR,GE03,4,35,2015-05-25
PR_G5-1_1_GE03_19_18,61,PR,GE03,2,37,2015-06-22
PR_G5-1_1_GE03_19_18,62,PR,GE03,2,39,2015-07-29
PR_G5-1_1_GE03_19_18,69,PR,GE03,5,44,2016-02-29
PR_G5-1_1_GE03_19_18,70,PR,GE03,5,49,2016-03-28
PR_G5-1_1_GE03_19_18,71,PR,GE03,3,52,2016-04-15
PR_G5-1_1_GE03_19_18,72,PR,GE03,3,55,2016-05-23
PR_G5-1_1_GE03_19_18,73,PR,GE03,3,58,2016-06-20
PR_G5-1_1_GE03_19_18,74,PR,GE03,2,60,2016-07-27
PR_G5-1_1_GE03_19_18,82,PR,GE03,2,62,2017-03-17
PR_G5-1_1_GE03_19_18,84,PR,GE03,2,64,2017-05-31
PR_G5-1_1_GE03_19_18,85,PR,GE03,3,67,2017-06-28
PR_G5-1_1_GE03_19_18,86,PR,GE03,1,68,2017-07-17
PR_G5-1_1_GE03_19_18,87,PR,GE03,2,70,2017-08-23
PR_G5-1_1_GE03_19_18,88,PR,GE03,2,72,2017-09-20
PR_G5-1_1_GE03_19_18,89,PR,GE03,2,74,2017-10-27
PR_G5-1_1_GE03_19_18,90,PR,GE03,2,76,2017-11-24
PR_G5-1_1_GE03_19_18,96,PR,GE03,1,77,2018-05-21
PR_G5-1_1_GE03_19_18,97,PR,GE03,1,78,2018-06-08
PR_G5-1_1_GE03_19_18,98,PR,GE03,2,81,2018-07-25
PR_G5-1_1_GE03_19_18,99,PR,GE03,3,83,2018-08-13
PR_G5-1_1_GE03_19_18,100,PR,GE03,3,86,2018-09-28
PR_G5-1_1_GE03_19_18,101,PR,GE03,1,87,2018-10-17
PR_G5-1_1_GE03_19_18,102,PR,GE03,2,89,2018-11-14
PR_G5-1_1_GE03_19_18,103,PR,GE03,2,91,2018-12-21
PR_G5-1_1_GE03_19_18,104,PR,GE03,2,93,2019-01-28
PR_G5-1_1_GE03_19_18,105,PR,GE03,1,94,2019-02-15
PR_G5-1_1_GE03_19_18,106,PR,GE03,2,96,2019-03-25
PR_G5-1_1_GE03_19_18,114,PR,GE03,3,102,2019-11-13
PR_G5-1_1_GE03_19_18,113,PR,GE03,3,100,2019-10-25
PR_G5-1_1_GE03_19_18,115,PR,GE03,1,103,2019-12-02
PR_G5-1_1_GE03_19_18,116,PR,GE03,1,104,2020-01-27
PR_G5-1_1_GE03_19_18,117,PR,GE03,2,106,2020-02-05
PR_G5-1_1_GE03_19_18,118,PR,GE03,2,108,2020-03-13
PR_G5-1_1_GE03_19_18,120,PR,GE03,1,109,2020-05-27
PR_G5-1_1_GE03_19_18,125,PR,GE03,2,111,2020-10-16
PR_G5-1_1_GE03_19_18,128,PR,GE03,4,115,2021-01-27
PR_G5-1_1_GE03_19_18,129,PR,GE03,2,117,2021-02-08
PR_G5-1_1_GE03_19_18,130,PR,GE03,2,119,2021-03-03
PR_G5-1_1_GE03_19_18,131,PR,GE03,3,122,2021-04-30
PR_G5-1_1_GE03_19_18,132,PR,GE03,1,123,2021-05-24
PR_G5-1_1_GE03_19_18,133,PR,GE03,1,124,2021-06-16
PR_G5-1_1_GE03_19_18,134,PR,GE03,1,125,2021-07-10
PR_G5-1_1_GE03_19_18,135,PR,GE03,1,126,2021-08-04
PR_G5-1_1_GE03_19_18,141,PR,GE03,3,130,2022-02-21
PR_G5-1_1_GE03_19_18,142,PR,GE03,3,132,2022-03-16
PR_G5-1_1_GE03_19_18,144,PR,GE03,1,133,2022-05-25
PR_G5-1_1_GE03_19_18,145,PR,GE03,1,134,2022-06-06
PR_G5-1_1_GE03_19_18,146,PR,GE03,2,136,2022-07-22
PR_G5-1_1_GE03_19_18,147,PR,GE03,1,137,2022-08-15
PR_G5-1_1_GE03_19_18,148,PR,GE03,2,139,2022-09-30
PR_G5-1_1_GE03_19_18,154,PR,GE03,3,142,2023-03-16
PR_G5-1_1_GE03_19_18,157,PR,GE03,1,143,2023-06-19
PR_G5-1_1_GE03_19_18,158,PR,GE03,2,145,2023-07-25
PR_G5-1_1_GE03_19_18,159,PR,GE03,1,146,2023-08-29
PR_G5-1_1_GE03_19_18,160,PR,GE03,1,147,2023-09-21
PR_G5-1_1_GE03_19_18,161,PR,GE03,2,149,2023-10-26
PR_G5-1_1_GE03_19_18,164,PR,GE03,1,150,2024-01-22
PR_G5-1_1_GE03_19_18,165,PR,GE03,3,153,2024-02-20
PR_G5-1_1_GE03_19_18,166,PR,GE03,2,155,2024-03-26
PR_G5-1_1_GE03_19_18,167,PR,GE03,0,155,2024-04-08
PR_G5-1_1_GE03_19_18,168,PR,GE03,1,156,2024-05-01
PR_G5-1_1_GE03_19_19,38,PR,GE03,0,0,2013-07-22
PR_G5-1_1_GE03_19_19,39,PR,GE03,0,0,2013-08-30
PR_G5-1_1_GE03_19_19,40,PR,GE03,0,0,2013-09-30
PR_G5-1_1_GE03_19_19,41,PR,GE03,0,0,2013-10-29
PR_G5-1_1_GE03_19_19,43,PR,GE03,0,0,2013-12-06
PR_G5-1_1_GE03_19_19,44,PR,GE03,0,0,2014-01-24
PR_G5-1_1_GE03_19_19,45,PR,GE03,4,4,2014-02-22
PR_G5-1_1_GE03_19_19,46,PR,GE03,4,8,2014-03-31
PR_G5-1_1_GE03_19_19,47,PR,GE03,2,10,2014-04-28
PR_G5-1_1_GE03_19_19,49,PR,GE03,4,14,2014-06-23
PR_G5-1_1_GE03_19_19,50,PR,GE03,3,17,2014-07-30
PR_G5-1_1_GE03_19_19,51,PR,GE03,2,19,2014-08-27
PR_G5-1_1_GE03_19_19,52,PR,GE03,2,21,2014-09-24
PR_G5-1_1_GE03_19_19,53,PR,GE03,2,23,2014-10-31
PR_G5-1_1_GE03_19_19,54,PR,GE03,2,25,2014-11-28
PR_G5-1_1_GE03_19_19,55,PR,GE03,1,26,2014-12-08
PR_G5-1_1_GE03_19_19,58,PR,GE03,2,28,2015-03-30
PR_G5-1_1_GE03_19_19,59,PR,GE03,4,32,2015-04-27
PR_G5-1_1_GE03_19_19,60,PR,GE03,1,33,2015-05-25
PR_G5-1_1_GE03_19_19,61,PR,GE03,3,36,2015-06-22
PR_G5-1_1_GE03_19_19,62,PR,GE03,3,39,2015-07-29
PR_G5-1_1_GE03_19_19,63,PR,GE03,2,41,2015-08-26
PR_G5-1_1_GE03_19_19,64,PR,GE03,1,42,2015-09-04
PR_G5-1_1_GE03_19_19,65,PR,GE03,3,45,2015-10-30
PR_G5-1_1_GE03_19_19,66,PR,GE03,1,46,2015-11-18
PR_G5-1_1_GE03_19_19,71,PR,GE03,2,48,2016-04-15
PR_G5-1_1_GE03_19_19,73,PR,GE03,4,53,2016-06-10
PR_G5-1_1_GE03_19_19,72,PR,GE03,1,50,2016-05-23
PR_G5-1_1_GE03_19_19,74,PR,GE03,3,56,2016-07-27
PR_G5-1_1_GE03_19_19,75,PR,GE03,2,58,2016-08-15
PR_G5-1_1_GE03_19_19,76,PR,GE03,3,61,2016-09-21
PR_G5-1_1_GE03_19_19,77,PR,GE03,2,63,2016-10-28
PR_G5-1_1_GE03_19_19,78,PR,GE03,1,64,2016-11-16
PR_G5-1_1_GE03_19_19,86,PR,GE03,2,66,2017-07-26
PR_G5-1_1_GE03_19_19,87,PR,GE03,1,67,2017-08-14
PR_G5-1_1_GE03_19_19,88,PR,GE03,3,70,2017-09-29
PR_G5-1_1_GE03_19_19,89,PR,GE03,2,72,2017-10-18
PR_G5-1_1_GE03_19_19,90,PR,GE03,2,74,2017-11-24
PR_G5-1_1_GE03_19_19,91,PR,GE03,1,75,2017-12-13
PR_G5-1_1_GE03_19_19,92,PR,GE03,1,76,2018-01-29
PR_G5-1_1_GE03_19_19,98,PR,GE03,3,79,2018-07-25
PR_G5-1_1_GE03_19_19,99,PR,GE03,2,81,2018-08-31
PR_G5-1_1_GE03_19_19,100,PR,GE03,3,84,2018-09-28
PR_G5-1_1_GE03_19_19,101,PR,GE03,1,85,2018-10-08
PR_G5-1_1_GE03_19_19,102,PR,GE03,1,86,2018-11-05
PR_G5-1_1_GE03_19_19,103,PR,GE03,2,88,2018-12-21
PR_G5-1_1_GE03_19_19,104,PR,GE03,2,90,2019-01-18
PR_G5-1_1_GE03_19_19,105,PR,GE03,2,92,2019-02-25
PR_G5-1_1_GE03_19_19,106,PR,GE03,1,93,2019-03-15
PR_G5-1_1_GE03_19_19,111,PR,GE03,3,96,2019-08-21
PR_G5-1_1_GE03_19_19,112,PR,GE03,1,97,2019-09-09
PR_G5-1_1_GE03_19_19,114,PR,GE03,1,98,2019-11-22
PR_G5-1_1_GE03_19_19,115,PR,GE03,1,99,2019-12-20
PR_G5-1_1_GE03_19_19,116,PR,GE03,2,101,2020-01-17
PR_G5-1_1_GE03_19_19,119,PR,GE03,1,102,2020-04-10
PR_G5-1_1_GE03_19_19,122,PR,GE03,1,103,2020-07-04
PR_G5-1_1_GE03_19_19,128,PR,GE03,2,105,2021-01-27
PR_G5-1_1_GE03_19_19,131,PR,GE03,1,106,2021-04-30
PR_G5-1_1_GE03_19_19,132,PR,GE03,2,108,2021-05-24
PR_G5-1_1_GE03_19_19,133,PR,GE03,1,109,2021-06-16
PR_G5-1_1_GE03_19_19,140,PR,GE03,2,111,2022-01-28
PR_G5-1_1_GE03_19_19,142,PR,GE03,1,112,2022-03-28
PR_G5-1_1_GE03_19_19,143,PR,GE03,1,113,2022-04-20
PR_G5-1_1_GE03_19_19,144,PR,GE03,1,114,2022-05-02
PR_G5-1_1_GE03_19_19,145,PR,GE03,1,115,2022-06-29
PR_G5-1_1_GE03_19_19,146,PR,GE03,1,116,2022-07-11
PR_G5-1_1_GE03_19_19,147,PR,GE03,2,118,2022-08-15
PR_G5-1_1_GE03_19_19,148,PR,GE03,2,120,2022-09-30
PR_G5-1_1_GE03_19_19,149,PR,GE03,1,121,2022-10-12
PR_G5-1_1_GE03_19_19,150,PR,GE03,1,122,2022-11-04
PR_G5-1_1_GE03_19_19,154,PR,GE03,1,123,2023-03-29
PR_G5-1_1_GE03_19_19,155,PR,GE03,2,125,2023-04-10
PR_G5-1_1_GE03_19_19,157,PR,GE03,1,126,2023-06-30
PR_G5-1_1_GE03_19_19,158,PR,GE03,3,129,2023-07-25
PR_G5-1_1_GE03_19_19,159,PR,GE03,2,131,2023-08-29
PR_G5-1_1_GE03_19_19,160,PR,GE03,1,132,2023-09-21
PR_G5-1_1_GE03_19_19,161,PR,GE03,2,134,2023-10-26
PR_G5-1_1_GE03_19_19,162,PR,GE03,1,135,2023-11-18
PR_G5-1_1_GE03_19_19,166,PR,GE03,1,136,2024-03-26
PR_G5-1_1_GE03_19_19,169,PR,GE03,1,137,2024-06-19
PR_G5-1_1_GE03_19_20,36,PR,GE03,0,0,2013-05-20
PR_G5-1_1_GE03_19_20,35,PR,GE03,0,0,2013-04-19
PR_G5-1_1_GE03_19_20,37,PR,GE03,0,0,2013-06-19
PR_G5-1_1_GE03_19_20,39,PR,GE03,0,0,2013-08-20
PR_G5-1_1_GE03_19_20,40,PR,GE03,0,0,2013-09-30
PR_G5-1_1_GE03_19_20,41,PR,GE03,0,0,2013-10-09
PR_G5-1_1_GE03_19_20,42,PR,GE03,0,0,2013-11-18
PR_G5-1_1_GE03_19_20,43,PR,GE03,0,0,2013-12-17
PR_G5-1_1_GE03_19_20,44,PR,GE03,0,0,2014-01-24
PR_G5-1_1_GE03_19_20,45,PR,GE03,5,5,2014-02-22
PR_G5-1_1_GE03_19_20,46,PR,GE03,4,9,2014-03-31
PR_G5-1_1_GE03_19_20,47,PR,GE03,2,11,2014-04-28
PR_G5-1_1_GE03_19_20,48,PR,GE03,2,13,2014-05-16
PR_G5-1_1_GE03_19_20,49,PR,GE03,3,16,2014-06-23
PR_G5-1_1_GE03_19_20,50,PR,GE03,3,19,2014-07-30
PR_G5-1_1_GE03_19_20,51,PR,GE03,1,20,2014-08-18
PR_G5-1_1_GE03_19_20,52,PR,GE03,2,22,2014-09-05
PR_G5-1_1_GE03_19_20,53,PR,GE03,3,25,2014-10-22
PR_G5-1_1_GE03_19_20,54,PR,GE03,1,26,2014-11-19
PR_G5-1_1_GE03_19_20,55,PR,GE03,2,28,2014-12-08
PR_G5-1_1_GE03_19_20,58,PR,GE03,3,32,2015-03-30
PR_G5-1_1_GE03_19_20,59,PR,GE03,6,37,2015-04-27
PR_G5-1_1_GE03_19_20,60,PR,GE03,3,40,2015-05-25
PR_G5-1_1_GE03_19_20,61,PR,GE03,2,42,2015-06-12
PR_G5-1_1_GE03_19_20,62,PR,GE03,4,46,2015-07-29
PR_G5-1_1_GE03_19_20,63,PR,GE03,2,48,2015-08-26
PR_G5-1_1_GE03_19_20,64,PR,GE03,2,50,2015-09-14
PR_G5-1_1_GE03_19_20,65,PR,GE03,3,53,2015-10-30
PR_G5-1_1_GE03_19_20,66,PR,GE03,2,55,2015-11-18
PR_G5-1_1_GE03_19_20,67,PR,GE03,2,57,2015-12-07
PR_G5-1_1_GE03_19_20,68,PR,GE03,1,58,2016-01-04
PR_G5-1_1_GE03_19_20,72,PR,GE03,4,70,2016-05-23
PR_G5-1_1_GE03_19_20,70,PR,GE03,5,64,2016-03-28
PR_G5-1_1_GE03_19_20,71,PR,GE03,3,67,2016-04-25
PR_G5-1_1_GE03_19_20,73,PR,GE03,3,73,2016-06-29
PR_G5-1_1_GE03_19_20,74,PR,GE03,2,75,2016-07-27
PR_G5-1_1_GE03_19_20,75,PR,GE03,1,76,2016-08-15
PR_G5-1_1_GE03_19_20,76,PR,GE03,3,79,2016-09-30
PR_G5-1_1_GE03_19_20,77,PR,GE03,1,80,2016-10-19
PR_G5-1_1_GE03_19_20,78,PR,GE03,3,83,2016-11-25
PR_G5-1_1_GE03_19_20,83,PR,GE03,3,86,2017-04-24
PR_G5-1_1_GE03_19_20,84,PR,GE03,5,91,2017-05-31
PR_G5-1_1_GE03_19_20,85,PR,GE03,2,93,2017-06-28
PR_G5-1_1_GE03_19_20,86,PR,GE03,2,95,2017-07-26
PR_G5-1_1_GE03_19_20,87,PR,GE03,1,96,2017-08-23
PR_G5-1_1_GE03_19_20,88,PR,GE03,2,98,2017-09-29
PR_G5-1_1_GE03_19_20,89,PR,GE03,2,100,2017-10-27
PR_G5-1_1_GE03_19_20,90,PR,GE03,2,102,2017-11-24
PR_G5-1_1_GE03_19_20,91,PR,GE03,1,103,2017-12-13
PR_G5-1_1_GE03_19_20,92,PR,GE03,2,105,2018-01-10
PR_G5-1_1_GE03_19_20,94,PR,GE03,1,106,2018-03-26
PR_G5-1_1_GE03_19_20,95,PR,GE03,1,107,2018-04-04
PR_G5-1_1_GE03_19_20,96,PR,GE03,5,112,2018-05-30
PR_G5-1_1_GE03_19_20,97,PR,GE03,2,114,2018-06-27
PR_G5-1_1_GE03_19_20,98,PR,GE03,2,116,2018-07-16
PR_G5-1_1_GE03_19_20,99,PR,GE03,3,119,2018-08-31
PR_G5-1_1_GE03_19_20,102,PR,GE03,2,122,2018-11-14
PR_G5-1_1_GE03_19_20,103,PR,GE03,4,125,2018-12-21
PR_G5-1_1_GE03_19_20,104,PR,GE03,2,127,2019-01-18
PR_G5-1_1_GE03_19_20,105,PR,GE03,2,129,2019-02-25
PR_G5-1_1_GE03_19_20,106,PR,GE03,1,130,2019-03-15
PR_G5-1_1_GE03_19_20,107,PR,GE03,1,131,2019-04-22
PR_G5-1_1_GE03_19_20,108,PR,GE03,4,135,2019-05-29
PR_G5-1_1_GE03_19_20,109,PR,GE03,2,137,2019-06-26
PR_G5-1_1_GE03_19_20,110,PR,GE03,2,139,2019-07-24
PR_G5-1_1_GE03_19_20,111,PR,GE03,1,140,2019-08-12
PR_G5-1_1_GE03_19_20,116,PR,GE03,1,141,2020-01-27
PR_G5-1_1_GE03_19_20,117,PR,GE03,3,144,2020-02-14
PR_G5-1_1_GE03_19_20,118,PR,GE03,3,147,2020-03-13
PR_G5-1_1_GE03_19_20,119,PR,GE03,4,151,2020-04-29
PR_G5-1_1_GE03_19_20,120,PR,GE03,1,152,2020-05-18
PR_G5-1_1_GE03_19_20,121,PR,GE03,3,155,2020-06-24
PR_G5-1_1_GE03_19_20,122,PR,GE03,2,157,2020-07-25
PR_G5-1_1_GE03_19_20,123,PR,GE03,1,158,2020-08-18
PR_G5-1_1_GE03_19_20,124,PR,GE03,2,160,2020-09-23
PR_G5-1_1_GE03_19_20,125,PR,GE03,1,161,2020-10-16
PR_G5-1_1_GE03_19_20,126,PR,GE03,1,162,2020-11-03
PR_G5-1_1_GE03_19_20,131,PR,GE03,5,167,2021-04-19
PR_G5-1_1_GE03_19_20,132,PR,GE03,3,170,2021-05-24
PR_G5-1_1_GE03_19_20,133,PR,GE03,2,172,2021-06-16
PR_G5-1_1_GE03_19_20,134,PR,GE03,2,174,2021-07-23
PR_G5-1_1_GE03_19_20,135,PR,GE03,2,176,2021-08-27
PR_G5-1_1_GE03_19_20,137,PR,GE03,2,178,2021-10-13
PR_G5-1_1_GE03_19_20,138,PR,GE03,3,181,2021-11-29
PR_G5-1_1_GE03_19_20,139,PR,GE03,1,182,2021-12-22
PR_G5-1_1_GE03_19_20,140,PR,GE03,2,184,2022-01-28
PR_G5-1_1_GE03_19_20,144,PR,GE03,1,185,2022-05-02
PR_G5-1_1_GE03_19_20,146,PR,GE03,1,186,2022-07-22
PR_G5-1_1_GE03_19_20,147,PR,GE03,1,187,2022-08-15
PR_G5-1_1_GE03_19_20,148,PR,GE03,2,189,2022-09-30
PR_G5-1_1_GE03_19_20,149,PR,GE03,2,191,2022-10-12
PR_G5-1_1_GE03_19_20,152,PR,GE03,3,194,2023-01-27
PR_G5-1_1_GE03_19_20,153,PR,GE03,1,195,2023-02-08
PR_G5-1_1_GE03_19_20,154,PR,GE03,4,199,2023-03-29
PR_G5-1_1_GE03_19_20,155,PR,GE03,2,201,2023-04-21
PR_G5-1_1_GE03_19_20,156,PR,GE03,2,203,2023-05-26
PR_G5-1_1_GE03_19_20,157,PR,GE03,2,205,2023-06-30
PR_G5-1_1_GE03_19_20,158,PR,GE03,1,206,2023-07-13
PR_G5-1_1_GE03_19_20,159,PR,GE03,2,208,2023-08-29
PR_G5-1_1_GE03_19_20,160,PR,GE03,1,209,2023-09-21
PR_G5-1_1_GE03_19_20,165,PR,GE03,2,211,2024-02-26
PR_G5-1_1_GE03_19_20,166,PR,GE03,3,214,2024-03-14
PR_G5-1_1_GE03_19_20,167,PR,GE03,1,215,2024-04-18
PR_G5-1_2_GE16_24_10,35,PR,GE16,0,0,2013-04-10
PR_G5-1_2_GE16_24_10,36,PR,GE16,0,0,2013-05-20
PR_G5-1_2_GE16_24_10,37,PR,GE16,0,0,2013-06-08
PR_G5-1_2_GE16_24_10,40,PR,GE16,0,0,2013-09-30
PR_G5-1_2_GE16_24_10,41,PR,GE16,0,0,2013-10-21
PR_G5-1_2_GE16_24_10,42,PR,GE16,0,0,2013-11-18
PR_G5-1_2_GE16_24_10,43,PR,GE16,0,0,2013-12-17
PR_G5-1_2_GE16_24_10,44,PR,GE16,0,1,2014-01-24
PR_G5-1_2_GE16_24_10,45,PR,GE16,4,4,2014-02-24
PR_G5-1_2_GE16_24_10,46,PR,GE16,3,7,2014-03-14
PR_G5-1_2_GE16_24_10,47,PR,GE16,3,10,2014-04-30
PR_G5-1_2_GE16_24_10,48,PR,GE16,2,12,2014-05-28
PR_G5-1_2_GE16_24_10,49,PR,GE16,2,14,2014-06-16
PR_G5-1_2_GE16_24_10,50,PR,GE16,2,16,2014-07-14
PR_G5-1_2_GE16_24_10,51,PR,GE16,2,18,2014-08-29
PR_G5-1_2_GE16_24_10,52,PR,GE16,1,19,2014-09-08
PR_G5-1_2_GE16_24_10,58,PR,GE16,6,25,2015-03-23
PR_G5-1_2_GE16_24_10,59,PR,GE16,5,30,2015-04-20
PR_G5-1_2_GE16_24_10,60,PR,GE16,3,33,2015-05-18
PR_G5-1_2_GE16_24_10,61,PR,GE16,3,36,2015-06-24
PR_G5-1_2_GE16_24_10,62,PR,GE16,4,40,2015-07-31
PR_G5-1_2_GE16_24_10,63,PR,GE16,2,42,2015-08-28
PR_G5-1_2_GE16_24_10,65,PR,GE16,1,43,2015-10-05
PR_G5-1_2_GE16_24_10,71,PR,GE16,1,44,2016-04-27
PR_G5-1_2_GE16_24_10,74,PR,GE16,3,47,2016-07-29
PR_G5-1_2_GE16_24_10,75,PR,GE16,2,49,2016-08-26
PR_G5-1_2_GE16_24_10,76,PR,GE16,2,51,2016-09-14
PR_G5-1_2_GE16_24_10,77,PR,GE16,2,53,2016-10-21
PR_G5-1_2_GE16_24_10,78,PR,GE16,2,55,2016-11-28
PR_G5-1_2_GE16_24_10,79,PR,GE16,0,55,2016-12-16
PR_G5-1_2_GE16_24_10,80,PR,GE16,2,57,2017-01-04
PR_G5-1_2_GE16_24_10,89,PR,GE16,6,65,2017-10-30
PR_G5-1_2_GE16_24_10,88,PR,GE16,1,60,2017-09-22
PR_G5-1_2_GE16_24_10,90,PR,GE16,3,67,2017-11-27
PR_G5-1_2_GE16_24_10,91,PR,GE16,1,68,2017-12-15
PR_G5-1_2_GE16_24_10,92,PR,GE16,3,71,2018-01-31
PR_G5-1_2_GE16_24_10,102,PR,GE16,6,77,2018-11-16
PR_G5-1_2_GE16_24_10,112,PR,GE16,2,79,2019-09-30
PR_G5-1_2_GE16_24_10,118,PR,GE16,1,80,2020-03-25
PR_G5-1_2_GE16_24_10,120,PR,GE16,2,82,2020-05-29
PR_G5-1_2_GE16_24_10,121,PR,GE16,3,85,2020-06-26
PR_G5-1_2_GE16_24_10,122,PR,GE16,1,86,2020-07-28
PR_G5-1_2_GE16_24_10,123,PR,GE16,1,87,2020-08-08
PR_G5-1_2_GE16_24_10,124,PR,GE16,2,89,2020-09-25
PR_G5-1_2_GE16_24_10,125,PR,GE16,1,90,2020-10-07
PR_G5-1_2_GE16_24_10,126,PR,GE16,1,91,2020-11-05
PR_G5-1_2_GE16_24_10,134,PR,GE16,4,96,2021-07-13
PR_G5-1_2_GE16_24_10,133,PR,GE16,1,94,2021-06-30
PR_G5-1_2_GE16_24_10,135,PR,GE16,2,98,2021-08-30
PR_G5-1_2_GE16_24_10,136,PR,GE16,1,99,2021-09-22
PR_G5-1_2_GE16_24_10,140,PR,GE16,2,101,2022-01-31
PR_G5-1_2_GE16_24_10,142,PR,GE16,2,103,2022-03-30
PR_G5-1_2_GE16_24_10,144,PR,GE16,2,105,2022-05-04
PR_G5-1_2_GE16_24_10,153,PR,GE16,1,106,2023-02-22
PR_G5-1_2_GE16_24_10,157,PR,GE16,1,107,2023-06-21
PR_G5-1_2_GE16_24_10,158,PR,GE16,1,108,2023-07-15
PR_G5-1_2_GE16_24_10,159,PR,GE16,2,110,2023-08-31
PR_G5-1_2_GE16_24_10,161,PR,GE16,2,112,2023-10-17
PR_G5-1_2_GE16_24_10,162,PR,GE16,1,113,2023-11-09
PR_G5-1_2_GE16_24_10,163,PR,GE16,2,115,2023-12-18
PR_G5-1_2_GE16_24_10,164,PR,GE16,2,117,2024-01-18
PR_G5-1_2_GE16_24_11,35,PR,GE16,0,0,2013-04-30
PR_G5-1_2_GE16_24_11,36,PR,GE16,0,0,2013-05-10
PR_G5-1_2_GE16_24_11,37,PR,GE16,0,0,2013-06-08
PR_G5-1_2_GE16_24_11,45,PR,GE16,6,6,2014-02-24
PR_G5-1_2_GE16_24_11,44,PR,GE16,0,1,2014-01-24
PR_G5-1_2_GE16_24_11,46,PR,GE16,2,8,2014-03-24
PR_G5-1_2_GE16_24_11,47,PR,GE16,3,11,2014-04-21
PR_G5-1_2_GE16_24_11,48,PR,GE16,3,14,2014-05-28
PR_G5-1_2_GE16_24_11,49,PR,GE16,1,15,2014-06-06
PR_G5-1_2_GE16_24_11,50,PR,GE16,2,17,2014-07-23
PR_G5-1_2_GE16_24_11,51,PR,GE16,2,19,2014-08-20
PR_G5-1_2_GE16_24_11,58,PR,GE16,4,23,2015-03-23
PR_G5-1_2_GE16_24_11,59,PR,GE16,5,28,2015-04-29
PR_G5-1_2_GE16_24_11,60,PR,GE16,3,31,2015-05-27
PR_G5-1_2_GE16_24_11,61,PR,GE16,2,33,2015-06-15
PR_G5-1_2_GE16_24_11,62,PR,GE16,4,37,2015-07-31
PR_G5-1_2_GE16_24_11,64,PR,GE16,1,38,2015-09-16
PR_G5-1_2_GE16_24_11,70,PR,GE16,1,39,2016-03-30
PR_G5-1_2_GE16_24_11,71,PR,GE16,4,43,2016-04-27
PR_G5-1_2_GE16_24_11,72,PR,GE16,2,45,2016-05-16
PR_G5-1_2_GE16_24_11,73,PR,GE16,3,48,2016-06-22
PR_G5-1_2_GE16_24_11,74,PR,GE16,4,52,2016-07-29
PR_G5-1_2_GE16_24_11,75,PR,GE16,1,53,2016-08-17
PR_G5-1_2_GE16_24_11,76,PR,GE16,1,54,2016-09-23
PR_G5-1_2_GE16_24_11,77,PR,GE16,1,55,2016-10-03
PR_G5-1_2_GE16_24_11,85,PR,GE16,2,57,2017-06-21
PR_G5-1_2_GE16_24_11,86,PR,GE16,2,59,2017-07-28
PR_G5-1_2_GE16_24_11,87,PR,GE16,2,61,2017-08-25
PR_G5-1_2_GE16_24_11,88,PR,GE16,1,62,2017-09-13
PR_G5-1_2_GE16_24_11,89,PR,GE16,3,65,2017-10-30
PR_G5-1_2_GE16_24_11,90,PR,GE16,2,67,2017-11-17
PR_G5-1_2_GE16_24_11,91,PR,GE16,1,68,2017-12-15
PR_G5-1_2_GE16_24_11,98,PR,GE16,3,72,2018-07-27
PR_G5-1_2_GE16_24_11,99,PR,GE16,3,74,2018-08-24
PR_G5-1_2_GE16_24_11,100,PR,GE16,2,76,2018-09-12
PR_G5-1_2_GE16_24_11,101,PR,GE16,3,79,2018-10-29
PR_G5-1_2_GE16_24_11,102,PR,GE16,2,81,2018-11-26
PR_G5-1_2_GE16_24_11,103,PR,GE16,2,83,2018-12-24
PR_G5-1_2_GE16_24_11,105,PR,GE16,1,84,2019-02-27
PR_G5-1_2_GE16_24_11,112,PR,GE16,6,91,2019-09-30
PR_G5-1_2_GE16_24_11,111,PR,GE16,1,86,2019-08-14
PR_G5-1_2_GE16_24_11,113,PR,GE16,1,92,2019-10-09
PR_G5-1_2_GE16_24_11,119,PR,GE16,1,93,2020-04-03
PR_G5-1_2_GE16_24_11,122,PR,GE16,2,95,2020-07-07
PR_G5-1_2_GE16_24_11,128,PR,GE16,2,97,2021-01-29
PR_G5-1_2_GE16_24_11,131,PR,GE16,2,99,2021-04-21
PR_G5-1_2_GE16_24_11,132,PR,GE16,2,101,2021-05-26
PR_G5-1_2_GE16_24_11,133,PR,GE16,2,103,2021-06-18
PR_G5-1_2_GE16_24_11,134,PR,GE16,1,104,2021-07-13
PR_G5-1_2_GE16_24_11,135,PR,GE16,1,105,2021-08-06
PR_G5-1_2_GE16_24_11,144,PR,GE16,1,106,2022-05-27
PR_G5-1_2_GE16_24_11,143,PR,GE16,1,107,2022-04-22
PR_G5-1_2_GE16_24_11,146,PR,GE16,2,109,2022-07-25
PR_G5-1_2_GE16_24_11,147,PR,GE16,2,111,2022-08-29
PR_G5-1_2_GE16_24_11,149,PR,GE16,3,114,2022-10-26
PR_G5-1_2_GE16_24_11,152,PR,GE16,1,115,2023-01-30
PR_G5-1_2_GE16_24_11,153,PR,GE16,1,116,2023-02-22
PR_G5-1_2_GE16_24_11,154,PR,GE16,1,117,2023-03-31
PR_G5-1_2_GE16_24_11,159,PR,GE16,1,118,2023-08-31
PR_G5-1_2_GE16_24_11,161,PR,GE16,1,119,2023-10-28
PR_G5-1_2_GE16_24_11,163,PR,GE16,2,121,2023-12-26
PR_G5-1_2_GE16_24_11,164,PR,GE16,3,124,2024-01-30
PR_G5-1_2_GE16_24_11,165,PR,GE16,1,125,2024-02-10
PR_G5-1_2_GE16_24_11,166,PR,GE16,2,127,2024-03-28
PR_G5-1_2_GE16_24_11,167,PR,GE16,1,128,2024-04-10
PR_G5-1_2_GE16_24_9,34,PR,GE16,0,0,2013-03-29
PR_G5-1_2_GE16_24_9,35,PR,GE16,0,0,2013-04-19
PR_G5-1_2_GE16_24_9,40,PR,GE16,0,0,2013-09-10
PR_G5-1_2_GE16_24_9,42,PR,GE16,0,0,2013-11-26
PR_G5-1_2_GE16_24_9,43,PR,GE16,0,0,2013-12-06
PR_G5-1_2_GE16_24_9,44,PR,GE16,0,0,2014-01-24
PR_G5-1_2_GE16_24_9,45,PR,GE16,3,3,2014-02-24
PR_G5-1_2_GE16_24_9,46,PR,GE16,3,6,2014-03-14
PR_G5-1_2_GE16_24_9,47,PR,GE16,3,9,2014-04-21
PR_G5-1_2_GE16_24_9,48,PR,GE16,1,10,2014-05-09
PR_G5-1_2_GE16_24_9,49,PR,GE16,3,13,2014-06-25
PR_G5-1_2_GE16_24_9,50,PR,GE16,2,15,2014-07-23
PR_G5-1_2_GE16_24_9,51,PR,GE16,2,17,2014-08-29
PR_G5-1_2_GE16_24_9,52,PR,GE16,1,18,2014-09-17
PR_G5-1_2_GE16_24_9,53,PR,GE16,1,19,2014-10-06
PR_G5-1_2_GE16_24_9,54,PR,GE16,1,20,2014-11-12
PR_G5-1_2_GE16_24_9,58,PR,GE16,4,24,2015-03-23
PR_G5-1_2_GE16_24_9,59,PR,GE16,2,26,2015-04-20
PR_G5-1_2_GE16_24_9,60,PR,GE16,2,28,2015-05-29
PR_G5-1_2_GE16_24_9,61,PR,GE16,4,32,2015-06-24
PR_G5-1_2_GE16_24_9,62,PR,GE16,3,35,2015-07-31
PR_G5-1_2_GE16_24_9,63,PR,GE16,2,37,2015-08-28
PR_G5-1_2_GE16_24_9,64,PR,GE16,1,38,2015-09-07
PR_G5-1_2_GE16_24_9,65,PR,GE16,3,41,2015-10-14
PR_G5-1_2_GE16_24_9,73,PR,GE16,1,42,2016-06-22
PR_G5-1_2_GE16_24_9,72,PR,GE16,6,49,2016-05-16
PR_G5-1_2_GE16_24_9,71,PR,GE16,1,44,2016-04-27
PR_G5-1_2_GE16_24_9,75,PR,GE16,1,50,2016-08-26
PR_G5-1_2_GE16_24_9,76,PR,GE16,1,51,2016-09-05
PR_G5-1_2_GE16_24_9,77,PR,GE16,2,53,2016-10-21
PR_G5-1_2_GE16_24_9,78,PR,GE16,1,54,2016-11-09
PR_G5-1_2_GE16_24_9,82,PR,GE16,4,59,2017-03-29
PR_G5-1_2_GE16_24_9,83,PR,GE16,3,61,2017-04-17
PR_G5-1_2_GE16_24_9,89,PR,GE16,1,62,2017-10-11
PR_G5-1_2_GE16_24_9,90,PR,GE16,1,63,2017-11-08
PR_G5-1_2_GE16_24_9,92,PR,GE16,3,66,2018-01-31
PR_G5-1_2_GE16_24_9,93,PR,GE16,1,67,2018-02-19
PR_G5-1_2_GE16_24_9,94,PR,GE16,1,68,2018-03-28
PR_G5-1_2_GE16_24_9,100,PR,GE16,2,70,2018-09-21
PR_G5-1_2_GE16_24_9,103,PR,GE16,3,73,2018-12-24
PR_G5-1_2_GE16_24_9,104,PR,GE16,3,76,2019-01-30
PR_G5-1_2_GE16_24_9,105,PR,GE16,3,79,2019-02-18
PR_G5-1_2_GE16_24_9,106,PR,GE16,1,80,2019-03-18
PR_G5-1_2_GE16_24_9,107,PR,GE16,1,81,2019-04-24
PR_G5-1_2_GE16_24_9,108,PR,GE16,1,82,2019-05-13
PR_G5-1_2_GE16_24_9,117,PR,GE16,6,88,2020-02-26
PR_G5-1_2_GE16_24_9,124,PR,GE16,1,89,2020-09-25
PR_G5-1_2_GE16_24_9,127,PR,GE16,1,90,2020-12-10
PR_G5-1_2_GE16_24_9,128,PR,GE16,2,92,2021-01-06
PR_G5-1_2_GE16_24_9,129,PR,GE16,3,95,2021-02-22
PR_G5-1_2_GE16_24_9,130,PR,GE16,1,96,2021-03-05
PR_G5-1_2_GE16_24_9,140,PR,GE16,1,97,2022-01-31
PR_G5-1_2_GE16_24_9,141,PR,GE16,1,98,2022-02-23
PR_G5-1_2_GE16_24_9,142,PR,GE16,1,99,2022-03-07
PR_G5-1_2_GE16_24_9,143,PR,GE16,1,100,2022-04-11
PR_G5-1_2_GE16_24_9,144,PR,GE16,1,101,2022-05-04
PR_G5-1_2_GE16_24_9,149,PR,GE16,1,102,2022-10-26
PR_G5-1_2_GE16_24_9,150,PR,GE16,1,103,2022-11-30
PR_G5-1_2_GE16_24_9,153,PR,GE16,5,108,2023-02-22
PR_G5-1_2_GE16_24_9,154,PR,GE16,1,109,2023-03-20
PR_G5-1_2_GE16_24_9,156,PR,GE16,1,110,2023-05-17
PR_G5-1_2_GE16_24_9,157,PR,GE16,1,111,2023-06-09
PR_G5-1_2_GE16_24_9,165,PR,GE16,5,116,2024-02-10
PR_G5-1_2_GE16_24_9,166,PR,GE16,2,118,2024-03-16
PR_G5-1_2_GE16_24_9,167,PR,GE16,2,120,2024-04-22
PR_G5-1_2_GE09_28_25,40,PR,GE09,0,0,2013-09-30
PR_G5-1_2_GE09_28_25,39,PR,GE09,0,0,2013-08-30
PR_G5-1_2_GE09_28_25,41,PR,GE09,0,0,2013-10-09
PR_G5-1_2_GE09_28_25,42,PR,GE09,0,0,2013-11-26
PR_G5-1_2_GE09_28_25,43,PR,GE09,0,0,2013-12-17
PR_G5-1_2_GE09_28_25,44,PR,GE09,0,0,2014-01-14
PR_G5-1_2_GE09_28_25,45,PR,GE09,4,4,2014-02-13
PR_G5-1_2_GE09_28_25,46,PR,GE09,3,7,2014-03-05
PR_G5-1_2_GE09_28_25,47,PR,GE09,4,12,2014-04-30
PR_G5-1_2_GE09_28_25,48,PR,GE09,6,17,2014-05-19
PR_G5-1_2_GE09_28_25,49,PR,GE09,3,20,2014-06-25
PR_G5-1_2_GE09_28_25,50,PR,GE09,1,21,2014-07-14
PR_G5-1_2_GE09_28_25,51,PR,GE09,4,25,2014-08-20
PR_G5-1_2_GE09_28_25,52,PR,GE09,2,27,2014-09-26
PR_G5-1_2_GE09_28_25,53,PR,GE09,3,30,2014-10-15
PR_G5-1_2_GE09_28_25,54,PR,GE09,3,33,2014-11-12
PR_G5-1_2_GE09_28_25,55,PR,GE09,3,36,2014-12-17
PR_G5-1_2_GE09_28_25,56,PR,GE09,5,41,2015-01-26
PR_G5-1_2_GE09_28_25,57,PR,GE09,3,45,2015-02-23
PR_G5-1_2_GE09_28_25,58,PR,GE09,4,48,2015-03-23
PR_G5-1_2_GE09_28_25,59,PR,GE09,3,51,2015-04-20
PR_G5-1_2_GE09_28_25,60,PR,GE09,3,54,2015-05-18
PR_G5-1_2_GE09_28_25,61,PR,GE09,3,57,2015-06-15
PR_G5-1_2_GE09_28_25,62,PR,GE09,4,61,2015-07-31
PR_G5-1_2_GE09_28_25,63,PR,GE09,2,63,2015-08-19
PR_G5-1_2_GE09_28_25,64,PR,GE09,3,66,2015-09-25
PR_G5-1_2_GE09_28_25,65,PR,GE09,1,67,2015-10-14
PR_G5-1_2_GE09_28_25,70,PR,GE09,8,78,2016-03-21
PR_G5-1_2_GE09_28_25,69,PR,GE09,3,72,2016-02-22
PR_G5-1_2_GE09_28_25,71,PR,GE09,3,81,2016-04-18
PR_G5-1_2_GE09_28_25,72,PR,GE09,3,84,2016-05-25
PR_G5-1_2_GE09_28_25,73,PR,GE09,3,87,2016-06-22
PR_G5-1_2_GE09_28_25,74,PR,GE09,2,89,2016-07-20
PR_G5-1_2_GE09_28_25,75,PR,GE09,3,92,2016-08-26
PR_G5-1_2_GE09_28_25,76,PR,GE09,1,93,2016-09-23
PR_G5-1_2_GE09_28_25,77,PR,GE09,2,95,2016-10-31
PR_G5-1_2_GE09_28_25,82,PR,GE09,6,101,2017-03-29
PR_G5-1_2_GE09_28_25,83,PR,GE09,4,105,2017-04-26
PR_G5-1_2_GE09_28_25,84,PR,GE09,2,107,2017-05-24
PR_G5-1_2_GE09_28_25,85,PR,GE09,2,109,2017-06-21
PR_G5-1_2_GE09_28_25,86,PR,GE09,3,112,2017-07-28
PR_G5-1_2_GE09_28_25,87,PR,GE09,2,114,2017-08-25
PR_G5-1_2_GE09_28_25,88,PR,GE09,1,115,2017-09-22
PR_G5-1_2_GE09_28_25,89,PR,GE09,2,117,2017-10-30
PR_G5-1_2_GE09_28_25,90,PR,GE09,1,118,2017-11-08
PR_G5-1_2_GE09_28_25,95,PR,GE09,3,121,2018-04-16
PR_G5-1_2_GE09_28_25,96,PR,GE09,4,125,2018-05-23
PR_G5-1_2_GE09_28_25,97,PR,GE09,2,127,2018-06-20
PR_G5-1_2_GE09_28_25,98,PR,GE09,2,129,2018-07-18
PR_G5-1_2_GE09_28_25,99,PR,GE09,2,131,2018-08-24
PR_G5-1_2_GE09_28_25,100,PR,GE09,1,132,2018-09-12
PR_G5-1_2_GE09_28_25,101,PR,GE09,3,135,2018-10-29
PR_G5-1_2_GE09_28_25,102,PR,GE09,3,138,2018-11-26
PR_G5-1_2_GE09_28_25,103,PR,GE09,1,139,2018-12-24
PR_G5-1_2_GE09_28_25,104,PR,GE09,2,141,2019-01-11
PR_G5-1_2_GE09_28_25,108,PR,GE09,6,148,2019-05-31
PR_G5-1_2_GE09_28_25,107,PR,GE09,1,143,2019-04-15
PR_G5-1_2_GE09_28_25,109,PR,GE09,3,151,2019-06-28
PR_G5-1_2_GE09_28_25,110,PR,GE09,2,153,2019-07-26
PR_G5-1_2_GE09_28_25,112,PR,GE09,1,154,2019-09-02
PR_G5-1_2_GE09_28_25,116,PR,GE09,4,161,2020-01-20
PR_G5-1_2_GE09_28_25,115,PR,GE09,3,159,2019-12-13
PR_G5-1_2_GE09_28_25,120,PR,GE09,6,167,2020-05-29
PR_G5-1_2_GE09_28_25,121,PR,GE09,2,169,2020-06-26
PR_G5-1_2_GE09_28_25,122,PR,GE09,2,171,2020-07-28
PR_G5-1_2_GE09_28_25,123,PR,GE09,1,172,2020-08-08
PR_G5-1_2_GE09_28_25,124,PR,GE09,2,174,2020-09-25
PR_G5-1_2_GE09_28_25,126,PR,GE09,1,175,2020-11-28
PR_G5-1_2_GE09_28_25,127,PR,GE09,1,176,2020-12-10
PR_G5-1_2_GE09_28_25,131,PR,GE09,4,181,2021-04-21
PR_G5-1_2_GE09_28_25,132,PR,GE09,4,184,2021-05-26
PR_G5-1_2_GE09_28_25,133,PR,GE09,1,185,2021-06-30
PR_G5-1_2_GE09_28_25,134,PR,GE09,2,187,2021-07-26
PR_G5-1_2_GE09_28_25,135,PR,GE09,2,189,2021-08-30
PR_G5-1_2_GE09_28_25,136,PR,GE09,1,190,2021-09-22
PR_G5-1_2_GE09_28_25,137,PR,GE09,1,191,2021-10-27
PR_G5-1_2_GE09_28_25,138,PR,GE09,1,192,2021-11-08
PR_G5-1_2_GE09_28_25,139,PR,GE09,2,194,2021-12-13
PR_G5-1_2_GE09_28_25,142,PR,GE09,3,200,2022-03-30
PR_G5-1_2_GE09_28_25,143,PR,GE09,4,201,2022-04-11
PR_G5-1_2_GE09_28_25,145,PR,GE09,3,204,2022-06-20
PR_G5-1_2_GE09_28_25,146,PR,GE09,2,206,2022-07-13
PR_G5-1_2_GE09_28_25,147,PR,GE09,2,208,2022-08-17
PR_G5-1_2_GE09_28_25,148,PR,GE09,1,209,2022-09-09
PR_G5-1_2_GE09_28_25,154,PR,GE09,7,216,2023-03-31
PR_G5-1_2_GE09_28_25,155,PR,GE09,2,218,2023-04-24
PR_G5-1_2_GE09_28_25,156,PR,GE09,3,221,2023-05-29
PR_G5-1_2_GE09_28_25,157,PR,GE09,2,223,2023-06-21
PR_G5-1_2_GE09_28_25,158,PR,GE09,1,224,2023-07-04
PR_G5-1_2_GE09_28_25,166,PR,GE09,6,230,2024-03-16
PR_G5-1_2_GE09_28_25,167,PR,GE09,1,231,2024-04-10
PR_G5-1_2_GE09_28_25,169,PR,GE09,2,233,2024-06-21
PR_G5-1_2_GE09_28_26,35,PR,GE09,0,0,2013-04-30
PR_G5-1_2_GE09_28_26,36,PR,GE09,0,0,2013-05-20
PR_G5-1_2_GE09_28_26,37,PR,GE09,0,0,2013-06-19
PR_G5-1_2_GE09_28_26,38,PR,GE09,0,0,2013-07-12
PR_G5-1_2_GE09_28_26,39,PR,GE09,0,0,2013-08-09
PR_G5-1_2_GE09_28_26,42,PR,GE09,0,0,2013-11-18
PR_G5-1_2_GE09_28_26,43,PR,GE09,0,0,2013-12-07
PR_G5-1_2_GE09_28_26,44,PR,GE09,0,1,2014-01-24
PR_G5-1_2_GE09_28_26,45,PR,GE09,4,4,2014-02-24
PR_G5-1_2_GE09_28_26,46,PR,GE09,3,7,2014-03-24
PR_G5-1_2_GE09_28_26,47,PR,GE09,3,10,2014-04-30
PR_G5-1_2_GE09_28_26,48,PR,GE09,2,12,2014-05-19
PR_G5-1_2_GE09_28_26,49,PR,GE09,3,15,2014-06-16
PR_G5-1_2_GE09_28_26,50,PR,GE09,2,17,2014-07-23
PR_G5-1_2_GE09_28_26,51,PR,GE09,3,20,2014-08-29
PR_G5-1_2_GE09_28_26,52,PR,GE09,1,21,2014-09-17
PR_G5-1_2_GE09_28_26,53,PR,GE09,2,23,2014-10-24
PR_G5-1_2_GE09_28_26,54,PR,GE09,1,24,2014-11-12
PR_G5-1_2_GE09_28_26,55,PR,GE09,2,26,2014-12-17
PR_G5-1_2_GE09_28_26,57,PR,GE09,1,27,2015-02-23
PR_G5-1_2_GE09_28_26,58,PR,GE09,3,30,2015-03-23
PR_G5-1_2_GE09_28_26,61,PR,GE09,3,33,2015-06-15
PR_G5-1_2_GE09_28_26,62,PR,GE09,4,37,2015-07-31
PR_G5-1_2_GE09_28_26,63,PR,GE09,2,39,2015-08-28
PR_G5-1_2_GE09_28_26,64,PR,GE09,2,41,2015-09-16
PR_G5-1_2_GE09_28_26,65,PR,GE09,2,43,2015-10-14
PR_G5-1_2_GE09_28_26,66,PR,GE09,3,46,2015-11-30
PR_G5-1_2_GE09_28_26,67,PR,GE09,2,48,2015-12-26
PR_G5-1_2_GE09_28_26,68,PR,GE09,1,49,2016-01-25
PR_G5-1_2_GE09_28_26,69,PR,GE09,2,51,2016-02-22
PR_G5-1_2_GE09_28_26,70,PR,GE09,3,54,2016-03-30
PR_G5-1_2_GE09_28_26,71,PR,GE09,1,55,2016-04-18
PR_G5-1_2_GE09_28_26,72,PR,GE09,1,56,2016-05-06
PR_G5-1_2_GE09_28_26,73,PR,GE09,4,60,2016-06-22
PR_G5-1_2_GE09_28_26,74,PR,GE09,2,62,2016-07-29
PR_G5-1_2_GE09_28_26,75,PR,GE09,3,65,2016-08-26
PR_G5-1_2_GE09_28_26,76,PR,GE09,1,66,2016-09-23
PR_G5-1_2_GE09_28_26,77,PR,GE09,3,69,2016-10-31
PR_G5-1_2_GE09_28_26,82,PR,GE09,1,70,2017-03-20
PR_G5-1_2_GE09_28_26,83,PR,GE09,5,75,2017-04-17
PR_G5-1_2_GE09_28_26,86,PR,GE09,2,77,2017-07-28
PR_G5-1_2_GE09_28_26,87,PR,GE09,2,79,2017-08-25
PR_G5-1_2_GE09_28_26,88,PR,GE09,1,80,2017-09-22
PR_G5-1_2_GE09_28_26,89,PR,GE09,1,81,2017-10-30
PR_G5-1_2_GE09_28_26,90,PR,GE09,1,82,2017-11-08
PR_G5-1_2_GE09_28_26,91,PR,GE09,1,83,2017-12-06
PR_G5-1_2_GE09_28_26,92,PR,GE09,2,85,2018-01-22
PR_G5-1_2_GE09_28_26,93,PR,GE09,3,88,2018-02-19
PR_G5-1_2_GE09_28_26,94,PR,GE09,3,91,2018-03-28
PR_G5-1_2_GE09_28_26,95,PR,GE09,1,92,2018-04-16
PR_G5-1_2_GE09_28_26,98,PR,GE09,2,94,2018-07-18
PR_G5-1_2_GE09_28_26,99,PR,GE09,1,95,2018-08-15
PR_G5-1_2_GE09_28_26,100,PR,GE09,1,96,2018-09-12
PR_G5-1_2_GE09_28_26,101,PR,GE09,1,97,2018-10-10
PR_G5-1_2_GE09_28_26,104,PR,GE09,5,102,2019-01-30
PR_G5-1_2_GE09_28_26,105,PR,GE09,2,104,2019-02-27
PR_G5-1_2_GE09_28_26,106,PR,GE09,2,106,2019-03-27
PR_G5-1_2_GE09_28_26,107,PR,GE09,2,108,2019-04-24
PR_G5-1_2_GE09_28_26,108,PR,GE09,1,109,2019-05-03
PR_G5-1_2_GE09_28_26,109,PR,GE09,1,110,2019-06-19
PR_G5-1_2_GE09_28_26,110,PR,GE09,2,112,2019-07-26
PR_G5-1_2_GE09_28_26,112,PR,GE09,2,114,2019-09-11
PR_G5-1_2_GE09_28_26,117,PR,GE09,3,117,2020-02-26
PR_G5-1_2_GE09_28_26,120,PR,GE09,2,119,2020-05-29
PR_G5-1_2_GE09_28_26,121,PR,GE09,2,121,2020-06-17
PR_G5-1_2_GE09_28_26,123,PR,GE09,1,122,2020-08-20
PR_G5-1_2_GE09_28_26,124,PR,GE09,2,124,2020-09-25
PR_G5-1_2_GE09_28_26,125,PR,GE09,1,125,2020-10-19
PR_G5-1_2_GE09_28_26,128,PR,GE09,3,128,2021-01-29
PR_G5-1_2_GE09_28_26,129,PR,GE09,2,130,2021-02-22
PR_G5-1_2_GE09_28_26,130,PR,GE09,2,132,2021-03-29
PR_G5-1_2_GE09_28_26,136,PR,GE09,1,133,2021-09-22
PR_G5-1_2_GE09_28_26,139,PR,GE09,2,136,2021-12-24
PR_G5-1_2_GE09_28_26,140,PR,GE09,5,140,2022-01-31
PR_G5-1_2_GE09_28_26,142,PR,GE09,1,141,2022-03-18
PR_G5-1_2_GE09_28_26,143,PR,GE09,2,143,2022-04-22
PR_G5-1_2_GE09_28_26,144,PR,GE09,2,145,2022-05-27
PR_G5-1_2_GE09_28_26,150,PR,GE09,3,148,2022-11-30
PR_G5-1_2_GE09_28_26,151,PR,GE09,1,149,2022-12-12
PR_G5-1_2_GE09_28_26,152,PR,GE09,2,151,2023-01-06
PR_G5-1_2_GE09_28_26,155,PR,GE09,1,152,2023-04-24
PR_G5-1_2_GE09_28_26,156,PR,GE09,1,153,2023-05-05
PR_G5-1_2_GE09_28_26,161,PR,GE09,2,155,2023-10-17
PR_G5-1_2_GE09_28_26,162,PR,GE09,3,158,2023-11-21
PR_G5-1_2_GE09_28_26,163,PR,GE09,2,160,2023-12-26
PR_G5-1_2_GE09_28_26,166,PR,GE09,1,161,2024-03-08
PR_G5-1_2_GE12_29_10,34,PR,GE12,0,0,2013-03-29
PR_G5-1_2_GE12_29_10,35,PR,GE12,0,0,2013-04-30
PR_G5-1_2_GE12_29_10,36,PR,GE12,0,0,2013-05-20
PR_G5-1_2_GE12_29_10,37,PR,GE12,0,0,2013-06-19
PR_G5-1_2_GE12_29_10,38,PR,GE12,0,0,2013-07-12
PR_G5-1_2_GE12_29_10,39,PR,GE12,0,0,2013-08-30
PR_G5-1_2_GE12_29_10,40,PR,GE12,0,0,2013-09-30
PR_G5-1_2_GE12_29_10,41,PR,GE12,0,0,2013-10-09
PR_G5-1_2_GE12_29_10,42,PR,GE12,0,0,2013-11-18
PR_G5-1_2_GE12_29_10,43,PR,GE12,0,0,2013-12-06
PR_G5-1_2_GE12_29_10,44,PR,GE12,0,0,2014-01-24
PR_G5-1_2_GE12_29_10,45,PR,GE12,4,4,2014-02-24
PR_G5-1_2_GE12_29_10,46,PR,GE12,2,6,2014-03-14
PR_G5-1_2_GE12_29_10,47,PR,GE12,4,10,2014-04-30
PR_G5-1_2_GE12_29_10,48,PR,GE12,2,12,2014-05-28
PR_G5-1_2_GE12_29_10,49,PR,GE12,2,14,2014-06-16
PR_G5-1_2_GE12_29_10,50,PR,GE12,2,16,2014-07-23
PR_G5-1_2_GE12_29_10,51,PR,GE12,2,18,2014-08-11
PR_G5-1_2_GE12_29_10,52,PR,GE12,1,19,2014-09-08
PR_G5-1_2_GE12_29_10,53,PR,GE12,1,20,2014-10-06
PR_G5-1_2_GE12_29_10,54,PR,GE12,1,21,2014-11-03
PR_G5-1_2_GE12_29_10,59,PR,GE12,2,23,2015-04-20
PR_G5-1_2_GE12_29_10,60,PR,GE12,5,28,2015-05-27
PR_G5-1_2_GE12_29_10,61,PR,GE12,2,30,2015-06-15
PR_G5-1_2_GE12_29_10,62,PR,GE12,3,33,2015-07-22
PR_G5-1_2_GE12_29_10,63,PR,GE12,2,35,2015-08-28
PR_G5-1_2_GE12_29_10,64,PR,GE12,2,37,2015-09-16
PR_G5-1_2_GE12_29_10,65,PR,GE12,2,39,2015-10-14
PR_G5-1_2_GE12_29_10,66,PR,GE12,3,42,2015-11-30
PR_G5-1_2_GE12_29_10,73,PR,GE12,4,46,2016-06-22
PR_G5-1_2_GE12_29_10,74,PR,GE12,5,51,2016-07-29
PR_G5-1_2_GE12_29_10,75,PR,GE12,3,54,2016-08-26
PR_G5-1_2_GE12_29_10,76,PR,GE12,1,55,2016-09-23
PR_G5-1_2_GE12_29_10,77,PR,GE12,3,58,2016-10-31
PR_G5-1_2_GE12_29_10,78,PR,GE12,1,59,2016-11-18
PR_G5-1_2_GE12_29_10,88,PR,GE12,2,61,2017-09-13
PR_G5-1_2_GE12_29_10,89,PR,GE12,4,65,2017-10-30
PR_G5-1_2_GE12_29_10,90,PR,GE12,2,67,2017-11-17
PR_G5-1_2_GE12_29_10,91,PR,GE12,1,68,2017-12-06
PR_G5-1_2_GE12_29_10,92,PR,GE12,4,72,2018-01-31
PR_G5-1_2_GE12_29_10,102,PR,GE12,4,78,2018-11-26
PR_G5-1_2_GE12_29_10,103,PR,GE12,1,74,2018-12-05
PR_G5-1_2_GE12_29_10,104,PR,GE12,1,75,2019-01-11
PR_G5-1_2_GE12_29_10,105,PR,GE12,2,80,2019-02-27
PR_G5-1_2_GE12_29_10,108,PR,GE12,3,83,2019-05-22
PR_G5-1_2_GE12_29_10,109,PR,GE12,2,85,2019-06-28
PR_G5-1_2_GE12_29_10,110,PR,GE12,1,86,2019-07-17
PR_G5-1_2_GE12_29_10,113,PR,GE12,1,87,2019-10-18
PR_G5-1_2_GE12_29_10,114,PR,GE12,1,88,2019-11-25
PR_G5-1_2_GE12_29_10,120,PR,GE12,2,90,2020-05-29
PR_G5-1_2_GE12_29_10,122,PR,GE12,3,93,2020-07-28
PR_G5-1_2_GE12_29_10,123,PR,GE12,1,94,2020-08-08
PR_G5-1_2_GE12_29_10,124,PR,GE12,2,96,2020-09-12
PR_G5-1_2_GE12_29_10,125,PR,GE12,2,98,2020-10-19
PR_G5-1_2_GE12_29_10,126,PR,GE12,1,99,2020-11-17
PR_G5-1_2_GE12_29_10,127,PR,GE12,1,100,2020-12-10
PR_G5-1_2_GE12_29_10,128,PR,GE12,2,102,2021-01-29
PR_G5-1_2_GE12_29_10,135,PR,GE12,2,104,2021-08-30
PR_G5-1_2_GE12_29_10,137,PR,GE12,2,106,2021-10-27
PR_G5-1_2_GE12_29_10,138,PR,GE12,1,107,2021-11-08
PR_G5-1_2_GE12_29_10,139,PR,GE12,2,109,2021-12-13
PR_G5-1_2_GE12_29_10,140,PR,GE12,2,111,2022-01-19
PR_G5-1_2_GE12_29_10,152,PR,GE12,2,113,2023-01-30
PR_G5-1_2_GE12_29_10,154,PR,GE12,1,114,2023-03-20
PR_G5-1_2_GE12_29_10,157,PR,GE12,1,115,2023-06-21
PR_G5-1_2_GE12_29_10,158,PR,GE12,1,116,2023-07-04
PR_G5-1_2_GE12_29_10,159,PR,GE12,2,118,2023-08-31
PR_G5-1_2_GE12_29_10,161,PR,GE12,1,119,2023-10-05
PR_G5-1_2_GE02_29_13,35,PR,GE02,0,0,2013-04-19
PR_G5-1_2_GE02_29_13,40,PR,GE02,0,0,2013-09-30
PR_G5-1_2_GE02_29_13,41,PR,GE02,0,0,2013-10-21
PR_G5-1_2_GE02_29_13,42,PR,GE02,0,0,2013-11-18
PR_G5-1_2_GE02_29_13,43,PR,GE02,0,0,2013-12-17
PR_G5-1_2_GE02_29_13,44,PR,GE02,0,0,2014-01-14
PR_G5-1_2_GE02_29_13,45,PR,GE02,4,4,2014-02-24
PR_G5-1_2_GE02_29_13,46,PR,GE02,2,6,2014-03-14
PR_G5-1_2_GE02_29_13,47,PR,GE02,3,9,2014-04-30
PR_G5-1_2_GE02_29_13,48,PR,GE02,3,12,2014-05-28
PR_G5-1_2_GE02_29_13,49,PR,GE02,2,14,2014-06-25
PR_G5-1_2_GE02_29_13,50,PR,GE02,3,17,2014-07-23
PR_G5-1_2_GE02_29_13,56,PR,GE02,3,21,2015-01-26
PR_G5-1_2_GE02_29_13,57,PR,GE02,4,24,2015-02-23
PR_G5-1_2_GE02_29_13,58,PR,GE02,4,28,2015-03-23
PR_G5-1_2_GE02_29_13,59,PR,GE02,3,31,2015-04-29
PR_G5-1_2_GE02_29_13,60,PR,GE02,2,33,2015-05-18
PR_G5-1_2_GE02_29_13,61,PR,GE02,2,35,2015-06-15
PR_G5-1_2_GE02_29_13,70,PR,GE02,3,40,2016-03-30
PR_G5-1_2_GE02_29_13,71,PR,GE02,5,43,2016-04-18
PR_G5-1_2_GE02_29_13,72,PR,GE02,3,46,2016-05-25
PR_G5-1_2_GE02_29_13,73,PR,GE02,2,48,2016-06-22
PR_G5-1_2_GE02_29_13,74,PR,GE02,4,52,2016-07-29
PR_G5-1_2_GE02_29_13,75,PR,GE02,2,54,2016-08-26
PR_G5-1_2_GE02_29_13,76,PR,GE02,1,55,2016-09-23
PR_G5-1_2_GE02_29_13,85,PR,GE02,2,57,2017-06-21
PR_G5-1_2_GE02_29_13,86,PR,GE02,3,60,2017-07-28
PR_G5-1_2_GE02_29_13,87,PR,GE02,2,62,2017-08-16
PR_G5-1_2_GE02_29_13,88,PR,GE02,3,65,2017-09-22
PR_G5-1_2_GE02_29_13,89,PR,GE02,3,68,2017-10-30
PR_G5-1_2_GE02_29_13,90,PR,GE02,2,70,2017-11-27
PR_G5-1_2_GE02_29_13,100,PR,GE02,4,79,2018-09-21
PR_G5-1_2_GE02_29_13,99,PR,GE02,5,76,2018-08-15
PR_G5-1_2_GE02_29_13,101,PR,GE02,3,82,2018-10-19
PR_G5-1_2_GE02_29_13,102,PR,GE02,2,84,2018-11-26
PR_G5-1_2_GE02_29_13,103,PR,GE02,1,85,2018-12-24
PR_G5-1_2_GE02_29_13,104,PR,GE02,2,87,2019-01-30
PR_G5-1_2_GE02_29_13,105,PR,GE02,1,88,2019-02-18
PR_G5-1_2_GE02_29_13,112,PR,GE02,4,96,2019-09-30
PR_G5-1_2_GE02_29_13,111,PR,GE02,3,92,2019-08-23
PR_G5-1_2_GE02_29_13,113,PR,GE02,2,97,2019-10-18
PR_G5-1_2_GE02_29_13,118,PR,GE02,1,98,2020-03-25
PR_G5-1_2_GE02_29_13,122,PR,GE02,2,100,2020-07-28
PR_G5-1_2_GE02_29_13,131,PR,GE02,3,103,2021-04-21
PR_G5-1_2_GE02_29_13,132,PR,GE02,1,104,2021-05-03
PR_G5-1_2_GE02_29_13,141,PR,GE02,1,105,2022-02-23
PR_G5-1_2_GE02_29_13,145,PR,GE02,2,107,2022-06-20
PR_G5-1_2_GE02_29_13,148,PR,GE02,2,109,2022-09-21
PR_G5-1_2_GE02_29_13,149,PR,GE02,2,111,2022-10-03
PR_G5-1_2_GE02_29_13,150,PR,GE02,3,114,2022-11-18
PR_G5-1_2_GE02_29_13,151,PR,GE02,2,116,2022-12-23
PR_G5-1_2_GE02_29_13,152,PR,GE02,1,117,2023-01-30
PR_G5-1_2_GE02_29_13,153,PR,GE02,1,118,2023-02-22
PR_G5-1_2_GE02_29_13,161,PR,GE02,1,119,2023-10-28
PR_G5-1_2_GE02_29_13,164,PR,GE02,3,122,2024-01-30
PR_G5-1_2_GE02_29_14,35,PR,GE02,0,0,2013-04-30
PR_G5-1_2_GE02_29_14,37,PR,GE02,0,0,2013-06-08
PR_G5-1_2_GE02_29_14,40,PR,GE02,0,0,2013-09-10
PR_G5-1_2_GE02_29_14,41,PR,GE02,0,0,2013-10-29
PR_G5-1_2_GE02_29_14,42,PR,GE02,0,0,2013-11-07
PR_G5-1_2_GE02_29_14,43,PR,GE02,0,0,2013-12-06
PR_G5-1_2_GE02_29_14,44,PR,GE02,0,0,2014-01-24
PR_G5-1_2_GE02_29_14,45,PR,GE02,4,4,2014-02-03
PR_G5-1_2_GE02_29_14,47,PR,GE02,3,8,2014-04-21
PR_G5-1_2_GE02_29_14,46,PR,GE02,1,6,2014-03-24
PR_G5-1_2_GE02_29_14,48,PR,GE02,3,11,2014-05-28
PR_G5-1_2_GE02_29_14,49,PR,GE02,1,12,2014-06-16
PR_G5-1_2_GE02_29_14,50,PR,GE02,2,14,2014-07-14
PR_G5-1_2_GE02_29_14,51,PR,GE02,4,18,2014-08-29
PR_G5-1_2_GE02_29_14,52,PR,GE02,1,19,2014-09-26
PR_G5-1_2_GE02_29_14,59,PR,GE02,4,32,2015-04-29
PR_G5-1_2_GE02_29_14,58,PR,GE02,8,30,2015-03-23
PR_G5-1_2_GE02_29_14,57,PR,GE02,1,22,2015-02-13
PR_G5-1_2_GE02_29_14,60,PR,GE02,3,36,2015-05-27
PR_G5-1_2_GE02_29_14,61,PR,GE02,3,38,2015-06-24
PR_G5-1_2_GE02_29_14,62,PR,GE02,3,41,2015-07-31
PR_G5-1_2_GE02_29_14,63,PR,GE02,2,43,2015-08-19
PR_G5-1_2_GE02_29_14,70,PR,GE02,2,45,2016-03-30
PR_G5-1_2_GE02_29_14,71,PR,GE02,7,52,2016-04-18
PR_G5-1_2_GE02_29_14,72,PR,GE02,3,55,2016-05-25
PR_G5-1_2_GE02_29_14,73,PR,GE02,3,58,2016-06-13
PR_G5-1_2_GE02_29_14,74,PR,GE02,2,60,2016-07-29
PR_G5-1_2_GE02_29_14,75,PR,GE02,1,61,2016-08-08
PR_G5-1_2_GE02_29_14,76,PR,GE02,2,63,2016-09-14
PR_G5-1_2_GE02_29_14,77,PR,GE02,1,64,2016-10-21
PR_G5-1_2_GE02_29_14,84,PR,GE02,1,65,2017-05-15
PR_G5-1_2_GE02_29_14,85,PR,GE02,1,66,2017-06-30
PR_G5-1_2_GE02_29_14,86,PR,GE02,2,68,2017-07-28
PR_G5-1_2_GE02_29_14,87,PR,GE02,3,71,2017-08-25
PR_G5-1_2_GE02_29_14,88,PR,GE02,2,74,2017-09-22
PR_G5-1_2_GE02_29_14,89,PR,GE02,2,75,2017-10-20
PR_G5-1_2_GE02_29_14,90,PR,GE02,2,77,2017-11-17
PR_G5-1_2_GE02_29_14,91,PR,GE02,1,78,2017-12-06
PR_G5-1_2_GE02_29_14,92,PR,GE02,2,80,2018-01-12
PR_G5-1_2_GE02_29_14,100,PR,GE02,5,87,2018-09-21
PR_G5-1_2_GE02_29_14,99,PR,GE02,2,84,2018-08-15
PR_G5-1_2_GE02_29_14,101,PR,GE02,4,91,2018-10-29
PR_G5-1_2_GE02_29_14,102,PR,GE02,1,92,2018-11-07
PR_G5-1_2_GE02_29_14,103,PR,GE02,2,94,2018-12-24
PR_G5-1_2_GE02_29_14,104,PR,GE02,2,96,2019-01-21
PR_G5-1_2_GE02_29_14,106,PR,GE02,1,97,2019-03-08
PR_G5-1_2_GE02_29_14,112,PR,GE02,3,100,2019-09-02
PR_G5-1_2_GE02_29_14,113,PR,GE02,4,104,2019-10-28
PR_G5-1_2_GE02_29_14,114,PR,GE02,1,105,2019-11-25
PR_G5-1_2_GE02_29_14,115,PR,GE02,1,106,2019-12-04
PR_G5-1_2_GE02_29_14,116,PR,GE02,2,108,2020-01-29
PR_G5-1_2_GE02_29_14,117,PR,GE02,2,110,2020-02-26
PR_G5-1_2_GE02_29_14,118,PR,GE02,1,111,2020-03-16
PR_G5-1_2_GE02_29_14,119,PR,GE02,2,113,2020-04-13
PR_G5-1_2_GE02_29_14,125,PR,GE02,1,114,2020-10-19
PR_G5-1_2_GE02_29_14,129,PR,GE02,2,116,2021-02-22
PR_G5-1_2_GE02_29_14,131,PR,GE02,2,118,2021-04-21
PR_G5-1_2_GE02_29_14,132,PR,GE02,3,121,2021-05-14
PR_G5-1_2_GE02_29_14,133,PR,GE02,2,123,2021-06-30
PR_G5-1_2_GE02_29_14,134,PR,GE02,1,124,2021-07-26
PR_G5-1_2_GE02_29_14,136,PR,GE02,1,125,2021-09-10
PR_G5-1_2_GE02_29_14,137,PR,GE02,1,126,2021-10-15
PR_G5-1_2_GE02_29_14,143,PR,GE02,1,127,2022-04-22
PR_G5-1_2_GE02_29_14,144,PR,GE02,5,132,2022-05-27
PR_G5-1_2_GE02_29_14,145,PR,GE02,3,135,2022-06-20
PR_G5-1_2_GE02_29_14,146,PR,GE02,1,136,2022-07-13
PR_G5-1_2_GE02_29_14,147,PR,GE02,2,138,2022-08-29
PR_G5-1_2_GE02_29_14,149,PR,GE02,2,140,2022-10-03
PR_G5-1_2_GE02_29_14,150,PR,GE02,2,142,2022-11-07
PR_G5-1_2_GE02_29_14,156,PR,GE02,3,145,2023-05-29
PR_G5-1_2_GE02_29_14,157,PR,GE02,3,149,2023-06-21
PR_G5-1_2_GE02_29_14,158,PR,GE02,2,150,2023-07-15
PR_G5-1_2_GE02_29_14,159,PR,GE02,2,152,2023-08-31
PR_G5-1_2_GE02_29_14,160,PR,GE02,1,153,2023-09-23
PR_G5-1_2_GE02_29_14,169,PR,GE02,2,155,2024-06-21
PR_G5-1_2_GE02_29_15,35,PR,GE02,0,0,2013-04-30
PR_G5-1_2_GE02_29_15,38,PR,GE02,0,0,2013-07-31
PR_G5-1_2_GE02_29_15,39,PR,GE02,0,0,2013-08-20
PR_G5-1_2_GE02_29_15,40,PR,GE02,0,0,2013-09-30
PR_G5-1_2_GE02_29_15,41,PR,GE02,0,0,2013-10-21
PR_G5-1_2_GE02_29_15,42,PR,GE02,0,0,2013-11-26
PR_G5-1_2_GE02_29_15,43,PR,GE02,0,0,2013-12-17
PR_G5-1_2_GE02_29_15,44,PR,GE02,0,0,2014-01-14
PR_G5-1_2_GE02_29_15,45,PR,GE02,4,4,2014-02-24
PR_G5-1_2_GE02_29_15,46,PR,GE02,1,5,2014-03-24
PR_G5-1_2_GE02_29_15,47,PR,GE02,2,7,2014-04-30
PR_G5-1_2_GE02_29_15,48,PR,GE02,3,10,2014-05-19
PR_G5-1_2_GE02_29_15,49,PR,GE02,3,13,2014-06-25
PR_G5-1_2_GE02_29_15,50,PR,GE02,2,15,2014-07-23
PR_G5-1_2_GE02_29_15,51,PR,GE02,4,19,2014-08-29
PR_G5-1_2_GE02_29_15,52,PR,GE02,1,20,2014-09-26
PR_G5-1_2_GE02_29_15,58,PR,GE02,5,29,2015-03-23
PR_G5-1_2_GE02_29_15,57,PR,GE02,4,26,2015-02-13
PR_G5-1_2_GE02_29_15,59,PR,GE02,3,32,2015-04-29
PR_G5-1_2_GE02_29_15,60,PR,GE02,4,36,2015-05-29
PR_G5-1_2_GE02_29_15,61,PR,GE02,2,38,2015-06-24
PR_G5-1_2_GE02_29_15,62,PR,GE02,3,41,2015-07-31
PR_G5-1_2_GE02_29_15,63,PR,GE02,2,43,2015-08-28
PR_G5-1_2_GE02_29_15,65,PR,GE02,1,44,2015-10-05
PR_G5-1_2_GE02_29_15,70,PR,GE02,4,48,2016-03-11
PR_G5-1_2_GE02_29_15,71,PR,GE02,3,51,2016-04-18
PR_G5-1_2_GE02_29_15,72,PR,GE02,3,54,2016-05-25
PR_G5-1_2_GE02_29_15,73,PR,GE02,2,56,2016-06-13
PR_G5-1_2_GE02_29_15,74,PR,GE02,4,60,2016-07-29
PR_G5-1_2_GE02_29_15,75,PR,GE02,2,62,2016-08-26
PR_G5-1_2_GE02_29_15,76,PR,GE02,1,63,2016-09-05
PR_G5-1_2_GE02_29_15,77,PR,GE02,1,64,2016-10-03
PR_G5-1_2_GE02_29_15,83,PR,GE02,1,65,2017-04-26
PR_G5-1_2_GE02_29_15,85,PR,GE02,2,67,2017-06-30
PR_G5-1_2_GE02_29_15,86,PR,GE02,2,69,2017-07-28
PR_G5-1_2_GE02_29_15,87,PR,GE02,2,71,2017-08-25
PR_G5-1_2_GE02_29_15,88,PR,GE02,3,74,2017-09-22
PR_G5-1_2_GE02_29_15,89,PR,GE02,2,76,2017-10-30
PR_G5-1_2_GE02_29_15,90,PR,GE02,2,78,2017-11-17
PR_G5-1_2_GE02_29_15,91,PR,GE02,1,79,2017-12-06
PR_G5-1_2_GE02_29_15,92,PR,GE02,1,80,2018-01-03
PR_G5-1_2_GE02_29_15,99,PR,GE02,4,84,2018-08-24
PR_G5-1_2_GE02_29_15,100,PR,GE02,2,86,2018-09-21
PR_G5-1_2_GE02_29_15,101,PR,GE02,3,89,2018-10-29
PR_G5-1_2_GE02_29_15,102,PR,GE02,2,91,2018-11-16
PR_G5-1_2_GE02_29_15,103,PR,GE02,1,92,2018-12-14
PR_G5-1_2_GE02_29_15,104,PR,GE02,2,94,2019-01-21
PR_G5-1_2_GE02_29_15,105,PR,GE02,2,96,2019-02-27
PR_G5-1_2_GE02_29_15,106,PR,GE02,1,97,2019-03-27
PR_G5-1_2_GE02_29_15,112,PR,GE02,7,104,2019-09-30
PR_G5-1_2_GE02_29_15,113,PR,GE02,2,106,2019-10-18
PR_G5-1_2_GE02_29_15,114,PR,GE02,2,108,2019-11-25
PR_G5-1_2_GE02_29_15,115,PR,GE02,1,109,2019-12-23
PR_G5-1_2_GE02_29_15,117,PR,GE02,2,111,2020-02-26
PR_G5-1_2_GE02_29_15,118,PR,GE02,1,112,2020-03-16
PR_G5-1_2_GE02_29_15,124,PR,GE02,3,115,2020-09-12
PR_G5-1_2_GE02_29_15,129,PR,GE02,1,116,2021-02-10
PR_G5-1_2_GE02_29_15,132,PR,GE02,2,118,2021-05-26
PR_G5-1_2_GE02_29_15,133,PR,GE02,2,120,2021-06-30
PR_G5-1_2_GE02_29_15,140,PR,GE02,1,121,2022-01-31
PR_G5-1_2_GE02_29_15,141,PR,GE02,1,122,2022-02-23
PR_G5-1_2_GE02_29_15,145,PR,GE02,1,123,2022-06-20
PR_G5-1_2_GE02_29_15,146,PR,GE02,3,126,2022-07-25
PR_G5-1_2_GE02_29_15,147,PR,GE02,2,128,2022-08-17
PR_G5-1_2_GE02_29_15,149,PR,GE02,2,130,2022-10-14
PR_G5-1_2_GE02_29_15,152,PR,GE02,1,131,2023-01-30
PR_G5-1_2_GE02_29_15,153,PR,GE02,1,132,2023-02-10
PR_G5-1_2_GE02_29_15,157,PR,GE02,5,138,2023-06-21
PR_G5-1_2_GE02_29_15,156,PR,GE02,1,134,2023-05-17
PR_G5-1_2_GE02_29_15,158,PR,GE02,1,139,2023-07-15
PR_G5-1_2_GE02_29_15,159,PR,GE02,1,140,2023-08-19
PR_G5-1_2_GE02_29_15,160,PR,GE02,2,142,2023-09-23
PR_G5-1_2_GE02_29_15,164,PR,GE02,1,143,2024-01-22
PR_G5-1_2_GE02_29_15,168,PR,GE02,4,147,2024-05-28
PR_G5-1_2_GE02_29_15,169,PR,GE02,1,148,2024-06-08
PR_G5-1_2_GE03_29_18,35,PR,GE03,0,0,2013-04-19
PR_G5-1_2_GE03_29_18,41,PR,GE03,0,0,2013-10-21
PR_G5-1_2_GE03_29_18,44,PR,GE03,0,0,2014-01-24
PR_G5-1_2_GE03_29_18,43,PR,GE03,0,0,2013-12-17
PR_G5-1_2_GE03_29_18,45,PR,GE03,4,4,2014-02-24
PR_G5-1_2_GE03_29_18,46,PR,GE03,2,6,2014-03-24
PR_G5-1_2_GE03_29_18,47,PR,GE03,3,9,2014-04-30
PR_G5-1_2_GE03_29_18,48,PR,GE03,2,11,2014-05-28
PR_G5-1_2_GE03_29_18,49,PR,GE03,2,13,2014-06-25
PR_G5-1_2_GE03_29_18,50,PR,GE03,2,15,2014-07-23
PR_G5-1_2_GE03_29_18,51,PR,GE03,2,17,2014-08-20
PR_G5-1_2_GE03_29_18,52,PR,GE03,2,19,2014-09-26
PR_G5-1_2_GE03_29_18,53,PR,GE03,1,20,2014-10-06
PR_G5-1_2_GE03_29_18,54,PR,GE03,2,22,2014-11-12
PR_G5-1_2_GE03_29_18,56,PR,GE03,1,23,2015-01-26
PR_G5-1_2_GE03_29_18,57,PR,GE03,2,25,2015-02-23
PR_G5-1_2_GE03_29_18,58,PR,GE03,2,27,2015-03-13
PR_G5-1_2_GE03_29_18,60,PR,GE03,3,30,2015-05-18
PR_G5-1_2_GE03_29_18,61,PR,GE03,3,33,2015-06-24
PR_G5-1_2_GE03_29_18,62,PR,GE03,3,36,2015-07-31
PR_G5-1_2_GE03_29_18,63,PR,GE03,2,38,2015-08-28
PR_G5-1_2_GE03_29_18,64,PR,GE03,1,39,2015-09-16
PR_G5-1_2_GE03_29_18,65,PR,GE03,2,41,2015-10-14
PR_G5-1_2_GE03_29_18,69,PR,GE03,3,44,2016-02-12
PR_G5-1_2_GE03_29_18,71,PR,GE03,1,45,2016-04-18
PR_G5-1_2_GE03_29_18,72,PR,GE03,2,47,2016-05-16
PR_G5-1_2_GE03_29_18,73,PR,GE03,3,50,2016-06-22
PR_G5-1_2_GE03_29_18,74,PR,GE03,3,53,2016-07-29
PR_G5-1_2_GE03_29_18,75,PR,GE03,2,55,2016-08-26
PR_G5-1_2_GE03_29_18,76,PR,GE03,1,56,2016-09-14
PR_G5-1_2_GE03_29_18,77,PR,GE03,3,59,2016-10-31
PR_G5-1_2_GE03_29_18,79,PR,GE03,1,60,2016-12-16
PR_G5-1_2_GE03_29_18,80,PR,GE03,2,62,2017-01-23
PR_G5-1_2_GE03_29_18,81,PR,GE03,1,63,2017-02-10
PR_G5-1_2_GE03_29_18,84,PR,GE03,1,64,2017-05-24
PR_G5-1_2_GE03_29_18,85,PR,GE03,3,67,2017-06-30
PR_G5-1_2_GE03_29_18,86,PR,GE03,1,68,2017-07-28
PR_G5-1_2_GE03_29_18,87,PR,GE03,2,70,2017-08-25
PR_G5-1_2_GE03_29_18,88,PR,GE03,1,71,2017-09-22
PR_G5-1_2_GE03_29_18,89,PR,GE03,2,73,2017-10-20
PR_G5-1_2_GE03_29_18,90,PR,GE03,2,75,2017-11-17
PR_G5-1_2_GE03_29_18,91,PR,GE03,1,76,2017-12-15
PR_G5-1_2_GE03_29_18,92,PR,GE03,3,79,2018-01-31
PR_G5-1_2_GE03_29_18,97,PR,GE03,2,81,2018-06-20
PR_G5-1_2_GE03_29_18,98,PR,GE03,1,82,2018-07-09
PR_G5-1_2_GE03_29_18,99,PR,GE03,2,84,2018-08-15
PR_G5-1_2_GE03_29_18,100,PR,GE03,2,86,2018-09-21
PR_G5-1_2_GE03_29_18,101,PR,GE03,2,88,2018-10-29
PR_G5-1_2_GE03_29_18,102,PR,GE03,1,89,2018-11-16
PR_G5-1_2_GE03_29_18,103,PR,GE03,2,91,2018-12-14
PR_G5-1_2_GE03_29_18,104,PR,GE03,3,94,2019-01-30
PR_G5-1_2_GE03_29_18,105,PR,GE03,1,95,2019-02-18
PR_G5-1_2_GE03_29_18,106,PR,GE03,2,97,2019-03-18
PR_G5-1_2_GE03_29_18,111,PR,GE03,1,98,2019-08-23
PR_G5-1_2_GE03_29_18,113,PR,GE03,2,100,2019-10-18
PR_G5-1_2_GE03_29_18,114,PR,GE03,1,101,2019-11-06
PR_G5-1_2_GE03_29_18,115,PR,GE03,3,104,2019-12-23
PR_G5-1_2_GE03_29_18,118,PR,GE03,3,107,2020-03-25
PR_G5-1_2_GE03_29_18,119,PR,GE03,1,108,2020-04-13
PR_G5-1_2_GE03_29_18,120,PR,GE03,1,109,2020-05-01
PR_G5-1_2_GE03_29_18,121,PR,GE03,1,110,2020-06-26
PR_G5-1_2_GE03_29_18,122,PR,GE03,1,111,2020-07-07
PR_G5-1_2_GE03_29_18,125,PR,GE03,2,113,2020-10-19
PR_G5-1_2_GE03_29_18,126,PR,GE03,1,114,2020-11-28
PR_G5-1_2_GE03_29_18,129,PR,GE03,1,115,2021-02-22
PR_G5-1_2_GE03_29_18,131,PR,GE03,2,117,2021-04-21
PR_G5-1_2_GE03_29_18,132,PR,GE03,1,118,2021-05-26
PR_G5-1_2_GE03_29_18,133,PR,GE03,2,120,2021-06-18
PR_G5-1_2_GE03_29_18,134,PR,GE03,2,122,2021-07-26
PR_G5-1_2_GE03_29_18,135,PR,GE03,1,123,2021-08-30
PR_G5-1_2_GE03_29_18,136,PR,GE03,1,124,2021-09-22
PR_G5-1_2_GE03_29_18,137,PR,GE03,2,126,2021-10-27
PR_G5-1_2_GE03_29_18,138,PR,GE03,1,127,2021-11-19
PR_G5-1_2_GE03_29_18,139,PR,GE03,2,129,2021-12-24
PR_G5-1_2_GE03_29_18,140,PR,GE03,2,131,2022-01-31
PR_G5-1_2_GE03_29_18,141,PR,GE03,1,132,2022-02-23
PR_G5-1_2_GE03_29_18,144,PR,GE03,1,133,2022-05-04
PR_G5-1_2_GE03_29_18,149,PR,GE03,1,134,2022-10-03
PR_G5-1_2_GE03_29_18,150,PR,GE03,2,136,2022-11-30
PR_G5-1_2_GE03_29_18,151,PR,GE03,2,138,2022-12-23
PR_G5-1_2_GE03_29_18,153,PR,GE03,2,140,2023-02-22
PR_G5-1_2_GE03_29_18,154,PR,GE03,2,142,2023-03-20
PR_G5-1_2_GE03_29_18,155,PR,GE03,1,143,2023-04-12
PR_G5-1_2_GE03_29_18,156,PR,GE03,2,145,2023-05-17
PR_G5-1_2_GE03_29_18,157,PR,GE03,2,147,2023-06-21
PR_G5-1_2_GE03_29_18,158,PR,GE03,1,148,2023-07-15
PR_G5-1_2_GE03_29_18,159,PR,GE03,2,150,2023-08-31
PR_G5-1_2_GE03_29_18,161,PR,GE03,1,151,2023-10-17
PR_G5-1_2_GE03_29_18,167,PR,GE03,1,152,2024-04-02
PR_G5-1_2_GE03_29_18,166,PR,GE03,0,152,2024-03-20
PR_G5-1_2_GE03_29_18,168,PR,GE03,3,155,2024-05-28
PR_G5-1_2_GE03_29_19,35,PR,GE03,0,0,2013-04-30
PR_G5-1_2_GE03_29_19,41,PR,GE03,0,0,2013-10-21
PR_G5-1_2_GE03_29_19,42,PR,GE03,0,0,2013-11-18
PR_G5-1_2_GE03_29_19,43,PR,GE03,0,0,2013-12-17
PR_G5-1_2_GE03_29_19,44,PR,GE03,0,0,2014-01-24
PR_G5-1_2_GE03_29_19,45,PR,GE03,5,5,2014-02-24
PR_G5-1_2_GE03_29_19,46,PR,GE03,2,7,2014-03-24
PR_G5-1_2_GE03_29_19,47,PR,GE03,3,10,2014-04-30
PR_G5-1_2_GE03_29_19,48,PR,GE03,2,12,2014-05-28
PR_G5-1_2_GE03_29_19,49,PR,GE03,2,14,2014-06-25
PR_G5-1_2_GE03_29_19,50,PR,GE03,2,16,2014-07-23
PR_G5-1_2_GE03_29_19,51,PR,GE03,2,18,2014-08-20
PR_G5-1_2_GE03_29_19,52,PR,GE03,2,20,2014-09-17
PR_G5-1_2_GE03_29_19,53,PR,GE03,1,21,2014-10-06
PR_G5-1_2_GE03_29_19,54,PR,GE03,1,22,2014-11-03
PR_G5-1_2_GE03_29_19,55,PR,GE03,2,24,2014-12-10
PR_G5-1_2_GE03_29_19,57,PR,GE03,6,30,2015-02-23
PR_G5-1_2_GE03_29_19,58,PR,GE03,3,33,2015-03-23
PR_G5-1_2_GE03_29_19,59,PR,GE03,3,36,2015-04-20
PR_G5-1_2_GE03_29_19,60,PR,GE03,3,39,2015-05-27
PR_G5-1_2_GE03_29_19,61,PR,GE03,3,42,2015-06-24
PR_G5-1_2_GE03_29_19,62,PR,GE03,2,44,2015-07-22
PR_G5-1_2_GE03_29_19,63,PR,GE03,2,46,2015-08-28
PR_G5-1_2_GE03_29_19,70,PR,GE03,2,48,2016-03-19
PR_G5-1_2_GE03_29_19,71,PR,GE03,1,49,2016-04-08
PR_G5-1_2_GE03_29_19,73,PR,GE03,2,51,2016-06-13
PR_G5-1_2_GE03_29_19,74,PR,GE03,4,55,2016-07-29
PR_G5-1_2_GE03_29_19,75,PR,GE03,1,56,2016-08-26
PR_G5-1_2_GE03_29_19,76,PR,GE03,2,58,2016-09-23
PR_G5-1_2_GE03_29_19,77,PR,GE03,3,61,2016-10-31
PR_G5-1_2_GE03_29_19,78,PR,GE03,1,62,2016-11-18
PR_G5-1_2_GE03_29_19,80,PR,GE03,1,63,2017-01-13
PR_G5-1_2_GE03_29_19,81,PR,GE03,3,66,2017-02-20
PR_G5-1_2_GE03_29_19,82,PR,GE03,1,67,2017-03-20
PR_G5-1_2_GE03_29_19,88,PR,GE03,5,73,2017-09-22
PR_G5-1_2_GE03_29_19,87,PR,GE03,1,70,2017-08-16
PR_G5-1_2_GE03_29_19,89,PR,GE03,2,75,2017-10-20
PR_G5-1_2_GE03_29_19,90,PR,GE03,2,77,2017-11-27
PR_G5-1_2_GE03_29_19,91,PR,GE03,1,78,2017-12-15
PR_G5-1_2_GE03_29_19,92,PR,GE03,2,80,2018-01-12
PR_G5-1_2_GE03_29_19,99,PR,GE03,3,83,2018-08-24
PR_G5-1_2_GE03_29_19,100,PR,GE03,2,85,2018-09-21
PR_G5-1_2_GE03_29_19,101,PR,GE03,3,88,2018-10-29
PR_G5-1_2_GE03_29_19,102,PR,GE03,2,90,2018-11-26
PR_G5-1_2_GE03_29_19,103,PR,GE03,1,91,2018-12-24
PR_G5-1_2_GE03_29_19,104,PR,GE03,2,93,2019-01-30
PR_G5-1_2_GE03_29_19,112,PR,GE03,2,95,2019-09-11
PR_G5-1_2_GE03_29_19,113,PR,GE03,1,96,2019-10-18
PR_G5-1_2_GE03_29_19,116,PR,GE03,1,97,2020-01-29
PR_G5-1_2_GE03_29_19,118,PR,GE03,1,98,2020-03-25
PR_G5-1_2_GE03_29_19,121,PR,GE03,2,100,2020-06-17
PR_G5-1_2_GE03_29_19,122,PR,GE03,2,102,2020-07-28
PR_G5-1_2_GE03_29_19,123,PR,GE03,1,103,2020-08-20
PR_G5-1_2_GE03_29_19,130,PR,GE03,2,105,2021-03-17
PR_G5-1_2_GE03_29_19,132,PR,GE03,1,106,2021-05-26
PR_G5-1_2_GE03_29_19,133,PR,GE03,3,109,2021-06-30
PR_G5-1_2_GE03_29_19,134,PR,GE03,1,110,2021-07-13
PR_G5-1_2_GE03_29_19,135,PR,GE03,1,111,2021-08-18
PR_G5-1_2_GE03_29_19,136,PR,GE03,2,113,2021-09-22
PR_G5-1_2_GE03_29_19,137,PR,GE03,2,115,2021-10-27
PR_G5-1_2_GE03_29_19,139,PR,GE03,2,117,2021-12-24
PR_G5-1_2_GE03_29_19,141,PR,GE03,2,119,2022-02-23
PR_G5-1_2_GE03_29_19,142,PR,GE03,2,121,2022-03-30
PR_G5-1_2_GE03_29_19,150,PR,GE03,2,123,2022-11-30
PR_G5-1_2_GE03_29_19,153,PR,GE03,1,124,2023-02-22
PR_G5-1_2_GE03_29_19,154,PR,GE03,3,127,2023-03-31
PR_G5-1_2_GE03_29_19,155,PR,GE03,2,129,2023-04-24
PR_G5-1_2_GE03_29_19,156,PR,GE03,1,130,2023-05-29
PR_G5-1_2_GE03_29_19,159,PR,GE03,1,131,2023-08-08
PR_G5-1_2_GE03_29_19,161,PR,GE03,2,133,2023-10-28
PR_G5-1_2_GE03_29_19,163,PR,GE03,1,134,2023-12-02
PR_G5-1_2_GE03_29_19,166,PR,GE03,0,134,2024-03-28
PR_G5-1_2_GE03_29_19,164,PR,GE03,1,135,2024-01-30
PR_G5-1_2_GE03_29_19,165,PR,GE03,1,136,2024-02-10
PR_G5-1_2_GE03_29_19,168,PR,GE03,2,138,2024-05-28
PR_G5-1_2_GE03_29_20,35,PR,GE03,0,0,2013-04-30
PR_G5-1_2_GE03_29_20,36,PR,GE03,0,0,2013-05-20
PR_G5-1_2_GE03_29_20,39,PR,GE03,0,0,2013-08-30
PR_G5-1_2_GE03_29_20,40,PR,GE03,0,0,2013-09-30
PR_G5-1_2_GE03_29_20,41,PR,GE03,0,0,2013-10-09
PR_G5-1_2_GE03_29_20,42,PR,GE03,0,0,2013-11-07
PR_G5-1_2_GE03_29_20,44,PR,GE03,0,0,2014-01-14
PR_G5-1_2_GE03_29_20,43,PR,GE03,0,0,2013-12-17
PR_G5-1_2_GE03_29_20,45,PR,GE03,5,5,2014-02-24
PR_G5-1_2_GE03_29_20,47,PR,GE03,4,9,2014-04-21
PR_G5-1_2_GE03_29_20,48,PR,GE03,3,12,2014-05-28
PR_G5-1_2_GE03_29_20,49,PR,GE03,2,14,2014-06-16
PR_G5-1_2_GE03_29_20,50,PR,GE03,3,17,2014-07-23
PR_G5-1_2_GE03_29_20,51,PR,GE03,2,19,2014-08-29
PR_G5-1_2_GE03_29_20,52,PR,GE03,2,21,2014-09-26
PR_G5-1_2_GE03_29_20,53,PR,GE03,1,22,2014-10-06
PR_G5-1_2_GE03_29_20,54,PR,GE03,3,25,2014-11-21
PR_G5-1_2_GE03_29_20,55,PR,GE03,1,26,2014-12-17
PR_G5-1_2_GE03_29_20,58,PR,GE03,4,33,2015-03-23
PR_G5-1_2_GE03_29_20,59,PR,GE03,7,39,2015-04-29
PR_G5-1_2_GE03_29_20,57,PR,GE03,2,30,2015-02-23
PR_G5-1_2_GE03_29_20,60,PR,GE03,2,41,2015-05-27
PR_G5-1_2_GE03_29_20,61,PR,GE03,2,43,2015-06-15
PR_G5-1_2_GE03_29_20,62,PR,GE03,4,47,2015-07-31
PR_G5-1_2_GE03_29_20,63,PR,GE03,1,48,2015-08-28
PR_G5-1_2_GE03_29_20,64,PR,GE03,2,50,2015-09-16
PR_G5-1_2_GE03_29_20,65,PR,GE03,2,52,2015-10-23
PR_G5-1_2_GE03_29_20,66,PR,GE03,1,53,2015-11-20
PR_G5-1_2_GE03_29_20,71,PR,GE03,6,63,2016-04-27
PR_G5-1_2_GE03_29_20,70,PR,GE03,4,59,2016-03-30
PR_G5-1_2_GE03_29_20,72,PR,GE03,3,66,2016-05-25
PR_G5-1_2_GE03_29_20,73,PR,GE03,2,68,2016-06-22
PR_G5-1_2_GE03_29_20,74,PR,GE03,3,71,2016-07-29
PR_G5-1_2_GE03_29_20,75,PR,GE03,1,72,2016-08-17
PR_G5-1_2_GE03_29_20,76,PR,GE03,1,73,2016-09-05
PR_G5-1_2_GE03_29_20,77,PR,GE03,2,75,2016-10-21
PR_G5-1_2_GE03_29_20,83,PR,GE03,3,79,2017-04-07
PR_G5-1_2_GE03_29_20,82,PR,GE03,1,77,2017-03-20
PR_G5-1_2_GE03_29_20,85,PR,GE03,2,81,2017-06-21
PR_G5-1_2_GE03_29_20,86,PR,GE03,3,84,2017-07-28
PR_G5-1_2_GE03_29_20,87,PR,GE03,1,85,2017-08-25
PR_G5-1_2_GE03_29_20,88,PR,GE03,2,87,2017-09-13
PR_G5-1_2_GE03_29_20,89,PR,GE03,2,89,2017-10-20
PR_G5-1_2_GE03_29_20,90,PR,GE03,2,91,2017-11-27
PR_G5-1_2_GE03_29_20,91,PR,GE03,1,92,2017-12-06
PR_G5-1_2_GE03_29_20,92,PR,GE03,1,93,2018-01-03
PR_G5-1_2_GE03_29_20,97,PR,GE03,2,95,2018-06-29
PR_G5-1_2_GE03_29_20,98,PR,GE03,2,97,2018-07-18
PR_G5-1_2_GE03_29_20,99,PR,GE03,2,99,2018-08-24
PR_G5-1_2_GE03_29_20,100,PR,GE03,2,101,2018-09-21
PR_G5-1_2_GE03_29_20,101,PR,GE03,2,103,2018-10-19
PR_G5-1_2_GE03_29_20,102,PR,GE03,2,105,2018-11-26
PR_G5-1_2_GE03_29_20,103,PR,GE03,2,107,2018-12-24
PR_G5-1_2_GE03_29_20,104,PR,GE03,1,108,2019-01-11
PR_G5-1_2_GE03_29_20,105,PR,GE03,2,110,2019-02-27
PR_G5-1_2_GE03_29_20,112,PR,GE03,6,116,2019-09-30
PR_G5-1_2_GE03_29_20,113,PR,GE03,2,118,2019-10-28
PR_G5-1_2_GE03_29_20,114,PR,GE03,1,119,2019-11-25
PR_G5-1_2_GE03_29_20,115,PR,GE03,1,120,2019-12-13
PR_G5-1_2_GE03_29_20,116,PR,GE03,3,123,2020-01-29
PR_G5-1_2_GE03_29_20,117,PR,GE03,1,124,2020-02-07
PR_G5-1_2_GE03_29_20,118,PR,GE03,2,126,2020-03-16
PR_G5-1_2_GE03_29_20,127,PR,GE03,1,127,2020-12-10
PR_G5-1_2_GE03_29_20,128,PR,GE03,3,130,2021-01-29
PR_G5-1_2_GE03_29_20,129,PR,GE03,2,132,2021-02-22
PR_G5-1_2_GE03_29_20,131,PR,GE03,1,133,2021-04-21
PR_G5-1_2_GE03_29_20,132,PR,GE03,2,135,2021-05-26
PR_G5-1_2_GE03_29_20,133,PR,GE03,2,137,2021-06-30
PR_G5-1_2_GE03_29_20,134,PR,GE03,1,138,2021-07-13
PR_G5-1_2_GE03_29_20,141,PR,GE03,2,140,2022-02-23
PR_G5-1_2_GE03_29_20,142,PR,GE03,2,142,2022-03-30
PR_G5-1_2_GE03_29_20,143,PR,GE03,1,143,2022-04-11
PR_G5-1_2_GE03_29_20,144,PR,GE03,1,144,2022-05-27
PR_G5-1_2_GE03_29_20,145,PR,GE03,1,145,2022-06-08
PR_G5-1_2_GE03_29_20,146,PR,GE03,2,147,2022-07-13
PR_G5-1_2_GE03_29_20,147,PR,GE03,1,148,2022-08-17
PR_G5-1_2_GE03_29_20,148,PR,GE03,1,149,2022-09-09
PR_G5-1_2_GE03_29_20,149,PR,GE03,2,151,2022-10-26
PR_G5-1_2_GE03_29_20,150,PR,GE03,1,152,2022-11-18
PR_G5-1_2_GE03_29_20,153,PR,GE03,1,153,2023-02-22
PR_G5-1_2_GE03_29_20,154,PR,GE03,1,154,2023-03-20
PR_G5-1_2_GE03_29_20,156,PR,GE03,1,155,2023-05-29
PR_G5-1_2_GE03_29_20,157,PR,GE03,2,157,2023-06-21
PR_G5-1_2_GE03_29_20,158,PR,GE03,1,158,2023-07-15
PR_G5-1_2_GE03_29_20,159,PR,GE03,1,159,2023-08-31
PR_G5-1_2_GE03_29_20,160,PR,GE03,1,160,2023-09-12
PR_G5-1_2_GE03_29_20,161,PR,GE03,2,162,2023-10-28
PR_G5-1_2_GE03_29_20,162,PR,GE03,1,163,2023-11-09
PR_G5-1_2_GE03_29_20,163,PR,GE03,2,165,2023-12-26
PR_G5-1_2_GE03_29_20,165,PR,GE03,3,168,2024-02-10
PR_G5-1_2_GE03_29_20,166,PR,GE03,1,169,2024-03-28
PR_G5-1_2_GE03_29_20,167,PR,GE03,1,170,2024-04-10
PR_G5-1_2_GE09_29_25,35,PR,GE09,0,0,2013-04-30
PR_G5-1_2_GE09_29_25,36,PR,GE09,0,0,2013-05-30
PR_G5-1_2_GE09_29_25,37,PR,GE09,0,0,2013-06-19
PR_G5-1_2_GE09_29_25,38,PR,GE09,0,0,2013-07-22
PR_G5-1_2_GE09_29_25,39,PR,GE09,0,0,2013-08-30
PR_G5-1_2_GE09_29_25,40,PR,GE09,0,0,2013-09-19
PR_G5-1_2_GE09_29_25,41,PR,GE09,0,0,2013-10-21
PR_G5-1_2_GE09_29_25,43,PR,GE09,0,0,2013-12-06
PR_G5-1_2_GE09_29_25,44,PR,GE09,0,1,2014-01-24
PR_G5-1_2_GE09_29_25,45,PR,GE09,2,2,2014-02-24
PR_G5-1_2_GE09_29_25,46,PR,GE09,5,7,2014-03-05
PR_G5-1_2_GE09_29_25,47,PR,GE09,3,10,2014-04-30
PR_G5-1_2_GE09_29_25,48,PR,GE09,2,12,2014-05-28
PR_G5-1_2_GE09_29_25,49,PR,GE09,2,14,2014-06-16
PR_G5-1_2_GE09_29_25,50,PR,GE09,3,17,2014-07-23
PR_G5-1_2_GE09_29_25,51,PR,GE09,4,21,2014-08-29
PR_G5-1_2_GE09_29_25,52,PR,GE09,1,22,2014-09-26
PR_G5-1_2_GE09_29_25,53,PR,GE09,4,26,2014-10-15
PR_G5-1_2_GE09_29_25,54,PR,GE09,2,28,2014-11-21
PR_G5-1_2_GE09_29_25,55,PR,GE09,3,31,2014-12-10
PR_G5-1_2_GE09_29_25,56,PR,GE09,4,35,2015-01-26
PR_G5-1_2_GE09_29_25,57,PR,GE09,1,36,2015-02-23
PR_G5-1_2_GE09_29_25,58,PR,GE09,4,40,2015-03-23
PR_G5-1_2_GE09_29_25,59,PR,GE09,4,44,2015-04-29
PR_G5-1_2_GE09_29_25,60,PR,GE09,3,47,2015-05-27
PR_G5-1_2_GE09_29_25,61,PR,GE09,2,49,2015-06-24
PR_G5-1_2_GE09_29_25,62,PR,GE09,3,52,2015-07-31
PR_G5-1_2_GE09_29_25,63,PR,GE09,2,54,2015-08-19
PR_G5-1_2_GE09_29_25,64,PR,GE09,1,55,2015-09-25
PR_G5-1_2_GE09_29_25,65,PR,GE09,3,58,2015-10-14
PR_G5-1_2_GE09_29_25,66,PR,GE09,2,60,2015-11-20
PR_G5-1_2_GE09_29_25,67,PR,GE09,2,62,2015-12-09
PR_G5-1_2_GE09_29_25,68,PR,GE09,1,63,2016-01-25
PR_G5-1_2_GE09_29_25,69,PR,GE09,3,66,2016-02-03
PR_G5-1_2_GE09_29_25,70,PR,GE09,3,69,2016-03-30
PR_G5-1_2_GE09_29_25,71,PR,GE09,2,71,2016-04-18
PR_G5-1_2_GE09_29_25,72,PR,GE09,4,75,2016-05-25
PR_G5-1_2_GE09_29_25,73,PR,GE09,2,77,2016-06-22
PR_G5-1_2_GE09_29_25,74,PR,GE09,3,80,2016-07-29
PR_G5-1_2_GE09_29_25,75,PR,GE09,2,82,2016-08-26
PR_G5-1_2_GE09_29_25,76,PR,GE09,2,84,2016-09-23
PR_G5-1_2_GE09_29_25,77,PR,GE09,2,86,2016-10-21
PR_G5-1_2_GE09_29_25,78,PR,GE09,1,87,2016-11-09
PR_G5-1_2_GE09_29_25,83,PR,GE09,2,89,2017-04-26
PR_G5-1_2_GE09_29_25,85,PR,GE09,4,93,2017-06-30
PR_G5-1_2_GE09_29_25,86,PR,GE09,2,95,2017-07-28
PR_G5-1_2_GE09_29_25,87,PR,GE09,2,97,2017-08-25
PR_G5-1_2_GE09_29_25,88,PR,GE09,1,98,2017-09-13
PR_G5-1_2_GE09_29_25,89,PR,GE09,2,100,2017-10-11
PR_G5-1_2_GE09_29_25,90,PR,GE09,3,103,2017-11-27
PR_G5-1_2_GE09_29_25,91,PR,GE09,1,104,2017-12-15
PR_G5-1_2_GE09_29_25,92,PR,GE09,3,107,2018-01-31
PR_G5-1_2_GE09_29_25,93,PR,GE09,1,108,2018-02-19
PR_G5-1_2_GE09_29_25,94,PR,GE09,2,110,2018-03-19
PR_G5-1_2_GE09_29_25,97,PR,GE09,1,111,2018-06-11
PR_G5-1_2_GE09_29_25,98,PR,GE09,3,114,2018-07-27
PR_G5-1_2_GE09_29_25,99,PR,GE09,1,115,2018-08-06
PR_G5-1_2_GE09_29_25,100,PR,GE09,2,117,2018-09-12
PR_G5-1_2_GE09_29_25,104,PR,GE09,3,120,2019-01-21
PR_G5-1_2_GE09_29_25,105,PR,GE09,5,125,2019-02-18
PR_G5-1_2_GE09_29_25,106,PR,GE09,1,126,2019-03-27
PR_G5-1_2_GE09_29_25,107,PR,GE09,1,127,2019-04-24
PR_G5-1_2_GE09_29_25,109,PR,GE09,2,129,2019-06-28
PR_G5-1_2_GE09_29_25,110,PR,GE09,2,131,2019-07-17
PR_G5-1_2_GE09_29_25,111,PR,GE09,1,132,2019-08-14
PR_G5-1_2_GE09_29_25,112,PR,GE09,2,134,2019-09-20
PR_G5-1_2_GE09_29_25,116,PR,GE09,2,136,2020-01-29
PR_G5-1_2_GE09_29_25,117,PR,GE09,2,138,2020-02-17
PR_G5-1_2_GE09_29_25,121,PR,GE09,5,143,2020-06-26
PR_G5-1_2_GE09_29_25,122,PR,GE09,2,145,2020-07-28
PR_G5-1_2_GE09_29_25,123,PR,GE09,1,146,2020-08-08
PR_G5-1_2_GE09_29_25,124,PR,GE09,2,148,2020-09-12
PR_G5-1_2_GE09_29_25,125,PR,GE09,1,149,2020-10-19
PR_G5-1_2_GE09_29_25,129,PR,GE09,2,151,2021-02-10
PR_G5-1_2_GE09_29_25,130,PR,GE09,1,152,2021-03-05
PR_G5-1_2_GE09_29_25,133,PR,GE09,2,154,2021-06-30
PR_G5-1_2_GE09_29_25,134,PR,GE09,1,155,2021-07-13
PR_G5-1_2_GE09_29_25,135,PR,GE09,1,156,2021-08-06
PR_G5-1_2_GE09_29_25,140,PR,GE09,3,159,2022-01-31
PR_G5-1_2_GE09_29_25,144,PR,GE09,2,161,2022-05-04
PR_G5-1_2_GE09_29_25,147,PR,GE09,2,163,2022-08-17
PR_G5-1_2_GE09_29_25,148,PR,GE09,2,165,2022-09-21
PR_G5-1_2_GE09_29_25,149,PR,GE09,1,166,2022-10-14
PR_G5-1_2_GE09_29_25,150,PR,GE09,3,169,2022-11-30
PR_G5-1_2_GE09_29_25,152,PR,GE09,2,171,2023-01-30
PR_G5-1_2_GE09_29_25,153,PR,GE09,1,172,2023-02-22
PR_G5-1_2_GE09_29_25,154,PR,GE09,3,175,2023-03-31
PR_G5-1_2_GE09_29_25,155,PR,GE09,1,176,2023-04-12
PR_G5-1_2_GE09_29_25,156,PR,GE09,1,177,2023-05-05
PR_G5-1_2_GE09_29_25,162,PR,GE09,2,179,2023-11-21
PR_G5-1_2_GE09_29_25,163,PR,GE09,1,180,2023-12-14
PR_G5-1_2_GE09_29_25,164,PR,GE09,5,186,2024-01-30
PR_G5-1_2_GE09_29_25,165,PR,GE09,3,188,2024-02-22
PR_G5-1_2_GE09_29_25,166,PR,GE09,1,189,2024-03-16
PR_G5-1_2_GE09_29_25,168,PR,GE09,2,191,2024-05-28
PR_G5-1_2_GE09_29_25,169,PR,GE09,1,192,2024-06-08
PR_G5-1_2_GE12_29_8,41,PR,GE12,0,0,2013-10-21
PR_G5-1_2_GE12_29_8,42,PR,GE12,0,0,2013-11-26
PR_G5-1_2_GE12_29_8,43,PR,GE12,0,0,2013-12-17
PR_G5-1_2_GE12_29_8,44,PR,GE12,0,0,2014-01-24
PR_G5-1_2_GE12_29_8,45,PR,GE12,4,4,2014-02-03
PR_G5-1_2_GE12_29_8,46,PR,GE12,3,7,2014-03-24
PR_G5-1_2_GE12_29_8,47,PR,GE12,4,11,2014-04-30
PR_G5-1_2_GE12_29_8,48,PR,GE12,2,13,2014-05-19
PR_G5-1_2_GE12_29_8,49,PR,GE12,2,15,2014-06-16
PR_G5-1_2_GE12_29_8,50,PR,GE12,1,16,2014-07-04
PR_G5-1_2_GE12_29_8,51,PR,GE12,3,19,2014-08-20
PR_G5-1_2_GE12_29_8,52,PR,GE12,2,21,2014-09-26
PR_G5-1_2_GE12_29_8,59,PR,GE12,6,27,2015-04-29
PR_G5-1_2_GE12_29_8,60,PR,GE12,3,30,2015-05-29
PR_G5-1_2_GE12_29_8,62,PR,GE12,4,36,2015-07-22
PR_G5-1_2_GE12_29_8,61,PR,GE12,2,33,2015-06-24
PR_G5-1_2_GE12_29_8,63,PR,GE12,2,38,2015-08-19
PR_G5-1_2_GE12_29_8,65,PR,GE12,1,39,2015-10-14
PR_G5-1_2_GE12_29_8,66,PR,GE12,2,41,2015-11-20
PR_G5-1_2_GE12_29_8,67,PR,GE12,1,42,2015-12-09
PR_G5-1_2_GE12_29_8,71,PR,GE12,1,43,2016-04-18
PR_G5-1_2_GE12_29_8,72,PR,GE12,4,47,2016-05-25
PR_G5-1_2_GE12_29_8,73,PR,GE12,4,51,2016-06-13
PR_G5-1_2_GE12_29_8,74,PR,GE12,2,53,2016-07-11
PR_G5-1_2_GE12_29_8,76,PR,GE12,1,54,2016-09-23
PR_G5-1_2_GE12_29_8,77,PR,GE12,2,56,2016-10-21
PR_G5-1_2_GE12_29_8,78,PR,GE12,2,58,2016-11-28
PR_G5-1_2_GE12_29_8,84,PR,GE12,1,59,2017-05-24
PR_G5-1_2_GE12_29_8,88,PR,GE12,1,60,2017-09-13
PR_G5-1_2_GE12_29_8,89,PR,GE12,2,62,2017-10-11
PR_G5-1_2_GE12_29_8,90,PR,GE12,2,64,2017-11-17
PR_G5-1_2_GE12_29_8,92,PR,GE12,1,65,2018-01-22
PR_G5-1_2_GE12_29_8,98,PR,GE12,2,67,2018-07-18
PR_G5-1_2_GE12_29_8,99,PR,GE12,2,69,2018-08-24
PR_G5-1_2_GE12_29_8,100,PR,GE12,2,71,2018-09-21
PR_G5-1_2_GE12_29_8,101,PR,GE12,2,73,2018-10-19
PR_G5-1_2_GE12_29_8,102,PR,GE12,2,75,2018-11-16
PR_G5-1_2_GE12_29_8,103,PR,GE12,2,77,2018-12-24
PR_G5-1_2_GE12_29_8,104,PR,GE12,2,79,2019-01-11
PR_G5-1_2_GE12_29_8,113,PR,GE12,4,83,2019-10-18
PR_G5-1_2_GE12_29_8,114,PR,GE12,1,84,2019-11-06
PR_G5-1_2_GE12_29_8,118,PR,GE12,1,85,2020-03-25
PR_G5-1_2_GE12_29_8,119,PR,GE12,1,86,2020-04-13
PR_G5-1_2_GE12_29_8,124,PR,GE12,2,88,2020-09-25
PR_G5-1_2_GE12_29_8,125,PR,GE12,1,89,2020-10-07
PR_G5-1_2_GE12_29_8,131,PR,GE12,2,91,2021-04-21
PR_G5-1_2_GE12_29_8,132,PR,GE12,2,93,2021-05-26
PR_G5-1_2_GE12_29_8,133,PR,GE12,2,95,2021-06-18
PR_G5-1_2_GE12_29_8,134,PR,GE12,1,96,2021-07-26
PR_G5-1_2_GE12_29_8,135,PR,GE12,3,99,2021-08-30
PR_G5-1_2_GE12_29_8,137,PR,GE12,2,101,2021-10-27
PR_G5-1_2_GE12_29_8,146,PR,GE12,1,102,2022-07-01
PR_G5-1_2_GE12_29_8,156,PR,GE12,1,103,2023-05-17
PR_G5-1_2_GE12_29_8,163,PR,GE12,1,104,2023-12-18
PR_G5-1_2_GE12_29_8,164,PR,GE12,1,105,2024-01-06
PR_G5-1_2_GE12_29_8,166,PR,GE12,0,105,2024-03-28
PR_G5-1_2_GE12_29_8,167,PR,GE12,1,106,2024-04-10
PR_G5-1_2_GE12_29_8,168,PR,GE12,3,109,2024-05-28
PR_G5-1_2_GE12_29_8,169,PR,GE12,1,110,2024-06-21
PR_G5-1_2_GE12_29_9,35,PR,GE12,0,0,2013-04-30
PR_G5-1_2_GE12_29_9,37,PR,GE12,0,0,2013-06-19
PR_G5-1_2_GE12_29_9,40,PR,GE12,0,0,2013-09-30
PR_G5-1_2_GE12_29_9,41,PR,GE12,0,0,2013-10-09
PR_G5-1_2_GE12_29_9,42,PR,GE12,0,0,2013-11-18
PR_G5-1_2_GE12_29_9,43,PR,GE12,0,0,2013-12-06
PR_G5-1_2_GE12_29_9,44,PR,GE12,0,0,2014-01-24
PR_G5-1_2_GE12_29_9,45,PR,GE12,2,2,2014-02-13
PR_G5-1_2_GE12_29_9,46,PR,GE12,2,4,2014-03-05
PR_G5-1_2_GE12_29_9,47,PR,GE12,3,7,2014-04-30
PR_G5-1_2_GE12_29_9,48,PR,GE12,3,10,2014-05-28
PR_G5-1_2_GE12_29_9,50,PR,GE12,1,11,2014-07-04
PR_G5-1_2_GE12_29_9,51,PR,GE12,3,14,2014-08-20
PR_G5-1_2_GE12_29_9,52,PR,GE12,1,15,2014-09-17
PR_G5-1_2_GE12_29_9,59,PR,GE12,5,20,2015-04-29
PR_G5-1_2_GE12_29_9,60,PR,GE12,3,23,2015-05-27
PR_G5-1_2_GE12_29_9,61,PR,GE12,2,25,2015-06-15
PR_G5-1_2_GE12_29_9,62,PR,GE12,4,29,2015-07-31
PR_G5-1_2_GE12_29_9,63,PR,GE12,1,30,2015-08-19
PR_G5-1_2_GE12_29_9,64,PR,GE12,1,31,2015-09-07
PR_G5-1_2_GE12_29_9,73,PR,GE12,3,34,2016-06-22
PR_G5-1_2_GE12_29_9,74,PR,GE12,4,38,2016-07-29
PR_G5-1_2_GE12_29_9,75,PR,GE12,1,39,2016-08-26
PR_G5-1_2_GE12_29_9,76,PR,GE12,3,42,2016-09-23
PR_G5-1_2_GE12_29_9,77,PR,GE12,3,45,2016-10-31
PR_G5-1_2_GE12_29_9,78,PR,GE12,0,45,2016-11-18
PR_G5-1_2_GE12_29_9,79,PR,GE12,1,46,2016-12-07
PR_G5-1_2_GE12_29_9,80,PR,GE12,1,47,2017-01-13
PR_G5-1_2_GE12_29_9,81,PR,GE12,1,48,2017-02-20
PR_G5-1_2_GE12_29_9,83,PR,GE12,1,49,2017-04-07
PR_G5-1_2_GE12_29_9,90,PR,GE12,3,52,2017-11-27
PR_G5-1_2_GE12_29_9,91,PR,GE12,1,53,2017-12-15
PR_G5-1_2_GE12_29_9,92,PR,GE12,3,56,2018-01-22
PR_G5-1_2_GE12_29_9,100,PR,GE12,1,57,2018-09-03
PR_G5-1_2_GE12_29_9,103,PR,GE12,4,62,2018-12-24
PR_G5-1_2_GE12_29_9,101,PR,GE12,1,59,2018-10-10
PR_G5-1_2_GE12_29_9,104,PR,GE12,1,63,2019-01-02
PR_G5-1_2_GE12_29_9,106,PR,GE12,2,65,2019-03-18
PR_G5-1_2_GE12_29_9,109,PR,GE12,1,66,2019-06-28
PR_G5-1_2_GE12_29_9,111,PR,GE12,1,67,2019-08-05
PR_G5-1_2_GE12_29_9,116,PR,GE12,2,69,2020-01-10
PR_G5-1_2_GE12_29_9,121,PR,GE12,1,70,2020-06-26
PR_G5-1_2_GE12_29_9,122,PR,GE12,2,72,2020-07-28
PR_G5-1_2_GE12_29_9,123,PR,GE12,1,73,2020-08-20
PR_G5-1_2_GE12_29_9,124,PR,GE12,2,75,2020-09-25
PR_G5-1_2_GE12_29_9,125,PR,GE12,1,76,2020-10-19
PR_G5-1_2_GE12_29_9,126,PR,GE12,1,77,2020-11-17
PR_G5-1_2_GE12_29_9,134,PR,GE12,2,79,2021-07-26
PR_G5-1_2_GE12_29_9,135,PR,GE12,2,81,2021-08-30
PR_G5-1_2_GE12_29_9,136,PR,GE12,1,82,2021-09-22
PR_G5-1_2_GE12_29_9,137,PR,GE12,2,84,2021-10-27
PR_G5-1_2_GE12_29_9,138,PR,GE12,1,85,2021-11-08
PR_G5-1_2_GE12_29_9,139,PR,GE12,2,87,2021-12-24
PR_G5-1_2_GE12_29_9,143,PR,GE12,1,88,2022-04-22
PR_G5-1_2_GE12_29_9,154,PR,GE12,1,89,2023-03-07
PR_G5-1_2_GE12_29_9,159,PR,GE12,1,90,2023-08-31
PR_G5-1_2_GE12_29_9,160,PR,GE12,1,91,2023-09-23
PR_G5-1_2_GE12_29_9,161,PR,GE12,1,92,2023-10-17
PR_G5-1_2_GE12_29_9,162,PR,GE12,2,94,2023-11-21
PR_G5-1_2_GE12_29_9,163,PR,GE12,2,96,2023-12-26
PR_G5-1_2_GE12_29_9,164,PR,GE12,1,97,2024-01-30
PR_G5-1_2_GE12_29_9,167,PR,GE12,1,98,2024-04-10
PR_G5-1_2_GE12_29_9,168,PR,GE12,2,100,2024-05-28
PR_G5-1_3_GE03_33_3,40,PR,GE03,0,0,2013-09-30
PR_G5-1_3_GE03_33_3,41,PR,GE03,0,0,2013-10-09
PR_G5-1_3_GE03_33_3,42,PR,GE03,0,0,2013-11-07
PR_G5-1_3_GE03_33_3,44,PR,GE03,0,0,2014-01-04
PR_G5-1_3_GE03_33_3,46,PR,GE03,2,2,2014-03-24
PR_G5-1_3_GE03_33_3,47,PR,GE03,2,4,2014-04-30
PR_G5-1_3_GE03_33_3,48,PR,GE03,1,5,2014-05-28
PR_G5-1_3_GE03_33_3,49,PR,GE03,1,6,2014-06-25
PR_G5-1_3_GE03_33_3,50,PR,GE03,1,7,2014-07-23
PR_G5-1_3_GE03_33_3,51,PR,GE03,2,9,2014-08-20
PR_G5-1_3_GE03_33_3,52,PR,GE03,2,11,2014-09-08
PR_G5-1_3_GE03_33_3,54,PR,GE03,1,12,2014-11-12
PR_G5-1_3_GE03_33_3,55,PR,GE03,3,15,2014-12-17
PR_G5-1_3_GE03_33_3,56,PR,GE03,3,18,2015-01-26
PR_G5-1_3_GE03_33_3,57,PR,GE03,4,22,2015-02-23
PR_G5-1_3_GE03_33_3,58,PR,GE03,3,25,2015-03-23
PR_G5-1_3_GE03_33_3,59,PR,GE03,4,29,2015-04-29
PR_G5-1_3_GE03_33_3,60,PR,GE03,3,32,2015-05-27
PR_G5-1_3_GE03_33_3,61,PR,GE03,3,35,2015-06-24
PR_G5-1_3_GE03_33_3,62,PR,GE03,1,36,2015-07-22
PR_G5-1_3_GE03_33_3,63,PR,GE03,2,38,2015-08-28
PR_G5-1_3_GE03_33_3,64,PR,GE03,2,40,2015-09-16
PR_G5-1_3_GE03_33_3,65,PR,GE03,2,42,2015-10-05
PR_G5-1_3_GE03_33_3,66,PR,GE03,2,44,2015-11-20
PR_G5-1_3_GE03_33_3,67,PR,GE03,2,46,2015-12-18
PR_G5-1_3_GE03_33_3,68,PR,GE03,6,52,2016-01-25
PR_G5-1_3_GE03_33_3,69,PR,GE03,4,56,2016-02-22
PR_G5-1_3_GE03_33_3,70,PR,GE03,3,59,2016-03-21
PR_G5-1_3_GE03_33_3,71,PR,GE03,2,61,2016-04-18
PR_G5-1_3_GE03_33_3,72,PR,GE03,3,64,2016-05-16
PR_G5-1_3_GE03_33_3,73,PR,GE03,2,66,2016-06-22
PR_G5-1_3_GE03_33_3,74,PR,GE03,1,67,2016-07-29
PR_G5-1_3_GE03_33_3,75,PR,GE03,2,69,2016-08-17
PR_G5-1_3_GE03_33_3,76,PR,GE03,3,72,2016-09-23
PR_G5-1_3_GE03_33_3,77,PR,GE03,1,73,2016-10-12
PR_G5-1_3_GE03_33_3,78,PR,GE03,1,74,2016-11-09
PR_G5-1_3_GE03_33_3,80,PR,GE03,2,76,2017-01-04
PR_G5-1_3_GE03_33_3,81,PR,GE03,1,77,2017-02-01
PR_G5-1_3_GE03_33_3,82,PR,GE03,4,81,2017-03-29
PR_G5-1_3_GE03_33_3,83,PR,GE03,3,84,2017-04-26
PR_G5-1_3_GE03_33_3,84,PR,GE03,2,86,2017-05-24
PR_G5-1_3_GE03_33_3,85,PR,GE03,2,88,2017-06-21
PR_G5-1_3_GE03_33_3,86,PR,GE03,2,90,2017-07-28
PR_G5-1_3_GE03_33_3,87,PR,GE03,2,92,2017-08-25
PR_G5-1_3_GE03_33_3,88,PR,GE03,1,93,2017-09-13
PR_G5-1_3_GE03_33_3,89,PR,GE03,3,96,2017-10-20
PR_G5-1_3_GE03_33_3,90,PR,GE03,2,98,2017-11-27
PR_G5-1_3_GE03_33_3,92,PR,GE03,1,99,2018-01-03
PR_G5-1_3_GE03_33_3,93,PR,GE03,1,100,2018-02-19
PR_G5-1_3_GE03_33_3,94,PR,GE03,4,104,2018-03-28
PR_G5-1_3_GE03_33_3,95,PR,GE03,2,106,2018-04-25
PR_G5-1_3_GE03_33_3,96,PR,GE03,2,108,2018-05-14
PR_G5-1_3_GE03_33_3,97,PR,GE03,2,110,2018-06-20
PR_G5-1_3_GE03_33_3,98,PR,GE03,2,112,2018-07-27
PR_G5-1_3_GE03_33_3,99,PR,GE03,3,115,2018-08-24
PR_G5-1_3_GE03_33_3,100,PR,GE03,1,116,2018-09-21
PR_G5-1_3_GE03_33_3,101,PR,GE03,3,119,2018-10-29
PR_G5-1_3_GE03_33_3,102,PR,GE03,2,121,2018-11-26
PR_G5-1_3_GE03_33_3,103,PR,GE03,2,123,2018-12-24
PR_G5-1_3_GE03_33_3,104,PR,GE03,2,125,2019-01-30
PR_G5-1_3_GE03_33_3,105,PR,GE03,1,126,2019-02-27
PR_G5-1_3_GE03_33_3,106,PR,GE03,4,130,2019-03-27
PR_G5-1_3_GE03_33_3,107,PR,GE03,2,132,2019-04-15
PR_G5-1_3_GE03_33_3,108,PR,GE03,3,135,2019-05-31
PR_G5-1_3_GE03_33_3,109,PR,GE03,2,137,2019-06-19
PR_G5-1_3_GE03_33_3,110,PR,GE03,2,139,2019-07-17
PR_G5-1_3_GE03_33_3,113,PR,GE03,1,140,2019-10-28
PR_G5-1_3_GE03_33_3,116,PR,GE03,6,148,2020-01-29
PR_G5-1_3_GE03_33_3,114,PR,GE03,2,143,2019-11-25
PR_G5-1_3_GE03_33_3,117,PR,GE03,1,149,2020-02-17
PR_G5-1_3_GE03_33_3,118,PR,GE03,1,150,2020-03-25
PR_G5-1_3_GE03_33_3,119,PR,GE03,2,152,2020-04-20
PR_G5-1_3_GE03_33_3,120,PR,GE03,3,155,2020-05-29
PR_G5-1_3_GE03_33_3,121,PR,GE03,1,156,2020-06-26
PR_G5-1_3_GE03_33_3,122,PR,GE03,2,158,2020-07-28
PR_G5-1_3_GE03_33_3,123,PR,GE03,1,159,2020-08-08
PR_G5-1_3_GE03_33_3,124,PR,GE03,2,161,2020-09-25
PR_G5-1_3_GE03_33_3,125,PR,GE03,1,162,2020-10-07
PR_G5-1_3_GE03_33_3,127,PR,GE03,2,164,2020-12-22
PR_G5-1_3_GE03_33_3,128,PR,GE03,1,165,2021-01-06
PR_G5-1_3_GE03_33_3,129,PR,GE03,2,167,2021-02-22
PR_G5-1_3_GE03_33_3,130,PR,GE03,2,169,2021-03-17
PR_G5-1_3_GE03_33_3,131,PR,GE03,2,171,2021-04-21
PR_G5-1_3_GE03_33_3,132,PR,GE03,2,173,2021-05-26
PR_G5-1_3_GE03_33_3,135,PR,GE03,3,180,2021-08-18
PR_G5-1_3_GE03_33_3,133,PR,GE03,2,176,2021-06-30
PR_G5-1_3_GE03_33_3,134,PR,GE03,2,178,2021-07-26
PR_G5-1_3_GE03_33_3,137,PR,GE03,3,183,2021-10-27
PR_G5-1_3_GE03_33_3,138,PR,GE03,2,185,2021-11-19
PR_G5-1_3_GE03_33_3,139,PR,GE03,1,186,2021-12-13
PR_G5-1_3_GE03_33_3,140,PR,GE03,3,189,2022-01-31
PR_G5-1_3_GE03_33_3,142,PR,GE03,3,192,2022-03-30
PR_G5-1_3_GE03_33_3,143,PR,GE03,3,195,2022-04-11
PR_G5-1_3_GE03_33_3,144,PR,GE03,3,198,2022-05-04
PR_G5-1_3_GE03_33_3,145,PR,GE03,2,200,2022-06-08
PR_G5-1_3_GE03_33_3,146,PR,GE03,2,202,2022-07-13
PR_G5-1_3_GE03_33_3,147,PR,GE03,2,204,2022-08-17
PR_G5-1_3_GE03_33_3,148,PR,GE03,1,205,2022-09-21
PR_G5-1_3_GE03_33_3,149,PR,GE03,2,208,2022-10-26
PR_G5-1_3_GE03_33_3,152,PR,GE03,2,212,2023-01-30
PR_G5-1_3_GE03_33_3,150,PR,GE03,1,209,2022-11-18
PR_G5-1_3_GE03_33_3,153,PR,GE03,4,217,2023-02-22
PR_G5-1_3_GE03_33_3,154,PR,GE03,7,221,2023-03-31
PR_G5-1_3_GE03_33_3,155,PR,GE03,2,223,2023-04-24
PR_G5-1_3_GE03_33_3,156,PR,GE03,3,226,2023-05-29
PR_G5-1_3_GE03_33_3,157,PR,GE03,2,228,2023-06-21
PR_G5-1_3_GE03_33_3,159,PR,GE03,2,230,2023-08-08
PR_G5-1_3_GE03_33_3,160,PR,GE03,1,231,2023-09-23
PR_G5-1_3_GE03_33_3,161,PR,GE03,3,234,2023-10-17
PR_G5-1_3_GE03_33_3,164,PR,GE03,3,237,2024-01-30
PR_G5-1_3_GE03_33_3,166,PR,GE03,5,243,2024-03-16
PR_G5-1_3_GE03_33_3,165,PR,GE03,1,239,2024-02-10
PR_G5-1_3_GE03_33_3,167,PR,GE03,2,245,2024-04-22
PR_G5-1_3_GE03_33_3,168,PR,GE03,2,247,2024-05-28
PR_G5-1_3_GE03_33_3,169,PR,GE03,2,249,2024-06-21
PR_G5-1_3_GE03_33_4,35,PR,GE03,0,0,2013-04-30
PR_G5-1_3_GE03_33_4,36,PR,GE03,0,0,2013-05-20
PR_G5-1_3_GE03_33_4,43,PR,GE03,0,0,2013-12-17
PR_G5-1_3_GE03_33_4,44,PR,GE03,0,0,2014-01-14
PR_G5-1_3_GE03_33_4,45,PR,GE03,5,5,2014-02-24
PR_G5-1_3_GE03_33_4,46,PR,GE03,2,7,2014-03-24
PR_G5-1_3_GE03_33_4,47,PR,GE03,4,11,2014-04-30
PR_G5-1_3_GE03_33_4,48,PR,GE03,1,12,2014-05-19
PR_G5-1_3_GE03_33_4,49,PR,GE03,3,15,2014-06-25
PR_G5-1_3_GE03_33_4,50,PR,GE03,2,17,2014-07-23
PR_G5-1_3_GE03_33_4,51,PR,GE03,2,19,2014-08-29
PR_G5-1_3_GE03_33_4,52,PR,GE03,1,20,2014-09-17
PR_G5-1_3_GE03_33_4,53,PR,GE03,2,22,2014-10-24
PR_G5-1_3_GE03_33_4,58,PR,GE03,3,25,2015-03-13
PR_G5-1_3_GE03_33_4,59,PR,GE03,6,31,2015-04-29
PR_G5-1_3_GE03_33_4,60,PR,GE03,4,35,2015-05-29
PR_G5-1_3_GE03_33_4,61,PR,GE03,2,37,2015-06-24
PR_G5-1_3_GE03_33_4,62,PR,GE03,3,40,2015-07-31
PR_G5-1_3_GE03_33_4,63,PR,GE03,2,42,2015-08-28
PR_G5-1_3_GE03_33_4,64,PR,GE03,1,43,2015-09-16
PR_G5-1_3_GE03_33_4,65,PR,GE03,2,45,2015-10-23
PR_G5-1_3_GE03_33_4,71,PR,GE03,2,47,2016-04-15
PR_G5-1_3_GE03_33_4,73,PR,GE03,2,49,2016-06-22
PR_G5-1_3_GE03_33_4,74,PR,GE03,3,52,2016-07-29
PR_G5-1_3_GE03_33_4,75,PR,GE03,2,54,2016-08-17
PR_G5-1_3_GE03_33_4,76,PR,GE03,2,56,2016-09-23
PR_G5-1_3_GE03_33_4,77,PR,GE03,2,58,2016-10-31
PR_G5-1_3_GE03_33_4,78,PR,GE03,2,60,2016-11-28
PR_G5-1_3_GE03_33_4,79,PR,GE03,1,61,2016-12-26
PR_G5-1_3_GE03_33_4,80,PR,GE03,1,62,2017-01-04
PR_G5-1_3_GE03_33_4,81,PR,GE03,2,64,2017-02-20
PR_G5-1_3_GE03_33_4,82,PR,GE03,2,66,2017-03-20
PR_G5-1_3_GE03_33_4,88,PR,GE03,1,67,2017-09-13
PR_G5-1_3_GE03_33_4,89,PR,GE03,4,71,2017-10-30
PR_G5-1_3_GE03_33_4,90,PR,GE03,2,73,2017-11-27
PR_G5-1_3_GE03_33_4,92,PR,GE03,3,76,2018-01-22
PR_G5-1_3_GE03_33_4,98,PR,GE03,1,77,2018-07-27
PR_G5-1_3_GE03_33_4,99,PR,GE03,2,79,2018-08-15
PR_G5-1_3_GE03_33_4,100,PR,GE03,1,80,2018-09-12
PR_G5-1_3_GE03_33_4,101,PR,GE03,1,81,2018-10-19
PR_G5-1_3_GE03_33_4,102,PR,GE03,2,83,2018-11-16
PR_G5-1_3_GE03_33_4,103,PR,GE03,2,85,2018-12-24
PR_G5-1_3_GE03_33_4,104,PR,GE03,2,87,2019-01-21
PR_G5-1_3_GE03_33_4,105,PR,GE03,2,89,2019-02-18
PR_G5-1_3_GE03_33_4,106,PR,GE03,2,91,2019-03-18
PR_G5-1_3_GE03_33_4,110,PR,GE03,1,92,2019-07-26
PR_G5-1_3_GE03_33_4,111,PR,GE03,1,93,2019-08-14
PR_G5-1_3_GE03_33_4,113,PR,GE03,3,96,2019-10-28
PR_G5-1_3_GE03_33_4,114,PR,GE03,1,97,2019-11-25
PR_G5-1_3_GE03_33_4,115,PR,GE03,2,99,2019-12-23
PR_G5-1_3_GE03_33_4,116,PR,GE03,2,101,2020-01-10
PR_G5-1_3_GE03_33_4,117,PR,GE03,1,102,2020-02-17
PR_G5-1_3_GE03_33_4,118,PR,GE03,2,104,2020-03-16
PR_G5-1_3_GE03_33_4,126,PR,GE03,3,107,2020-11-05
PR_G5-1_3_GE03_33_4,130,PR,GE03,2,109,2021-03-17
PR_G5-1_3_GE03_33_4,133,PR,GE03,1,110,2021-06-30
PR_G5-1_3_GE03_33_4,134,PR,GE03,1,111,2021-07-26
PR_G5-1_3_GE03_33_4,135,PR,GE03,2,113,2021-08-30
PR_G5-1_3_GE03_33_4,136,PR,GE03,1,114,2021-09-22
PR_G5-1_3_GE03_33_4,141,PR,GE03,1,115,2022-02-23
PR_G5-1_3_GE03_33_4,142,PR,GE03,1,116,2022-03-18
PR_G5-1_3_GE03_33_4,147,PR,GE03,2,118,2022-08-05
PR_G5-1_3_GE03_33_4,148,PR,GE03,2,120,2022-09-09
PR_G5-1_3_GE03_33_4,149,PR,GE03,2,122,2022-10-26
PR_G5-1_3_GE03_33_4,154,PR,GE03,2,124,2023-03-20
PR_G5-1_3_GE03_33_4,155,PR,GE03,1,125,2023-04-12
PR_G5-1_3_GE03_33_4,159,PR,GE03,3,128,2023-08-19
PR_G5-1_3_GE03_33_4,160,PR,GE03,1,129,2023-09-12
PR_G5-1_3_GE03_33_4,161,PR,GE03,3,132,2023-10-28
PR_G5-1_3_GE03_33_4,162,PR,GE03,1,133,2023-11-21
PR_G5-1_3_GE03_33_4,165,PR,GE03,3,136,2024-02-26
PR_G5-1_3_GE03_33_4,166,PR,GE03,1,137,2024-03-08
PR_G5-1_3_GE03_33_5,35,PR,GE03,0,0,2013-04-10
PR_G5-1_3_GE03_33_5,36,PR,GE03,0,0,2013-05-20
PR_G5-1_3_GE03_33_5,39,PR,GE03,0,0,2013-08-20
PR_G5-1_3_GE03_33_5,41,PR,GE03,0,0,2013-10-21
PR_G5-1_3_GE03_33_5,42,PR,GE03,0,0,2013-11-07
PR_G5-1_3_GE03_33_5,44,PR,GE03,0,0,2014-01-14
PR_G5-1_3_GE03_33_5,45,PR,GE03,6,6,2014-02-24
PR_G5-1_3_GE03_33_5,46,PR,GE03,1,7,2014-03-24
PR_G5-1_3_GE03_33_5,47,PR,GE03,3,10,2014-04-30
PR_G5-1_3_GE03_33_5,48,PR,GE03,2,12,2014-05-28
PR_G5-1_3_GE03_33_5,49,PR,GE03,1,13,2014-06-06
PR_G5-1_3_GE03_33_5,50,PR,GE03,2,15,2014-07-14
PR_G5-1_3_GE03_33_5,51,PR,GE03,1,16,2014-08-01
PR_G5-1_3_GE03_33_5,57,PR,GE03,3,23,2015-02-23
PR_G5-1_3_GE03_33_5,56,PR,GE03,4,22,2015-01-26
PR_G5-1_3_GE03_33_5,59,PR,GE03,5,28,2015-04-29
PR_G5-1_3_GE03_33_5,60,PR,GE03,1,29,2015-05-08
PR_G5-1_3_GE03_33_5,61,PR,GE03,3,32,2015-06-15
PR_G5-1_3_GE03_33_5,62,PR,GE03,3,35,2015-07-31
PR_G5-1_3_GE03_33_5,63,PR,GE03,1,36,2015-08-19
PR_G5-1_3_GE03_33_5,68,PR,GE03,3,39,2016-01-25
PR_G5-1_3_GE03_33_5,69,PR,GE03,1,40,2016-02-22
PR_G5-1_3_GE03_33_5,72,PR,GE03,3,43,2016-05-25
PR_G5-1_3_GE03_33_5,73,PR,GE03,2,45,2016-06-13
PR_G5-1_3_GE03_33_5,74,PR,GE03,2,47,2016-07-20
PR_G5-1_3_GE03_33_5,75,PR,GE03,2,49,2016-08-26
PR_G5-1_3_GE03_33_5,76,PR,GE03,2,51,2016-09-14
PR_G5-1_3_GE03_33_5,77,PR,GE03,1,52,2016-10-21
PR_G5-1_3_GE03_33_5,80,PR,GE03,3,55,2017-01-23
PR_G5-1_3_GE03_33_5,84,PR,GE03,1,56,2017-05-24
PR_G5-1_3_GE03_33_5,85,PR,GE03,3,59,2017-06-30
PR_G5-1_3_GE03_33_5,86,PR,GE03,2,61,2017-07-28
PR_G5-1_3_GE03_33_5,87,PR,GE03,1,62,2017-08-16
PR_G5-1_3_GE03_33_5,88,PR,GE03,1,63,2017-09-04
PR_G5-1_3_GE03_33_5,89,PR,GE03,2,65,2017-10-11
PR_G5-1_3_GE03_33_5,90,PR,GE03,2,67,2017-11-27
PR_G5-1_3_GE03_33_5,91,PR,GE03,1,68,2017-12-15
PR_G5-1_3_GE03_33_5,97,PR,GE03,2,70,2018-06-11
PR_G5-1_3_GE03_33_5,98,PR,GE03,2,72,2018-07-18
PR_G5-1_3_GE03_33_5,99,PR,GE03,2,74,2018-08-24
PR_G5-1_3_GE03_33_5,100,PR,GE03,1,75,2018-09-12
PR_G5-1_3_GE03_33_5,101,PR,GE03,2,77,2018-10-19
PR_G5-1_3_GE03_33_5,102,PR,GE03,2,79,2018-11-16
PR_G5-1_3_GE03_33_5,104,PR,GE03,2,81,2019-01-30
PR_G5-1_3_GE03_33_5,105,PR,GE03,1,82,2019-02-18
PR_G5-1_3_GE03_33_5,106,PR,GE03,1,83,2019-03-08
PR_G5-1_3_GE03_33_5,111,PR,GE03,3,86,2019-08-23
PR_G5-1_3_GE03_33_5,112,PR,GE03,2,88,2019-09-20
PR_G5-1_3_GE03_33_5,113,PR,GE03,2,90,2019-10-28
PR_G5-1_3_GE03_33_5,114,PR,GE03,1,91,2019-11-15
PR_G5-1_3_GE03_33_5,115,PR,GE03,1,92,2019-12-13
PR_G5-1_3_GE03_33_5,116,PR,GE03,2,94,2020-01-29
PR_G5-1_3_GE03_33_5,117,PR,GE03,1,95,2020-02-17
PR_G5-1_3_GE03_33_5,118,PR,GE03,2,97,2020-03-25
PR_G5-1_3_GE03_33_5,122,PR,GE03,2,99,2020-07-28
PR_G5-1_3_GE03_33_5,125,PR,GE03,2,101,2020-10-19
PR_G5-1_3_GE03_33_5,126,PR,GE03,1,102,2020-11-05
PR_G5-1_3_GE03_33_5,128,PR,GE03,2,104,2021-01-29
PR_G5-1_3_GE03_33_5,130,PR,GE03,2,106,2021-03-29
PR_G5-1_3_GE03_33_5,132,PR,GE03,2,108,2021-05-26
PR_G5-1_3_GE03_33_5,133,PR,GE03,1,109,2021-06-30
PR_G5-1_3_GE03_33_5,134,PR,GE03,1,110,2021-07-26
PR_G5-1_3_GE03_33_5,141,PR,GE03,1,111,2022-02-11
PR_G5-1_3_GE03_33_5,143,PR,GE03,1,112,2022-04-11
PR_G5-1_3_GE03_33_5,145,PR,GE03,1,113,2022-06-20
PR_G5-1_3_GE03_33_5,146,PR,GE03,1,114,2022-07-13
PR_G5-1_3_GE03_33_5,147,PR,GE03,2,116,2022-08-29
PR_G5-1_3_GE03_33_5,148,PR,GE03,1,117,2022-09-21
PR_G5-1_3_GE03_33_5,149,PR,GE03,2,119,2022-10-26
PR_G5-1_3_GE03_33_5,150,PR,GE03,1,120,2022-11-18
PR_G5-1_3_GE03_33_5,151,PR,GE03,1,121,2022-12-12
PR_G5-1_3_GE03_33_5,152,PR,GE03,1,122,2023-01-30
PR_G5-1_3_GE03_33_5,153,PR,GE03,1,123,2023-02-10
PR_G5-1_3_GE03_33_5,154,PR,GE03,2,125,2023-03-20
PR_G5-1_3_GE03_33_5,156,PR,GE03,1,126,2023-05-29
PR_G5-1_3_GE03_33_5,159,PR,GE03,1,127,2023-08-19
PR_G5-1_3_GE03_33_5,160,PR,GE03,1,128,2023-09-23
PR_G5-1_3_GE03_33_5,164,PR,GE03,6,135,2024-01-30
PR_G5-1_3_GE03_33_5,163,PR,GE03,1,132,2023-12-18
PR_G5-1_3_GE03_33_5,166,PR,GE03,2,137,2024-03-28
PR_G5-1_3_GE03_33_5,167,PR,GE03,1,138,2024-04-10
PR_G5-1_3_GE03_33_5,168,PR,GE03,3,141,2024-05-28
PR_G5-1_3_GE03_33_5,169,PR,GE03,1,142,2024-06-08
PR_G5-1_2_GE06_34_10,35,PR,GE06,0,0,2013-04-19
PR_G5-1_2_GE06_34_10,36,PR,GE06,0,0,2013-05-20
PR_G5-1_2_GE06_34_10,37,PR,GE06,0,0,2013-06-28
PR_G5-1_2_GE06_34_10,38,PR,GE06,0,0,2013-07-12
PR_G5-1_2_GE06_34_10,39,PR,GE06,0,0,2013-08-20
PR_G5-1_2_GE06_34_10,40,PR,GE06,0,0,2013-09-10
PR_G5-1_2_GE06_34_10,41,PR,GE06,0,0,2013-10-21
PR_G5-1_2_GE06_34_10,42,PR,GE06,0,0,2013-11-18
PR_G5-1_2_GE06_34_10,44,PR,GE06,0,0,2014-01-14
PR_G5-1_2_GE06_34_10,45,PR,GE06,5,5,2014-02-24
PR_G5-1_2_GE06_34_10,46,PR,GE06,3,8,2014-03-24
PR_G5-1_2_GE06_34_10,47,PR,GE06,2,10,2014-04-21
PR_G5-1_2_GE06_34_10,48,PR,GE06,2,12,2014-05-28
PR_G5-1_2_GE06_34_10,49,PR,GE06,2,14,2014-06-25
PR_G5-1_2_GE06_34_10,50,PR,GE06,2,16,2014-07-23
PR_G5-1_2_GE06_34_10,51,PR,GE06,1,17,2014-08-11
PR_G5-1_2_GE06_34_10,56,PR,GE06,8,25,2015-01-16
PR_G5-1_2_GE06_34_10,57,PR,GE06,2,27,2015-02-23
PR_G5-1_2_GE06_34_10,59,PR,GE06,4,31,2015-04-29
PR_G5-1_2_GE06_34_10,60,PR,GE06,2,33,2015-05-27
PR_G5-1_2_GE06_34_10,61,PR,GE06,2,35,2015-06-24
PR_G5-1_2_GE06_34_10,62,PR,GE06,2,37,2015-07-13
PR_G5-1_2_GE06_34_10,63,PR,GE06,1,38,2015-08-10
PR_G5-1_2_GE06_34_10,66,PR,GE06,2,40,2015-11-30
PR_G5-1_2_GE06_34_10,67,PR,GE06,2,42,2015-12-26
PR_G5-1_2_GE06_34_10,68,PR,GE06,4,46,2016-01-15
PR_G5-1_2_GE06_34_10,72,PR,GE06,3,49,2016-05-25
PR_G5-1_2_GE06_34_10,73,PR,GE06,2,51,2016-06-22
PR_G5-1_2_GE06_34_10,74,PR,GE06,2,53,2016-07-20
PR_G5-1_2_GE06_34_10,75,PR,GE06,2,55,2016-08-26
PR_G5-1_2_GE06_34_10,77,PR,GE06,1,56,2016-10-03
PR_G5-1_2_GE06_34_10,78,PR,GE06,2,58,2016-11-28
PR_G5-1_2_GE06_34_10,79,PR,GE06,1,59,2016-12-16
PR_G5-1_2_GE06_34_10,80,PR,GE06,3,62,2017-01-13
PR_G5-1_2_GE06_34_10,81,PR,GE06,1,63,2017-02-01
PR_G5-1_2_GE06_34_10,83,PR,GE06,3,66,2017-04-26
PR_G5-1_2_GE06_34_10,84,PR,GE06,2,68,2017-05-24
PR_G5-1_2_GE06_34_10,85,PR,GE06,2,70,2017-06-30
PR_G5-1_2_GE06_34_10,86,PR,GE06,2,72,2017-07-28
PR_G5-1_2_GE06_34_10,91,PR,GE06,1,73,2017-12-15
PR_G5-1_2_GE06_34_10,92,PR,GE06,5,78,2018-01-31
PR_G5-1_2_GE06_34_10,93,PR,GE06,2,80,2018-02-28
PR_G5-1_2_GE06_34_10,96,PR,GE06,1,81,2018-05-23
PR_G5-1_2_GE06_34_10,97,PR,GE06,2,83,2018-06-20
PR_G5-1_2_GE06_34_10,98,PR,GE06,1,84,2018-07-18
PR_G5-1_2_GE06_34_10,103,PR,GE06,2,86,2018-12-24
PR_G5-1_2_GE06_34_10,104,PR,GE06,2,88,2019-01-11
PR_G5-1_2_GE06_34_10,107,PR,GE06,2,90,2019-04-24
PR_G5-1_2_GE06_34_10,108,PR,GE06,3,93,2019-05-31
PR_G5-1_2_GE06_34_10,109,PR,GE06,1,94,2019-06-19
PR_G5-1_2_GE06_34_10,110,PR,GE06,1,95,2019-07-26
PR_G5-1_2_GE06_34_10,115,PR,GE06,2,97,2019-12-23
PR_G5-1_2_GE06_34_10,116,PR,GE06,2,99,2020-01-01
PR_G5-1_2_GE06_34_10,118,PR,GE06,2,102,2020-03-06
PR_G5-1_2_GE06_34_10,117,PR,GE06,1,101,2020-02-26
PR_G5-1_2_GE06_34_10,120,PR,GE06,1,103,2020-05-29
PR_G5-1_2_GE06_34_10,121,PR,GE06,1,104,2020-06-08
PR_G5-1_2_GE06_34_10,122,PR,GE06,1,105,2020-07-16
PR_G5-1_2_GE06_34_10,123,PR,GE06,1,106,2020-08-08
PR_G5-1_2_GE06_34_10,126,PR,GE06,3,109,2020-11-28
PR_G5-1_2_GE06_34_10,128,PR,GE06,3,112,2021-01-18
PR_G5-1_2_GE06_34_10,133,PR,GE06,2,114,2021-06-18
PR_G5-1_2_GE06_34_10,134,PR,GE06,1,115,2021-07-13
PR_G5-1_2_GE06_34_10,136,PR,GE06,1,116,2021-09-22
PR_G5-1_2_GE06_34_10,137,PR,GE06,1,117,2021-10-15
PR_G5-1_2_GE06_34_10,140,PR,GE06,2,119,2022-01-31
PR_G5-1_2_GE06_34_10,141,PR,GE06,1,120,2022-02-23
PR_G5-1_2_GE06_34_10,144,PR,GE06,3,123,2022-05-16
PR_G5-1_2_GE06_34_10,147,PR,GE06,2,125,2022-08-17
PR_G5-1_2_GE06_34_10,148,PR,GE06,1,126,2022-09-09
PR_G5-1_2_GE06_34_10,153,PR,GE06,2,128,2023-02-22
PR_G5-1_2_GE06_34_10,154,PR,GE06,3,131,2023-03-31
PR_G5-1_2_GE06_34_10,158,PR,GE06,1,132,2023-07-15
PR_G5-1_2_GE06_34_10,159,PR,GE06,1,133,2023-08-19
PR_G5-1_2_GE06_34_10,160,PR,GE06,1,134,2023-09-12
PR_G5-1_2_GE06_34_10,161,PR,GE06,1,135,2023-10-17
PR_G5-1_2_GE06_34_10,164,PR,GE06,4,139,2024-01-30
PR_G5-1_2_GE06_34_10,165,PR,GE06,2,141,2024-02-22
PR_G5-1_2_GE06_34_10,166,PR,GE06,1,142,2024-03-28
PR_G5-1_2_GE06_34_10,167,PR,GE06,1,143,2024-04-10
PR_G5-1_2_GE06_34_11,35,PR,GE06,0,0,2013-04-30
PR_G5-1_2_GE06_34_11,36,PR,GE06,0,0,2013-05-20
PR_G5-1_2_GE06_34_11,38,PR,GE06,0,0,2013-07-31
PR_G5-1_2_GE06_34_11,39,PR,GE06,0,0,2013-08-20
PR_G5-1_2_GE06_34_11,40,PR,GE06,0,0,2013-09-19
PR_G5-1_2_GE06_34_11,41,PR,GE06,0,0,2013-10-21
PR_G5-1_2_GE06_34_11,42,PR,GE06,0,0,2013-11-18
PR_G5-1_2_GE06_34_11,43,PR,GE06,0,0,2013-12-17
PR_G5-1_2_GE06_34_11,44,PR,GE06,0,0,2014-01-04
PR_G5-1_2_GE06_34_11,45,PR,GE06,5,5,2014-02-24
PR_G5-1_2_GE06_34_11,46,PR,GE06,2,7,2014-03-24
PR_G5-1_2_GE06_34_11,47,PR,GE06,4,11,2014-04-30
PR_G5-1_2_GE06_34_11,48,PR,GE06,2,13,2014-05-28
PR_G5-1_2_GE06_34_11,49,PR,GE06,2,15,2014-06-25
PR_G5-1_2_GE06_34_11,50,PR,GE06,2,17,2014-07-23
PR_G5-1_2_GE06_34_11,51,PR,GE06,2,19,2014-08-20
PR_G5-1_2_GE06_34_11,52,PR,GE06,3,22,2014-09-26
PR_G5-1_2_GE06_34_11,53,PR,GE06,1,23,2014-10-24
PR_G5-1_2_GE06_34_11,54,PR,GE06,2,25,2014-11-21
PR_G5-1_2_GE06_34_11,55,PR,GE06,2,27,2014-12-17
PR_G5-1_2_GE06_34_11,56,PR,GE06,4,31,2015-01-16
PR_G5-1_2_GE06_34_11,57,PR,GE06,2,33,2015-02-23
PR_G5-1_2_GE06_34_11,58,PR,GE06,2,36,2015-03-23
PR_G5-1_2_GE06_34_11,59,PR,GE06,5,40,2015-04-29
PR_G5-1_2_GE06_34_11,60,PR,GE06,2,42,2015-05-18
PR_G5-1_2_GE06_34_11,61,PR,GE06,3,45,2015-06-24
PR_G5-1_2_GE06_34_11,62,PR,GE06,3,48,2015-07-31
PR_G5-1_2_GE06_34_11,63,PR,GE06,2,50,2015-08-28
PR_G5-1_2_GE06_34_11,64,PR,GE06,1,51,2015-09-07
PR_G5-1_2_GE06_34_11,65,PR,GE06,2,53,2015-10-14
PR_G5-1_2_GE06_34_11,69,PR,GE06,2,57,2016-02-22
PR_G5-1_2_GE06_34_11,70,PR,GE06,7,62,2016-03-30
PR_G5-1_2_GE06_34_11,71,PR,GE06,2,64,2016-04-18
PR_G5-1_2_GE06_34_11,72,PR,GE06,3,67,2016-05-25
PR_G5-1_2_GE06_34_11,73,PR,GE06,2,69,2016-06-13
PR_G5-1_2_GE06_34_11,74,PR,GE06,3,72,2016-07-29
PR_G5-1_2_GE06_34_11,75,PR,GE06,1,73,2016-08-17
PR_G5-1_2_GE06_34_11,76,PR,GE06,1,74,2016-09-14
PR_G5-1_2_GE06_34_11,77,PR,GE06,1,75,2016-10-03
PR_G5-1_2_GE06_34_11,82,PR,GE06,6,81,2017-03-29
PR_G5-1_2_GE06_34_11,83,PR,GE06,4,85,2017-04-26
PR_G5-1_2_GE06_34_11,88,PR,GE06,1,86,2017-09-13
PR_G5-1_2_GE06_34_11,89,PR,GE06,2,88,2017-10-30
PR_G5-1_2_GE06_34_11,93,PR,GE06,4,93,2018-02-28
PR_G5-1_2_GE06_34_11,94,PR,GE06,3,95,2018-03-28
PR_G5-1_2_GE06_34_11,98,PR,GE06,1,96,2018-07-18
PR_G5-1_2_GE06_34_11,99,PR,GE06,1,97,2018-08-06
PR_G5-1_2_GE06_34_11,100,PR,GE06,1,98,2018-09-03
PR_G5-1_2_GE06_34_11,101,PR,GE06,2,100,2018-10-19
PR_G5-1_2_GE06_34_11,102,PR,GE06,1,101,2018-11-07
PR_G5-1_2_GE06_34_11,103,PR,GE06,1,102,2018-12-24
PR_G5-1_2_GE06_34_11,104,PR,GE06,3,105,2019-01-30
PR_G5-1_2_GE06_34_11,105,PR,GE06,2,107,2019-02-18
PR_G5-1_2_GE06_34_11,106,PR,GE06,3,110,2019-03-27
PR_G5-1_2_GE06_34_11,107,PR,GE06,1,111,2019-04-15
PR_G5-1_2_GE06_34_11,108,PR,GE06,1,112,2019-05-03
PR_G5-1_2_GE06_34_11,109,PR,GE06,1,113,2019-06-28
PR_G5-1_2_GE06_34_11,111,PR,GE06,1,114,2019-08-05
PR_G5-1_2_GE06_34_11,112,PR,GE06,2,116,2019-09-30
PR_G5-1_2_GE06_34_11,117,PR,GE06,5,122,2020-02-26
PR_G5-1_2_GE06_34_11,118,PR,GE06,1,121,2020-03-06
PR_G5-1_2_GE06_34_11,119,PR,GE06,2,124,2020-04-13
PR_G5-1_2_GE06_34_11,120,PR,GE06,1,125,2020-05-01
PR_G5-1_2_GE06_34_11,129,PR,GE06,4,131,2021-02-22
PR_G5-1_2_GE06_34_11,125,PR,GE06,1,127,2020-10-07
PR_G5-1_2_GE06_34_11,128,PR,GE06,1,128,2021-01-29
PR_G5-1_2_GE06_34_11,130,PR,GE06,3,134,2021-03-29
PR_G5-1_2_GE06_34_11,131,PR,GE06,1,135,2021-04-09
PR_G5-1_2_GE06_34_11,134,PR,GE06,1,136,2021-07-26
PR_G5-1_2_GE06_34_11,135,PR,GE06,1,137,2021-08-18
PR_G5-1_2_GE06_34_11,136,PR,GE06,1,138,2021-09-22
PR_G5-1_2_GE06_34_11,137,PR,GE06,1,139,2021-10-27
PR_G5-1_2_GE06_34_11,140,PR,GE06,4,143,2022-01-31
PR_G5-1_2_GE06_34_11,141,PR,GE06,1,144,2022-02-23
PR_G5-1_2_GE06_34_11,142,PR,GE06,2,146,2022-03-18
PR_G5-1_2_GE06_34_11,143,PR,GE06,2,148,2022-04-22
PR_G5-1_2_GE06_34_11,152,PR,GE06,1,149,2023-01-18
PR_G5-1_2_GE06_34_11,153,PR,GE06,2,151,2023-02-10
PR_G5-1_2_GE06_34_11,154,PR,GE06,1,152,2023-03-31
PR_G5-1_2_GE06_34_11,155,PR,GE06,2,154,2023-04-24
PR_G5-1_2_GE06_34_11,159,PR,GE06,1,155,2023-08-31
PR_G5-1_2_GE06_34_11,160,PR,GE06,1,156,2023-09-12
PR_G5-1_2_GE06_34_11,161,PR,GE06,1,157,2023-10-17
PR_G5-1_2_GE06_34_11,162,PR,GE06,2,159,2023-11-21
PR_G5-1_2_GE06_34_11,163,PR,GE06,2,161,2023-12-26
PR_G5-1_2_GE06_34_11,164,PR,GE06,2,163,2024-01-18
PR_G5-1_2_GE06_34_11,165,PR,GE06,2,165,2024-02-26
PR_G5-1_2_GE06_34_11,166,PR,GE06,0,165,2024-03-28
PR_G5-1_2_GE06_34_9,41,PR,GE06,0,0,2013-10-09
PR_G5-1_2_GE06_34_9,40,PR,GE06,0,0,2013-09-19
PR_G5-1_2_GE06_34_9,42,PR,GE06,0,0,2013-11-18
PR_G5-1_2_GE06_34_9,43,PR,GE06,0,0,2013-12-17
PR_G5-1_2_GE06_34_9,44,PR,GE06,0,0,2014-01-14
PR_G5-1_2_GE06_34_9,45,PR,GE06,4,4,2014-02-24
PR_G5-1_2_GE06_34_9,46,PR,GE06,3,7,2014-03-24
PR_G5-1_2_GE06_34_9,47,PR,GE06,3,11,2014-04-30
PR_G5-1_2_GE06_34_9,48,PR,GE06,4,14,2014-05-28
PR_G5-1_2_GE06_34_9,49,PR,GE06,1,15,2014-06-16
PR_G5-1_2_GE06_34_9,50,PR,GE06,3,18,2014-07-14
PR_G5-1_2_GE06_34_9,51,PR,GE06,2,20,2014-08-20
PR_G5-1_2_GE06_34_9,54,PR,GE06,1,21,2014-11-12
PR_G5-1_2_GE06_34_9,57,PR,GE06,1,22,2015-02-13
PR_G5-1_2_GE06_34_9,58,PR,GE06,3,25,2015-03-23
PR_G5-1_2_GE06_34_9,59,PR,GE06,5,30,2015-04-29
PR_G5-1_2_GE06_34_9,60,PR,GE06,3,33,2015-05-27
PR_G5-1_2_GE06_34_9,61,PR,GE06,3,36,2015-06-24
PR_G5-1_2_GE06_34_9,62,PR,GE06,2,38,2015-07-31
PR_G5-1_2_GE06_34_9,63,PR,GE06,3,41,2015-08-28
PR_G5-1_2_GE06_34_9,64,PR,GE06,2,43,2015-09-25
PR_G5-1_2_GE06_34_9,65,PR,GE06,3,46,2015-10-23
PR_G5-1_2_GE06_34_9,66,PR,GE06,2,48,2015-11-30
PR_G5-1_2_GE06_34_9,67,PR,GE06,2,50,2015-12-26
PR_G5-1_2_GE06_34_9,68,PR,GE06,1,51,2016-01-06
PR_G5-1_2_GE06_34_9,69,PR,GE06,2,53,2016-02-22
PR_G5-1_2_GE06_34_9,70,PR,GE06,3,57,2016-03-30
PR_G5-1_2_GE06_34_9,71,PR,GE06,3,59,2016-04-27
PR_G5-1_2_GE06_34_9,72,PR,GE06,3,62,2016-05-25
PR_G5-1_2_GE06_34_9,73,PR,GE06,2,64,2016-06-22
PR_G5-1_2_GE06_34_9,74,PR,GE06,3,67,2016-07-29
PR_G5-1_2_GE06_34_9,75,PR,GE06,2,69,2016-08-26
PR_G5-1_2_GE06_34_9,76,PR,GE06,2,71,2016-09-23
PR_G5-1_2_GE06_34_9,77,PR,GE06,3,74,2016-10-31
PR_G5-1_2_GE06_34_9,80,PR,GE06,1,75,2017-01-23
PR_G5-1_2_GE06_34_9,81,PR,GE06,3,78,2017-02-20
PR_G5-1_2_GE06_34_9,82,PR,GE06,3,81,2017-03-20
PR_G5-1_2_GE06_34_9,88,PR,GE06,1,82,2017-09-22
PR_G5-1_2_GE06_34_9,89,PR,GE06,4,87,2017-10-30
PR_G5-1_2_GE06_34_9,90,PR,GE06,1,86,2017-11-17
PR_G5-1_2_GE06_34_9,91,PR,GE06,1,88,2017-12-15
PR_G5-1_2_GE06_34_9,97,PR,GE06,2,90,2018-06-29
PR_G5-1_2_GE06_34_9,98,PR,GE06,2,92,2018-07-27
PR_G5-1_2_GE06_34_9,99,PR,GE06,1,93,2018-08-15
PR_G5-1_2_GE06_34_9,100,PR,GE06,2,95,2018-09-12
PR_G5-1_2_GE06_34_9,101,PR,GE06,3,98,2018-10-29
PR_G5-1_2_GE06_34_9,102,PR,GE06,1,99,2018-11-16
PR_G5-1_2_GE06_34_9,103,PR,GE06,3,102,2018-12-24
PR_G5-1_2_GE06_34_9,104,PR,GE06,1,103,2019-01-11
PR_G5-1_2_GE06_34_9,107,PR,GE06,1,104,2019-04-24
PR_G5-1_2_GE06_34_9,108,PR,GE06,2,106,2019-05-22
PR_G5-1_2_GE06_34_9,109,PR,GE06,1,107,2019-06-10
PR_G5-1_2_GE06_34_9,110,PR,GE06,3,110,2019-07-17
PR_G5-1_2_GE06_34_9,111,PR,GE06,1,111,2019-08-05
PR_G5-1_2_GE06_34_9,112,PR,GE06,3,114,2019-09-30
PR_G5-1_2_GE06_34_9,113,PR,GE06,1,115,2019-10-09
PR_G5-1_2_GE06_34_9,114,PR,GE06,2,117,2019-11-25
PR_G5-1_2_GE06_34_9,115,PR,GE06,2,119,2019-12-23
PR_G5-1_2_GE06_34_9,120,PR,GE06,2,121,2020-05-20
PR_G5-1_2_GE06_34_9,125,PR,GE06,1,122,2020-10-19
PR_G5-1_2_GE06_34_9,127,PR,GE06,1,123,2020-12-22
PR_G5-1_2_GE06_34_9,128,PR,GE06,2,125,2021-01-18
PR_G5-1_2_GE06_34_9,129,PR,GE06,3,128,2021-02-22
PR_G5-1_2_GE06_34_9,130,PR,GE06,2,130,2021-03-29
PR_G5-1_2_GE06_34_9,131,PR,GE06,1,131,2021-04-21
PR_G5-1_2_GE06_34_9,135,PR,GE06,2,133,2021-08-18
PR_G5-1_2_GE06_34_9,136,PR,GE06,1,134,2021-09-22
PR_G5-1_2_GE06_34_9,137,PR,GE06,1,135,2021-10-15
PR_G5-1_2_GE06_34_9,138,PR,GE06,2,137,2021-11-19
PR_G5-1_2_GE06_34_9,140,PR,GE06,4,141,2022-01-31
PR_G5-1_2_GE06_34_9,141,PR,GE06,1,142,2022-02-11
PR_G5-1_2_GE06_34_9,142,PR,GE06,3,145,2022-03-30
PR_G5-1_2_GE06_34_9,149,PR,GE06,1,146,2022-10-03
PR_G5-1_2_GE06_34_9,154,PR,GE06,2,148,2023-03-31
PR_G5-1_2_GE06_34_9,156,PR,GE06,1,149,2023-05-05
PR_G5-1_2_GE06_34_9,157,PR,GE06,2,151,2023-06-21
PR_G5-1_2_GE06_34_9,158,PR,GE06,1,152,2023-07-04
PR_G5-1_2_GE06_34_9,159,PR,GE06,2,154,2023-08-31
PR_G5-1_2_GE06_34_9,160,PR,GE06,1,155,2023-09-23
PR_G5-1_2_GE06_34_9,164,PR,GE06,1,156,2024-01-22
PR_G5-1_2_GE06_34_9,165,PR,GE06,1,157,2024-02-14
PR_G5-1_2_GE06_34_9,166,PR,GE06,2,159,2024-03-28
PR_G5-1_2_GE06_34_9,167,PR,GE06,1,160,2024-04-10
PR_G5-1_2_GE06_34_9,168,PR,GE06,3,163,2024-05-20
PR_G5-1_2_GE06_34_9,169,PR,GE06,2,165,2024-06-21
PR_G5-1_3_GE16_39_18,46,PR,GE16,1,1,2014-03-24
PR_G5-1_3_GE16_39_18,47,PR,GE16,4,5,2014-04-30
PR_G5-1_3_GE16_39_18,48,PR,GE16,3,8,2014-05-28
PR_G5-1_3_GE16_39_18,49,PR,GE16,3,11,2014-06-25
PR_G5-1_3_GE16_39_18,50,PR,GE16,2,13,2014-07-23
PR_G5-1_3_GE16_39_18,51,PR,GE16,3,16,2014-08-29
PR_G5-1_3_GE16_39_18,52,PR,GE16,2,18,2014-09-26
PR_G5-1_3_GE16_39_18,53,PR,GE16,2,20,2014-10-24
PR_G5-1_3_GE16_39_18,54,PR,GE16,2,22,2014-11-21
PR_G5-1_3_GE16_39_18,55,PR,GE16,2,24,2014-12-17
PR_G5-1_3_GE16_39_18,56,PR,GE16,3,27,2015-01-07
PR_G5-1_3_GE16_39_18,57,PR,GE16,3,30,2015-02-23
PR_G5-1_3_GE16_39_18,58,PR,GE16,2,32,2015-03-04
PR_G5-1_3_GE16_39_18,59,PR,GE16,5,37,2015-04-29
PR_G5-1_3_GE16_39_18,60,PR,GE16,3,40,2015-05-18
PR_G5-1_3_GE16_39_18,61,PR,GE16,2,42,2015-06-15
PR_G5-1_3_GE16_39_18,62,PR,GE16,4,46,2015-07-31
PR_G5-1_3_GE16_39_18,63,PR,GE16,2,48,2015-08-28
PR_G5-1_3_GE16_39_18,64,PR,GE16,2,50,2015-09-25
PR_G5-1_3_GE16_39_18,65,PR,GE16,2,52,2015-10-23
PR_G5-1_3_GE16_39_18,66,PR,GE16,1,53,2015-11-02
PR_G5-1_3_GE16_39_18,67,PR,GE16,1,54,2015-12-26
PR_G5-1_3_GE16_39_18,68,PR,GE16,1,55,2016-01-25
PR_G5-1_3_GE16_39_18,69,PR,GE16,5,60,2016-02-22
PR_G5-1_3_GE16_39_18,70,PR,GE16,5,65,2016-03-21
PR_G5-1_3_GE16_39_18,71,PR,GE16,3,68,2016-04-18
PR_G5-1_3_GE16_39_18,72,PR,GE16,3,71,2016-05-25
PR_G5-1_3_GE16_39_18,73,PR,GE16,1,72,2016-06-22
PR_G5-1_3_GE16_39_18,74,PR,GE16,2,74,2016-07-29
PR_G5-1_3_GE16_39_18,75,PR,GE16,1,75,2016-08-17
PR_G5-1_3_GE16_39_18,76,PR,GE16,2,77,2016-09-14
PR_G5-1_3_GE16_39_18,81,PR,GE16,3,80,2017-02-20
PR_G5-1_3_GE16_39_18,82,PR,GE16,5,85,2017-03-20
PR_G5-1_3_GE16_39_18,83,PR,GE16,3,88,2017-04-17
PR_G5-1_3_GE16_39_18,84,PR,GE16,2,90,2017-05-05
PR_G5-1_3_GE16_39_18,85,PR,GE16,1,91,2017-06-30
PR_G5-1_3_GE16_39_18,86,PR,GE16,1,92,2017-07-19
PR_G5-1_3_GE16_39_18,87,PR,GE16,2,94,2017-08-25
PR_G5-1_3_GE16_39_18,88,PR,GE16,1,95,2017-09-13
PR_G5-1_3_GE16_39_18,89,PR,GE16,1,96,2017-10-11
PR_G5-1_3_GE16_39_18,90,PR,GE16,1,97,2017-11-08
PR_G5-1_3_GE16_39_18,92,PR,GE16,2,99,2018-01-31
PR_G5-1_3_GE16_39_18,93,PR,GE16,2,101,2018-02-28
PR_G5-1_3_GE16_39_18,94,PR,GE16,5,106,2018-03-28
PR_G5-1_3_GE16_39_18,95,PR,GE16,1,107,2018-04-16
PR_G5-1_3_GE16_39_18,96,PR,GE16,2,109,2018-05-14
PR_G5-1_3_GE16_39_18,100,PR,GE16,2,111,2018-09-21
PR_G5-1_3_GE16_39_18,101,PR,GE16,2,113,2018-10-29
PR_G5-1_3_GE16_39_18,102,PR,GE16,1,114,2018-11-26
PR_G5-1_3_GE16_39_18,104,PR,GE16,2,116,2019-01-21
PR_G5-1_3_GE16_39_18,105,PR,GE16,4,120,2019-02-27
PR_G5-1_3_GE16_39_18,106,PR,GE16,3,123,2019-03-27
PR_G5-1_3_GE16_39_18,107,PR,GE16,1,124,2019-04-15
PR_G5-1_3_GE16_39_18,108,PR,GE16,3,127,2019-05-31
PR_G5-1_3_GE16_39_18,112,PR,GE16,1,128,2019-09-20
PR_G5-1_3_GE16_39_18,113,PR,GE16,1,129,2019-10-18
PR_G5-1_3_GE16_39_18,114,PR,GE16,1,130,2019-11-15
PR_G5-1_3_GE16_39_18,116,PR,GE16,2,132,2020-01-29
PR_G5-1_3_GE16_39_18,117,PR,GE16,4,137,2020-02-26
PR_G5-1_3_GE16_39_18,118,PR,GE16,3,139,2020-03-25
PR_G5-1_3_GE16_39_18,119,PR,GE16,1,140,2020-04-13
PR_G5-1_3_GE16_39_18,121,PR,GE16,2,142,2020-06-26
PR_G5-1_3_GE16_39_18,122,PR,GE16,1,143,2020-07-16
PR_G5-1_3_GE16_39_18,123,PR,GE16,1,144,2020-08-08
PR_G5-1_3_GE16_39_18,124,PR,GE16,1,145,2020-09-01
PR_G5-1_3_GE16_39_18,128,PR,GE16,2,147,2021-01-29
PR_G5-1_3_GE16_39_18,129,PR,GE16,2,149,2021-02-22
PR_G5-1_3_GE16_39_18,131,PR,GE16,2,151,2021-04-21
PR_G5-1_3_GE16_39_18,132,PR,GE16,2,153,2021-05-14
PR_G5-1_3_GE16_39_18,133,PR,GE16,1,154,2021-06-07
PR_G5-1_3_GE16_39_18,140,PR,GE16,3,157,2022-01-31
PR_G5-1_3_GE16_39_18,142,PR,GE16,2,159,2022-03-18
PR_G5-1_3_GE16_39_18,143,PR,GE16,3,162,2022-04-22
PR_G5-1_3_GE16_39_18,144,PR,GE16,2,164,2022-05-16
PR_G5-1_3_GE16_39_18,152,PR,GE16,2,167,2023-01-30
PR_G5-1_3_GE16_39_18,153,PR,GE16,3,169,2023-02-22
PR_G5-1_3_GE16_39_18,154,PR,GE16,3,172,2023-03-20
PR_G5-1_3_GE16_39_18,155,PR,GE16,1,173,2023-04-24
PR_G5-1_3_GE16_39_18,156,PR,GE16,2,175,2023-05-29
PR_G5-1_3_GE16_39_18,161,PR,GE16,1,176,2023-10-05
PR_G5-1_3_GE16_39_18,164,PR,GE16,2,178,2024-01-18
PR_G5-1_3_GE16_39_18,165,PR,GE16,3,181,2024-02-10
PR_G5-1_3_GE16_39_18,166,PR,GE16,2,183,2024-03-16
PR_G5-1_3_GE16_39_18,167,PR,GE16,0,183,2024-04-02
PR_G5-1_3_GE16_39_18,168,PR,GE16,1,184,2024-05-28
PR_G5-1_3_GE16_39_19,35,PR,GE16,0,0,2013-04-30
PR_G5-1_3_GE16_39_19,38,PR,GE16,0,0,2013-07-31
PR_G5-1_3_GE16_39_19,39,PR,GE16,0,0,2013-08-20
PR_G5-1_3_GE16_39_19,40,PR,GE16,0,0,2013-09-30
PR_G5-1_3_GE16_39_19,41,PR,GE16,0,0,2013-10-21
PR_G5-1_3_GE16_39_19,42,PR,GE16,0,0,2013-11-07
PR_G5-1_3_GE16_39_19,43,PR,GE16,0,0,2013-12-17
PR_G5-1_3_GE16_39_19,44,PR,GE16,0,0,2014-01-14
PR_G5-1_3_GE16_39_19,45,PR,GE16,4,4,2014-02-24
PR_G5-1_3_GE16_39_19,46,PR,GE16,2,6,2014-03-14
PR_G5-1_3_GE16_39_19,47,PR,GE16,4,10,2014-04-30
PR_G5-1_3_GE16_39_19,48,PR,GE16,3,13,2014-05-28
PR_G5-1_3_GE16_39_19,49,PR,GE16,2,15,2014-06-25
PR_G5-1_3_GE16_39_19,50,PR,GE16,2,17,2014-07-23
PR_G5-1_3_GE16_39_19,51,PR,GE16,2,19,2014-08-20
PR_G5-1_3_GE16_39_19,52,PR,GE16,2,21,2014-09-17
PR_G5-1_3_GE16_39_19,53,PR,GE16,1,22,2014-10-06
PR_G5-1_3_GE16_39_19,58,PR,GE16,5,31,2015-03-23
PR_G5-1_3_GE16_39_19,57,PR,GE16,4,28,2015-02-23
PR_G5-1_3_GE16_39_19,59,PR,GE16,5,36,2015-04-29
PR_G5-1_3_GE16_39_19,60,PR,GE16,2,38,2015-05-18
PR_G5-1_3_GE16_39_19,61,PR,GE16,3,41,2015-06-24
PR_G5-1_3_GE16_39_19,62,PR,GE16,3,44,2015-07-31
PR_G5-1_3_GE16_39_19,63,PR,GE16,2,46,2015-08-28
PR_G5-1_3_GE16_39_19,65,PR,GE16,1,47,2015-10-05
PR_G5-1_3_GE16_39_19,70,PR,GE16,6,53,2016-03-11
PR_G5-1_3_GE16_39_19,71,PR,GE16,2,55,2016-04-27
PR_G5-1_3_GE16_39_19,72,PR,GE16,2,57,2016-05-16
PR_G5-1_3_GE16_39_19,73,PR,GE16,3,60,2016-06-22
PR_G5-1_3_GE16_39_19,74,PR,GE16,3,63,2016-07-29
PR_G5-1_3_GE16_39_19,75,PR,GE16,1,64,2016-08-17
PR_G5-1_3_GE16_39_19,83,PR,GE16,2,66,2017-04-07
PR_G5-1_3_GE16_39_19,82,PR,GE16,2,68,2017-03-29
PR_G5-1_3_GE16_39_19,86,PR,GE16,3,71,2017-07-28
PR_G5-1_3_GE16_39_19,87,PR,GE16,1,72,2017-08-25
PR_G5-1_3_GE16_39_19,88,PR,GE16,2,74,2017-09-22
PR_G5-1_3_GE16_39_19,89,PR,GE16,1,75,2017-10-20
PR_G5-1_3_GE16_39_19,90,PR,GE16,2,77,2017-11-27
PR_G5-1_3_GE16_39_19,92,PR,GE16,2,79,2018-01-22
PR_G5-1_3_GE16_39_19,98,PR,GE16,2,81,2018-07-27
PR_G5-1_3_GE16_39_19,99,PR,GE16,2,83,2018-08-15
PR_G5-1_3_GE16_39_19,100,PR,GE16,2,85,2018-09-21
PR_G5-1_3_GE16_39_19,101,PR,GE16,2,87,2018-10-19
PR_G5-1_3_GE16_39_19,102,PR,GE16,2,89,2018-11-16
PR_G5-1_3_GE16_39_19,103,PR,GE16,2,91,2018-12-24
PR_G5-1_3_GE16_39_19,104,PR,GE16,2,93,2019-01-30
PR_G5-1_3_GE16_39_19,105,PR,GE16,1,94,2019-02-27
PR_G5-1_3_GE16_39_19,107,PR,GE16,1,95,2019-04-05
PR_G5-1_3_GE16_39_19,112,PR,GE16,3,98,2019-09-30
PR_G5-1_3_GE16_39_19,116,PR,GE16,1,99,2020-01-29
PR_G5-1_3_GE16_39_19,118,PR,GE16,2,101,2020-03-25
PR_G5-1_3_GE16_39_19,119,PR,GE16,2,103,2020-04-22
PR_G5-1_3_GE16_39_19,120,PR,GE16,1,104,2020-05-20
PR_G5-1_3_GE16_39_19,122,PR,GE16,2,106,2020-07-07
PR_G5-1_3_GE16_39_19,123,PR,GE16,2,108,2020-08-08
PR_G5-1_3_GE16_39_19,125,PR,GE16,1,109,2020-10-19
PR_G5-1_3_GE16_39_19,130,PR,GE16,2,111,2021-03-17
PR_G5-1_3_GE16_39_19,131,PR,GE16,1,112,2021-04-21
PR_G5-1_3_GE16_39_19,132,PR,GE16,2,114,2021-05-14
PR_G5-1_3_GE16_39_19,133,PR,GE16,2,116,2021-06-18
PR_G5-1_3_GE16_39_19,134,PR,GE16,1,117,2021-07-13
PR_G5-1_3_GE16_39_19,135,PR,GE16,2,119,2021-08-30
PR_G5-1_3_GE16_39_19,136,PR,GE16,1,120,2021-09-10
PR_G5-1_3_GE16_39_19,137,PR,GE16,2,122,2021-10-27
PR_G5-1_3_GE16_39_19,144,PR,GE16,1,123,2022-05-04
PR_G5-1_3_GE16_39_19,143,PR,GE16,3,126,2022-04-22
PR_G5-1_3_GE16_39_19,149,PR,GE16,2,128,2022-10-26
PR_G5-1_3_GE16_39_19,150,PR,GE16,2,130,2022-11-18
PR_G5-1_3_GE16_39_19,151,PR,GE16,1,131,2022-12-23
PR_G5-1_3_GE16_39_19,153,PR,GE16,2,133,2023-02-22
PR_G5-1_3_GE16_39_19,154,PR,GE16,1,134,2023-03-20
PR_G5-1_3_GE16_39_19,155,PR,GE16,2,136,2023-04-24
PR_G5-1_3_GE16_39_19,162,PR,GE16,2,138,2023-11-09
PR_G5-1_3_GE16_39_19,164,PR,GE16,4,142,2024-01-30
PR_G5-1_3_GE16_39_19,165,PR,GE16,1,143,2024-02-22
PR_G5-1_3_GE16_39_19,168,PR,GE16,1,144,2024-05-08
PR_G5-1_3_GE16_39_19,169,PR,GE16,1,145,2024-06-08
PR_G5-1_3_GE16_39_20,35,PR,GE16,0,0,2013-04-30
PR_G5-1_3_GE16_39_20,36,PR,GE16,0,0,2013-05-30
PR_G5-1_3_GE16_39_20,39,PR,GE16,0,0,2013-08-30
PR_G5-1_3_GE16_39_20,41,PR,GE16,0,0,2013-10-21
PR_G5-1_3_GE16_39_20,42,PR,GE16,0,0,2013-11-07
PR_G5-1_3_GE16_39_20,43,PR,GE16,0,0,2013-12-06
PR_G5-1_3_GE16_39_20,44,PR,GE16,0,0,2014-01-04
PR_G5-1_3_GE16_39_20,45,PR,GE16,5,5,2014-02-24
PR_G5-1_3_GE16_39_20,46,PR,GE16,2,7,2014-03-24
PR_G5-1_3_GE16_39_20,47,PR,GE16,3,10,2014-04-30
PR_G5-1_3_GE16_39_20,48,PR,GE16,2,12,2014-05-28
PR_G5-1_3_GE16_39_20,49,PR,GE16,2,14,2014-06-16
PR_G5-1_3_GE16_39_20,50,PR,GE16,3,17,2014-07-23
PR_G5-1_3_GE16_39_20,51,PR,GE16,2,19,2014-08-20
PR_G5-1_3_GE16_39_20,52,PR,GE16,2,21,2014-09-17
PR_G5-1_3_GE16_39_20,53,PR,GE16,1,22,2014-10-24
PR_G5-1_3_GE16_39_20,54,PR,GE16,1,23,2014-11-03
PR_G5-1_3_GE16_39_20,58,PR,GE16,4,30,2015-03-23
PR_G5-1_3_GE16_39_20,59,PR,GE16,8,35,2015-04-29
PR_G5-1_3_GE16_39_20,60,PR,GE16,3,38,2015-05-18
PR_G5-1_3_GE16_39_20,61,PR,GE16,4,42,2015-06-24
PR_G5-1_3_GE16_39_20,62,PR,GE16,2,44,2015-07-13
PR_G5-1_3_GE16_39_20,63,PR,GE16,2,46,2015-08-19
PR_G5-1_3_GE16_39_20,64,PR,GE16,1,47,2015-09-07
PR_G5-1_3_GE16_39_20,71,PR,GE16,6,55,2016-04-18
PR_G5-1_3_GE16_39_20,70,PR,GE16,2,52,2016-03-30
PR_G5-1_3_GE16_39_20,72,PR,GE16,1,56,2016-05-16
PR_G5-1_3_GE16_39_20,74,PR,GE16,2,58,2016-07-29
PR_G5-1_3_GE16_39_20,75,PR,GE16,1,59,2016-08-26
PR_G5-1_3_GE16_39_20,76,PR,GE16,2,61,2016-09-23
PR_G5-1_3_GE16_39_20,77,PR,GE16,1,62,2016-10-31
PR_G5-1_3_GE16_39_20,78,PR,GE16,1,63,2016-11-09
PR_G5-1_3_GE16_39_20,81,PR,GE16,3,66,2017-02-20
PR_G5-1_3_GE16_39_20,82,PR,GE16,4,70,2017-03-20
PR_G5-1_3_GE16_39_20,87,PR,GE16,2,72,2017-08-25
PR_G5-1_3_GE16_39_20,88,PR,GE16,1,73,2017-09-04
PR_G5-1_3_GE16_39_20,89,PR,GE16,1,74,2017-10-02
PR_G5-1_3_GE16_39_20,92,PR,GE16,7,81,2018-01-31
PR_G5-1_3_GE16_39_20,93,PR,GE16,3,84,2018-02-28
PR_G5-1_3_GE16_39_20,94,PR,GE16,1,85,2018-03-19
PR_G5-1_3_GE16_39_20,105,PR,GE16,3,90,2019-02-27
PR_G5-1_3_GE16_39_20,104,PR,GE16,2,88,2019-01-30
PR_G5-1_3_GE16_39_20,106,PR,GE16,2,92,2019-03-08
PR_G5-1_3_GE16_39_20,107,PR,GE16,1,93,2019-04-05
PR_G5-1_3_GE16_39_20,116,PR,GE16,2,95,2020-01-29
PR_G5-1_3_GE16_39_20,117,PR,GE16,1,96,2020-02-07
PR_G5-1_3_GE16_39_20,118,PR,GE16,1,97,2020-03-06
PR_G5-1_3_GE16_39_20,121,PR,GE16,1,98,2020-06-26
PR_G5-1_3_GE16_39_20,122,PR,GE16,2,100,2020-07-28
PR_G5-1_3_GE16_39_20,123,PR,GE16,1,101,2020-08-20
PR_G5-1_3_GE16_39_20,124,PR,GE16,2,103,2020-09-25
PR_G5-1_3_GE16_39_20,128,PR,GE16,4,107,2021-01-29
PR_G5-1_3_GE16_39_20,129,PR,GE16,3,110,2021-02-10
PR_G5-1_3_GE16_39_20,140,PR,GE16,4,114,2022-01-19
PR_G5-1_3_GE16_39_20,141,PR,GE16,2,116,2022-02-23
PR_G5-1_3_GE16_39_20,142,PR,GE16,2,118,2022-03-30
PR_G5-1_3_GE16_39_20,145,PR,GE16,1,119,2022-06-08
PR_G5-1_3_GE16_39_20,153,PR,GE16,1,120,2023-02-10
PR_G5-1_3_GE16_39_20,152,PR,GE16,2,122,2023-01-30
PR_G5-1_3_GE16_39_20,154,PR,GE16,1,123,2023-03-31
PR_G5-1_3_GE16_39_20,155,PR,GE16,1,124,2023-04-12
PR_G5-1_3_GE16_39_20,159,PR,GE16,2,126,2023-08-31
PR_G5-1_3_GE16_39_20,163,PR,GE16,4,130,2023-12-26
PR_G5-1_3_GE16_39_20,164,PR,GE16,2,132,2024-01-18
PR_G5-1_3_GE16_39_20,165,PR,GE16,3,135,2024-02-22
PR_G5-1_3_GE16_39_20,166,PR,GE16,1,136,2024-03-05
PR_G5-1_3_GE06_39_23,35,PR,GE06,0,0,2013-04-30
PR_G5-1_3_GE06_39_23,36,PR,GE06,0,0,2013-05-20
PR_G5-1_3_GE06_39_23,37,PR,GE06,0,0,2013-06-28
PR_G5-1_3_GE06_39_23,38,PR,GE06,0,0,2013-07-22
PR_G5-1_3_GE06_39_23,40,PR,GE06,0,0,2013-09-30
PR_G5-1_3_GE06_39_23,41,PR,GE06,0,0,2013-10-21
PR_G5-1_3_GE06_39_23,42,PR,GE06,0,0,2013-11-07
PR_G5-1_3_GE06_39_23,43,PR,GE06,0,0,2013-12-17
PR_G5-1_3_GE06_39_23,44,PR,GE06,0,0,2014-01-24
PR_G5-1_3_GE06_39_23,45,PR,GE06,3,3,2014-02-24
PR_G5-1_3_GE06_39_23,46,PR,GE06,3,6,2014-03-14
PR_G5-1_3_GE06_39_23,47,PR,GE06,2,8,2014-04-21
PR_G5-1_3_GE06_39_23,48,PR,GE06,3,11,2014-05-19
PR_G5-1_3_GE06_39_23,49,PR,GE06,2,13,2014-06-25
PR_G5-1_3_GE06_39_23,50,PR,GE06,2,15,2014-07-23
PR_G5-1_3_GE06_39_23,51,PR,GE06,3,18,2014-08-29
PR_G5-1_3_GE06_39_23,52,PR,GE06,1,19,2014-09-17
PR_G5-1_3_GE06_39_23,53,PR,GE06,2,21,2014-10-15
PR_G5-1_3_GE06_39_23,54,PR,GE06,3,24,2014-11-21
PR_G5-1_3_GE06_39_23,55,PR,GE06,1,25,2014-12-17
PR_G5-1_3_GE06_39_23,56,PR,GE06,1,26,2015-01-07
PR_G5-1_3_GE06_39_23,58,PR,GE06,3,29,2015-03-23
PR_G5-1_3_GE06_39_23,59,PR,GE06,4,33,2015-04-29
PR_G5-1_3_GE06_39_23,60,PR,GE06,3,36,2015-05-27
PR_G5-1_3_GE06_39_23,61,PR,GE06,3,39,2015-06-24
PR_G5-1_3_GE06_39_23,62,PR,GE06,2,41,2015-07-31
PR_G5-1_3_GE06_39_23,63,PR,GE06,3,44,2015-08-28
PR_G5-1_3_GE06_39_23,64,PR,GE06,2,46,2015-09-25
PR_G5-1_3_GE06_39_23,65,PR,GE06,2,48,2015-10-23
PR_G5-1_3_GE06_39_23,66,PR,GE06,2,50,2015-11-20
PR_G5-1_3_GE06_39_23,68,PR,GE06,1,51,2016-01-06
PR_G5-1_3_GE06_39_23,69,PR,GE06,2,53,2016-02-03
PR_G5-1_3_GE06_39_23,70,PR,GE06,1,54,2016-03-11
PR_G5-1_3_GE06_39_23,71,PR,GE06,3,57,2016-04-27
PR_G5-1_3_GE06_39_23,72,PR,GE06,2,59,2016-05-25
PR_G5-1_3_GE06_39_23,73,PR,GE06,2,61,2016-06-22
PR_G5-1_3_GE06_39_23,74,PR,GE06,3,64,2016-07-29
PR_G5-1_3_GE06_39_23,75,PR,GE06,1,65,2016-08-17
PR_G5-1_3_GE06_39_23,76,PR,GE06,2,67,2016-09-14
PR_G5-1_3_GE06_39_23,77,PR,GE06,3,70,2016-10-31
PR_G5-1_3_GE06_39_23,78,PR,GE06,1,71,2016-11-28
PR_G5-1_3_GE06_39_23,81,PR,GE06,2,74,2017-02-20
PR_G5-1_3_GE06_39_23,82,PR,GE06,2,75,2017-03-10
PR_G5-1_3_GE06_39_23,84,PR,GE06,3,78,2017-05-24
PR_G5-1_3_GE06_39_23,85,PR,GE06,2,80,2017-06-21
PR_G5-1_3_GE06_39_23,86,PR,GE06,2,82,2017-07-28
PR_G5-1_3_GE06_39_23,87,PR,GE06,1,83,2017-08-16
PR_G5-1_3_GE06_39_23,88,PR,GE06,2,85,2017-09-22
PR_G5-1_3_GE06_39_23,89,PR,GE06,2,87,2017-10-20
PR_G5-1_3_GE06_39_23,90,PR,GE06,1,88,2017-11-08
PR_G5-1_3_GE06_39_23,91,PR,GE06,1,89,2017-12-15
PR_G5-1_3_GE06_39_23,92,PR,GE06,2,91,2018-01-03
PR_G5-1_3_GE06_39_23,93,PR,GE06,1,92,2018-02-19
PR_G5-1_3_GE06_39_23,97,PR,GE06,4,96,2018-06-29
PR_G5-1_3_GE06_39_23,98,PR,GE06,1,97,2018-07-27
PR_G5-1_3_GE06_39_23,99,PR,GE06,1,98,2018-08-15
PR_G5-1_3_GE06_39_23,100,PR,GE06,2,100,2018-09-21
PR_G5-1_3_GE06_39_23,101,PR,GE06,2,102,2018-10-19
PR_G5-1_3_GE06_39_23,102,PR,GE06,2,104,2018-11-26
PR_G5-1_3_GE06_39_23,103,PR,GE06,2,106,2018-12-24
PR_G5-1_3_GE06_39_23,104,PR,GE06,2,108,2019-01-30
PR_G5-1_3_GE06_39_23,110,PR,GE06,1,109,2019-07-17
PR_G5-1_3_GE06_39_23,111,PR,GE06,3,112,2019-08-23
PR_G5-1_3_GE06_39_23,112,PR,GE06,2,114,2019-09-11
PR_G5-1_3_GE06_39_23,113,PR,GE06,1,115,2019-10-09
PR_G5-1_3_GE06_39_23,114,PR,GE06,2,117,2019-11-25
PR_G5-1_3_GE06_39_23,115,PR,GE06,2,119,2019-12-23
PR_G5-1_3_GE06_39_23,116,PR,GE06,2,121,2020-01-29
PR_G5-1_3_GE06_39_23,117,PR,GE06,1,122,2020-02-17
PR_G5-1_3_GE06_39_23,118,PR,GE06,2,124,2020-03-16
PR_G5-1_3_GE06_39_23,119,PR,GE06,1,125,2020-04-03
PR_G5-1_3_GE06_39_23,122,PR,GE06,2,127,2020-07-28
PR_G5-1_3_GE06_39_23,124,PR,GE06,1,128,2020-09-01
PR_G5-1_3_GE06_39_23,128,PR,GE06,5,133,2021-01-29
PR_G5-1_3_GE06_39_23,129,PR,GE06,3,136,2021-02-22
PR_G5-1_3_GE06_39_23,133,PR,GE06,2,138,2021-06-30
PR_G5-1_3_GE06_39_23,135,PR,GE06,1,139,2021-08-06
PR_G5-1_3_GE06_39_23,141,PR,GE06,3,142,2022-02-23
PR_G5-1_3_GE06_39_23,142,PR,GE06,1,143,2022-03-18
PR_G5-1_3_GE06_39_23,145,PR,GE06,1,144,2022-06-08
PR_G5-1_3_GE06_39_23,146,PR,GE06,2,146,2022-07-25
PR_G5-1_3_GE06_39_23,147,PR,GE06,1,147,2022-08-17
PR_G5-1_3_GE06_39_23,148,PR,GE06,1,148,2022-09-09
PR_G5-1_3_GE06_39_23,149,PR,GE06,2,150,2022-10-26
PR_G5-1_3_GE06_39_23,150,PR,GE06,1,151,2022-11-30
PR_G5-1_3_GE06_39_23,152,PR,GE06,4,155,2023-01-30
PR_G5-1_3_GE06_39_23,158,PR,GE06,2,157,2023-07-15
PR_G5-1_3_GE06_39_23,159,PR,GE06,1,158,2023-08-08
PR_G5-1_3_GE06_39_23,162,PR,GE06,3,161,2023-11-21
PR_G5-1_3_GE06_39_23,163,PR,GE06,2,163,2023-12-18
PR_G5-1_3_GE06_39_23,164,PR,GE06,2,165,2024-01-30
PR_G5-1_3_GE06_39_23,165,PR,GE06,1,166,2024-02-22
PR_G5-1_3_GE06_39_23,166,PR,GE06,0,166,2024-03-20
PR_G5-1_3_GE06_39_23,167,PR,GE06,2,168,2024-04-13
PR_G5-1_3_GE06_39_23,168,PR,GE06,2,170,2024-05-28
PR_G5-1_3_GE06_39_24,35,PR,GE06,0,0,2013-04-30
PR_G5-1_3_GE06_39_24,36,PR,GE06,0,0,2013-05-20
PR_G5-1_3_GE06_39_24,37,PR,GE06,0,0,2013-06-19
PR_G5-1_3_GE06_39_24,38,PR,GE06,0,0,2013-07-31
PR_G5-1_3_GE06_39_24,39,PR,GE06,0,0,2013-08-30
PR_G5-1_3_GE06_39_24,40,PR,GE06,0,0,2013-09-30
PR_G5-1_3_GE06_39_24,41,PR,GE06,0,0,2013-10-21
PR_G5-1_3_GE06_39_24,42,PR,GE06,0,0,2013-11-18
PR_G5-1_3_GE06_39_24,43,PR,GE06,0,0,2013-12-06
PR_G5-1_3_GE06_39_24,44,PR,GE06,0,0,2014-01-24
PR_G5-1_3_GE06_39_24,45,PR,GE06,4,4,2014-02-24
PR_G5-1_3_GE06_39_24,46,PR,GE06,3,7,2014-03-14
PR_G5-1_3_GE06_39_24,47,PR,GE06,3,10,2014-04-21
PR_G5-1_3_GE06_39_24,48,PR,GE06,3,13,2014-05-28
PR_G5-1_3_GE06_39_24,49,PR,GE06,2,15,2014-06-25
PR_G5-1_3_GE06_39_24,50,PR,GE06,2,17,2014-07-23
PR_G5-1_3_GE06_39_24,51,PR,GE06,2,19,2014-08-20
PR_G5-1_3_GE06_39_24,52,PR,GE06,2,21,2014-09-17
PR_G5-1_3_GE06_39_24,53,PR,GE06,2,23,2014-10-15
PR_G5-1_3_GE06_39_24,54,PR,GE06,2,25,2014-11-21
PR_G5-1_3_GE06_39_24,55,PR,GE06,2,27,2014-12-17
PR_G5-1_3_GE06_39_24,56,PR,GE06,3,30,2015-01-16
PR_G5-1_3_GE06_39_24,57,PR,GE06,3,33,2015-02-23
PR_G5-1_3_GE06_39_24,58,PR,GE06,3,36,2015-03-23
PR_G5-1_3_GE06_39_24,59,PR,GE06,3,39,2015-04-29
PR_G5-1_3_GE06_39_24,60,PR,GE06,3,42,2015-05-27
PR_G5-1_3_GE06_39_24,61,PR,GE06,2,44,2015-06-24
PR_G5-1_3_GE06_39_24,62,PR,GE06,3,47,2015-07-31
PR_G5-1_3_GE06_39_24,63,PR,GE06,2,49,2015-08-28
PR_G5-1_3_GE06_39_24,64,PR,GE06,1,50,2015-09-07
PR_G5-1_3_GE06_39_24,65,PR,GE06,3,53,2015-10-23
PR_G5-1_3_GE06_39_24,68,PR,GE06,3,56,2016-01-25
PR_G5-1_3_GE06_39_24,69,PR,GE06,3,59,2016-02-22
PR_G5-1_3_GE06_39_24,70,PR,GE06,3,62,2016-03-30
PR_G5-1_3_GE06_39_24,71,PR,GE06,1,63,2016-04-18
PR_G5-1_3_GE06_39_24,72,PR,GE06,4,67,2016-05-25
PR_G5-1_3_GE06_39_24,73,PR,GE06,2,69,2016-06-22
PR_G5-1_3_GE06_39_24,74,PR,GE06,3,72,2016-07-29
PR_G5-1_3_GE06_39_24,75,PR,GE06,1,73,2016-08-26
PR_G5-1_3_GE06_39_24,76,PR,GE06,2,75,2016-09-23
PR_G5-1_3_GE06_39_24,77,PR,GE06,2,77,2016-10-31
PR_G5-1_3_GE06_39_24,78,PR,GE06,1,78,2016-11-28
PR_G5-1_3_GE06_39_24,80,PR,GE06,3,81,2017-01-23
PR_G5-1_3_GE06_39_24,81,PR,GE06,3,84,2017-02-20
PR_G5-1_3_GE06_39_24,82,PR,GE06,1,85,2017-03-10
PR_G5-1_3_GE06_39_24,84,PR,GE06,1,86,2017-05-24
PR_G5-1_3_GE06_39_24,85,PR,GE06,2,88,2017-06-21
PR_G5-1_3_GE06_39_24,86,PR,GE06,2,90,2017-07-28
PR_G5-1_3_GE06_39_24,87,PR,GE06,1,91,2017-08-25
PR_G5-1_3_GE06_39_24,88,PR,GE06,1,92,2017-09-04
PR_G5-1_3_GE06_39_24,89,PR,GE06,3,95,2017-10-30
PR_G5-1_3_GE06_39_24,90,PR,GE06,1,96,2017-11-17
PR_G5-1_3_GE06_39_24,91,PR,GE06,1,97,2017-12-06
PR_G5-1_3_GE06_39_24,92,PR,GE06,3,100,2018-01-22
PR_G5-1_3_GE06_39_24,95,PR,GE06,1,101,2018-04-25
PR_G5-1_3_GE06_39_24,96,PR,GE06,2,103,2018-05-14
PR_G5-1_3_GE06_39_24,97,PR,GE06,3,106,2018-06-29
PR_G5-1_3_GE06_39_24,98,PR,GE06,1,107,2018-07-09
PR_G5-1_3_GE06_39_24,99,PR,GE06,2,109,2018-08-24
PR_G5-1_3_GE06_39_24,100,PR,GE06,1,110,2018-09-12
PR_G5-1_3_GE06_39_24,101,PR,GE06,2,112,2018-10-29
PR_G5-1_3_GE06_39_24,102,PR,GE06,2,114,2018-11-26
PR_G5-1_3_GE06_39_24,103,PR,GE06,1,115,2018-12-14
PR_G5-1_3_GE06_39_24,104,PR,GE06,2,117,2019-01-30
PR_G5-1_3_GE06_39_24,105,PR,GE06,1,118,2019-02-27
PR_G5-1_3_GE06_39_24,106,PR,GE06,1,119,2019-03-27
PR_G5-1_3_GE06_39_24,107,PR,GE06,2,121,2019-04-15
PR_G5-1_3_GE06_39_24,108,PR,GE06,2,123,2019-05-13
PR_G5-1_3_GE06_39_24,109,PR,GE06,2,125,2019-06-28
PR_G5-1_3_GE06_39_24,110,PR,GE06,2,127,2019-07-26
PR_G5-1_3_GE06_39_24,111,PR,GE06,1,128,2019-08-23
PR_G5-1_3_GE06_39_24,113,PR,GE06,2,130,2019-10-18
PR_G5-1_3_GE06_39_24,114,PR,GE06,1,131,2019-11-06
PR_G5-1_3_GE06_39_24,117,PR,GE06,1,132,2020-02-07
PR_G5-1_3_GE06_39_24,118,PR,GE06,5,137,2020-03-16
PR_G5-1_3_GE06_39_24,119,PR,GE06,2,139,2020-04-13
PR_G5-1_3_GE06_39_24,120,PR,GE06,2,141,2020-05-11
PR_G5-1_3_GE06_39_24,121,PR,GE06,1,142,2020-06-26
PR_G5-1_3_GE06_39_24,122,PR,GE06,1,143,2020-07-07
PR_G5-1_3_GE06_39_24,123,PR,GE06,1,144,2020-08-08
PR_G5-1_3_GE06_39_24,124,PR,GE06,2,146,2020-09-25
PR_G5-1_3_GE06_39_24,128,PR,GE06,1,147,2021-01-29
PR_G5-1_3_GE06_39_24,129,PR,GE06,2,149,2021-02-22
PR_G5-1_3_GE06_39_24,130,PR,GE06,3,152,2021-03-29
PR_G5-1_3_GE06_39_24,131,PR,GE06,3,155,2021-04-21
PR_G5-1_3_GE06_39_24,132,PR,GE06,2,157,2021-05-26
PR_G5-1_3_GE06_39_24,134,PR,GE06,1,158,2021-07-13
PR_G5-1_3_GE06_39_24,135,PR,GE06,1,159,2021-08-18
PR_G5-1_3_GE06_39_24,136,PR,GE06,1,160,2021-09-10
PR_G5-1_3_GE06_39_24,137,PR,GE06,1,161,2021-10-15
PR_G5-1_3_GE06_39_24,142,PR,GE06,6,167,2022-03-30
PR_G5-1_3_GE06_39_24,143,PR,GE06,1,168,2022-04-11
PR_G5-1_3_GE06_39_24,148,PR,GE06,1,169,2022-09-21
PR_G5-1_3_GE06_39_24,149,PR,GE06,1,170,2022-10-14
PR_G5-1_3_GE06_39_24,150,PR,GE06,1,171,2022-11-18
PR_G5-1_3_GE06_39_24,153,PR,GE06,1,172,2023-02-22
PR_G5-1_3_GE06_39_24,154,PR,GE06,2,174,2023-03-31
PR_G5-1_3_GE06_39_24,155,PR,GE06,1,175,2023-04-12
PR_G5-1_3_GE06_39_24,156,PR,GE06,1,176,2023-05-17
PR_G5-1_3_GE06_39_24,157,PR,GE06,1,177,2023-06-21
PR_G5-1_3_GE06_39_24,159,PR,GE06,2,179,2023-08-31
PR_G5-1_3_GE06_39_24,165,PR,GE06,2,181,2024-02-10
PR_G5-1_3_GE06_39_24,166,PR,GE06,2,183,2024-03-28
PR_G5-1_3_GE06_39_25,35,PR,GE06,0,0,2013-04-30
PR_G5-1_3_GE06_39_25,36,PR,GE06,0,0,2013-05-30
PR_G5-1_3_GE06_39_25,37,PR,GE06,0,0,2013-06-28
PR_G5-1_3_GE06_39_25,38,PR,GE06,0,0,2013-07-31
PR_G5-1_3_GE06_39_25,39,PR,GE06,0,0,2013-08-09
PR_G5-1_3_GE06_39_25,40,PR,GE06,0,0,2013-09-19
PR_G5-1_3_GE06_39_25,41,PR,GE06,0,0,2013-10-29
PR_G5-1_3_GE06_39_25,42,PR,GE06,0,0,2013-11-07
PR_G5-1_3_GE06_39_25,44,PR,GE06,0,0,2014-01-24
PR_G5-1_3_GE06_39_25,45,PR,GE06,3,3,2014-02-13
PR_G5-1_3_GE06_39_25,46,PR,GE06,4,7,2014-03-24
PR_G5-1_3_GE06_39_25,47,PR,GE06,3,10,2014-04-30
PR_G5-1_3_GE06_39_25,48,PR,GE06,3,13,2014-05-28
PR_G5-1_3_GE06_39_25,49,PR,GE06,1,14,2014-06-16
PR_G5-1_3_GE06_39_25,50,PR,GE06,2,16,2014-07-14
PR_G5-1_3_GE06_39_25,51,PR,GE06,3,19,2014-08-20
PR_G5-1_3_GE06_39_25,52,PR,GE06,2,21,2014-09-17
PR_G5-1_3_GE06_39_25,53,PR,GE06,2,23,2014-10-24
PR_G5-1_3_GE06_39_25,54,PR,GE06,2,25,2014-11-21
PR_G5-1_3_GE06_39_25,55,PR,GE06,2,27,2014-12-10
PR_G5-1_3_GE06_39_25,56,PR,GE06,4,31,2015-01-16
PR_G5-1_3_GE06_39_25,57,PR,GE06,3,34,2015-02-13
PR_G5-1_3_GE06_39_25,58,PR,GE06,3,37,2015-03-23
PR_G5-1_3_GE06_39_25,59,PR,GE06,5,42,2015-04-29
PR_G5-1_3_GE06_39_25,60,PR,GE06,3,45,2015-05-27
PR_G5-1_3_GE06_39_25,61,PR,GE06,2,47,2015-06-24
PR_G5-1_3_GE06_39_25,62,PR,GE06,3,50,2015-07-31
PR_G5-1_3_GE06_39_25,63,PR,GE06,1,51,2015-08-19
PR_G5-1_3_GE06_39_25,64,PR,GE06,3,54,2015-09-25
PR_G5-1_3_GE06_39_25,65,PR,GE06,2,56,2015-10-14
PR_G5-1_3_GE06_39_25,66,PR,GE06,2,58,2015-11-30
PR_G5-1_3_GE06_39_25,67,PR,GE06,3,61,2015-12-26
PR_G5-1_3_GE06_39_25,68,PR,GE06,3,64,2016-01-25
PR_G5-1_3_GE06_39_25,69,PR,GE06,3,68,2016-02-22
PR_G5-1_3_GE06_39_25,70,PR,GE06,4,71,2016-03-21
PR_G5-1_3_GE06_39_25,71,PR,GE06,3,74,2016-04-27
PR_G5-1_3_GE06_39_25,72,PR,GE06,2,76,2016-05-16
PR_G5-1_3_GE06_39_25,73,PR,GE06,2,78,2016-06-13
PR_G5-1_3_GE06_39_25,74,PR,GE06,3,81,2016-07-29
PR_G5-1_3_GE06_39_25,75,PR,GE06,2,83,2016-08-17
PR_G5-1_3_GE06_39_25,76,PR,GE06,2,85,2016-09-14
PR_G5-1_3_GE06_39_25,77,PR,GE06,2,87,2016-10-21
PR_G5-1_3_GE06_39_25,80,PR,GE06,2,89,2017-01-13
PR_G5-1_3_GE06_39_25,81,PR,GE06,5,94,2017-02-20
PR_G5-1_3_GE06_39_25,82,PR,GE06,2,96,2017-03-29
PR_G5-1_3_GE06_39_25,83,PR,GE06,1,97,2017-04-17
PR_G5-1_3_GE06_39_25,85,PR,GE06,2,99,2017-06-21
PR_G5-1_3_GE06_39_25,86,PR,GE06,2,101,2017-07-28
PR_G5-1_3_GE06_39_25,87,PR,GE06,2,103,2017-08-25
PR_G5-1_3_GE06_39_25,88,PR,GE06,1,104,2017-09-22
PR_G5-1_3_GE06_39_25,89,PR,GE06,2,106,2017-10-11
PR_G5-1_3_GE06_39_25,90,PR,GE06,2,108,2017-11-17
PR_G5-1_3_GE06_39_25,91,PR,GE06,2,110,2017-12-15
PR_G5-1_3_GE06_39_25,92,PR,GE06,3,113,2018-01-31
PR_G5-1_3_GE06_39_25,97,PR,GE06,2,115,2018-06-29
PR_G5-1_3_GE06_39_25,98,PR,GE06,2,117,2018-07-27
PR_G5-1_3_GE06_39_25,99,PR,GE06,2,119,2018-08-24
PR_G5-1_3_GE06_39_25,100,PR,GE06,2,121,2018-09-21
PR_G5-1_3_GE06_39_25,101,PR,GE06,2,123,2018-10-29
PR_G5-1_3_GE06_39_25,102,PR,GE06,2,125,2018-11-26
PR_G5-1_3_GE06_39_25,103,PR,GE06,2,127,2018-12-24
PR_G5-1_3_GE06_39_25,104,PR,GE06,2,129,2019-01-21
PR_G5-1_3_GE06_39_25,105,PR,GE06,3,132,2019-02-27
PR_G5-1_3_GE06_39_25,106,PR,GE06,1,133,2019-03-27
PR_G5-1_3_GE06_39_25,109,PR,GE06,2,135,2019-06-28
PR_G5-1_3_GE06_39_25,110,PR,GE06,2,137,2019-07-26
PR_G5-1_3_GE06_39_25,111,PR,GE06,2,139,2019-08-23
PR_G5-1_3_GE06_39_25,112,PR,GE06,1,140,2019-09-20
PR_G5-1_3_GE06_39_25,113,PR,GE06,3,143,2019-10-18
PR_G5-1_3_GE06_39_25,114,PR,GE06,2,145,2019-11-25
PR_G5-1_3_GE06_39_25,115,PR,GE06,1,146,2019-12-23
PR_G5-1_3_GE06_39_25,116,PR,GE06,3,149,2020-01-29
PR_G5-1_3_GE06_39_25,118,PR,GE06,1,150,2020-03-06
PR_G5-1_3_GE06_39_25,120,PR,GE06,1,151,2020-05-29
PR_G5-1_3_GE06_39_25,123,PR,GE06,2,153,2020-08-08
PR_G5-1_3_GE06_39_25,124,PR,GE06,2,155,2020-09-12
PR_G5-1_3_GE06_39_25,125,PR,GE06,1,156,2020-10-07
PR_G5-1_3_GE06_39_25,126,PR,GE06,2,158,2020-11-17
PR_G5-1_3_GE06_39_25,127,PR,GE06,1,159,2020-12-22
PR_G5-1_3_GE06_39_25,128,PR,GE06,3,162,2021-01-29
PR_G5-1_3_GE06_39_25,129,PR,GE06,1,163,2021-02-22
PR_G5-1_3_GE06_39_25,130,PR,GE06,1,164,2021-03-17
PR_G5-1_3_GE06_39_25,131,PR,GE06,3,167,2021-04-21
PR_G5-1_3_GE06_39_25,132,PR,GE06,1,168,2021-05-14
PR_G5-1_3_GE06_39_25,133,PR,GE06,1,169,2021-06-30
PR_G5-1_3_GE06_39_25,134,PR,GE06,1,170,2021-07-26
PR_G5-1_3_GE06_39_25,135,PR,GE06,1,171,2021-08-06
PR_G5-1_3_GE06_39_25,136,PR,GE06,1,172,2021-09-10
PR_G5-1_3_GE06_39_25,140,PR,GE06,2,174,2022-01-31
PR_G5-1_3_GE06_39_25,142,PR,GE06,3,177,2022-03-18
PR_G5-1_3_GE06_39_25,143,PR,GE06,3,180,2022-04-22
PR_G5-1_3_GE06_39_25,147,PR,GE06,1,181,2022-08-29
PR_G5-1_3_GE06_39_25,148,PR,GE06,1,182,2022-09-21
PR_G5-1_3_GE06_39_25,149,PR,GE06,1,183,2022-10-03
PR_G5-1_3_GE06_39_25,150,PR,GE06,1,184,2022-11-07
PR_G5-1_3_GE06_39_25,154,PR,GE06,2,186,2023-03-20
PR_G5-1_3_GE06_39_25,155,PR,GE06,1,187,2023-04-12
PR_G5-1_3_GE06_39_25,158,PR,GE06,1,188,2023-07-04
PR_G5-1_3_GE06_39_25,159,PR,GE06,2,190,2023-08-31
PR_G5-1_3_GE06_39_25,160,PR,GE06,1,191,2023-09-23
PR_G5-1_3_GE06_39_25,161,PR,GE06,1,192,2023-10-28
PR_G5-1_3_GE06_39_25,162,PR,GE06,1,193,2023-11-09
PR_G5-1_3_GE06_39_25,164,PR,GE06,4,197,2024-01-30
PR_G5-1_3_GE06_39_25,165,PR,GE06,1,198,2024-02-22
PR_G5-1_3_GE06_39_25,166,PR,GE06,2,200,2024-03-28
PR_G5-1_3_GE06_39_25,167,PR,GE06,1,201,2024-04-22
PR_G5-1_3_GE06_39_25,168,PR,GE06,2,203,2024-05-20
PR_G5-1_3_GE06_39_25,169,PR,GE06,1,204,2024-06-08
PR_G5-1_3_GE12_39_3,35,PR,GE12,0,0,2013-04-19
PR_G5-1_3_GE12_39_3,40,PR,GE12,0,0,2013-09-30
PR_G5-1_3_GE12_39_3,41,PR,GE12,0,0,2013-10-29
PR_G5-1_3_GE12_39_3,42,PR,GE12,0,0,2013-11-26
PR_G5-1_3_GE12_39_3,44,PR,GE12,0,0,2014-01-24
PR_G5-1_3_GE12_39_3,45,PR,GE12,5,5,2014-02-24
PR_G5-1_3_GE12_39_3,46,PR,GE12,2,7,2014-03-24
PR_G5-1_3_GE12_39_3,47,PR,GE12,3,10,2014-04-30
PR_G5-1_3_GE12_39_3,48,PR,GE12,3,13,2014-05-19
PR_G5-1_3_GE12_39_3,49,PR,GE12,2,15,2014-06-16
PR_G5-1_3_GE12_39_3,50,PR,GE12,2,17,2014-07-23
PR_G5-1_3_GE12_39_3,51,PR,GE12,1,18,2014-08-01
PR_G5-1_3_GE12_39_3,52,PR,GE12,3,21,2014-09-26
PR_G5-1_3_GE12_39_3,53,PR,GE12,2,23,2014-10-24
PR_G5-1_3_GE12_39_3,59,PR,GE12,4,27,2015-04-29
PR_G5-1_3_GE12_39_3,60,PR,GE12,3,30,2015-05-27
PR_G5-1_3_GE12_39_3,61,PR,GE12,3,33,2015-06-24
PR_G5-1_3_GE12_39_3,62,PR,GE12,3,36,2015-07-31
PR_G5-1_3_GE12_39_3,63,PR,GE12,2,38,2015-08-19
PR_G5-1_3_GE12_39_3,64,PR,GE12,1,39,2015-09-07
PR_G5-1_3_GE12_39_3,68,PR,GE12,1,40,2016-01-25
PR_G5-1_3_GE12_39_3,69,PR,GE12,1,41,2016-02-12
PR_G5-1_3_GE12_39_3,73,PR,GE12,4,45,2016-06-22
PR_G5-1_3_GE12_39_3,74,PR,GE12,3,48,2016-07-20
PR_G5-1_3_GE12_39_3,75,PR,GE12,2,50,2016-08-26
PR_G5-1_3_GE12_39_3,76,PR,GE12,2,52,2016-09-23
PR_G5-1_3_GE12_39_3,82,PR,GE12,1,53,2017-03-01
PR_G5-1_3_GE12_39_3,86,PR,GE12,1,54,2017-07-28
PR_G5-1_3_GE12_39_3,87,PR,GE12,2,56,2017-08-16
PR_G5-1_3_GE12_39_3,88,PR,GE12,1,57,2017-09-04
PR_G5-1_3_GE12_39_3,90,PR,GE12,1,58,2017-11-27
PR_G5-1_3_GE12_39_3,91,PR,GE12,2,60,2017-12-15
PR_G5-1_3_GE12_39_3,92,PR,GE12,3,63,2018-01-31
PR_G5-1_3_GE12_39_3,98,PR,GE12,1,64,2018-07-27
PR_G5-1_3_GE12_39_3,99,PR,GE12,2,66,2018-08-24
PR_G5-1_3_GE12_39_3,100,PR,GE12,1,67,2018-09-03
PR_G5-1_3_GE12_39_3,101,PR,GE12,1,68,2018-10-01
PR_G5-1_3_GE12_39_3,104,PR,GE12,7,76,2019-01-30
PR_G5-1_3_GE12_39_3,105,PR,GE12,2,77,2019-02-18
PR_G5-1_3_GE12_39_3,106,PR,GE12,1,78,2019-03-18
PR_G5-1_3_GE12_39_3,107,PR,GE12,2,80,2019-04-24
PR_G5-1_3_GE12_39_3,120,PR,GE12,2,82,2020-05-01
PR_G5-1_3_GE12_39_3,123,PR,GE12,1,83,2020-08-08
PR_G5-1_3_GE12_39_3,124,PR,GE12,2,85,2020-09-25
PR_G5-1_3_GE12_39_3,132,PR,GE12,1,86,2021-05-14
PR_G5-1_3_GE12_39_3,133,PR,GE12,1,87,2021-06-07
PR_G5-1_3_GE12_39_3,135,PR,GE12,2,89,2021-08-30
PR_G5-1_3_GE12_39_3,137,PR,GE12,1,90,2021-10-27
PR_G5-1_3_GE12_39_3,138,PR,GE12,1,91,2021-11-19
PR_G5-1_3_GE12_39_3,139,PR,GE12,2,93,2021-12-13
PR_G5-1_3_GE12_39_3,140,PR,GE12,2,95,2022-01-19
PR_G5-1_3_GE12_39_3,141,PR,GE12,2,97,2022-02-23
PR_G5-1_3_GE12_39_3,142,PR,GE12,1,98,2022-03-30
PR_G5-1_3_GE12_39_3,143,PR,GE12,1,99,2022-04-22
PR_G5-1_3_GE12_39_3,144,PR,GE12,2,101,2022-05-27
PR_G5-1_3_GE12_39_3,154,PR,GE12,1,102,2023-03-20
PR_G5-1_3_GE12_39_3,157,PR,GE12,1,103,2023-06-21
PR_G5-1_3_GE12_39_3,158,PR,GE12,1,104,2023-07-04
PR_G5-1_3_GE12_39_3,161,PR,GE12,2,106,2023-10-28
PR_G5-1_3_GE12_39_3,162,PR,GE12,2,108,2023-11-21
PR_G5-1_3_GE12_39_3,163,PR,GE12,1,109,2023-12-18
PR_G5-1_3_GE12_39_3,164,PR,GE12,2,111,2024-01-30
PR_G5-1_3_GE12_39_3,165,PR,GE12,1,112,2024-02-26
PR_G5-1_3_GE12_39_3,169,PR,GE12,2,114,2024-06-12
PR_G5-1_3_GE12_39_4,35,PR,GE12,0,0,2013-04-19
PR_G5-1_3_GE12_39_4,36,PR,GE12,0,0,2013-05-20
PR_G5-1_3_GE12_39_4,41,PR,GE12,0,0,2013-10-21
PR_G5-1_3_GE12_39_4,42,PR,GE12,0,0,2013-11-26
PR_G5-1_3_GE12_39_4,44,PR,GE12,0,0,2014-01-24
PR_G5-1_3_GE12_39_4,43,PR,GE12,0,0,2013-12-17
PR_G5-1_3_GE12_39_4,45,PR,GE12,5,5,2014-02-24
PR_G5-1_3_GE12_39_4,46,PR,GE12,2,7,2014-03-14
PR_G5-1_3_GE12_39_4,47,PR,GE12,3,10,2014-04-30
PR_G5-1_3_GE12_39_4,48,PR,GE12,2,12,2014-05-19
PR_G5-1_3_GE12_39_4,49,PR,GE12,2,14,2014-06-06
PR_G5-1_3_GE12_39_4,50,PR,GE12,3,17,2014-07-23
PR_G5-1_3_GE12_39_4,51,PR,GE12,1,18,2014-08-29
PR_G5-1_3_GE12_39_4,52,PR,GE12,1,19,2014-09-17
PR_G5-1_3_GE12_39_4,58,PR,GE12,4,23,2015-03-23
PR_G5-1_3_GE12_39_4,59,PR,GE12,5,28,2015-04-20
PR_G5-1_3_GE12_39_4,60,PR,GE12,3,31,2015-05-27
PR_G5-1_3_GE12_39_4,61,PR,GE12,2,33,2015-06-15
PR_G5-1_3_GE12_39_4,62,PR,GE12,4,37,2015-07-22
PR_G5-1_3_GE12_39_4,63,PR,GE12,1,38,2015-08-10
PR_G5-1_3_GE12_39_4,64,PR,GE12,2,40,2015-09-25
PR_G5-1_3_GE12_39_4,65,PR,GE12,1,41,2015-10-23
PR_G5-1_3_GE12_39_4,66,PR,GE12,1,42,2015-11-11
PR_G5-1_3_GE12_39_4,72,PR,GE12,5,48,2016-05-25
PR_G5-1_3_GE12_39_4,71,PR,GE12,1,44,2016-04-27
PR_G5-1_3_GE12_39_4,73,PR,GE12,3,51,2016-06-22
PR_G5-1_3_GE12_39_4,74,PR,GE12,2,53,2016-07-29
PR_G5-1_3_GE12_39_4,76,PR,GE12,2,55,2016-09-14
PR_G5-1_3_GE12_39_4,77,PR,GE12,3,58,2016-10-31
PR_G5-1_3_GE12_39_4,78,PR,GE12,2,60,2016-11-28
PR_G5-1_3_GE12_39_4,80,PR,GE12,1,61,2017-01-04
PR_G5-1_3_GE12_39_4,87,PR,GE12,1,62,2017-08-07
PR_G5-1_3_GE12_39_4,86,PR,GE12,1,63,2017-07-28
PR_G5-1_3_GE12_39_4,88,PR,GE12,3,66,2017-09-22
PR_G5-1_3_GE12_39_4,89,PR,GE12,2,68,2017-10-20
PR_G5-1_3_GE12_39_4,90,PR,GE12,2,70,2017-11-27
PR_G5-1_3_GE12_39_4,92,PR,GE12,2,72,2018-01-03
PR_G5-1_3_GE12_39_4,96,PR,GE12,2,74,2018-05-23
PR_G5-1_3_GE12_39_4,97,PR,GE12,3,77,2018-06-29
PR_G5-1_3_GE12_39_4,98,PR,GE12,2,79,2018-07-27
PR_G5-1_3_GE12_39_4,99,PR,GE12,1,80,2018-08-15
PR_G5-1_3_GE12_39_4,100,PR,GE12,2,82,2018-09-12
PR_G5-1_3_GE12_39_4,101,PR,GE12,1,83,2018-10-10
PR_G5-1_3_GE12_39_4,102,PR,GE12,2,85,2018-11-16
PR_G5-1_3_GE12_39_4,103,PR,GE12,2,87,2018-12-14
PR_G5-1_3_GE12_39_4,110,PR,GE12,2,89,2019-07-17
PR_G5-1_3_GE12_39_4,111,PR,GE12,3,92,2019-08-23
PR_G5-1_3_GE12_39_4,112,PR,GE12,2,94,2019-09-20
PR_G5-1_3_GE12_39_4,113,PR,GE12,2,96,2019-10-18
PR_G5-1_3_GE12_39_4,118,PR,GE12,2,98,2020-03-25
PR_G5-1_3_GE12_39_4,119,PR,GE12,1,99,2020-04-22
PR_G5-1_3_GE12_39_4,122,PR,GE12,1,100,2020-07-28
PR_G5-1_3_GE12_39_4,125,PR,GE12,2,102,2020-10-19
PR_G5-1_3_GE12_39_4,126,PR,GE12,1,103,2020-11-17
PR_G5-1_3_GE12_39_4,130,PR,GE12,1,104,2021-03-17
PR_G5-1_3_GE12_39_4,135,PR,GE12,2,106,2021-08-30
PR_G5-1_3_GE12_39_4,137,PR,GE12,1,107,2021-10-04
PR_G5-1_3_GE12_39_4,143,PR,GE12,2,109,2022-04-22
PR_G5-1_3_GE12_39_4,148,PR,GE12,1,110,2022-09-09
PR_G5-1_3_GE12_39_4,149,PR,GE12,2,112,2022-10-03
PR_G5-1_3_GE12_39_4,150,PR,GE12,1,113,2022-11-07
PR_G5-1_3_GE12_39_4,151,PR,GE12,1,114,2022-12-12
PR_G5-1_3_GE12_39_4,154,PR,GE12,1,115,2023-03-31
PR_G5-1_3_GE12_39_4,155,PR,GE12,1,116,2023-04-24
PR_G5-1_3_GE12_39_4,156,PR,GE12,2,118,2023-05-29
PR_G5-1_3_GE12_39_4,157,PR,GE12,1,119,2023-06-09
PR_G5-1_3_GE12_39_4,160,PR,GE12,3,122,2023-09-23
PR_G5-1_3_GE12_39_4,162,PR,GE12,1,123,2023-11-21
PR_G5-1_3_GE12_39_4,163,PR,GE12,3,126,2023-12-26
PR_G5-1_3_GE12_39_4,168,PR,GE12,3,129,2024-05-03
PR_G5-1_3_GE12_39_5,35,PR,GE12,0,0,2013-04-19
PR_G5-1_3_GE12_39_5,36,PR,GE12,0,0,2013-05-30
PR_G5-1_3_GE12_39_5,38,PR,GE12,0,0,2013-07-22
PR_G5-1_3_GE12_39_5,37,PR,GE12,0,0,2013-06-28
PR_G5-1_3_GE12_39_5,39,PR,GE12,0,0,2013-08-30
PR_G5-1_3_GE12_39_5,40,PR,GE12,0,0,2013-09-19
PR_G5-1_3_GE12_39_5,41,PR,GE12,0,0,2013-10-21
PR_G5-1_3_GE12_39_5,42,PR,GE12,0,0,2013-11-07
PR_G5-1_3_GE12_39_5,43,PR,GE12,0,0,2013-12-06
PR_G5-1_3_GE12_39_5,44,PR,GE12,0,0,2014-01-24
PR_G5-1_3_GE12_39_5,45,PR,GE12,4,4,2014-02-24
PR_G5-1_3_GE12_39_5,46,PR,GE12,3,7,2014-03-24
PR_G5-1_3_GE12_39_5,47,PR,GE12,3,10,2014-04-30
PR_G5-1_3_GE12_39_5,48,PR,GE12,3,13,2014-05-28
PR_G5-1_3_GE12_39_5,49,PR,GE12,2,15,2014-06-25
PR_G5-1_3_GE12_39_5,50,PR,GE12,1,16,2014-07-04
PR_G5-1_3_GE12_39_5,51,PR,GE12,3,19,2014-08-29
PR_G5-1_3_GE12_39_5,52,PR,GE12,1,20,2014-09-26
PR_G5-1_3_GE12_39_5,53,PR,GE12,3,23,2014-10-24
PR_G5-1_3_GE12_39_5,54,PR,GE12,1,24,2014-11-03
PR_G5-1_3_GE12_39_5,59,PR,GE12,3,27,2015-04-29
PR_G5-1_3_GE12_39_5,60,PR,GE12,3,30,2015-05-27
PR_G5-1_3_GE12_39_5,61,PR,GE12,3,33,2015-06-24
PR_G5-1_3_GE12_39_5,62,PR,GE12,3,36,2015-07-31
PR_G5-1_3_GE12_39_5,63,PR,GE12,2,38,2015-08-28
PR_G5-1_3_GE12_39_5,64,PR,GE12,3,41,2015-09-25
PR_G5-1_3_GE12_39_5,65,PR,GE12,2,43,2015-10-23
PR_G5-1_3_GE12_39_5,66,PR,GE12,2,45,2015-11-20
PR_G5-1_3_GE12_39_5,67,PR,GE12,2,47,2015-12-26
PR_G5-1_3_GE12_39_5,68,PR,GE12,1,48,2016-01-15
PR_G5-1_3_GE12_39_5,70,PR,GE12,1,49,2016-03-02
PR_G5-1_3_GE12_39_5,75,PR,GE12,4,53,2016-08-26
PR_G5-1_3_GE12_39_5,76,PR,GE12,3,56,2016-09-14
PR_G5-1_3_GE12_39_5,77,PR,GE12,4,60,2016-10-31
PR_G5-1_3_GE12_39_5,78,PR,GE12,2,62,2016-11-28
PR_G5-1_3_GE12_39_5,79,PR,GE12,2,64,2016-12-26
PR_G5-1_3_GE12_39_5,80,PR,GE12,2,66,2017-01-23
PR_G5-1_3_GE12_39_5,81,PR,GE12,1,67,2017-02-20
PR_G5-1_3_GE12_39_5,89,PR,GE12,4,71,2017-10-30
PR_G5-1_3_GE12_39_5,90,PR,GE12,3,74,2017-11-27
PR_G5-1_3_GE12_39_5,91,PR,GE12,1,75,2017-12-15
PR_G5-1_3_GE12_39_5,92,PR,GE12,1,76,2018-01-03
PR_G5-1_3_GE12_39_5,97,PR,GE12,1,77,2018-06-29
PR_G5-1_3_GE12_39_5,98,PR,GE12,2,79,2018-07-27
PR_G5-1_3_GE12_39_5,105,PR,GE12,1,80,2019-02-27
PR_G5-1_3_GE12_39_5,108,PR,GE12,4,84,2019-05-31
PR_G5-1_3_GE12_39_5,109,PR,GE12,2,86,2019-06-28
PR_G5-1_3_GE12_39_5,110,PR,GE12,2,88,2019-07-26
PR_G5-1_3_GE12_39_5,111,PR,GE12,1,89,2019-08-14
PR_G5-1_3_GE12_39_5,112,PR,GE12,1,90,2019-09-02
PR_G5-1_3_GE12_39_5,115,PR,GE12,1,91,2019-12-04
PR_G5-1_3_GE12_39_5,116,PR,GE12,1,92,2020-01-10
PR_G5-1_3_GE12_39_5,123,PR,GE12,3,95,2020-08-20
PR_G5-1_3_GE12_39_5,124,PR,GE12,3,98,2020-09-12
PR_G5-1_3_GE12_39_5,125,PR,GE12,1,99,2020-10-07
PR_G5-1_3_GE12_39_5,126,PR,GE12,1,100,2020-11-05
PR_G5-1_3_GE12_39_5,128,PR,GE12,1,101,2021-01-18
PR_G5-1_3_GE12_39_5,129,PR,GE12,1,102,2021-02-10
PR_G5-1_3_GE12_39_5,130,PR,GE12,2,104,2021-03-05
PR_G5-1_3_GE12_39_5,131,PR,GE12,1,105,2021-04-09
PR_G5-1_3_GE12_39_5,132,PR,GE12,2,107,2021-05-14
PR_G5-1_3_GE12_39_5,142,PR,GE12,2,109,2022-03-30
PR_G5-1_3_GE12_39_5,143,PR,GE12,1,110,2022-04-11
PR_G5-1_3_GE12_39_5,149,PR,GE12,1,111,2022-10-26
PR_G5-1_3_GE12_39_5,150,PR,GE12,1,112,2022-11-07
PR_G5-1_3_GE12_39_5,151,PR,GE12,1,113,2022-12-12
PR_G5-1_3_GE12_39_5,156,PR,GE12,3,116,2023-05-29
PR_G5-1_3_GE12_39_5,159,PR,GE12,1,117,2023-08-19
PR_G5-1_3_GE12_39_5,160,PR,GE12,1,118,2023-09-23
PR_G5-1_3_GE12_39_5,161,PR,GE12,1,119,2023-10-05
PR_G5-1_3_GE12_39_5,165,PR,GE12,1,120,2024-02-26
PR_G5-1_3_GE12_39_5,167,PR,GE12,1,121,2024-04-10
PR_G5-1_3_GE12_39_5,168,PR,GE12,2,123,2024-05-28
PR_G5-1_3_GE12_39_5,169,PR,GE12,1,124,2024-06-12
PR_G5-1_1_GE09_3_10,34,PR,GE09,0,0,2013-03-29
PR_G5-1_1_GE09_3_10,35,PR,GE09,0,0,2013-04-19
PR_G5-1_1_GE09_3_10,36,PR,GE09,0,0,2013-05-20
PR_G5-1_1_GE09_3_10,37,PR,GE09,0,0,2013-06-19
PR_G5-1_1_GE09_3_10,38,PR,GE09,0,0,2013-07-31
PR_G5-1_1_GE09_3_10,39,PR,GE09,0,0,2013-08-30
PR_G5-1_1_GE09_3_10,40,PR,GE09,0,0,2013-09-30
PR_G5-1_1_GE09_3_10,41,PR,GE09,0,0,2013-10-21
PR_G5-1_1_GE09_3_10,42,PR,GE09,0,0,2013-11-18
PR_G5-1_1_GE09_3_10,43,PR,GE09,0,0,2013-12-06
PR_G5-1_1_GE09_3_10,44,PR,GE09,0,0,2014-01-24
PR_G5-1_1_GE09_3_10,45,PR,GE09,2,2,2014-02-22
PR_G5-1_1_GE09_3_10,46,PR,GE09,4,6,2014-03-31
PR_G5-1_1_GE09_3_10,47,PR,GE09,3,9,2014-04-28
PR_G5-1_1_GE09_3_10,48,PR,GE09,2,11,2014-05-26
PR_G5-1_1_GE09_3_10,49,PR,GE09,3,14,2014-06-23
PR_G5-1_1_GE09_3_10,50,PR,GE09,3,17,2014-07-30
PR_G5-1_1_GE09_3_10,51,PR,GE09,2,19,2014-08-27
PR_G5-1_1_GE09_3_10,52,PR,GE09,2,21,2014-09-24
PR_G5-1_1_GE09_3_10,53,PR,GE09,1,22,2014-10-03
PR_G5-1_1_GE09_3_10,54,PR,GE09,3,25,2014-11-28
PR_G5-1_1_GE09_3_10,56,PR,GE09,2,27,2015-01-05
PR_G5-1_1_GE09_3_10,58,PR,GE09,4,31,2015-03-30
PR_G5-1_1_GE09_3_10,59,PR,GE09,2,33,2015-04-27
PR_G5-1_1_GE09_3_10,60,PR,GE09,3,36,2015-05-25
PR_G5-1_1_GE09_3_10,61,PR,GE09,3,39,2015-06-12
PR_G5-1_1_GE09_3_10,62,PR,GE09,4,43,2015-07-29
PR_G5-1_1_GE09_3_10,63,PR,GE09,2,45,2015-08-26
PR_G5-1_1_GE09_3_10,64,PR,GE09,1,46,2015-09-04
PR_G5-1_1_GE09_3_10,65,PR,GE09,3,49,2015-10-21
PR_G5-1_1_GE09_3_10,66,PR,GE09,2,51,2015-11-09
PR_G5-1_1_GE09_3_10,67,PR,GE09,2,53,2015-12-16
PR_G5-1_1_GE09_3_10,68,PR,GE09,1,54,2016-01-22
PR_G5-1_1_GE09_3_10,70,PR,GE09,1,55,2016-03-18
PR_G5-1_1_GE09_3_10,71,PR,GE09,2,57,2016-04-15
PR_G5-1_1_GE09_3_10,72,PR,GE09,4,61,2016-05-23
PR_G5-1_1_GE09_3_10,73,PR,GE09,2,63,2016-06-10
PR_G5-1_1_GE09_3_10,74,PR,GE09,3,66,2016-07-27
PR_G5-1_1_GE09_3_10,75,PR,GE09,2,68,2016-08-15
PR_G5-1_1_GE09_3_10,76,PR,GE09,2,70,2016-09-21
PR_G5-1_1_GE09_3_10,77,PR,GE09,1,71,2016-10-10
PR_G5-1_1_GE09_3_10,78,PR,GE09,2,73,2016-11-16
PR_G5-1_1_GE09_3_10,79,PR,GE09,1,74,2016-12-14
PR_G5-1_1_GE09_3_10,83,PR,GE09,1,75,2017-04-24
PR_G5-1_1_GE09_3_10,84,PR,GE09,1,76,2017-05-03
PR_G5-1_1_GE09_3_10,85,PR,GE09,1,77,2017-06-19
PR_G5-1_1_GE09_3_10,86,PR,GE09,3,80,2017-07-26
PR_G5-1_1_GE09_3_10,87,PR,GE09,1,81,2017-08-23
PR_G5-1_1_GE09_3_10,88,PR,GE09,2,83,2017-09-29
PR_G5-1_1_GE09_3_10,89,PR,GE09,2,85,2017-10-18
PR_G5-1_1_GE09_3_10,90,PR,GE09,2,87,2017-11-15
PR_G5-1_1_GE09_3_10,91,PR,GE09,1,88,2017-12-13
PR_G5-1_1_GE09_3_10,92,PR,GE09,3,91,2018-01-19
PR_G5-1_1_GE09_3_10,93,PR,GE09,2,93,2018-02-26
PR_G5-1_1_GE09_3_10,94,PR,GE09,1,94,2018-03-16
PR_G5-1_1_GE09_3_10,100,PR,GE09,2,96,2018-09-10
PR_G5-1_1_GE09_3_10,103,PR,GE09,4,102,2018-12-21
PR_G5-1_1_GE09_3_10,102,PR,GE09,2,99,2018-11-14
PR_G5-1_1_GE09_3_10,104,PR,GE09,2,104,2019-01-28
PR_G5-1_1_GE09_3_10,105,PR,GE09,2,106,2019-02-25
PR_G5-1_1_GE09_3_10,106,PR,GE09,2,108,2019-03-15
PR_G5-1_1_GE09_3_10,107,PR,GE09,1,109,2019-04-03
PR_G5-1_1_GE09_3_10,109,PR,GE09,2,111,2019-06-26
PR_G5-1_1_GE09_3_10,110,PR,GE09,1,112,2019-07-15
PR_G5-1_1_GE09_3_10,116,PR,GE09,3,118,2020-01-27
PR_G5-1_1_GE09_3_10,117,PR,GE09,2,117,2020-02-05
PR_G5-1_1_GE09_3_10,115,PR,GE09,1,115,2019-12-30
PR_G5-1_1_GE09_3_10,118,PR,GE09,2,120,2020-03-23
PR_G5-1_1_GE09_3_10,119,PR,GE09,2,122,2020-04-20
PR_G5-1_1_GE09_3_10,121,PR,GE09,2,124,2020-06-24
PR_G5-1_1_GE09_3_10,122,PR,GE09,1,125,2020-07-14
PR_G5-1_1_GE09_3_10,123,PR,GE09,2,127,2020-08-18
PR_G5-1_1_GE09_3_10,125,PR,GE09,1,128,2020-10-05
PR_G5-1_1_GE09_3_10,129,PR,GE09,2,130,2021-02-08
PR_G5-1_1_GE09_3_10,130,PR,GE09,4,134,2021-03-15
PR_G5-1_1_GE09_3_10,131,PR,GE09,2,136,2021-04-19
PR_G5-1_1_GE09_3_10,132,PR,GE09,2,138,2021-05-12
PR_G5-1_1_GE09_3_10,133,PR,GE09,3,141,2021-06-28
PR_G5-1_1_GE09_3_10,134,PR,GE09,1,142,2021-07-23
PR_G5-1_1_GE09_3_10,135,PR,GE09,1,143,2021-08-16
PR_G5-1_1_GE09_3_10,136,PR,GE09,1,144,2021-09-08
PR_G5-1_1_GE09_3_10,137,PR,GE09,1,145,2021-10-13
PR_G5-1_1_GE09_3_10,143,PR,GE09,4,149,2022-04-20
PR_G5-1_1_GE09_3_10,146,PR,GE09,1,150,2022-07-22
PR_G5-1_1_GE09_3_10,147,PR,GE09,1,151,2022-08-15
PR_G5-1_1_GE09_3_10,148,PR,GE09,2,153,2022-09-19
PR_G5-1_1_GE09_3_10,149,PR,GE09,2,155,2022-10-24
PR_G5-1_1_GE09_3_10,150,PR,GE09,2,157,2022-11-16
PR_G5-1_1_GE09_3_10,151,PR,GE09,1,158,2022-12-21
PR_G5-1_1_GE09_3_10,153,PR,GE09,1,159,2023-02-20
PR_G5-1_1_GE09_3_10,154,PR,GE09,2,161,2023-03-16
PR_G5-1_1_GE09_3_10,155,PR,GE09,2,163,2023-04-21
PR_G5-1_1_GE09_3_10,156,PR,GE09,1,164,2023-05-03
PR_G5-1_1_GE09_3_10,162,PR,GE09,2,166,2023-11-07
PR_G5-1_1_GE09_3_10,164,PR,GE09,2,168,2024-01-27
PR_G5-1_1_GE09_3_10,165,PR,GE09,4,172,2024-02-20
PR_G5-1_1_GE09_3_10,166,PR,GE09,1,173,2024-03-14
PR_G5-1_1_GE09_3_10,167,PR,GE09,1,174,2024-04-13
PR_G5-1_1_GE09_3_10,168,PR,GE09,2,176,2024-05-14
PR_G5-1_1_GE09_3_10,169,PR,GE09,1,177,2024-06-06
PR_G5-1_1_GE09_3_8,34,PR,GE09,0,0,2013-03-29
PR_G5-1_1_GE09_3_8,35,PR,GE09,0,0,2013-04-30
PR_G5-1_1_GE09_3_8,36,PR,GE09,0,0,2013-05-30
PR_G5-1_1_GE09_3_8,37,PR,GE09,0,0,2013-06-19
PR_G5-1_1_GE09_3_8,38,PR,GE09,0,0,2013-07-31
PR_G5-1_1_GE09_3_8,39,PR,GE09,0,0,2013-08-20
PR_G5-1_1_GE09_3_8,40,PR,GE09,0,0,2013-09-30
PR_G5-1_1_GE09_3_8,41,PR,GE09,0,0,2013-10-21
PR_G5-1_1_GE09_3_8,42,PR,GE09,0,0,2013-11-18
PR_G5-1_1_GE09_3_8,43,PR,GE09,0,0,2013-12-06
PR_G5-1_1_GE09_3_8,44,PR,GE09,0,0,2014-01-14
PR_G5-1_1_GE09_3_8,45,PR,GE09,5,6,2014-02-13
PR_G5-1_1_GE09_3_8,46,PR,GE09,3,8,2014-03-31
PR_G5-1_1_GE09_3_8,47,PR,GE09,3,11,2014-04-28
PR_G5-1_1_GE09_3_8,48,PR,GE09,3,14,2014-05-26
PR_G5-1_1_GE09_3_8,49,PR,GE09,2,16,2014-06-23
PR_G5-1_1_GE09_3_8,50,PR,GE09,4,20,2014-07-30
PR_G5-1_1_GE09_3_8,51,PR,GE09,2,22,2014-08-27
PR_G5-1_1_GE09_3_8,53,PR,GE09,2,24,2014-10-03
PR_G5-1_1_GE09_3_8,54,PR,GE09,2,26,2014-11-10
PR_G5-1_1_GE09_3_8,55,PR,GE09,1,27,2014-12-08
PR_G5-1_1_GE09_3_8,59,PR,GE09,7,34,2015-04-27
PR_G5-1_1_GE09_3_8,60,PR,GE09,1,35,2015-05-25
PR_G5-1_1_GE09_3_8,61,PR,GE09,3,38,2015-06-12
PR_G5-1_1_GE09_3_8,62,PR,GE09,4,42,2015-07-29
PR_G5-1_1_GE09_3_8,63,PR,GE09,2,44,2015-08-26
PR_G5-1_1_GE09_3_8,64,PR,GE09,2,46,2015-09-04
PR_G5-1_1_GE09_3_8,65,PR,GE09,4,50,2015-10-30
PR_G5-1_1_GE09_3_8,66,PR,GE09,1,51,2015-11-09
PR_G5-1_1_GE09_3_8,67,PR,GE09,2,53,2015-12-26
PR_G5-1_1_GE09_3_8,73,PR,GE09,6,61,2016-06-29
PR_G5-1_1_GE09_3_8,72,PR,GE09,2,58,2016-05-13
PR_G5-1_1_GE09_3_8,74,PR,GE09,2,63,2016-07-27
PR_G5-1_1_GE09_3_8,75,PR,GE09,2,65,2016-08-24
PR_G5-1_1_GE09_3_8,76,PR,GE09,3,68,2016-09-30
PR_G5-1_1_GE09_3_8,77,PR,GE09,1,69,2016-10-10
PR_G5-1_1_GE09_3_8,78,PR,GE09,2,71,2016-11-16
PR_G5-1_1_GE09_3_8,79,PR,GE09,2,73,2016-12-14
PR_G5-1_1_GE09_3_8,80,PR,GE09,2,75,2017-01-11
PR_G5-1_1_GE09_3_8,81,PR,GE09,2,77,2017-02-27
PR_G5-1_1_GE09_3_8,82,PR,GE09,2,79,2017-03-27
PR_G5-1_1_GE09_3_8,88,PR,GE09,5,84,2017-09-20
PR_G5-1_1_GE09_3_8,89,PR,GE09,1,85,2017-10-18
PR_G5-1_1_GE09_3_8,90,PR,GE09,2,87,2017-11-06
PR_G5-1_1_GE09_3_8,91,PR,GE09,2,89,2017-12-13
PR_G5-1_1_GE09_3_8,92,PR,GE09,3,92,2018-01-19
PR_G5-1_1_GE09_3_8,93,PR,GE09,3,95,2018-02-26
PR_G5-1_1_GE09_3_8,94,PR,GE09,1,96,2018-03-16
PR_G5-1_1_GE09_3_8,95,PR,GE09,1,97,2018-04-04
PR_G5-1_1_GE09_3_8,103,PR,GE09,4,105,2018-12-21
PR_G5-1_1_GE09_3_8,102,PR,GE09,4,102,2018-11-23
PR_G5-1_1_GE09_3_8,104,PR,GE09,2,107,2019-01-28
PR_G5-1_1_GE09_3_8,105,PR,GE09,2,109,2019-02-25
PR_G5-1_1_GE09_3_8,107,PR,GE09,1,110,2019-04-22
PR_G5-1_1_GE09_3_8,108,PR,GE09,1,111,2019-05-10
PR_G5-1_1_GE09_3_8,116,PR,GE09,2,115,2020-01-17
PR_G5-1_1_GE09_3_8,115,PR,GE09,2,114,2019-12-30
PR_G5-1_1_GE09_3_8,119,PR,GE09,1,116,2020-04-01
PR_G5-1_1_GE09_3_8,120,PR,GE09,1,117,2020-05-27
PR_G5-1_1_GE09_3_8,121,PR,GE09,1,118,2020-06-15
PR_G5-1_1_GE09_3_8,122,PR,GE09,2,120,2020-07-25
PR_G5-1_1_GE09_3_8,123,PR,GE09,1,121,2020-08-18
PR_G5-1_1_GE09_3_8,124,PR,GE09,1,122,2020-09-10
PR_G5-1_1_GE09_3_8,125,PR,GE09,2,124,2020-10-16
PR_G5-1_1_GE09_3_8,128,PR,GE09,4,128,2021-01-27
PR_G5-1_1_GE09_3_8,129,PR,GE09,1,129,2021-02-19
PR_G5-1_1_GE09_3_8,135,PR,GE09,1,130,2021-08-27
PR_G5-1_1_GE09_3_8,136,PR,GE09,1,131,2021-09-08
PR_G5-1_1_GE09_3_8,140,PR,GE09,6,138,2022-01-28
PR_G5-1_1_GE09_3_8,139,PR,GE09,1,133,2021-12-22
PR_G5-1_1_GE09_3_8,141,PR,GE09,1,139,2022-02-21
PR_G5-1_1_GE09_3_8,142,PR,GE09,1,140,2022-03-16
PR_G5-1_1_GE09_3_8,147,PR,GE09,1,141,2022-08-03
PR_G5-1_1_GE09_3_8,152,PR,GE09,4,145,2023-01-27
PR_G5-1_1_GE09_3_8,153,PR,GE09,2,147,2023-02-08
PR_G5-1_1_GE09_3_8,154,PR,GE09,2,149,2023-03-29
PR_G5-1_1_GE09_3_8,158,PR,GE09,1,150,2023-07-25
PR_G5-1_1_GE09_3_8,159,PR,GE09,1,151,2023-08-17
PR_G5-1_1_GE09_3_8,161,PR,GE09,1,152,2023-10-03
PR_G5-1_1_GE09_3_8,165,PR,GE09,2,155,2024-02-08
PR_G5-1_1_GE09_3_8,164,PR,GE09,1,154,2024-01-22
PR_G5-1_1_GE09_3_8,166,PR,GE09,0,155,2024-03-20
PR_G5-1_3_GE09_44_2,60,PR,GE09,1,1,2015-05-20
PR_G5-1_3_GE09_44_2,61,PR,GE09,4,5,2015-06-26
PR_G5-1_3_GE09_44_2,62,PR,GE09,1,6,2015-07-15
PR_G5-1_3_GE09_44_2,63,PR,GE09,3,9,2015-08-12
PR_G5-1_3_GE09_44_2,64,PR,GE09,2,11,2015-09-18
PR_G5-1_3_GE09_44_2,65,PR,GE09,2,13,2015-10-26
PR_G5-1_3_GE09_44_2,66,PR,GE09,1,14,2015-11-04
PR_G5-1_3_GE09_44_2,67,PR,GE09,2,16,2015-12-11
PR_G5-1_3_GE09_44_2,71,PR,GE09,7,23,2016-04-20
PR_G5-1_3_GE09_44_2,72,PR,GE09,3,26,2016-05-27
PR_G5-1_3_GE09_44_2,73,PR,GE09,3,29,2016-06-24
PR_G5-1_3_GE09_44_2,74,PR,GE09,3,32,2016-07-22
PR_G5-1_3_GE09_44_2,75,PR,GE09,2,34,2016-08-19
PR_G5-1_3_GE09_44_2,76,PR,GE09,2,36,2016-09-26
PR_G5-1_3_GE09_44_2,77,PR,GE09,1,37,2016-10-14
PR_G5-1_3_GE09_44_2,78,PR,GE09,1,38,2016-11-11
PR_G5-1_3_GE09_44_2,83,PR,GE09,2,40,2017-04-19
PR_G5-1_3_GE09_44_2,86,PR,GE09,1,41,2017-07-31
PR_G5-1_3_GE09_44_2,87,PR,GE09,2,43,2017-08-28
PR_G5-1_3_GE09_44_2,88,PR,GE09,1,44,2017-09-15
PR_G5-1_3_GE09_44_2,89,PR,GE09,2,46,2017-10-23
PR_G5-1_3_GE09_44_2,90,PR,GE09,2,48,2017-11-20
PR_G5-1_3_GE09_44_2,91,PR,GE09,2,50,2017-12-18
PR_G5-1_3_GE09_44_2,92,PR,GE09,2,52,2018-01-05
PR_G5-1_3_GE09_44_2,98,PR,GE09,2,54,2018-07-20
PR_G5-1_3_GE09_44_2,99,PR,GE09,2,56,2018-08-27
PR_G5-1_3_GE09_44_2,101,PR,GE09,3,59,2018-10-22
PR_G5-1_3_GE09_44_2,102,PR,GE09,3,62,2018-11-28
PR_G5-1_3_GE09_44_2,103,PR,GE09,3,65,2018-12-26
PR_G5-1_3_GE09_44_2,104,PR,GE09,1,66,2019-01-14
PR_G5-1_3_GE09_44_2,105,PR,GE09,1,67,2019-02-11
PR_G5-1_3_GE09_44_2,106,PR,GE09,3,70,2019-03-11
PR_G5-1_3_GE09_44_2,107,PR,GE09,1,71,2019-04-08
PR_G5-1_3_GE09_44_2,110,PR,GE09,2,74,2019-07-01
PR_G5-1_3_GE09_44_2,109,PR,GE09,1,73,2019-06-21
PR_G5-1_3_GE09_44_2,115,PR,GE09,2,76,2019-12-06
PR_G5-1_3_GE09_44_2,116,PR,GE09,3,79,2020-01-22
PR_G5-1_3_GE09_44_2,117,PR,GE09,1,80,2020-02-10
PR_G5-1_3_GE09_44_2,119,PR,GE09,1,81,2020-04-24
PR_G5-1_3_GE09_44_2,120,PR,GE09,1,82,2020-05-04
PR_G5-1_3_GE09_44_2,121,PR,GE09,2,84,2020-06-26
PR_G5-1_3_GE09_44_2,122,PR,GE09,2,86,2020-07-30
PR_G5-1_3_GE09_44_2,124,PR,GE09,1,87,2020-09-03
PR_G5-1_3_GE09_44_2,128,PR,GE09,2,89,2021-01-20
PR_G5-1_3_GE09_44_2,129,PR,GE09,1,90,2021-02-01
PR_G5-1_3_GE09_44_2,130,PR,GE09,3,93,2021-03-31
PR_G5-1_3_GE09_44_2,131,PR,GE09,1,94,2021-04-23
PR_G5-1_3_GE09_44_2,132,PR,GE09,1,95,2021-05-17
PR_G5-1_3_GE09_44_2,133,PR,GE09,3,98,2021-06-21
PR_G5-1_3_GE09_44_2,134,PR,GE09,2,100,2021-07-28
PR_G5-1_3_GE09_44_2,135,PR,GE09,1,101,2021-08-09
PR_G5-1_3_GE09_44_2,136,PR,GE09,1,102,2021-09-13
PR_G5-1_3_GE09_44_2,137,PR,GE09,2,104,2021-10-29
PR_G5-1_3_GE09_44_2,138,PR,GE09,1,105,2021-11-22
PR_G5-1_3_GE09_44_2,139,PR,GE09,1,106,2021-12-03
PR_G5-1_3_GE09_44_2,141,PR,GE09,2,108,2022-02-25
PR_G5-1_3_GE09_44_2,142,PR,GE09,2,110,2022-03-21
PR_G5-1_3_GE09_44_2,143,PR,GE09,2,112,2022-04-24
PR_G5-1_3_GE09_44_2,144,PR,GE09,2,114,2022-05-30
PR_G5-1_3_GE09_44_2,145,PR,GE09,1,115,2022-06-10
PR_G5-1_3_GE09_44_2,146,PR,GE09,2,117,2022-07-15
PR_G5-1_3_GE09_44_2,147,PR,GE09,2,119,2022-08-31
PR_G5-1_3_GE09_44_2,149,PR,GE09,2,121,2022-10-17
PR_G5-1_3_GE09_44_2,150,PR,GE09,1,122,2022-11-09
PR_G5-1_3_GE09_44_2,155,PR,GE09,2,124,2023-04-03
PR_G5-1_3_GE09_44_2,156,PR,GE09,2,126,2023-05-08
PR_G5-1_3_GE09_44_2,158,PR,GE09,1,127,2023-07-29
PR_G5-1_3_GE09_44_2,159,PR,GE09,2,129,2023-08-22
PR_G5-1_3_GE09_44_2,160,PR,GE09,2,131,2023-09-26
PR_G5-1_3_GE09_44_2,161,PR,GE09,1,132,2023-10-19
PR_G5-1_3_GE09_44_2,165,PR,GE09,2,134,2024-02-13
PR_G5-1_3_GE09_44_2,166,PR,GE09,2,136,2024-03-19
PR_G5-1_3_GE09_44_2,167,PR,GE09,0,136,2024-04-01
PR_G5-1_3_GE09_44_6,35,PR,GE09,0,0,2013-04-10
PR_G5-1_3_GE09_44_6,38,PR,GE09,0,0,2013-07-31
PR_G5-1_3_GE09_44_6,39,PR,GE09,0,0,2013-08-20
PR_G5-1_3_GE09_44_6,40,PR,GE09,0,0,2013-09-30
PR_G5-1_3_GE09_44_6,41,PR,GE09,0,0,2013-10-09
PR_G5-1_3_GE09_44_6,42,PR,GE09,0,0,2013-11-07
PR_G5-1_3_GE09_44_6,43,PR,GE09,0,3,2013-12-06
PR_G5-1_3_GE09_44_6,44,PR,GE09,0,0,2014-01-14
PR_G5-1_3_GE09_44_6,45,PR,GE09,3,3,2014-02-25
PR_G5-1_3_GE09_44_6,46,PR,GE09,2,5,2014-03-26
PR_G5-1_3_GE09_44_6,47,PR,GE09,2,7,2014-04-14
PR_G5-1_3_GE09_44_6,48,PR,GE09,4,11,2014-05-30
PR_G5-1_3_GE09_44_6,49,PR,GE09,2,13,2014-06-27
PR_G5-1_3_GE09_44_6,50,PR,GE09,2,15,2014-07-16
PR_G5-1_3_GE09_44_6,51,PR,GE09,3,18,2014-08-22
PR_G5-1_3_GE09_44_6,52,PR,GE09,2,20,2014-09-19
PR_G5-1_3_GE09_44_6,53,PR,GE09,1,21,2014-10-17
PR_G5-1_3_GE09_44_6,54,PR,GE09,2,23,2014-11-05
PR_G5-1_3_GE09_44_6,55,PR,GE09,2,25,2014-12-18
PR_G5-1_3_GE09_44_6,56,PR,GE09,1,26,2015-01-09
PR_G5-1_3_GE09_44_6,57,PR,GE09,3,29,2015-02-25
PR_G5-1_3_GE09_44_6,58,PR,GE09,2,31,2015-03-25
PR_G5-1_3_GE09_44_6,60,PR,GE09,5,36,2015-05-29
PR_G5-1_3_GE09_44_6,61,PR,GE09,3,39,2015-06-26
PR_G5-1_3_GE09_44_6,62,PR,GE09,2,41,2015-07-24
PR_G5-1_3_GE09_44_6,63,PR,GE09,2,43,2015-08-12
PR_G5-1_3_GE09_44_6,64,PR,GE09,2,45,2015-09-18
PR_G5-1_3_GE09_44_6,65,PR,GE09,2,47,2015-10-26
PR_G5-1_3_GE09_44_6,66,PR,GE09,2,49,2015-11-23
PR_G5-1_3_GE09_44_6,68,PR,GE09,2,53,2016-01-27
PR_G5-1_3_GE09_44_6,67,PR,GE09,1,51,2015-12-21
PR_G5-1_3_GE09_44_6,69,PR,GE09,3,55,2016-02-24
PR_G5-1_3_GE09_44_6,70,PR,GE09,2,57,2016-03-14
PR_G5-1_3_GE09_44_6,71,PR,GE09,3,60,2016-04-11
PR_G5-1_3_GE09_44_6,72,PR,GE09,2,62,2016-05-09
PR_G5-1_3_GE09_44_6,73,PR,GE09,3,65,2016-06-15
PR_G5-1_3_GE09_44_6,74,PR,GE09,2,67,2016-07-22
PR_G5-1_3_GE09_44_6,75,PR,GE09,2,69,2016-08-19
PR_G5-1_3_GE09_44_6,76,PR,GE09,2,71,2016-09-26
PR_G5-1_3_GE09_44_6,77,PR,GE09,1,72,2016-10-24
PR_G5-1_3_GE09_44_6,78,PR,GE09,1,73,2016-11-11
PR_G5-1_3_GE09_44_6,83,PR,GE09,3,78,2017-04-19
PR_G5-1_3_GE09_44_6,82,PR,GE09,2,77,2017-03-31
PR_G5-1_3_GE09_44_6,87,PR,GE09,2,80,2017-08-28
PR_G5-1_3_GE09_44_6,88,PR,GE09,1,81,2017-09-25
PR_G5-1_3_GE09_44_6,89,PR,GE09,1,82,2017-10-13
PR_G5-1_3_GE09_44_6,90,PR,GE09,2,84,2017-11-20
PR_G5-1_3_GE09_44_6,91,PR,GE09,1,85,2017-12-18
PR_G5-1_3_GE09_44_6,92,PR,GE09,1,86,2018-01-05
PR_G5-1_3_GE09_44_6,93,PR,GE09,3,89,2018-02-21
PR_G5-1_3_GE09_44_6,94,PR,GE09,3,92,2018-03-30
PR_G5-1_3_GE09_44_6,101,PR,GE09,1,93,2018-10-22
PR_G5-1_3_GE09_44_6,104,PR,GE09,3,96,2019-01-23
PR_G5-1_3_GE09_44_6,105,PR,GE09,4,100,2019-02-20
PR_G5-1_3_GE09_44_6,106,PR,GE09,3,103,2019-03-20
PR_G5-1_3_GE09_44_6,107,PR,GE09,2,105,2019-04-26
PR_G5-1_3_GE09_44_6,108,PR,GE09,1,106,2019-05-15
PR_G5-1_3_GE09_44_6,109,PR,GE09,3,109,2019-06-21
PR_G5-1_3_GE09_44_6,111,PR,GE09,1,110,2019-08-26
PR_G5-1_3_GE09_44_6,112,PR,GE09,1,111,2019-09-04
PR_G5-1_3_GE09_44_6,113,PR,GE09,1,112,2019-10-21
PR_G5-1_3_GE09_44_6,118,PR,GE09,6,119,2020-03-27
PR_G5-1_3_GE09_44_6,119,PR,GE09,2,120,2020-04-24
PR_G5-1_3_GE09_44_6,120,PR,GE09,1,121,2020-05-04
PR_G5-1_3_GE09_44_6,122,PR,GE09,1,122,2020-07-09
PR_G5-1_3_GE09_44_6,130,PR,GE09,6,130,2021-03-31
PR_G5-1_3_GE09_44_6,129,PR,GE09,1,125,2021-02-24
PR_G5-1_3_GE09_44_6,131,PR,GE09,2,131,2021-04-12
PR_G5-1_3_GE09_44_6,138,PR,GE09,1,132,2021-11-22
PR_G5-1_3_GE09_44_6,141,PR,GE09,7,139,2022-02-25
PR_G5-1_3_GE09_44_6,143,PR,GE09,3,142,2022-04-13
PR_G5-1_3_GE09_44_6,144,PR,GE09,2,144,2022-05-30
PR_G5-1_3_GE09_44_6,145,PR,GE09,1,145,2022-06-22
PR_G5-1_3_GE09_44_6,155,PR,GE09,1,146,2023-04-14
PR_G5-1_3_GE09_44_6,156,PR,GE09,1,147,2023-05-08
PR_G5-1_3_GE09_44_6,158,PR,GE09,2,149,2023-07-18
PR_G5-1_3_GE09_44_6,162,PR,GE09,1,150,2023-11-11
PR_G5-1_3_GE09_44_6,165,PR,GE09,4,154,2024-02-24
PR_G5-1_3_GE09_44_6,166,PR,GE09,1,155,2024-03-19
PR_G5-1_3_GE09_44_6,167,PR,GE09,1,156,2024-04-29
PR_G5-1_3_GE09_44_6,168,PR,GE09,0,156,2024-05-07
PR_G5-1_3_GE09_44_6,169,PR,GE09,1,157,2024-06-11
PR_G5-1_3_GE09_45_2,60,PR,GE09,3,3,2015-05-29
PR_G5-1_3_GE09_45_2,61,PR,GE09,2,5,2015-06-26
PR_G5-1_3_GE09_45_2,62,PR,GE09,2,7,2015-07-24
PR_G5-1_3_GE09_45_2,63,PR,GE09,2,9,2015-08-31
PR_G5-1_3_GE09_45_2,64,PR,GE09,1,10,2015-09-18
PR_G5-1_3_GE09_45_2,65,PR,GE09,2,12,2015-10-16
PR_G5-1_3_GE09_45_2,66,PR,GE09,2,14,2015-11-04
PR_G5-1_3_GE09_45_2,70,PR,GE09,3,19,2016-03-23
PR_G5-1_3_GE09_45_2,69,PR,GE09,2,17,2016-02-24
PR_G5-1_3_GE09_45_2,71,PR,GE09,4,23,2016-04-20
PR_G5-1_3_GE09_45_2,72,PR,GE09,3,26,2016-05-27
PR_G5-1_3_GE09_45_2,73,PR,GE09,3,29,2016-06-24
PR_G5-1_3_GE09_45_2,74,PR,GE09,1,30,2016-07-13
PR_G5-1_3_GE09_45_2,75,PR,GE09,3,33,2016-08-29
PR_G5-1_3_GE09_45_2,76,PR,GE09,2,35,2016-09-26
PR_G5-1_3_GE09_45_2,77,PR,GE09,1,36,2016-10-14
PR_G5-1_3_GE09_45_2,78,PR,GE09,1,37,2016-11-02
PR_G5-1_3_GE09_45_2,84,PR,GE09,1,38,2017-05-08
PR_G5-1_3_GE09_45_2,83,PR,GE09,3,41,2017-04-10
PR_G5-1_3_GE09_45_2,85,PR,GE09,3,44,2017-06-23
PR_G5-1_3_GE09_45_2,86,PR,GE09,2,46,2017-07-31
PR_G5-1_3_GE09_45_2,87,PR,GE09,1,47,2017-08-09
PR_G5-1_3_GE09_45_2,88,PR,GE09,2,49,2017-09-25
PR_G5-1_3_GE09_45_2,89,PR,GE09,1,50,2017-10-13
PR_G5-1_3_GE09_45_2,90,PR,GE09,3,53,2017-11-29
PR_G5-1_3_GE09_45_2,91,PR,GE09,1,54,2017-12-08
PR_G5-1_3_GE09_45_2,92,PR,GE09,3,57,2018-01-24
PR_G5-1_3_GE09_45_2,93,PR,GE09,1,58,2018-02-12
PR_G5-1_3_GE09_45_2,94,PR,GE09,2,60,2018-03-21
PR_G5-1_3_GE09_45_2,98,PR,GE09,3,63,2018-07-30
PR_G5-1_3_GE09_45_2,99,PR,GE09,1,64,2018-08-27
PR_G5-1_3_GE09_45_2,100,PR,GE09,1,65,2018-09-14
PR_G5-1_3_GE09_45_2,102,PR,GE09,2,67,2018-11-19
PR_G5-1_3_GE09_45_2,103,PR,GE09,2,69,2018-12-17
PR_G5-1_3_GE09_45_2,105,PR,GE09,4,73,2019-02-11
PR_G5-1_3_GE09_45_2,106,PR,GE09,3,76,2019-03-29
PR_G5-1_3_GE09_45_2,107,PR,GE09,1,77,2019-04-17
PR_G5-1_3_GE09_45_2,108,PR,GE09,2,79,2019-05-24
PR_G5-1_3_GE09_45_2,109,PR,GE09,2,81,2019-06-21
PR_G5-1_3_GE09_45_2,110,PR,GE09,2,83,2019-07-19
PR_G5-1_3_GE09_45_2,111,PR,GE09,2,85,2019-08-26
PR_G5-1_3_GE09_45_2,112,PR,GE09,1,86,2019-09-23
PR_G5-1_3_GE09_45_2,113,PR,GE09,2,88,2019-10-30
PR_G5-1_3_GE09_45_2,114,PR,GE09,1,89,2019-11-27
PR_G5-1_3_GE09_45_2,115,PR,GE09,1,90,2019-12-16
PR_G5-1_3_GE09_45_2,118,PR,GE09,5,95,2020-03-27
PR_G5-1_3_GE09_45_2,119,PR,GE09,2,97,2020-04-24
PR_G5-1_3_GE09_45_2,120,PR,GE09,2,99,2020-05-22
PR_G5-1_3_GE09_45_2,121,PR,GE09,3,102,2020-06-26
PR_G5-1_3_GE09_45_2,122,PR,GE09,2,104,2020-07-30
PR_G5-1_3_GE09_45_2,124,PR,GE09,2,106,2020-09-15
PR_G5-1_3_GE09_45_2,125,PR,GE09,2,108,2020-10-27
PR_G5-1_3_GE09_45_2,126,PR,GE09,1,109,2020-11-07
PR_G5-1_3_GE09_45_2,127,PR,GE09,2,111,2020-12-24
PR_G5-1_3_GE09_45_2,129,PR,GE09,1,112,2021-02-01
PR_G5-1_3_GE09_45_2,130,PR,GE09,4,116,2021-03-31
PR_G5-1_3_GE09_45_2,131,PR,GE09,2,118,2021-04-23
PR_G5-1_3_GE09_45_2,132,PR,GE09,2,120,2021-05-17
PR_G5-1_3_GE09_45_2,135,PR,GE09,2,122,2021-08-20
PR_G5-1_3_GE09_45_2,136,PR,GE09,1,123,2021-09-24
PR_G5-1_3_GE09_45_2,137,PR,GE09,2,125,2021-10-29
PR_G5-1_3_GE09_45_2,138,PR,GE09,1,126,2021-11-22
PR_G5-1_3_GE09_45_2,139,PR,GE09,2,128,2021-12-27
PR_G5-1_3_GE09_45_2,140,PR,GE09,1,129,2022-01-21
PR_G5-1_3_GE09_45_2,143,PR,GE09,6,135,2022-04-24
PR_G5-1_3_GE09_45_2,144,PR,GE09,1,136,2022-05-18
PR_G5-1_3_GE09_45_2,148,PR,GE09,1,137,2022-09-23
PR_G5-1_3_GE09_45_2,149,PR,GE09,1,138,2022-10-17
PR_G5-1_3_GE09_45_2,150,PR,GE09,1,139,2022-11-09
PR_G5-1_3_GE09_45_2,151,PR,GE09,2,141,2022-12-14
PR_G5-1_3_GE09_45_2,152,PR,GE09,1,142,2023-01-11
PR_G5-1_3_GE09_45_2,154,PR,GE09,3,145,2023-03-22
PR_G5-1_3_GE09_45_2,155,PR,GE09,1,146,2023-04-14
PR_G5-1_3_GE09_45_2,156,PR,GE09,3,149,2023-05-19
PR_G5-1_3_GE09_45_2,157,PR,GE09,1,150,2023-06-12
PR_G5-1_3_GE09_45_2,158,PR,GE09,1,151,2023-07-06
PR_G5-1_3_GE09_45_2,159,PR,GE09,1,152,2023-08-10
PR_G5-1_3_GE09_45_2,160,PR,GE09,2,154,2023-09-26
PR_G5-1_3_GE09_45_2,161,PR,GE09,1,155,2023-10-19
PR_G5-1_3_GE09_45_2,162,PR,GE09,1,156,2023-11-11
PR_G5-1_3_GE09_45_2,163,PR,GE09,1,157,2023-12-05
PR_G5-1_3_GE09_45_2,167,PR,GE09,1,158,2024-04-29
PR_G5-1_3_GE09_45_2,166,PR,GE09,0,157,2024-03-19
PR_G5-1_3_GE09_45_2,168,PR,GE09,2,160,2024-05-23
PR_G5-1_4_GE02_49_10,35,PR,GE02,0,0,2013-04-19
PR_G5-1_4_GE02_49_10,41,PR,GE02,0,0,2013-10-29
PR_G5-1_4_GE02_49_10,42,PR,GE02,0,0,2013-11-18
PR_G5-1_4_GE02_49_10,43,PR,GE02,0,0,2013-12-17
PR_G5-1_4_GE02_49_10,44,PR,GE02,0,1,2014-01-14
PR_G5-1_4_GE02_49_10,45,PR,GE02,5,5,2014-02-25
PR_G5-1_4_GE02_49_10,46,PR,GE02,2,8,2014-03-17
PR_G5-1_4_GE02_49_10,47,PR,GE02,3,10,2014-04-14
PR_G5-1_4_GE02_49_10,48,PR,GE02,3,13,2014-05-21
PR_G5-1_4_GE02_49_10,49,PR,GE02,3,16,2014-06-27
PR_G5-1_4_GE02_49_10,50,PR,GE02,2,18,2014-07-16
PR_G5-1_4_GE02_49_10,51,PR,GE02,4,22,2014-08-22
PR_G5-1_4_GE02_49_10,52,PR,GE02,2,25,2014-09-29
PR_G5-1_4_GE02_49_10,53,PR,GE02,3,27,2014-10-27
PR_G5-1_4_GE02_49_10,54,PR,GE02,3,30,2014-11-24
PR_G5-1_4_GE02_49_10,55,PR,GE02,2,32,2014-12-18
PR_G5-1_4_GE02_49_10,56,PR,GE02,1,33,2015-01-28
PR_G5-1_4_GE02_49_10,57,PR,GE02,4,37,2015-02-25
PR_G5-1_4_GE02_49_10,58,PR,GE02,2,40,2015-03-25
PR_G5-1_4_GE02_49_10,59,PR,GE02,3,42,2015-04-13
PR_G5-1_4_GE02_49_10,60,PR,GE02,4,46,2015-05-29
PR_G5-1_4_GE02_49_10,61,PR,GE02,3,49,2015-06-26
PR_G5-1_4_GE02_49_10,62,PR,GE02,2,52,2015-07-24
PR_G5-1_4_GE02_49_10,63,PR,GE02,1,51,2015-08-03
PR_G5-1_4_GE02_49_10,64,PR,GE02,3,55,2015-09-28
PR_G5-1_4_GE02_49_10,65,PR,GE02,2,57,2015-10-26
PR_G5-1_4_GE02_49_10,66,PR,GE02,2,59,2015-11-13
PR_G5-1_4_GE02_49_10,70,PR,GE02,1,60,2016-03-04
PR_G5-1_4_GE02_49_10,71,PR,GE02,4,66,2016-04-29
PR_G5-1_4_GE02_49_10,72,PR,GE02,3,67,2016-05-27
PR_G5-1_4_GE02_49_10,73,PR,GE02,3,70,2016-06-24
PR_G5-1_4_GE02_49_10,74,PR,GE02,2,72,2016-07-13
PR_G5-1_4_GE02_49_10,75,PR,GE02,4,76,2016-08-29
PR_G5-1_4_GE02_49_10,76,PR,GE02,2,78,2016-09-26
PR_G5-1_4_GE02_49_10,77,PR,GE02,2,80,2016-10-24
PR_G5-1_4_GE02_49_10,78,PR,GE02,1,81,2016-11-11
PR_G5-1_4_GE02_49_10,79,PR,GE02,1,82,2016-12-09
PR_G5-1_4_GE02_49_10,84,PR,GE02,1,83,2017-05-26
PR_G5-1_4_GE02_49_10,85,PR,GE02,4,87,2017-06-23
PR_G5-1_4_GE02_49_10,86,PR,GE02,2,89,2017-07-21
PR_G5-1_4_GE02_49_10,87,PR,GE02,3,92,2017-08-28
PR_G5-1_4_GE02_49_10,88,PR,GE02,1,93,2017-09-15
PR_G5-1_4_GE02_49_10,89,PR,GE02,2,95,2017-10-23
PR_G5-1_4_GE02_49_10,90,PR,GE02,3,98,2017-11-29
PR_G5-1_4_GE02_49_10,91,PR,GE02,1,99,2017-12-18
PR_G5-1_4_GE02_49_10,92,PR,GE02,2,101,2018-01-15
PR_G5-1_4_GE02_49_10,93,PR,GE02,1,102,2018-02-02
PR_G5-1_4_GE02_49_10,98,PR,GE02,4,106,2018-07-20
PR_G5-1_4_GE02_49_10,99,PR,GE02,3,109,2018-08-27
PR_G5-1_4_GE02_49_10,100,PR,GE02,2,111,2018-09-14
PR_G5-1_4_GE02_49_10,101,PR,GE02,2,113,2018-10-22
PR_G5-1_4_GE02_49_10,106,PR,GE02,2,115,2019-03-29
PR_G5-1_4_GE02_49_10,107,PR,GE02,1,116,2019-04-08
PR_G5-1_4_GE02_49_10,110,PR,GE02,5,122,2019-07-29
PR_G5-1_4_GE02_49_10,111,PR,GE02,2,123,2019-08-26
PR_G5-1_4_GE02_49_10,112,PR,GE02,3,126,2019-09-23
PR_G5-1_4_GE02_49_10,113,PR,GE02,2,128,2019-10-21
PR_G5-1_4_GE02_49_10,114,PR,GE02,1,129,2019-11-08
PR_G5-1_4_GE02_49_10,124,PR,GE02,2,131,2020-09-03
PR_G5-1_4_GE02_49_10,127,PR,GE02,1,132,2020-12-12
PR_G5-1_4_GE02_49_10,130,PR,GE02,1,133,2021-03-19
PR_G5-1_4_GE02_49_10,132,PR,GE02,2,135,2021-05-28
PR_G5-1_4_GE02_49_10,133,PR,GE02,3,138,2021-06-21
PR_G5-1_4_GE02_49_10,134,PR,GE02,1,139,2021-07-15
PR_G5-1_4_GE02_49_10,135,PR,GE02,1,140,2021-08-09
PR_G5-1_4_GE02_49_10,141,PR,GE02,2,142,2022-02-25
PR_G5-1_4_GE02_49_10,145,PR,GE02,2,144,2022-06-22
PR_G5-1_4_GE02_49_10,146,PR,GE02,2,146,2022-07-27
PR_G5-1_4_GE02_49_10,147,PR,GE02,2,148,2022-08-08
PR_G5-1_4_GE02_49_10,148,PR,GE02,2,150,2022-09-12
PR_G5-1_4_GE02_49_10,149,PR,GE02,2,152,2022-10-28
PR_G5-1_4_GE02_49_10,153,PR,GE02,1,153,2023-02-24
PR_G5-1_4_GE02_49_10,159,PR,GE02,4,157,2023-08-22
PR_G5-1_4_GE02_49_10,160,PR,GE02,2,159,2023-09-26
PR_G5-1_4_GE02_49_10,161,PR,GE02,2,161,2023-10-07
PR_G5-1_4_GE02_49_10,167,PR,GE02,0,161,2024-04-05
PR_G5-1_3_GE02_49_4,35,PR,GE02,0,0,2013-04-19
PR_G5-1_3_GE02_49_4,36,PR,GE02,0,0,2013-05-10
PR_G5-1_3_GE02_49_4,38,PR,GE02,0,0,2013-07-12
PR_G5-1_3_GE02_49_4,39,PR,GE02,0,0,2013-08-30
PR_G5-1_3_GE02_49_4,40,PR,GE02,0,0,2013-09-30
PR_G5-1_3_GE02_49_4,41,PR,GE02,0,0,2013-10-29
PR_G5-1_3_GE02_49_4,42,PR,GE02,0,0,2013-11-18
PR_G5-1_3_GE02_49_4,43,PR,GE02,0,0,2013-12-06
PR_G5-1_3_GE02_49_4,44,PR,GE02,0,0,2014-01-24
PR_G5-1_3_GE02_49_4,45,PR,GE02,1,1,2014-02-14
PR_G5-1_3_GE02_49_4,46,PR,GE02,4,5,2014-03-17
PR_G5-1_3_GE02_49_4,47,PR,GE02,2,7,2014-04-14
PR_G5-1_3_GE02_49_4,48,PR,GE02,4,11,2014-05-21
PR_G5-1_3_GE02_49_4,49,PR,GE02,1,12,2014-06-18
PR_G5-1_3_GE02_49_4,50,PR,GE02,2,14,2014-07-25
PR_G5-1_3_GE02_49_4,51,PR,GE02,1,15,2014-08-04
PR_G5-1_3_GE02_49_4,52,PR,GE02,4,19,2014-09-29
PR_G5-1_3_GE02_49_4,53,PR,GE02,2,21,2014-10-17
PR_G5-1_3_GE02_49_4,54,PR,GE02,2,23,2014-11-24
PR_G5-1_3_GE02_49_4,55,PR,GE02,1,24,2014-12-12
PR_G5-1_3_GE02_49_4,56,PR,GE02,4,28,2015-01-19
PR_G5-1_3_GE02_49_4,57,PR,GE02,3,31,2015-02-25
PR_G5-1_3_GE02_49_4,59,PR,GE02,5,36,2015-04-22
PR_G5-1_3_GE02_49_4,60,PR,GE02,3,39,2015-05-11
PR_G5-1_3_GE02_49_4,61,PR,GE02,2,41,2015-06-17
PR_G5-1_3_GE02_49_4,62,PR,GE02,2,43,2015-07-24
PR_G5-1_3_GE02_49_4,63,PR,GE02,1,44,2015-08-03
PR_G5-1_3_GE02_49_4,70,PR,GE02,4,48,2016-03-14
PR_G5-1_3_GE02_49_4,71,PR,GE02,4,52,2016-04-29
PR_G5-1_3_GE02_49_4,72,PR,GE02,3,55,2016-05-27
PR_G5-1_3_GE02_49_4,73,PR,GE02,2,57,2016-06-24
PR_G5-1_3_GE02_49_4,74,PR,GE02,2,59,2016-07-13
PR_G5-1_3_GE02_49_4,75,PR,GE02,4,63,2016-08-29
PR_G5-1_3_GE02_49_4,76,PR,GE02,2,65,2016-09-26
PR_G5-1_3_GE02_49_4,77,PR,GE02,1,66,2016-10-14
PR_G5-1_3_GE02_49_4,84,PR,GE02,3,70,2017-05-08
PR_G5-1_3_GE02_49_4,85,PR,GE02,1,68,2017-06-05
PR_G5-1_3_GE02_49_4,86,PR,GE02,3,73,2017-07-31
PR_G5-1_3_GE02_49_4,87,PR,GE02,2,75,2017-08-28
PR_G5-1_3_GE02_49_4,88,PR,GE02,1,76,2017-09-15
PR_G5-1_3_GE02_49_4,89,PR,GE02,3,79,2017-10-23
PR_G5-1_3_GE02_49_4,90,PR,GE02,2,81,2017-11-20
PR_G5-1_3_GE02_49_4,91,PR,GE02,2,83,2017-12-18
PR_G5-1_3_GE02_49_4,92,PR,GE02,2,85,2018-01-15
PR_G5-1_3_GE02_49_4,93,PR,GE02,2,87,2018-02-12
PR_G5-1_3_GE02_49_4,103,PR,GE02,6,94,2018-12-26
PR_G5-1_3_GE02_49_4,104,PR,GE02,3,96,2019-01-23
PR_G5-1_3_GE02_49_4,105,PR,GE02,2,98,2019-02-11
PR_G5-1_3_GE02_49_4,106,PR,GE02,2,100,2019-03-11
PR_G5-1_3_GE02_49_4,108,PR,GE02,2,102,2019-05-24
PR_G5-1_3_GE02_49_4,109,PR,GE02,2,104,2019-06-12
PR_G5-1_3_GE02_49_4,110,PR,GE02,2,106,2019-07-29
PR_G5-1_3_GE02_49_4,117,PR,GE02,5,111,2020-02-28
PR_G5-1_3_GE02_49_4,118,PR,GE02,1,112,2020-03-27
PR_G5-1_3_GE02_49_4,119,PR,GE02,2,114,2020-04-24
PR_G5-1_3_GE02_49_4,120,PR,GE02,3,117,2020-05-22
PR_G5-1_3_GE02_49_4,121,PR,GE02,2,119,2020-06-19
PR_G5-1_3_GE02_49_4,122,PR,GE02,2,121,2020-07-30
PR_G5-1_3_GE02_49_4,123,PR,GE02,2,123,2020-08-11
PR_G5-1_3_GE02_49_4,124,PR,GE02,1,124,2020-09-28
PR_G5-1_3_GE02_49_4,132,PR,GE02,3,127,2021-05-17
PR_G5-1_3_GE02_49_4,135,PR,GE02,2,129,2021-08-20
PR_G5-1_3_GE02_49_4,136,PR,GE02,1,130,2021-09-13
PR_G5-1_3_GE02_49_4,137,PR,GE02,2,132,2021-10-29
PR_G5-1_3_GE02_49_4,138,PR,GE02,1,133,2021-11-22
PR_G5-1_3_GE02_49_4,139,PR,GE02,2,135,2021-12-15
PR_G5-1_3_GE02_49_4,140,PR,GE02,2,137,2022-01-21
PR_G5-1_3_GE02_49_4,141,PR,GE02,2,139,2022-02-25
PR_G5-1_3_GE02_49_4,143,PR,GE02,2,141,2022-04-13
PR_G5-1_3_GE02_49_4,153,PR,GE02,2,143,2023-02-24
PR_G5-1_3_GE02_49_4,154,PR,GE02,3,146,2023-03-22
PR_G5-1_3_GE02_49_4,155,PR,GE02,3,149,2023-04-26
PR_G5-1_3_GE02_49_4,156,PR,GE02,3,152,2023-05-31
PR_G5-1_3_GE02_49_4,157,PR,GE02,2,154,2023-06-23
PR_G5-1_3_GE02_49_4,158,PR,GE02,1,155,2023-07-18
PR_G5-1_3_GE02_49_4,159,PR,GE02,1,156,2023-08-22
PR_G5-1_3_GE02_49_4,160,PR,GE02,2,158,2023-09-14
PR_G5-1_3_GE02_49_4,168,PR,GE02,5,163,2024-05-30
PR_G5-1_3_GE02_49_4,169,PR,GE02,1,164,2024-06-15
PR_G5-1_3_GE02_49_5,35,PR,GE02,0,0,2013-04-19
PR_G5-1_3_GE02_49_5,40,PR,GE02,0,0,2013-09-30
PR_G5-1_3_GE02_49_5,41,PR,GE02,0,0,2013-10-29
PR_G5-1_3_GE02_49_5,42,PR,GE02,0,0,2013-11-18
PR_G5-1_3_GE02_49_5,43,PR,GE02,0,0,2013-12-17
PR_G5-1_3_GE02_49_5,44,PR,GE02,0,0,2014-01-14
PR_G5-1_3_GE02_49_5,45,PR,GE02,5,5,2014-02-25
PR_G5-1_3_GE02_49_5,46,PR,GE02,2,7,2014-03-07
PR_G5-1_3_GE02_49_5,47,PR,GE02,2,9,2014-04-23
PR_G5-1_3_GE02_49_5,48,PR,GE02,2,11,2014-05-12
PR_G5-1_3_GE02_49_5,49,PR,GE02,2,13,2014-06-09
PR_G5-1_3_GE02_49_5,50,PR,GE02,2,15,2014-07-07
PR_G5-1_3_GE02_49_5,51,PR,GE02,4,19,2014-08-13
PR_G5-1_3_GE02_49_5,52,PR,GE02,2,21,2014-09-19
PR_G5-1_3_GE02_49_5,57,PR,GE02,2,23,2015-02-25
PR_G5-1_3_GE02_49_5,58,PR,GE02,3,26,2015-03-16
PR_G5-1_3_GE02_49_5,59,PR,GE02,5,32,2015-04-01
PR_G5-1_3_GE02_49_5,60,PR,GE02,3,34,2015-05-20
PR_G5-1_3_GE02_49_5,61,PR,GE02,2,36,2015-06-26
PR_G5-1_3_GE02_49_5,62,PR,GE02,3,39,2015-07-24
PR_G5-1_3_GE02_49_5,63,PR,GE02,2,41,2015-08-21
PR_G5-1_3_GE02_49_5,64,PR,GE02,1,42,2015-09-09
PR_G5-1_3_GE02_49_5,71,PR,GE02,5,47,2016-04-20
PR_G5-1_3_GE02_49_5,72,PR,GE02,4,51,2016-05-27
PR_G5-1_3_GE02_49_5,73,PR,GE02,3,54,2016-06-24
PR_G5-1_3_GE02_49_5,74,PR,GE02,2,56,2016-07-22
PR_G5-1_3_GE02_49_5,75,PR,GE02,3,59,2016-08-29
PR_G5-1_3_GE02_49_5,76,PR,GE02,2,61,2016-09-26
PR_G5-1_3_GE02_49_5,77,PR,GE02,1,62,2016-10-24
PR_G5-1_3_GE02_49_5,86,PR,GE02,3,65,2017-07-31
PR_G5-1_3_GE02_49_5,87,PR,GE02,2,67,2017-08-28
PR_G5-1_3_GE02_49_5,88,PR,GE02,2,69,2017-09-25
PR_G5-1_3_GE02_49_5,89,PR,GE02,2,71,2017-10-13
PR_G5-1_3_GE02_49_5,90,PR,GE02,3,74,2017-11-20
PR_G5-1_3_GE02_49_5,91,PR,GE02,2,76,2017-12-18
PR_G5-1_3_GE02_49_5,100,PR,GE02,8,84,2018-09-24
PR_G5-1_3_GE02_49_5,101,PR,GE02,2,86,2018-10-12
PR_G5-1_3_GE02_49_5,102,PR,GE02,2,88,2018-11-19
PR_G5-1_3_GE02_49_5,103,PR,GE02,2,90,2018-12-26
PR_G5-1_3_GE02_49_5,104,PR,GE02,2,92,2019-01-14
PR_G5-1_3_GE02_49_5,113,PR,GE02,2,94,2019-10-11
PR_G5-1_3_GE02_49_5,114,PR,GE02,1,95,2019-11-27
PR_G5-1_3_GE02_49_5,115,PR,GE02,1,96,2019-12-16
PR_G5-1_3_GE02_49_5,116,PR,GE02,2,98,2020-01-22
PR_G5-1_3_GE02_49_5,118,PR,GE02,1,99,2020-03-18
PR_G5-1_3_GE02_49_5,119,PR,GE02,1,100,2020-04-06
PR_G5-1_3_GE02_49_5,120,PR,GE02,1,101,2020-05-22
PR_G5-1_3_GE02_49_5,121,PR,GE02,3,104,2020-06-26
PR_G5-1_3_GE02_49_5,129,PR,GE02,1,105,2021-02-24
PR_G5-1_3_GE02_49_5,130,PR,GE02,1,106,2021-03-08
PR_G5-1_3_GE02_49_5,131,PR,GE02,1,107,2021-04-23
PR_G5-1_3_GE02_49_5,132,PR,GE02,3,110,2021-05-28
PR_G5-1_3_GE02_49_5,133,PR,GE02,1,111,2021-06-21
PR_G5-1_3_GE02_49_5,134,PR,GE02,1,112,2021-07-03
PR_G5-1_3_GE02_49_5,135,PR,GE02,1,113,2021-08-20
PR_G5-1_3_GE02_49_5,138,PR,GE02,2,115,2021-11-10
PR_G5-1_3_GE02_49_5,139,PR,GE02,2,117,2021-12-15
PR_G5-1_3_GE02_49_5,144,PR,GE02,1,118,2022-05-06
PR_G5-1_3_GE02_49_5,146,PR,GE02,1,119,2022-07-15
PR_G5-1_3_GE02_49_5,149,PR,GE02,2,122,2022-10-28
PR_G5-1_3_GE02_49_5,150,PR,GE02,2,123,2022-11-21
PR_G5-1_3_GE02_49_5,152,PR,GE02,1,124,2023-01-20
PR_G5-1_3_GE02_49_5,153,PR,GE02,1,125,2023-02-13
PR_G5-1_3_GE02_49_5,157,PR,GE02,2,133,2023-06-12
PR_G5-1_3_GE02_49_5,155,PR,GE02,3,130,2023-04-26
PR_G5-1_3_GE02_49_5,154,PR,GE02,1,128,2023-03-22
PR_G5-1_3_GE02_49_5,156,PR,GE02,2,132,2023-05-31
PR_G5-1_3_GE02_49_5,166,PR,GE02,1,134,2024-03-07
PR_G5-1_3_GE02_49_5,167,PR,GE02,0,134,2024-04-05
PR_G5-1_4_GE02_49_8,41,PR,GE02,0,0,2013-10-29
PR_G5-1_4_GE02_49_8,42,PR,GE02,0,0,2013-11-26
PR_G5-1_4_GE02_49_8,43,PR,GE02,0,0,2013-12-17
PR_G5-1_4_GE02_49_8,44,PR,GE02,0,0,2014-01-14
PR_G5-1_4_GE02_49_8,45,PR,GE02,1,1,2014-02-25
PR_G5-1_4_GE02_49_8,46,PR,GE02,6,7,2014-03-26
PR_G5-1_4_GE02_49_8,47,PR,GE02,2,9,2014-04-04
PR_G5-1_4_GE02_49_8,48,PR,GE02,3,12,2014-05-21
PR_G5-1_4_GE02_49_8,49,PR,GE02,4,16,2014-06-27
PR_G5-1_4_GE02_49_8,50,PR,GE02,2,18,2014-07-25
PR_G5-1_4_GE02_49_8,51,PR,GE02,3,21,2014-08-22
PR_G5-1_4_GE02_49_8,52,PR,GE02,2,23,2014-09-19
PR_G5-1_4_GE02_49_8,53,PR,GE02,1,24,2014-10-17
PR_G5-1_4_GE02_49_8,54,PR,GE02,5,29,2014-11-24
PR_G5-1_4_GE02_49_8,55,PR,GE02,1,30,2014-12-12
PR_G5-1_4_GE02_49_8,56,PR,GE02,4,34,2015-01-19
PR_G5-1_4_GE02_49_8,57,PR,GE02,3,37,2015-02-16
PR_G5-1_4_GE02_49_8,58,PR,GE02,4,41,2015-03-25
PR_G5-1_4_GE02_49_8,59,PR,GE02,1,42,2015-04-13
PR_G5-1_4_GE02_49_8,60,PR,GE02,4,46,2015-05-29
PR_G5-1_4_GE02_49_8,61,PR,GE02,3,49,2015-06-26
PR_G5-1_4_GE02_49_8,62,PR,GE02,2,51,2015-07-15
PR_G5-1_4_GE02_49_8,63,PR,GE02,3,54,2015-08-31
PR_G5-1_4_GE02_49_8,64,PR,GE02,2,56,2015-09-18
PR_G5-1_4_GE02_49_8,65,PR,GE02,2,58,2015-10-16
PR_G5-1_4_GE02_49_8,71,PR,GE02,5,63,2016-04-11
PR_G5-1_4_GE02_49_8,72,PR,GE02,5,68,2016-05-27
PR_G5-1_4_GE02_49_8,73,PR,GE02,1,69,2016-06-24
PR_G5-1_4_GE02_49_8,74,PR,GE02,4,73,2016-07-22
PR_G5-1_4_GE02_49_8,75,PR,GE02,4,77,2016-08-29
PR_G5-1_4_GE02_49_8,76,PR,GE02,1,78,2016-09-16
PR_G5-1_4_GE02_49_8,77,PR,GE02,3,81,2016-10-24
PR_G5-1_4_GE02_49_8,78,PR,GE02,1,82,2016-11-21
PR_G5-1_4_GE02_49_8,84,PR,GE02,2,84,2017-05-26
PR_G5-1_4_GE02_49_8,85,PR,GE02,4,88,2017-06-23
PR_G5-1_4_GE02_49_8,86,PR,GE02,3,91,2017-07-31
PR_G5-1_4_GE02_49_8,87,PR,GE02,1,92,2017-08-18
PR_G5-1_4_GE02_49_8,88,PR,GE02,3,95,2017-09-25
PR_G5-1_4_GE02_49_8,89,PR,GE02,2,97,2017-10-23
PR_G5-1_4_GE02_49_8,90,PR,GE02,3,100,2017-11-29
PR_G5-1_4_GE02_49_8,91,PR,GE02,1,101,2017-12-08
PR_G5-1_4_GE02_49_8,92,PR,GE02,1,102,2018-01-05
PR_G5-1_4_GE02_49_8,97,PR,GE02,2,104,2018-06-22
PR_G5-1_4_GE02_49_8,98,PR,GE02,3,107,2018-07-20
PR_G5-1_4_GE02_49_8,99,PR,GE02,3,110,2018-08-27
PR_G5-1_4_GE02_49_8,100,PR,GE02,1,111,2018-09-14
PR_G5-1_4_GE02_49_8,101,PR,GE02,3,114,2018-10-22
PR_G5-1_4_GE02_49_8,102,PR,GE02,3,117,2018-11-28
PR_G5-1_4_GE02_49_8,103,PR,GE02,1,118,2018-12-26
PR_G5-1_4_GE02_49_8,104,PR,GE02,1,119,2019-01-14
PR_G5-1_4_GE02_49_8,105,PR,GE02,3,122,2019-02-20
PR_G5-1_4_GE02_49_8,106,PR,GE02,1,123,2019-03-11
PR_G5-1_4_GE02_49_8,107,PR,GE02,1,124,2019-04-17
PR_G5-1_4_GE02_49_8,113,PR,GE02,3,129,2019-10-30
PR_G5-1_4_GE02_49_8,112,PR,GE02,2,127,2019-09-23
PR_G5-1_4_GE02_49_8,114,PR,GE02,1,130,2019-11-08
PR_G5-1_4_GE02_49_8,117,PR,GE02,1,131,2020-02-28
PR_G5-1_4_GE02_49_8,118,PR,GE02,1,132,2020-03-18
PR_G5-1_4_GE02_49_8,119,PR,GE02,3,135,2020-04-15
PR_G5-1_4_GE02_49_8,120,PR,GE02,1,136,2020-05-04
PR_G5-1_4_GE02_49_8,121,PR,GE02,2,138,2020-06-19
PR_G5-1_4_GE02_49_8,122,PR,GE02,2,140,2020-07-30
PR_G5-1_4_GE02_49_8,123,PR,GE02,1,141,2020-08-11
PR_G5-1_4_GE02_49_8,124,PR,GE02,3,144,2020-09-28
PR_G5-1_4_GE02_49_8,125,PR,GE02,2,146,2020-10-27
PR_G5-1_4_GE02_49_8,126,PR,GE02,1,147,2020-11-07
PR_G5-1_4_GE02_49_8,131,PR,GE02,1,148,2021-04-23
PR_G5-1_4_GE02_49_8,132,PR,GE02,3,151,2021-05-17
PR_G5-1_4_GE02_49_8,133,PR,GE02,2,153,2021-06-21
PR_G5-1_4_GE02_49_8,134,PR,GE02,2,155,2021-07-15
PR_G5-1_4_GE02_49_8,135,PR,GE02,2,157,2021-08-20
PR_G5-1_4_GE02_49_8,136,PR,GE02,2,159,2021-09-24
PR_G5-1_4_GE02_49_8,137,PR,GE02,2,161,2021-10-18
PR_G5-1_4_GE02_49_8,138,PR,GE02,1,162,2021-11-10
PR_G5-1_4_GE02_49_8,139,PR,GE02,3,165,2021-12-15
PR_G5-1_4_GE02_49_8,140,PR,GE02,2,167,2022-01-21
PR_G5-1_4_GE02_49_8,144,PR,GE02,1,168,2022-05-30
PR_G5-1_4_GE02_49_8,149,PR,GE02,1,169,2022-10-17
PR_G5-1_4_GE02_49_8,150,PR,GE02,1,170,2022-11-21
PR_G5-1_4_GE02_49_8,153,PR,GE02,2,172,2023-02-13
PR_G5-1_4_GE02_49_8,154,PR,GE02,1,173,2023-03-09
PR_G5-1_4_GE02_49_8,155,PR,GE02,1,174,2023-04-26
PR_G5-1_4_GE02_49_8,156,PR,GE02,3,177,2023-05-31
PR_G5-1_4_GE02_49_8,157,PR,GE02,1,178,2023-06-23
PR_G5-1_4_GE02_49_8,158,PR,GE02,2,180,2023-07-18
PR_G5-1_4_GE02_49_8,159,PR,GE02,2,182,2023-08-22
PR_G5-1_4_GE02_49_8,160,PR,GE02,1,183,2023-09-26
PR_G5-1_4_GE02_49_8,161,PR,GE02,1,184,2023-10-19
PR_G5-1_4_GE02_49_8,162,PR,GE02,1,185,2023-11-23
PR_G5-1_4_GE02_49_8,163,PR,GE02,1,186,2023-12-16
PR_G5-1_4_GE02_49_8,164,PR,GE02,1,187,2024-01-20
PR_G5-1_4_GE02_49_8,165,PR,GE02,1,188,2024-02-17
PR_G5-1_4_GE02_49_9,35,PR,GE02,0,0,2013-04-19
PR_G5-1_4_GE02_49_9,39,PR,GE02,0,0,2013-08-30
PR_G5-1_4_GE02_49_9,40,PR,GE02,0,0,2013-09-30
PR_G5-1_4_GE02_49_9,41,PR,GE02,0,0,2013-10-29
PR_G5-1_4_GE02_49_9,42,PR,GE02,0,0,2013-11-26
PR_G5-1_4_GE02_49_9,43,PR,GE02,0,0,2013-12-17
PR_G5-1_4_GE02_49_9,44,PR,GE02,0,0,2014-01-24
PR_G5-1_4_GE02_49_9,45,PR,GE02,4,4,2014-02-25
PR_G5-1_4_GE02_49_9,46,PR,GE02,2,6,2014-03-07
PR_G5-1_4_GE02_49_9,47,PR,GE02,2,8,2014-04-14
PR_G5-1_4_GE02_49_9,48,PR,GE02,3,11,2014-05-30
PR_G5-1_4_GE02_49_9,49,PR,GE02,3,14,2014-06-27
PR_G5-1_4_GE02_49_9,50,PR,GE02,3,18,2014-07-25
PR_G5-1_4_GE02_49_9,51,PR,GE02,2,19,2014-08-22
PR_G5-1_4_GE02_49_9,52,PR,GE02,3,22,2014-09-29
PR_G5-1_4_GE02_49_9,53,PR,GE02,1,23,2014-10-27
PR_G5-1_4_GE02_49_9,54,PR,GE02,1,24,2014-11-24
PR_G5-1_4_GE02_49_9,55,PR,GE02,2,26,2014-12-12
PR_G5-1_4_GE02_49_9,56,PR,GE02,4,31,2015-01-28
PR_G5-1_4_GE02_49_9,57,PR,GE02,2,32,2015-02-06
PR_G5-1_4_GE02_49_9,58,PR,GE02,4,36,2015-03-25
PR_G5-1_4_GE02_49_9,59,PR,GE02,3,39,2015-04-22
PR_G5-1_4_GE02_49_9,60,PR,GE02,4,43,2015-05-29
PR_G5-1_4_GE02_49_9,61,PR,GE02,1,44,2015-06-17
PR_G5-1_4_GE02_49_9,62,PR,GE02,4,48,2015-07-24
PR_G5-1_4_GE02_49_9,63,PR,GE02,1,49,2015-08-12
PR_G5-1_4_GE02_49_9,70,PR,GE02,3,53,2016-03-23
PR_G5-1_4_GE02_49_9,71,PR,GE02,4,56,2016-04-29
PR_G5-1_4_GE02_49_9,72,PR,GE02,3,59,2016-05-27
PR_G5-1_4_GE02_49_9,73,PR,GE02,2,61,2016-06-15
PR_G5-1_4_GE02_49_9,74,PR,GE02,3,64,2016-07-22
PR_G5-1_4_GE02_49_9,75,PR,GE02,3,67,2016-08-29
PR_G5-1_4_GE02_49_9,76,PR,GE02,2,69,2016-09-26
PR_G5-1_4_GE02_49_9,77,PR,GE02,1,70,2016-10-14
PR_G5-1_4_GE02_49_9,84,PR,GE02,2,73,2017-05-26
PR_G5-1_4_GE02_49_9,85,PR,GE02,4,76,2017-06-14
PR_G5-1_4_GE02_49_9,86,PR,GE02,2,78,2017-07-12
PR_G5-1_4_GE02_49_9,87,PR,GE02,2,80,2017-08-28
PR_G5-1_4_GE02_49_9,88,PR,GE02,1,81,2017-09-06
PR_G5-1_4_GE02_49_9,89,PR,GE02,3,84,2017-10-23
PR_G5-1_4_GE02_49_9,90,PR,GE02,2,86,2017-11-29
PR_G5-1_4_GE02_49_9,91,PR,GE02,2,88,2017-12-18
PR_G5-1_4_GE02_49_9,92,PR,GE02,1,89,2018-01-05
PR_G5-1_4_GE02_49_9,98,PR,GE02,1,90,2018-07-30
PR_G5-1_4_GE02_49_9,99,PR,GE02,2,92,2018-08-27
PR_G5-1_4_GE02_49_9,100,PR,GE02,1,93,2018-09-05
PR_G5-1_4_GE02_49_9,101,PR,GE02,1,94,2018-10-31
PR_G5-1_4_GE02_49_9,102,PR,GE02,5,99,2018-11-28
PR_G5-1_4_GE02_49_9,103,PR,GE02,2,101,2018-12-26
PR_G5-1_4_GE02_49_9,104,PR,GE02,1,102,2019-01-04
PR_G5-1_4_GE02_49_9,105,PR,GE02,2,104,2019-02-11
PR_G5-1_4_GE02_49_9,106,PR,GE02,3,107,2019-03-29
PR_G5-1_4_GE02_49_9,116,PR,GE02,7,114,2020-01-31
PR_G5-1_4_GE02_49_9,117,PR,GE02,1,115,2020-02-19
PR_G5-1_4_GE02_49_9,118,PR,GE02,1,116,2020-03-27
PR_G5-1_4_GE02_49_9,119,PR,GE02,1,117,2020-04-24
PR_G5-1_4_GE02_49_9,120,PR,GE02,1,118,2020-05-22
PR_G5-1_4_GE02_49_9,121,PR,GE02,2,120,2020-06-19
PR_G5-1_4_GE02_49_9,122,PR,GE02,3,123,2020-07-30
PR_G5-1_4_GE02_49_9,123,PR,GE02,1,124,2020-08-22
PR_G5-1_4_GE02_49_9,130,PR,GE02,3,127,2021-03-31
PR_G5-1_4_GE02_49_9,133,PR,GE02,3,133,2021-06-09
PR_G5-1_4_GE02_49_9,132,PR,GE02,3,131,2021-05-28
PR_G5-1_4_GE02_49_9,134,PR,GE02,3,136,2021-07-28
PR_G5-1_4_GE02_49_9,135,PR,GE02,1,137,2021-08-09
PR_G5-1_4_GE02_49_9,137,PR,GE02,2,139,2021-10-29
PR_G5-1_4_GE02_49_9,138,PR,GE02,1,140,2021-11-10
PR_G5-1_4_GE02_49_9,146,PR,GE02,3,143,2022-07-27
PR_G5-1_4_GE02_49_9,147,PR,GE02,1,144,2022-08-08
PR_G5-1_4_GE02_49_9,148,PR,GE02,2,146,2022-09-12
PR_G5-1_4_GE02_49_9,149,PR,GE02,1,147,2022-10-28
PR_G5-1_4_GE02_49_9,152,PR,GE02,1,148,2023-01-20
PR_G5-1_4_GE02_49_9,153,PR,GE02,2,150,2023-02-24
PR_G5-1_4_GE02_49_9,159,PR,GE02,1,151,2023-08-22
PR_G5-1_4_GE02_49_9,160,PR,GE02,2,153,2023-09-26
PR_G5-1_4_GE02_49_9,161,PR,GE02,1,154,2023-10-07
PR_G5-1_4_GE02_49_9,165,PR,GE02,1,155,2024-02-17
PR_G5-1_4_GE02_49_9,166,PR,GE02,1,156,2024-03-19
PR_G5-1_4_GE02_49_9,167,PR,GE02,3,159,2024-04-12
PR_G5-1_4_GE02_49_9,168,PR,GE02,1,160,2024-05-07
PR_G5-1_1_GE09_4_9,35,PR,GE09,0,0,2013-04-26
PR_G5-1_1_GE09_4_9,37,PR,GE09,0,0,2013-06-28
PR_G5-1_1_GE09_4_9,36,PR,GE09,0,0,2013-05-30
PR_G5-1_1_GE09_4_9,38,PR,GE09,0,0,2013-07-31
PR_G5-1_1_GE09_4_9,39,PR,GE09,0,0,2013-08-30
PR_G5-1_1_GE09_4_9,40,PR,GE09,0,0,2013-09-30
PR_G5-1_1_GE09_4_9,41,PR,GE09,0,0,2013-10-21
PR_G5-1_1_GE09_4_9,42,PR,GE09,0,0,2013-11-18
PR_G5-1_1_GE09_4_9,43,PR,GE09,0,0,2013-12-17
PR_G5-1_1_GE09_4_9,44,PR,GE09,0,0,2014-01-14
PR_G5-1_1_GE09_4_9,45,PR,GE09,3,3,2014-02-22
PR_G5-1_1_GE09_4_9,46,PR,GE09,3,6,2014-03-12
PR_G5-1_1_GE09_4_9,47,PR,GE09,4,10,2014-04-28
PR_G5-1_1_GE09_4_9,48,PR,GE09,1,11,2014-05-07
PR_G5-1_1_GE09_4_9,49,PR,GE09,3,14,2014-06-13
PR_G5-1_1_GE09_4_9,50,PR,GE09,3,17,2014-07-21
PR_G5-1_1_GE09_4_9,51,PR,GE09,3,20,2014-08-27
PR_G5-1_1_GE09_4_9,52,PR,GE09,2,22,2014-09-24
PR_G5-1_1_GE09_4_9,53,PR,GE09,2,24,2014-10-22
PR_G5-1_1_GE09_4_9,54,PR,GE09,2,26,2014-11-19
PR_G5-1_1_GE09_4_9,55,PR,GE09,2,28,2014-12-08
PR_G5-1_1_GE09_4_9,56,PR,GE09,3,31,2015-01-23
PR_G5-1_1_GE09_4_9,57,PR,GE09,3,34,2015-02-19
PR_G5-1_1_GE09_4_9,58,PR,GE09,3,37,2015-03-30
PR_G5-1_1_GE09_4_9,59,PR,GE09,3,40,2015-04-27
PR_G5-1_1_GE09_4_9,60,PR,GE09,3,43,2015-05-25
PR_G5-1_1_GE09_4_9,61,PR,GE09,2,45,2015-06-12
PR_G5-1_1_GE09_4_9,62,PR,GE09,3,48,2015-07-29
PR_G5-1_1_GE09_4_9,63,PR,GE09,2,50,2015-08-26
PR_G5-1_1_GE09_4_9,64,PR,GE09,2,52,2015-09-23
PR_G5-1_1_GE09_4_9,65,PR,GE09,2,54,2015-10-21
PR_G5-1_1_GE09_4_9,69,PR,GE09,5,59,2016-02-29
PR_G5-1_1_GE09_4_9,70,PR,GE09,4,63,2016-03-28
PR_G5-1_1_GE09_4_9,71,PR,GE09,3,66,2016-04-25
PR_G5-1_1_GE09_4_9,72,PR,GE09,2,68,2016-05-23
PR_G5-1_1_GE09_4_9,73,PR,GE09,3,71,2016-06-20
PR_G5-1_1_GE09_4_9,74,PR,GE09,2,73,2016-07-18
PR_G5-1_1_GE09_4_9,75,PR,GE09,2,75,2016-08-24
PR_G5-1_1_GE09_4_9,76,PR,GE09,2,77,2016-09-30
PR_G5-1_1_GE09_4_9,77,PR,GE09,1,78,2016-10-10
PR_G5-1_1_GE09_4_9,82,PR,GE09,4,82,2017-03-27
PR_G5-1_1_GE09_4_9,83,PR,GE09,2,84,2017-04-05
PR_G5-1_1_GE09_4_9,84,PR,GE09,2,86,2017-05-22
PR_G5-1_1_GE09_4_9,85,PR,GE09,2,88,2017-06-19
PR_G5-1_1_GE09_4_9,86,PR,GE09,2,90,2017-07-26
PR_G5-1_1_GE09_4_9,87,PR,GE09,2,92,2017-08-23
PR_G5-1_1_GE09_4_9,88,PR,GE09,2,94,2017-09-29
PR_G5-1_1_GE09_4_9,89,PR,GE09,1,95,2017-10-09
PR_G5-1_1_GE09_4_9,90,PR,GE09,2,97,2017-11-24
PR_G5-1_1_GE09_4_9,91,PR,GE09,1,98,2017-12-04
PR_G5-1_1_GE09_4_9,93,PR,GE09,1,99,2018-02-26
PR_G5-1_1_GE09_4_9,94,PR,GE09,4,103,2018-03-26
PR_G5-1_1_GE09_4_9,95,PR,GE09,2,105,2018-04-13
PR_G5-1_1_GE09_4_9,96,PR,GE09,4,109,2018-05-30
PR_G5-1_1_GE09_4_9,97,PR,GE09,2,111,2018-06-27
PR_G5-1_1_GE09_4_9,98,PR,GE09,2,113,2018-07-25
PR_G5-1_1_GE09_4_9,99,PR,GE09,1,114,2018-08-22
PR_G5-1_1_GE09_4_9,102,PR,GE09,2,116,2018-11-14
PR_G5-1_1_GE09_4_9,107,PR,GE09,4,120,2019-04-12
PR_G5-1_1_GE09_4_9,108,PR,GE09,5,125,2019-05-29
PR_G5-1_1_GE09_4_9,109,PR,GE09,2,127,2019-06-26
PR_G5-1_1_GE09_4_9,110,PR,GE09,1,128,2019-07-24
PR_G5-1_1_GE09_4_9,111,PR,GE09,2,130,2019-08-30
PR_G5-1_1_GE09_4_9,112,PR,GE09,1,131,2019-09-09
PR_G5-1_1_GE09_4_9,113,PR,GE09,1,132,2019-10-07
PR_G5-1_1_GE09_4_9,114,PR,GE09,2,134,2019-11-13
PR_G5-1_1_GE09_4_9,115,PR,GE09,2,136,2019-12-30
PR_G5-1_1_GE09_4_9,119,PR,GE09,1,137,2020-04-29
PR_G5-1_1_GE09_4_9,120,PR,GE09,1,138,2020-05-08
PR_G5-1_1_GE09_4_9,121,PR,GE09,2,140,2020-06-24
PR_G5-1_1_GE09_4_9,122,PR,GE09,1,141,2020-07-14
PR_G5-1_1_GE09_4_9,123,PR,GE09,3,144,2020-08-29
PR_G5-1_1_GE09_4_9,124,PR,GE09,1,145,2020-09-23
PR_G5-1_1_GE09_4_9,125,PR,GE09,1,146,2020-10-05
PR_G5-1_1_GE09_4_9,126,PR,GE09,3,149,2020-11-26
PR_G5-1_1_GE09_4_9,128,PR,GE09,2,151,2021-01-15
PR_G5-1_1_GE09_4_9,129,PR,GE09,1,152,2021-02-08
PR_G5-1_1_GE09_4_9,130,PR,GE09,4,156,2021-03-26
PR_G5-1_1_GE09_4_9,131,PR,GE09,1,157,2021-04-19
PR_G5-1_1_GE09_4_9,133,PR,GE09,3,160,2021-06-28
PR_G5-1_1_GE09_4_9,134,PR,GE09,1,161,2021-07-23
PR_G5-1_1_GE09_4_9,135,PR,GE09,2,163,2021-08-27
PR_G5-1_1_GE09_4_9,138,PR,GE09,2,165,2021-11-17
PR_G5-1_1_GE09_4_9,139,PR,GE09,1,166,2021-12-10
PR_G5-1_1_GE09_4_9,142,PR,GE09,4,171,2022-03-28
PR_G5-1_1_GE09_4_9,141,PR,GE09,1,168,2022-02-21
PR_G5-1_1_GE09_4_9,143,PR,GE09,1,172,2022-04-20
PR_G5-1_1_GE09_4_9,144,PR,GE09,1,173,2022-05-02
PR_G5-1_1_GE09_4_9,147,PR,GE09,2,175,2022-08-26
PR_G5-1_1_GE09_4_9,149,PR,GE09,1,176,2022-10-24
PR_G5-1_1_GE09_4_9,150,PR,GE09,2,178,2022-11-28
PR_G5-1_1_GE09_4_9,153,PR,GE09,2,180,2023-02-20
PR_G5-1_1_GE09_4_9,154,PR,GE09,3,183,2023-03-29
PR_G5-1_1_GE09_4_9,155,PR,GE09,1,184,2023-04-10
PR_G5-1_1_GE09_4_9,156,PR,GE09,2,186,2023-05-15
PR_G5-1_1_GE09_4_9,157,PR,GE09,2,188,2023-06-19
PR_G5-1_1_GE09_4_9,158,PR,GE09,2,190,2023-07-13
PR_G5-1_1_GE09_4_9,159,PR,GE09,1,191,2023-08-17
PR_G5-1_1_GE09_4_9,160,PR,GE09,1,192,2023-09-09
PR_G5-1_1_GE09_4_9,161,PR,GE09,1,193,2023-10-14
PR_G5-1_1_GE09_4_9,166,PR,GE09,0,193,2024-03-20
PR_G5-1_1_GE09_4_9,167,PR,GE09,0,193,2024-04-08
PR_G5-1_1_GE09_4_9,168,PR,GE09,3,196,2024-05-14
PR_G5-1_3_GE02_50_4,35,PR,GE02,0,0,2013-04-30
PR_G5-1_3_GE02_50_4,36,PR,GE02,0,0,2013-05-20
PR_G5-1_3_GE02_50_4,39,PR,GE02,0,0,2013-08-30
PR_G5-1_3_GE02_50_4,40,PR,GE02,0,0,2013-09-30
PR_G5-1_3_GE02_50_4,41,PR,GE02,0,0,2013-10-09
PR_G5-1_3_GE02_50_4,43,PR,GE02,0,0,2013-12-17
PR_G5-1_3_GE02_50_4,44,PR,GE02,0,0,2014-01-14
PR_G5-1_3_GE02_50_4,45,PR,GE02,3,3,2014-02-25
PR_G5-1_3_GE02_50_4,46,PR,GE02,2,5,2014-03-17
PR_G5-1_3_GE02_50_4,47,PR,GE02,2,7,2014-04-23
PR_G5-1_3_GE02_50_4,48,PR,GE02,3,10,2014-05-30
PR_G5-1_3_GE02_50_4,49,PR,GE02,2,12,2014-06-18
PR_G5-1_3_GE02_50_4,50,PR,GE02,2,14,2014-07-25
PR_G5-1_3_GE02_50_4,51,PR,GE02,1,15,2014-08-13
PR_G5-1_3_GE02_50_4,57,PR,GE02,6,25,2015-02-25
PR_G5-1_3_GE02_50_4,56,PR,GE02,4,21,2015-01-19
PR_G5-1_3_GE02_50_4,58,PR,GE02,3,28,2015-03-25
PR_G5-1_3_GE02_50_4,59,PR,GE02,2,30,2015-04-04
PR_G5-1_3_GE02_50_4,60,PR,GE02,4,34,2015-05-29
PR_G5-1_3_GE02_50_4,61,PR,GE02,3,37,2015-06-26
PR_G5-1_3_GE02_50_4,62,PR,GE02,1,38,2015-07-24
PR_G5-1_3_GE02_50_4,63,PR,GE02,1,39,2015-08-12
PR_G5-1_3_GE02_50_4,70,PR,GE02,4,44,2016-03-14
PR_G5-1_3_GE02_50_4,69,PR,GE02,1,41,2016-02-15
PR_G5-1_3_GE02_50_4,71,PR,GE02,4,48,2016-04-29
PR_G5-1_3_GE02_50_4,72,PR,GE02,2,50,2016-05-27
PR_G5-1_3_GE02_50_4,73,PR,GE02,2,52,2016-06-15
PR_G5-1_3_GE02_50_4,74,PR,GE02,3,55,2016-07-22
PR_G5-1_3_GE02_50_4,75,PR,GE02,2,57,2016-08-10
PR_G5-1_3_GE02_50_4,83,PR,GE02,1,58,2017-04-10
PR_G5-1_3_GE02_50_4,82,PR,GE02,3,61,2017-03-22
PR_G5-1_3_GE02_50_4,84,PR,GE02,3,64,2017-05-26
PR_G5-1_3_GE02_50_4,85,PR,GE02,2,66,2017-06-14
PR_G5-1_3_GE02_50_4,86,PR,GE02,3,69,2017-07-31
PR_G5-1_3_GE02_50_4,87,PR,GE02,2,71,2017-08-28
PR_G5-1_3_GE02_50_4,88,PR,GE02,1,72,2017-09-25
PR_G5-1_3_GE02_50_4,96,PR,GE02,3,75,2018-05-25
PR_G5-1_3_GE02_50_4,97,PR,GE02,3,78,2018-06-22
PR_G5-1_3_GE02_50_4,98,PR,GE02,2,80,2018-07-30
PR_G5-1_3_GE02_50_4,99,PR,GE02,2,82,2018-08-27
PR_G5-1_3_GE02_50_4,100,PR,GE02,2,84,2018-09-24
PR_G5-1_3_GE02_50_4,101,PR,GE02,2,86,2018-10-22
PR_G5-1_3_GE02_50_4,102,PR,GE02,1,87,2018-11-09
PR_G5-1_3_GE02_50_4,103,PR,GE02,2,89,2018-12-26
PR_G5-1_3_GE02_50_4,110,PR,GE02,3,92,2019-07-29
PR_G5-1_3_GE02_50_4,111,PR,GE02,3,95,2019-08-26
PR_G5-1_3_GE02_50_4,114,PR,GE02,1,96,2019-11-18
PR_G5-1_3_GE02_50_4,115,PR,GE02,1,97,2019-12-16
PR_G5-1_3_GE02_50_4,116,PR,GE02,2,99,2020-01-31
PR_G5-1_3_GE02_50_4,117,PR,GE02,1,100,2020-02-19
PR_G5-1_3_GE02_50_4,118,PR,GE02,1,101,2020-03-09
PR_G5-1_3_GE02_50_4,121,PR,GE02,4,105,2020-06-26
PR_G5-1_3_GE02_50_4,122,PR,GE02,3,108,2020-07-30
PR_G5-1_3_GE02_50_4,123,PR,GE02,1,109,2020-08-22
PR_G5-1_3_GE02_50_4,124,PR,GE02,1,110,2020-09-15
PR_G5-1_3_GE02_50_4,133,PR,GE02,3,116,2021-06-21
PR_G5-1_3_GE02_50_4,132,PR,GE02,3,114,2021-05-28
PR_G5-1_3_GE02_50_4,134,PR,GE02,1,117,2021-07-28
PR_G5-1_3_GE02_50_4,138,PR,GE02,1,118,2021-11-22
PR_G5-1_3_GE02_50_4,139,PR,GE02,1,119,2021-12-15
PR_G5-1_3_GE02_50_4,144,PR,GE02,1,120,2022-05-06
PR_G5-1_3_GE02_50_4,145,PR,GE02,1,121,2022-06-10
PR_G5-1_3_GE02_50_4,146,PR,GE02,1,122,2022-07-04
PR_G5-1_3_GE02_50_4,148,PR,GE02,1,123,2022-09-23
PR_G5-1_3_GE02_50_4,149,PR,GE02,1,124,2022-10-05
PR_G5-1_3_GE02_50_4,152,PR,GE02,1,125,2023-01-20
PR_G5-1_3_GE02_50_4,153,PR,GE02,2,127,2023-02-13
PR_G5-1_3_GE02_50_4,154,PR,GE02,2,129,2023-03-22
PR_G5-1_3_GE02_50_4,155,PR,GE02,2,131,2023-04-26
PR_G5-1_3_GE02_50_4,156,PR,GE02,2,133,2023-05-19
PR_G5-1_3_GE02_50_4,157,PR,GE02,1,134,2023-06-23
PR_G5-1_3_GE02_50_4,158,PR,GE02,2,136,2023-07-29
PR_G5-1_3_GE02_50_4,166,PR,GE02,0,136,2024-03-23
PR_G5-1_3_GE02_50_4,167,PR,GE02,0,136,2024-04-01
PR_G5-1_3_GE02_50_4,169,PR,GE02,1,137,2024-06-11
PR_G5-1_4_GE03_53_18,35,PR,GE03,0,0,2013-04-19
PR_G5-1_4_GE03_53_18,36,PR,GE03,0,0,2013-05-30
PR_G5-1_4_GE03_53_18,37,PR,GE03,0,0,2013-06-28
PR_G5-1_4_GE03_53_18,38,PR,GE03,0,0,2013-07-31
PR_G5-1_4_GE03_53_18,39,PR,GE03,0,0,2013-08-20
PR_G5-1_4_GE03_53_18,40,PR,GE03,0,0,2013-09-19
PR_G5-1_4_GE03_53_18,41,PR,GE03,0,0,2013-10-09
PR_G5-1_4_GE03_53_18,42,PR,GE03,0,0,2013-11-18
PR_G5-1_4_GE03_53_18,43,PR,GE03,0,0,2013-12-17
PR_G5-1_4_GE03_53_18,44,PR,GE03,0,1,2014-01-24
PR_G5-1_4_GE03_53_18,45,PR,GE03,6,6,2014-02-25
PR_G5-1_4_GE03_53_18,46,PR,GE03,3,9,2014-03-17
PR_G5-1_4_GE03_53_18,47,PR,GE03,2,11,2014-04-14
PR_G5-1_4_GE03_53_18,48,PR,GE03,3,14,2014-05-21
PR_G5-1_4_GE03_53_18,49,PR,GE03,2,16,2014-06-27
PR_G5-1_4_GE03_53_18,50,PR,GE03,2,18,2014-07-25
PR_G5-1_4_GE03_53_18,51,PR,GE03,2,20,2014-08-13
PR_G5-1_4_GE03_53_18,52,PR,GE03,3,23,2014-09-19
PR_G5-1_4_GE03_53_18,53,PR,GE03,2,25,2014-10-27
PR_G5-1_4_GE03_53_18,54,PR,GE03,1,26,2014-11-14
PR_G5-1_4_GE03_53_18,55,PR,GE03,1,27,2014-12-03
PR_G5-1_4_GE03_53_18,56,PR,GE03,1,28,2015-01-28
PR_G5-1_4_GE03_53_18,57,PR,GE03,2,31,2015-02-16
PR_G5-1_4_GE03_53_18,58,PR,GE03,3,34,2015-03-25
PR_G5-1_4_GE03_53_18,59,PR,GE03,2,35,2015-04-13
PR_G5-1_4_GE03_53_18,60,PR,GE03,5,40,2015-05-29
PR_G5-1_4_GE03_53_18,61,PR,GE03,3,43,2015-06-26
PR_G5-1_4_GE03_53_18,62,PR,GE03,2,45,2015-07-15
PR_G5-1_4_GE03_53_18,63,PR,GE03,2,47,2015-08-21
PR_G5-1_4_GE03_53_18,64,PR,GE03,2,49,2015-09-18
PR_G5-1_4_GE03_53_18,65,PR,GE03,1,50,2015-10-16
PR_G5-1_4_GE03_53_18,72,PR,GE03,4,63,2016-05-27
PR_G5-1_4_GE03_53_18,71,PR,GE03,8,60,2016-04-29
PR_G5-1_4_GE03_53_18,73,PR,GE03,3,65,2016-06-24
PR_G5-1_4_GE03_53_18,74,PR,GE03,2,67,2016-07-22
PR_G5-1_4_GE03_53_18,75,PR,GE03,3,70,2016-08-29
PR_G5-1_4_GE03_53_18,76,PR,GE03,2,72,2016-09-16
PR_G5-1_4_GE03_53_18,77,PR,GE03,2,74,2016-10-24
PR_G5-1_4_GE03_53_18,84,PR,GE03,1,75,2017-05-17
PR_G5-1_4_GE03_53_18,83,PR,GE03,2,77,2017-04-19
PR_G5-1_4_GE03_53_18,86,PR,GE03,2,79,2017-07-31
PR_G5-1_4_GE03_53_18,87,PR,GE03,2,81,2017-08-28
PR_G5-1_4_GE03_53_18,88,PR,GE03,1,82,2017-09-25
PR_G5-1_4_GE03_53_18,89,PR,GE03,2,84,2017-10-23
PR_G5-1_4_GE03_53_18,90,PR,GE03,2,86,2017-11-20
PR_G5-1_4_GE03_53_18,91,PR,GE03,2,88,2017-12-18
PR_G5-1_4_GE03_53_18,92,PR,GE03,1,89,2018-01-05
PR_G5-1_4_GE03_53_18,100,PR,GE03,1,90,2018-09-05
PR_G5-1_4_GE03_53_18,101,PR,GE03,5,95,2018-10-22
PR_G5-1_4_GE03_53_18,102,PR,GE03,2,97,2018-11-19
PR_G5-1_4_GE03_53_18,103,PR,GE03,2,99,2018-12-26
PR_G5-1_4_GE03_53_18,104,PR,GE03,2,101,2019-01-23
PR_G5-1_4_GE03_53_18,105,PR,GE03,2,103,2019-02-20
PR_G5-1_4_GE03_53_18,108,PR,GE03,2,105,2019-05-24
PR_G5-1_4_GE03_53_18,115,PR,GE03,3,109,2019-12-16
PR_G5-1_4_GE03_53_18,114,PR,GE03,2,110,2019-11-04
PR_G5-1_4_GE03_53_18,116,PR,GE03,2,112,2020-01-31
PR_G5-1_4_GE03_53_18,117,PR,GE03,2,114,2020-02-19
PR_G5-1_4_GE03_53_18,118,PR,GE03,1,115,2020-03-18
PR_G5-1_4_GE03_53_18,120,PR,GE03,1,116,2020-05-13
PR_G5-1_4_GE03_53_18,121,PR,GE03,3,119,2020-06-19
PR_G5-1_4_GE03_53_18,122,PR,GE03,2,121,2020-07-30
PR_G5-1_4_GE03_53_18,129,PR,GE03,4,125,2021-02-24
PR_G5-1_4_GE03_53_18,130,PR,GE03,4,129,2021-03-31
PR_G5-1_4_GE03_53_18,132,PR,GE03,2,131,2021-05-28
PR_G5-1_4_GE03_53_18,133,PR,GE03,1,132,2021-06-09
PR_G5-1_4_GE03_53_18,134,PR,GE03,2,134,2021-07-15
PR_G5-1_4_GE03_53_18,135,PR,GE03,1,135,2021-08-09
PR_G5-1_4_GE03_53_18,136,PR,GE03,1,136,2021-09-13
PR_G5-1_4_GE03_53_18,142,PR,GE03,1,137,2022-03-09
PR_G5-1_4_GE03_53_18,141,PR,GE03,2,139,2022-02-25
PR_G5-1_4_GE03_53_18,144,PR,GE03,3,142,2022-05-30
PR_G5-1_4_GE03_53_18,146,PR,GE03,1,143,2022-07-27
PR_G5-1_4_GE03_53_18,147,PR,GE03,1,144,2022-08-08
PR_G5-1_4_GE03_53_18,148,PR,GE03,1,145,2022-09-12
PR_G5-1_4_GE03_53_18,149,PR,GE03,2,147,2022-10-17
PR_G5-1_4_GE03_53_18,152,PR,GE03,1,148,2023-01-20
PR_G5-1_4_GE03_53_18,154,PR,GE03,1,149,2023-03-22
PR_G5-1_4_GE03_53_18,155,PR,GE03,2,151,2023-04-03
PR_G5-1_4_GE03_53_18,156,PR,GE03,2,153,2023-05-08
PR_G5-1_4_GE03_53_18,160,PR,GE03,1,154,2023-09-02
PR_G5-1_4_GE03_53_18,161,PR,GE03,2,156,2023-10-19
PR_G5-1_4_GE03_53_18,163,PR,GE03,1,157,2023-12-05
PR_G5-1_4_GE03_53_18,165,PR,GE03,5,163,2024-02-24
PR_G5-1_4_GE03_53_18,166,PR,GE03,1,162,2024-03-07
PR_G5-1_4_GE03_53_18,167,PR,GE03,2,165,2024-04-12
PR_G5-1_4_GE03_53_18,168,PR,GE03,1,166,2024-05-07
PR_G5-1_4_GE03_53_19,35,PR,GE03,0,0,2013-04-19
PR_G5-1_4_GE03_53_19,36,PR,GE03,0,0,2013-05-10
PR_G5-1_4_GE03_53_19,40,PR,GE03,0,0,2013-09-19
PR_G5-1_4_GE03_53_19,41,PR,GE03,0,0,2013-10-29
PR_G5-1_4_GE03_53_19,42,PR,GE03,0,0,2013-11-26
PR_G5-1_4_GE03_53_19,44,PR,GE03,0,0,2014-01-24
PR_G5-1_4_GE03_53_19,45,PR,GE03,5,5,2014-02-25
PR_G5-1_4_GE03_53_19,46,PR,GE03,2,7,2014-03-26
PR_G5-1_4_GE03_53_19,47,PR,GE03,2,9,2014-04-23
PR_G5-1_4_GE03_53_19,48,PR,GE03,4,13,2014-05-30
PR_G5-1_4_GE03_53_19,49,PR,GE03,2,15,2014-06-18
PR_G5-1_4_GE03_53_19,50,PR,GE03,2,17,2014-07-07
PR_G5-1_4_GE03_53_19,51,PR,GE03,3,20,2014-08-13
PR_G5-1_4_GE03_53_19,52,PR,GE03,3,23,2014-09-19
PR_G5-1_4_GE03_53_19,53,PR,GE03,1,24,2014-10-17
PR_G5-1_4_GE03_53_19,54,PR,GE03,3,27,2014-11-24
PR_G5-1_4_GE03_53_19,55,PR,GE03,1,28,2014-12-12
PR_G5-1_4_GE03_53_19,56,PR,GE03,4,32,2015-01-19
PR_G5-1_4_GE03_53_19,57,PR,GE03,2,34,2015-02-26
PR_G5-1_4_GE03_53_19,59,PR,GE03,3,37,2015-04-13
PR_G5-1_4_GE03_53_19,60,PR,GE03,5,42,2015-05-29
PR_G5-1_4_GE03_53_19,61,PR,GE03,2,44,2015-06-26
PR_G5-1_4_GE03_53_19,62,PR,GE03,2,46,2015-07-15
PR_G5-1_4_GE03_53_19,63,PR,GE03,4,50,2015-08-31
PR_G5-1_4_GE03_53_19,64,PR,GE03,2,52,2015-09-28
PR_G5-1_4_GE03_53_19,65,PR,GE03,1,53,2015-10-07
PR_G5-1_4_GE03_53_19,66,PR,GE03,2,55,2015-11-23
PR_G5-1_4_GE03_53_19,69,PR,GE03,2,57,2016-02-24
PR_G5-1_4_GE03_53_19,70,PR,GE03,2,59,2016-03-23
PR_G5-1_4_GE03_53_19,72,PR,GE03,3,62,2016-05-27
PR_G5-1_4_GE03_53_19,73,PR,GE03,2,64,2016-06-15
PR_G5-1_4_GE03_53_19,74,PR,GE03,3,67,2016-07-22
PR_G5-1_4_GE03_53_19,75,PR,GE03,3,70,2016-08-29
PR_G5-1_4_GE03_53_19,76,PR,GE03,2,72,2016-09-26
PR_G5-1_4_GE03_53_19,77,PR,GE03,1,73,2016-10-05
PR_G5-1_4_GE03_53_19,78,PR,GE03,2,75,2016-11-02
PR_G5-1_4_GE03_53_19,82,PR,GE03,3,78,2017-03-31
PR_G5-1_4_GE03_53_19,83,PR,GE03,1,79,2017-04-19
PR_G5-1_4_GE03_53_19,85,PR,GE03,2,81,2017-06-23
PR_G5-1_4_GE03_53_19,86,PR,GE03,3,84,2017-07-31
PR_G5-1_4_GE03_53_19,87,PR,GE03,1,85,2017-08-28
PR_G5-1_4_GE03_53_19,88,PR,GE03,1,86,2017-09-06
PR_G5-1_4_GE03_53_19,89,PR,GE03,3,89,2017-10-23
PR_G5-1_4_GE03_53_19,90,PR,GE03,1,90,2017-11-20
PR_G5-1_4_GE03_53_19,91,PR,GE03,1,91,2017-12-08
PR_G5-1_4_GE03_53_19,92,PR,GE03,1,92,2018-01-05
PR_G5-1_4_GE03_53_19,94,PR,GE03,2,94,2018-03-02
PR_G5-1_4_GE03_53_19,93,PR,GE03,1,95,2018-02-21
PR_G5-1_4_GE03_53_19,97,PR,GE03,1,96,2018-06-22
PR_G5-1_4_GE03_53_19,98,PR,GE03,2,98,2018-07-20
PR_G5-1_4_GE03_53_19,99,PR,GE03,2,100,2018-08-27
PR_G5-1_4_GE03_53_19,100,PR,GE03,1,101,2018-09-05
PR_G5-1_4_GE03_53_19,101,PR,GE03,3,104,2018-10-22
PR_G5-1_4_GE03_53_19,102,PR,GE03,2,106,2018-11-28
PR_G5-1_4_GE03_53_19,105,PR,GE03,2,108,2019-02-20
PR_G5-1_4_GE03_53_19,106,PR,GE03,2,110,2019-03-01
PR_G5-1_4_GE03_53_19,113,PR,GE03,1,111,2019-10-02
PR_G5-1_4_GE03_53_19,112,PR,GE03,1,112,2019-09-04
PR_G5-1_4_GE03_53_19,111,PR,GE03,1,113,2019-08-16
PR_G5-1_4_GE03_53_19,114,PR,GE03,1,114,2019-11-18
PR_G5-1_4_GE03_53_19,115,PR,GE03,1,115,2019-12-06
PR_G5-1_4_GE03_53_19,117,PR,GE03,2,117,2020-02-28
PR_G5-1_4_GE03_53_19,118,PR,GE03,1,118,2020-03-18
PR_G5-1_4_GE03_53_19,119,PR,GE03,2,120,2020-04-06
PR_G5-1_4_GE03_53_19,122,PR,GE03,1,121,2020-07-18
PR_G5-1_4_GE03_53_19,129,PR,GE03,2,123,2021-02-12
PR_G5-1_4_GE03_53_19,130,PR,GE03,1,124,2021-03-19
PR_G5-1_4_GE03_53_19,131,PR,GE03,1,125,2021-04-12
PR_G5-1_4_GE03_53_19,133,PR,GE03,2,127,2021-06-21
PR_G5-1_4_GE03_53_19,134,PR,GE03,2,129,2021-07-28
PR_G5-1_4_GE03_53_19,136,PR,GE03,1,130,2021-09-01
PR_G5-1_4_GE03_53_19,137,PR,GE03,1,131,2021-10-06
PR_G5-1_4_GE03_53_19,140,PR,GE03,1,132,2022-01-10
PR_G5-1_4_GE03_53_19,141,PR,GE03,1,133,2022-02-14
PR_G5-1_4_GE03_53_19,142,PR,GE03,1,134,2022-03-21
PR_G5-1_4_GE03_53_19,143,PR,GE03,1,135,2022-04-13
PR_G5-1_4_GE03_53_19,144,PR,GE03,1,136,2022-05-06
PR_G5-1_4_GE03_53_19,147,PR,GE03,1,137,2022-08-31
PR_G5-1_4_GE03_53_19,148,PR,GE03,1,138,2022-09-23
PR_G5-1_4_GE03_53_19,149,PR,GE03,2,140,2022-10-28
PR_G5-1_4_GE03_53_19,150,PR,GE03,1,141,2022-11-21
PR_G5-1_4_GE03_53_19,151,PR,GE03,1,142,2022-12-02
PR_G5-1_4_GE03_53_19,153,PR,GE03,1,143,2023-02-24
PR_G5-1_4_GE03_53_19,156,PR,GE03,2,148,2023-05-08
PR_G5-1_4_GE03_53_19,154,PR,GE03,1,145,2023-03-09
PR_G5-1_4_GE03_53_19,155,PR,GE03,2,147,2023-04-14
PR_G5-1_4_GE03_53_19,161,PR,GE03,1,149,2023-10-31
PR_G5-1_4_GE03_53_19,162,PR,GE03,1,150,2023-11-11
PR_G5-1_4_GE03_53_19,163,PR,GE03,2,152,2023-12-16
PR_G5-1_4_GE03_53_19,164,PR,GE03,1,153,2024-01-20
PR_G5-1_4_GE03_53_19,165,PR,GE03,1,154,2024-02-01
PR_G5-1_4_GE03_53_19,167,PR,GE03,1,155,2024-04-29
PR_G5-1_4_GE03_53_19,168,PR,GE03,2,157,2024-05-30
PR_G5-1_4_GE03_53_20,35,PR,GE03,0,0,2013-04-19
PR_G5-1_4_GE03_53_20,40,PR,GE03,0,0,2013-09-19
PR_G5-1_4_GE03_53_20,41,PR,GE03,0,0,2013-10-29
PR_G5-1_4_GE03_53_20,42,PR,GE03,0,0,2013-11-26
PR_G5-1_4_GE03_53_20,43,PR,GE03,0,0,2013-12-06
PR_G5-1_4_GE03_53_20,44,PR,GE03,0,0,2014-01-14
PR_G5-1_4_GE03_53_20,45,PR,GE03,5,5,2014-02-25
PR_G5-1_4_GE03_53_20,46,PR,GE03,1,6,2014-03-17
PR_G5-1_4_GE03_53_20,47,PR,GE03,4,10,2014-04-23
PR_G5-1_4_GE03_53_20,48,PR,GE03,2,12,2014-05-12
PR_G5-1_4_GE03_53_20,49,PR,GE03,3,15,2014-06-27
PR_G5-1_4_GE03_53_20,50,PR,GE03,2,17,2014-07-16
PR_G5-1_4_GE03_53_20,51,PR,GE03,3,20,2014-08-22
PR_G5-1_4_GE03_53_20,52,PR,GE03,2,22,2014-09-29
PR_G5-1_4_GE03_53_20,53,PR,GE03,2,24,2014-10-27
PR_G5-1_4_GE03_53_20,54,PR,GE03,3,27,2014-11-24
PR_G5-1_4_GE03_53_20,55,PR,GE03,2,29,2014-12-12
PR_G5-1_4_GE03_53_20,56,PR,GE03,2,31,2015-01-19
PR_G5-1_4_GE03_53_20,57,PR,GE03,4,35,2015-02-25
PR_G5-1_4_GE03_53_20,58,PR,GE03,3,38,2015-03-25
PR_G5-1_4_GE03_53_20,59,PR,GE03,3,41,2015-04-22
PR_G5-1_4_GE03_53_20,60,PR,GE03,3,44,2015-05-29
PR_G5-1_4_GE03_53_20,61,PR,GE03,2,46,2015-06-17
PR_G5-1_4_GE03_53_20,62,PR,GE03,3,49,2015-07-24
PR_G5-1_4_GE03_53_20,63,PR,GE03,3,52,2015-08-31
PR_G5-1_4_GE03_53_20,65,PR,GE03,1,53,2015-10-16
PR_G5-1_4_GE03_53_20,69,PR,GE03,4,57,2016-02-15
PR_G5-1_4_GE03_53_20,70,PR,GE03,3,60,2016-03-23
PR_G5-1_4_GE03_53_20,71,PR,GE03,5,65,2016-04-29
PR_G5-1_4_GE03_53_20,72,PR,GE03,2,67,2016-05-18
PR_G5-1_4_GE03_53_20,73,PR,GE03,3,70,2016-06-24
PR_G5-1_4_GE03_53_20,74,PR,GE03,2,72,2016-07-22
PR_G5-1_4_GE03_53_20,75,PR,GE03,2,74,2016-08-26
PR_G5-1_4_GE03_53_20,76,PR,GE03,2,76,2016-09-16
PR_G5-1_4_GE03_53_20,77,PR,GE03,2,78,2016-10-24
PR_G5-1_4_GE03_53_20,82,PR,GE03,2,80,2017-03-03
PR_G5-1_4_GE03_53_20,84,PR,GE03,3,83,2017-05-26
PR_G5-1_4_GE03_53_20,85,PR,GE03,2,85,2017-06-23
PR_G5-1_4_GE03_53_20,86,PR,GE03,3,88,2017-07-31
PR_G5-1_4_GE03_53_20,87,PR,GE03,1,89,2017-08-18
PR_G5-1_4_GE03_53_20,88,PR,GE03,2,91,2017-09-25
PR_G5-1_4_GE03_53_20,89,PR,GE03,2,93,2017-10-23
PR_G5-1_4_GE03_53_20,90,PR,GE03,1,94,2017-11-10
PR_G5-1_4_GE03_53_20,91,PR,GE03,1,95,2017-12-08
PR_G5-1_4_GE03_53_20,95,PR,GE03,1,96,2018-04-27
PR_G5-1_4_GE03_53_20,96,PR,GE03,3,99,2018-05-25
PR_G5-1_4_GE03_53_20,97,PR,GE03,2,101,2018-06-22
PR_G5-1_4_GE03_53_20,98,PR,GE03,2,103,2018-07-30
PR_G5-1_4_GE03_53_20,99,PR,GE03,2,105,2018-08-27
PR_G5-1_4_GE03_53_20,100,PR,GE03,2,107,2018-09-24
PR_G5-1_4_GE03_53_20,101,PR,GE03,2,109,2018-10-31
PR_G5-1_4_GE03_53_20,102,PR,GE03,1,110,2018-11-09
PR_G5-1_4_GE03_53_20,103,PR,GE03,2,112,2018-12-26
PR_G5-1_4_GE03_53_20,104,PR,GE03,2,114,2019-01-14
PR_G5-1_4_GE03_53_20,105,PR,GE03,1,115,2019-02-11
PR_G5-1_4_GE03_53_20,106,PR,GE03,2,117,2019-03-11
PR_G5-1_4_GE03_53_20,108,PR,GE03,3,120,2019-05-15
PR_G5-1_4_GE03_53_20,109,PR,GE03,2,122,2019-06-12
PR_G5-1_4_GE03_53_20,110,PR,GE03,3,125,2019-07-29
PR_G5-1_4_GE03_53_20,111,PR,GE03,1,126,2019-08-07
PR_G5-1_4_GE03_53_20,112,PR,GE03,2,128,2019-09-13
PR_G5-1_4_GE03_53_20,113,PR,GE03,1,129,2019-10-21
PR_G5-1_4_GE03_53_20,116,PR,GE03,1,130,2020-01-31
PR_G5-1_4_GE03_53_20,117,PR,GE03,1,131,2020-02-19
PR_G5-1_4_GE03_53_20,118,PR,GE03,2,133,2020-03-27
PR_G5-1_4_GE03_53_20,119,PR,GE03,2,135,2020-04-24
PR_G5-1_4_GE03_53_20,121,PR,GE03,2,137,2020-06-19
PR_G5-1_4_GE03_53_20,122,PR,GE03,2,139,2020-07-30
PR_G5-1_4_GE03_53_20,123,PR,GE03,1,140,2020-08-11
PR_G5-1_4_GE03_53_20,124,PR,GE03,3,143,2020-09-28
PR_G5-1_4_GE03_53_20,125,PR,GE03,1,144,2020-10-27
PR_G5-1_4_GE03_53_20,126,PR,GE03,1,145,2020-11-19
PR_G5-1_4_GE03_53_20,127,PR,GE03,1,146,2020-12-01
PR_G5-1_4_GE03_53_20,129,PR,GE03,3,149,2021-02-24
PR_G5-1_4_GE03_53_20,130,PR,GE03,2,151,2021-03-31
PR_G5-1_4_GE03_53_20,131,PR,GE03,2,153,2021-04-12
PR_G5-1_4_GE03_53_20,132,PR,GE03,3,156,2021-05-17
PR_G5-1_4_GE03_53_20,133,PR,GE03,2,158,2021-06-21
PR_G5-1_4_GE03_53_20,135,PR,GE03,1,159,2021-08-09
PR_G5-1_4_GE03_53_20,136,PR,GE03,2,161,2021-09-24
PR_G5-1_4_GE03_53_20,137,PR,GE03,1,162,2021-10-18
PR_G5-1_4_GE03_53_20,142,PR,GE03,1,163,2022-03-21
PR_G5-1_4_GE03_53_20,146,PR,GE03,1,164,2022-07-27
PR_G5-1_4_GE03_53_20,147,PR,GE03,2,166,2022-08-31
PR_G5-1_4_GE03_53_20,148,PR,GE03,1,167,2022-09-23
PR_G5-1_4_GE03_53_20,149,PR,GE03,2,169,2022-10-28
PR_G5-1_4_GE03_53_20,150,PR,GE03,1,170,2022-11-09
PR_G5-1_4_GE03_53_20,151,PR,GE03,1,171,2022-12-02
PR_G5-1_4_GE03_53_20,152,PR,GE03,1,172,2023-01-20
PR_G5-1_4_GE03_53_20,153,PR,GE03,2,174,2023-02-24
PR_G5-1_4_GE03_53_20,154,PR,GE03,2,176,2023-03-22
PR_G5-1_4_GE03_53_20,157,PR,GE03,2,178,2023-06-23
PR_G5-1_4_GE03_53_20,158,PR,GE03,1,179,2023-07-18
PR_G5-1_4_GE03_53_20,159,PR,GE03,1,180,2023-08-10
PR_G5-1_4_GE03_53_20,160,PR,GE03,2,182,2023-09-14
PR_G5-1_4_GE03_53_20,161,PR,GE03,1,183,2023-10-07
PR_G5-1_4_GE03_53_20,164,PR,GE03,5,188,2024-01-20
PR_G5-1_4_GE03_53_20,165,PR,GE03,3,191,2024-02-24
PR_G5-1_4_GE03_53_20,166,PR,GE03,1,192,2024-03-07
PR_G5-1_4_GE03_53_20,167,PR,GE03,3,195,2024-04-29
PR_G5-1_4_GE03_53_20,168,PR,GE03,1,196,2024-05-07
PR_G5-1_4_GE09_54_4,35,PR,GE09,0,0,2013-04-30
PR_G5-1_4_GE09_54_4,37,PR,GE09,0,0,2013-06-28
PR_G5-1_4_GE09_54_4,38,PR,GE09,0,0,2013-07-22
PR_G5-1_4_GE09_54_4,39,PR,GE09,0,0,2013-08-30
PR_G5-1_4_GE09_54_4,40,PR,GE09,0,0,2013-09-30
PR_G5-1_4_GE09_54_4,41,PR,GE09,0,0,2013-10-29
PR_G5-1_4_GE09_54_4,42,PR,GE09,0,0,2013-11-26
PR_G5-1_4_GE09_54_4,43,PR,GE09,0,0,2013-12-06
PR_G5-1_4_GE09_54_4,44,PR,GE09,0,0,2014-01-24
PR_G5-1_4_GE09_54_4,45,PR,GE09,3,4,2014-02-25
PR_G5-1_4_GE09_54_4,46,PR,GE09,4,8,2014-03-26
PR_G5-1_4_GE09_54_4,47,PR,GE09,2,9,2014-04-14
PR_G5-1_4_GE09_54_4,48,PR,GE09,4,13,2014-05-21
PR_G5-1_4_GE09_54_4,49,PR,GE09,2,15,2014-06-27
PR_G5-1_4_GE09_54_4,50,PR,GE09,1,16,2014-07-07
PR_G5-1_4_GE09_54_4,51,PR,GE09,2,18,2014-08-13
PR_G5-1_4_GE09_54_4,52,PR,GE09,3,21,2014-09-29
PR_G5-1_4_GE09_54_4,53,PR,GE09,1,22,2014-10-17
PR_G5-1_4_GE09_54_4,54,PR,GE09,1,23,2014-11-14
PR_G5-1_4_GE09_54_4,57,PR,GE09,4,28,2015-02-24
PR_G5-1_4_GE09_54_4,56,PR,GE09,1,26,2015-01-19
PR_G5-1_4_GE09_54_4,58,PR,GE09,3,31,2015-03-25
PR_G5-1_4_GE09_54_4,59,PR,GE09,3,34,2015-04-13
PR_G5-1_4_GE09_54_4,60,PR,GE09,3,37,2015-05-29
PR_G5-1_4_GE09_54_4,61,PR,GE09,4,41,2015-06-26
PR_G5-1_4_GE09_54_4,62,PR,GE09,1,42,2015-07-24
PR_G5-1_4_GE09_54_4,63,PR,GE09,3,45,2015-08-31
PR_G5-1_4_GE09_54_4,64,PR,GE09,1,46,2015-09-18
PR_G5-1_4_GE09_54_4,65,PR,GE09,2,48,2015-10-26
PR_G5-1_4_GE09_54_4,70,PR,GE09,2,51,2016-03-23
PR_G5-1_4_GE09_54_4,71,PR,GE09,6,56,2016-04-20
PR_G5-1_4_GE09_54_4,72,PR,GE09,2,58,2016-05-27
PR_G5-1_4_GE09_54_4,73,PR,GE09,2,60,2016-06-24
PR_G5-1_4_GE09_54_4,74,PR,GE09,3,63,2016-07-22
PR_G5-1_4_GE09_54_4,75,PR,GE09,1,64,2016-08-01
PR_G5-1_4_GE09_54_4,76,PR,GE09,1,65,2016-09-16
PR_G5-1_4_GE09_54_4,84,PR,GE09,4,73,2017-05-17
PR_G5-1_4_GE09_54_4,83,PR,GE09,4,71,2017-04-28
PR_G5-1_4_GE09_54_4,85,PR,GE09,3,76,2017-06-14
PR_G5-1_4_GE09_54_4,95,PR,GE09,8,84,2018-04-27
PR_G5-1_4_GE09_54_4,96,PR,GE09,2,86,2018-05-25
PR_G5-1_4_GE09_54_4,107,PR,GE09,5,96,2019-04-26
PR_G5-1_4_GE09_54_4,106,PR,GE09,5,93,2019-03-29
PR_G5-1_4_GE09_54_4,108,PR,GE09,3,99,2019-05-24
PR_G5-1_4_GE09_54_4,110,PR,GE09,1,100,2019-07-01
PR_G5-1_4_GE09_54_4,119,PR,GE09,4,105,2020-04-24
PR_G5-1_4_GE09_54_4,121,PR,GE09,3,110,2020-06-26
PR_G5-1_4_GE09_54_4,120,PR,GE09,3,109,2020-05-22
PR_G5-1_4_GE09_54_4,122,PR,GE09,1,111,2020-07-18
PR_G5-1_4_GE09_54_4,132,PR,GE09,3,114,2021-05-17
PR_G5-1_4_GE09_54_4,133,PR,GE09,1,115,2021-06-21
PR_G5-1_4_GE09_54_4,140,PR,GE09,2,117,2022-01-21
PR_G5-1_4_GE09_54_4,142,PR,GE09,1,118,2022-03-09
PR_G5-1_4_GE09_54_4,141,PR,GE09,1,119,2022-02-25
PR_G5-1_4_GE09_54_4,143,PR,GE09,4,123,2022-04-13
PR_G5-1_4_GE09_54_4,144,PR,GE09,3,126,2022-05-30
PR_G5-1_4_GE09_54_4,145,PR,GE09,1,127,2022-06-22
PR_G5-1_4_GE09_54_4,155,PR,GE09,3,130,2023-04-26
PR_G5-1_4_GE09_54_4,156,PR,GE09,2,132,2023-05-31
PR_G5-1_4_GE09_54_4,157,PR,GE09,1,133,2023-06-12
PR_G5-1_4_GE09_54_4,158,PR,GE09,2,135,2023-07-29
PR_G5-1_4_GE09_54_4,162,PR,GE09,0,135,2023-11-23
PR_G5-1_4_GE09_54_4,163,PR,GE09,1,136,2023-12-21
PR_G5-1_4_GE09_54_4,167,PR,GE09,2,138,2024-04-17
PR_G5-1_4_GE09_54_4,168,PR,GE09,2,140,2024-05-30
PR_G5-1_4_GE09_54_4,169,PR,GE09,1,141,2024-06-11
PR_G5-1_4_GE09_54_5,35,PR,GE09,0,0,2013-04-19
PR_G5-1_4_GE09_54_5,36,PR,GE09,0,0,2013-05-30
PR_G5-1_4_GE09_54_5,45,PR,GE09,4,5,2014-02-25
PR_G5-1_4_GE09_54_5,46,PR,GE09,5,10,2014-03-26
PR_G5-1_4_GE09_54_5,47,PR,GE09,2,11,2014-04-04
PR_G5-1_4_GE09_54_5,48,PR,GE09,4,15,2014-05-30
PR_G5-1_4_GE09_54_5,49,PR,GE09,1,16,2014-06-18
PR_G5-1_4_GE09_54_5,50,PR,GE09,3,19,2014-07-25
PR_G5-1_4_GE09_54_5,51,PR,GE09,1,20,2014-08-04
PR_G5-1_4_GE09_54_5,52,PR,GE09,3,23,2014-09-19
PR_G5-1_4_GE09_54_5,53,PR,GE09,1,24,2014-10-27
PR_G5-1_4_GE09_54_5,54,PR,GE09,1,25,2014-11-24
PR_G5-1_4_GE09_54_5,62,PR,GE09,3,28,2015-07-24
PR_G5-1_4_GE09_54_5,63,PR,GE09,4,32,2015-08-21
PR_G5-1_4_GE09_54_5,64,PR,GE09,1,33,2015-09-18
PR_G5-1_4_GE09_54_5,65,PR,GE09,2,35,2015-10-16
PR_G5-1_4_GE09_54_5,66,PR,GE09,2,37,2015-11-13
PR_G5-1_4_GE09_54_5,67,PR,GE09,2,39,2015-12-11
PR_G5-1_4_GE09_54_5,68,PR,GE09,1,40,2016-01-08
PR_G5-1_4_GE09_54_5,69,PR,GE09,2,42,2016-02-24
PR_G5-1_4_GE09_54_5,70,PR,GE09,1,43,2016-03-14
PR_G5-1_4_GE09_54_5,71,PR,GE09,4,47,2016-04-29
PR_G5-1_4_GE09_54_5,72,PR,GE09,1,48,2016-05-18
PR_G5-1_4_GE09_54_5,73,PR,GE09,1,49,2016-06-06
PR_G5-1_4_GE09_54_5,82,PR,GE09,7,56,2017-03-31
PR_G5-1_4_GE09_54_5,83,PR,GE09,1,57,2017-04-10
PR_G5-1_4_GE09_54_5,92,PR,GE09,1,58,2018-01-24
PR_G5-1_4_GE09_54_5,93,PR,GE09,2,60,2018-02-21
PR_G5-1_4_GE09_54_5,94,PR,GE09,4,64,2018-03-30
PR_G5-1_4_GE09_54_5,105,PR,GE09,2,66,2019-02-20
PR_G5-1_4_GE09_54_5,106,PR,GE09,4,71,2019-03-20
PR_G5-1_4_GE09_54_5,107,PR,GE09,2,72,2019-04-17
PR_G5-1_4_GE09_54_5,117,PR,GE09,3,79,2020-02-28
PR_G5-1_4_GE09_54_5,118,PR,GE09,4,78,2020-03-18
PR_G5-1_4_GE09_54_5,119,PR,GE09,1,80,2020-04-24
PR_G5-1_4_GE09_54_5,129,PR,GE09,3,83,2021-02-24
PR_G5-1_4_GE09_54_5,130,PR,GE09,2,85,2021-03-19
PR_G5-1_4_GE09_54_5,138,PR,GE09,1,86,2021-11-22
PR_G5-1_4_GE09_54_5,139,PR,GE09,1,87,2021-12-27
PR_G5-1_4_GE09_54_5,141,PR,GE09,4,91,2022-02-25
PR_G5-1_4_GE09_54_5,151,PR,GE09,1,92,2022-12-02
PR_G5-1_4_GE09_54_5,152,PR,GE09,1,93,2023-01-11
PR_G5-1_4_GE09_54_5,153,PR,GE09,2,95,2023-02-24
PR_G5-1_4_GE09_54_5,155,PR,GE09,2,97,2023-04-26
PR_G5-1_4_GE09_54_5,156,PR,GE09,2,99,2023-05-19
PR_G5-1_4_GE09_54_5,160,PR,GE09,1,100,2023-09-26
PR_G5-1_4_GE09_54_5,161,PR,GE09,1,101,2023-10-19
PR_G5-1_4_GE09_54_5,163,PR,GE09,1,102,2023-12-05
PR_G5-1_4_GE09_54_5,164,PR,GE09,2,105,2024-01-13
PR_G5-1_4_GE09_54_5,166,PR,GE09,1,107,2024-03-19
PR_G5-1_4_GE09_54_5,165,PR,GE09,2,107,2024-02-13
PR_G5-1_4_GE09_54_5,167,PR,GE09,2,109,2024-04-24
PR_G5-1_4_GE09_54_5,168,PR,GE09,2,111,2024-05-18
PR_G5-1_4_GE09_54_5,169,PR,GE09,1,112,2024-06-11
PR_G5-1_4_GE09_54_6,44,PR,GE09,0,0,2014-01-24
PR_G5-1_4_GE09_54_6,45,PR,GE09,5,7,2014-02-04
PR_G5-1_4_GE09_54_6,46,PR,GE09,1,5,2014-03-07
PR_G5-1_4_GE09_54_6,47,PR,GE09,1,6,2014-04-14
PR_G5-1_4_GE09_54_6,48,PR,GE09,4,11,2014-05-21
PR_G5-1_4_GE09_54_6,49,PR,GE09,4,15,2014-06-27
PR_G5-1_4_GE09_54_6,50,PR,GE09,1,16,2014-07-25
PR_G5-1_4_GE09_54_6,51,PR,GE09,2,18,2014-08-22
PR_G5-1_4_GE09_54_6,52,PR,GE09,2,20,2014-09-19
PR_G5-1_4_GE09_54_6,53,PR,GE09,2,22,2014-10-27
PR_G5-1_4_GE09_54_6,54,PR,GE09,1,23,2014-11-14
PR_G5-1_4_GE09_54_6,55,PR,GE09,2,25,2014-12-18
PR_G5-1_4_GE09_54_6,56,PR,GE09,4,29,2015-01-28
PR_G5-1_4_GE09_54_6,57,PR,GE09,1,30,2015-02-16
PR_G5-1_4_GE09_54_6,58,PR,GE09,3,33,2015-03-25
PR_G5-1_4_GE09_54_6,59,PR,GE09,3,36,2015-04-22
PR_G5-1_4_GE09_54_6,60,PR,GE09,4,40,2015-05-29
PR_G5-1_4_GE09_54_6,61,PR,GE09,2,42,2015-06-26
PR_G5-1_4_GE09_54_6,62,PR,GE09,2,44,2015-07-24
PR_G5-1_4_GE09_54_6,63,PR,GE09,2,46,2015-08-31
PR_G5-1_4_GE09_54_6,64,PR,GE09,1,47,2015-09-18
PR_G5-1_4_GE09_54_6,65,PR,GE09,1,48,2015-10-07
PR_G5-1_4_GE09_54_6,70,PR,GE09,3,51,2016-03-23
PR_G5-1_4_GE09_54_6,71,PR,GE09,4,55,2016-04-29
PR_G5-1_4_GE09_54_6,72,PR,GE09,2,57,2016-05-27
PR_G5-1_4_GE09_54_6,73,PR,GE09,3,60,2016-06-24
PR_G5-1_4_GE09_54_6,74,PR,GE09,2,62,2016-07-13
PR_G5-1_4_GE09_54_6,75,PR,GE09,3,65,2016-08-29
PR_G5-1_4_GE09_54_6,76,PR,GE09,1,66,2016-09-07
PR_G5-1_4_GE09_54_6,77,PR,GE09,2,68,2016-10-24
PR_G5-1_4_GE09_54_6,82,PR,GE09,3,71,2017-03-31
PR_G5-1_4_GE09_54_6,83,PR,GE09,4,75,2017-04-28
PR_G5-1_4_GE09_54_6,84,PR,GE09,2,77,2017-05-08
PR_G5-1_4_GE09_54_6,85,PR,GE09,3,80,2017-06-23
PR_G5-1_4_GE09_54_6,86,PR,GE09,2,82,2017-07-31
PR_G5-1_4_GE09_54_6,87,PR,GE09,2,84,2017-08-28
PR_G5-1_4_GE09_54_6,88,PR,GE09,1,85,2017-09-25
PR_G5-1_4_GE09_54_6,89,PR,GE09,2,87,2017-10-23
PR_G5-1_4_GE09_54_6,94,PR,GE09,3,91,2018-03-30
PR_G5-1_4_GE09_54_6,95,PR,GE09,4,94,2018-04-27
PR_G5-1_4_GE09_54_6,96,PR,GE09,3,97,2018-05-25
PR_G5-1_4_GE09_54_6,97,PR,GE09,3,100,2018-06-22
PR_G5-1_4_GE09_54_6,98,PR,GE09,2,102,2018-07-20
PR_G5-1_4_GE09_54_6,99,PR,GE09,2,104,2018-08-27
PR_G5-1_4_GE09_54_6,100,PR,GE09,1,105,2018-09-24
PR_G5-1_4_GE09_54_6,101,PR,GE09,2,107,2018-10-12
PR_G5-1_4_GE09_54_6,107,PR,GE09,3,110,2019-04-26
PR_G5-1_4_GE09_54_6,108,PR,GE09,4,114,2019-05-22
PR_G5-1_4_GE09_54_6,109,PR,GE09,3,117,2019-06-21
PR_G5-1_4_GE09_54_6,110,PR,GE09,3,120,2019-07-29
PR_G5-1_4_GE09_54_6,111,PR,GE09,1,121,2019-08-26
PR_G5-1_4_GE09_54_6,112,PR,GE09,1,122,2019-09-13
PR_G5-1_4_GE09_54_6,113,PR,GE09,3,125,2019-10-30
PR_G5-1_4_GE09_54_6,115,PR,GE09,2,127,2019-12-16
PR_G5-1_4_GE09_54_6,117,PR,GE09,1,128,2020-02-19
PR_G5-1_4_GE09_54_6,118,PR,GE09,1,129,2020-03-09
PR_G5-1_4_GE09_54_6,119,PR,GE09,4,133,2020-04-24
PR_G5-1_4_GE09_54_6,120,PR,GE09,3,136,2020-05-22
PR_G5-1_4_GE09_54_6,121,PR,GE09,2,138,2020-06-26
PR_G5-1_4_GE09_54_6,122,PR,GE09,2,140,2020-07-18
PR_G5-1_4_GE09_54_6,123,PR,GE09,1,141,2020-08-11
PR_G5-1_4_GE09_54_6,124,PR,GE09,1,142,2020-09-15
PR_G5-1_4_GE09_54_6,125,PR,GE09,1,143,2020-10-09
PR_G5-1_4_GE09_54_6,126,PR,GE09,2,145,2020-11-19
PR_G5-1_4_GE09_54_6,130,PR,GE09,3,149,2021-03-19
PR_G5-1_4_GE09_54_6,129,PR,GE09,1,147,2021-02-24
PR_G5-1_4_GE09_54_6,131,PR,GE09,2,151,2021-04-23
PR_G5-1_4_GE09_54_6,132,PR,GE09,4,155,2021-05-28
PR_G5-1_4_GE09_54_6,133,PR,GE09,2,157,2021-06-21
PR_G5-1_4_GE09_54_6,134,PR,GE09,2,159,2021-07-15
PR_G5-1_4_GE09_54_6,135,PR,GE09,2,161,2021-08-20
PR_G5-1_4_GE09_54_6,136,PR,GE09,1,162,2021-09-13
PR_G5-1_4_GE09_54_6,137,PR,GE09,1,163,2021-10-18
PR_G5-1_4_GE09_54_6,138,PR,GE09,1,164,2021-11-10
PR_G5-1_4_GE09_54_6,139,PR,GE09,1,165,2021-12-03
PR_G5-1_4_GE09_54_6,143,PR,GE09,1,166,2022-04-24
PR_G5-1_4_GE09_54_6,144,PR,GE09,3,169,2022-05-30
PR_G5-1_4_GE09_54_6,145,PR,GE09,0,169,2022-06-10
PR_G5-1_4_GE09_54_6,146,PR,GE09,2,171,2022-07-04
PR_G5-1_4_GE09_54_6,147,PR,GE09,3,174,2022-08-19
PR_G5-1_4_GE09_54_6,148,PR,GE09,1,175,2022-09-23
PR_G5-1_4_GE09_54_6,149,PR,GE09,1,176,2022-10-17
PR_G5-1_4_GE09_54_6,150,PR,GE09,1,177,2022-11-09
PR_G5-1_4_GE09_54_6,151,PR,GE09,2,179,2022-12-14
PR_G5-1_4_GE09_54_6,152,PR,GE09,1,180,2023-01-11
PR_G5-1_4_GE09_54_6,153,PR,GE09,1,181,2023-02-24
PR_G5-1_4_GE09_54_6,154,PR,GE09,2,183,2023-03-22
PR_G5-1_4_GE09_54_6,155,PR,GE09,2,185,2023-04-14
PR_G5-1_4_GE09_54_6,156,PR,GE09,3,188,2023-05-31
PR_G5-1_4_GE09_54_6,157,PR,GE09,2,190,2023-06-12
PR_G5-1_4_GE09_54_6,158,PR,GE09,3,193,2023-07-29
PR_G5-1_4_GE09_54_6,159,PR,GE09,1,194,2023-08-10
PR_G5-1_4_GE09_54_6,160,PR,GE09,2,196,2023-09-26
PR_G5-1_4_GE09_54_6,161,PR,GE09,2,198,2023-10-31
PR_G5-1_4_GE09_54_6,162,PR,GE09,0,198,2023-11-23
PR_G5-1_4_GE09_54_6,164,PR,GE09,1,199,2024-01-09
PR_G5-1_4_GE09_54_6,165,PR,GE09,2,201,2024-02-24
PR_G5-1_4_GE09_54_6,166,PR,GE09,0,201,2024-03-23
PR_G5-1_4_GE09_54_6,167,PR,GE09,1,202,2024-04-12
PR_G5-1_4_GE09_54_6,168,PR,GE09,3,205,2024-05-23
PR_G5-1_4_GE09_54_6,169,PR,GE09,2,207,2024-06-11
PR_G5-1_4_GE06_58_6,35,PR,GE06,0,0,2013-04-19
PR_G5-1_4_GE06_58_6,36,PR,GE06,0,0,2013-05-30
PR_G5-1_4_GE06_58_6,37,PR,GE06,0,0,2013-06-08
PR_G5-1_4_GE06_58_6,38,PR,GE06,0,0,2013-07-22
PR_G5-1_4_GE06_58_6,39,PR,GE06,0,0,2013-08-09
PR_G5-1_4_GE06_58_6,40,PR,GE06,0,0,2013-09-30
PR_G5-1_4_GE06_58_6,41,PR,GE06,0,0,2013-10-21
PR_G5-1_4_GE06_58_6,42,PR,GE06,0,0,2013-11-26
PR_G5-1_4_GE06_58_6,43,PR,GE06,0,0,2013-12-17
PR_G5-1_4_GE06_58_6,44,PR,GE06,0,0,2014-01-14
PR_G5-1_4_GE06_58_6,45,PR,GE06,3,3,2014-02-04
PR_G5-1_4_GE06_58_6,46,PR,GE06,3,6,2014-03-17
PR_G5-1_4_GE06_58_6,47,PR,GE06,3,9,2014-04-23
PR_G5-1_4_GE06_58_6,48,PR,GE06,3,12,2014-05-30
PR_G5-1_4_GE06_58_6,49,PR,GE06,2,14,2014-06-27
PR_G5-1_4_GE06_58_6,50,PR,GE06,1,15,2014-07-16
PR_G5-1_4_GE06_58_6,51,PR,GE06,2,17,2014-08-13
PR_G5-1_4_GE06_58_6,52,PR,GE06,3,20,2014-09-29
PR_G5-1_4_GE06_58_6,53,PR,GE06,2,22,2014-10-27
PR_G5-1_4_GE06_58_6,54,PR,GE06,1,23,2014-11-14
PR_G5-1_4_GE06_58_6,55,PR,GE06,3,26,2014-12-18
PR_G5-1_4_GE06_58_6,56,PR,GE06,3,29,2015-01-28
PR_G5-1_4_GE06_58_6,57,PR,GE06,3,32,2015-02-24
PR_G5-1_4_GE06_58_6,58,PR,GE06,3,35,2015-03-25
PR_G5-1_4_GE06_58_6,59,PR,GE06,3,38,2015-04-22
PR_G5-1_4_GE06_58_6,60,PR,GE06,3,41,2015-05-29
PR_G5-1_4_GE06_58_6,61,PR,GE06,2,43,2015-06-26
PR_G5-1_4_GE06_58_6,62,PR,GE06,2,45,2015-07-15
PR_G5-1_4_GE06_58_6,63,PR,GE06,2,47,2015-08-21
PR_G5-1_4_GE06_58_6,64,PR,GE06,3,50,2015-09-28
PR_G5-1_4_GE06_58_6,65,PR,GE06,1,51,2015-10-16
PR_G5-1_4_GE06_58_6,67,PR,GE06,3,54,2015-12-30
PR_G5-1_4_GE06_58_6,68,PR,GE06,3,57,2016-01-27
PR_G5-1_4_GE06_58_6,69,PR,GE06,2,59,2016-02-24
PR_G5-1_4_GE06_58_6,70,PR,GE06,3,62,2016-03-23
PR_G5-1_4_GE06_58_6,71,PR,GE06,2,64,2016-04-29
PR_G5-1_4_GE06_58_6,72,PR,GE06,3,67,2016-05-27
PR_G5-1_4_GE06_58_6,73,PR,GE06,2,69,2016-06-24
PR_G5-1_4_GE06_58_6,74,PR,GE06,1,70,2016-07-13
PR_G5-1_4_GE06_58_6,75,PR,GE06,3,73,2016-08-29
PR_G5-1_4_GE06_58_6,80,PR,GE06,2,75,2017-01-25
PR_G5-1_4_GE06_58_6,81,PR,GE06,3,78,2017-02-22
PR_G5-1_4_GE06_58_6,82,PR,GE06,4,82,2017-03-22
PR_G5-1_4_GE06_58_6,86,PR,GE06,1,83,2017-07-31
PR_G5-1_4_GE06_58_6,87,PR,GE06,1,84,2017-08-18
PR_G5-1_4_GE06_58_6,88,PR,GE06,1,85,2017-09-06
PR_G5-1_4_GE06_58_6,91,PR,GE06,2,87,2017-12-18
PR_G5-1_4_GE06_58_6,92,PR,GE06,3,90,2018-01-15
PR_G5-1_4_GE06_58_6,93,PR,GE06,2,92,2018-02-02
PR_G5-1_4_GE06_58_6,96,PR,GE06,1,93,2018-05-25
PR_G5-1_4_GE06_58_6,97,PR,GE06,2,95,2018-06-22
PR_G5-1_4_GE06_58_6,98,PR,GE06,1,96,2018-07-20
PR_G5-1_4_GE06_58_6,99,PR,GE06,1,97,2018-08-17
PR_G5-1_4_GE06_58_6,102,PR,GE06,5,102,2018-11-28
PR_G5-1_4_GE06_58_6,103,PR,GE06,2,104,2018-12-17
PR_G5-1_4_GE06_58_6,104,PR,GE06,2,106,2019-01-14
PR_G5-1_4_GE06_58_6,105,PR,GE06,1,107,2019-02-11
PR_G5-1_4_GE06_58_6,106,PR,GE06,2,109,2019-03-01
PR_G5-1_4_GE06_58_6,115,PR,GE06,4,115,2019-12-25
PR_G5-1_4_GE06_58_6,114,PR,GE06,2,112,2019-11-18
PR_G5-1_4_GE06_58_6,116,PR,GE06,2,117,2020-01-22
PR_G5-1_4_GE06_58_6,121,PR,GE06,2,119,2020-06-26
PR_G5-1_4_GE06_58_6,125,PR,GE06,3,122,2020-10-27
PR_G5-1_4_GE06_58_6,126,PR,GE06,2,124,2020-11-19
PR_G5-1_4_GE06_58_6,127,PR,GE06,1,125,2020-12-12
PR_G5-1_4_GE06_58_6,128,PR,GE06,1,126,2021-01-08
PR_G5-1_4_GE06_58_6,129,PR,GE06,1,127,2021-02-01
PR_G5-1_4_GE06_58_6,131,PR,GE06,1,128,2021-04-23
PR_G5-1_4_GE06_58_6,136,PR,GE06,3,132,2021-09-24
PR_G5-1_4_GE06_58_6,137,PR,GE06,3,134,2021-10-18
PR_G5-1_4_GE06_58_6,138,PR,GE06,1,135,2021-11-10
PR_G5-1_4_GE06_58_6,139,PR,GE06,1,136,2021-12-03
PR_G5-1_4_GE06_58_6,140,PR,GE06,2,138,2022-01-21
PR_G5-1_4_GE06_58_6,149,PR,GE06,4,142,2022-10-28
PR_G5-1_4_GE06_58_6,155,PR,GE06,1,143,2023-04-03
PR_G5-1_4_GE06_58_6,158,PR,GE06,2,145,2023-07-29
PR_G5-1_4_GE06_58_6,159,PR,GE06,1,146,2023-08-22
PR_G5-1_4_GE06_58_6,160,PR,GE06,1,147,2023-09-14
PR_G5-1_4_GE06_58_6,165,PR,GE06,2,149,2024-02-24
PR_G5-1_4_GE06_58_6,168,PR,GE06,1,150,2024-05-30
PR_G5-1_4_GE06_58_6,169,PR,GE06,1,151,2024-06-11
PR_G5-1_4_GE06_59_3,35,PR,GE06,0,0,2013-04-30
PR_G5-1_4_GE06_59_3,36,PR,GE06,0,0,2013-05-10
PR_G5-1_4_GE06_59_3,37,PR,GE06,0,0,2013-06-08
PR_G5-1_4_GE06_59_3,45,PR,GE06,3,3,2014-02-25
PR_G5-1_4_GE06_59_3,44,PR,GE06,0,1,2014-01-24
PR_G5-1_4_GE06_59_3,46,PR,GE06,1,4,2014-03-17
PR_G5-1_4_GE06_59_3,47,PR,GE06,2,6,2014-04-23
PR_G5-1_4_GE06_59_3,48,PR,GE06,3,9,2014-05-30
PR_G5-1_4_GE06_59_3,49,PR,GE06,2,11,2014-06-27
PR_G5-1_4_GE06_59_3,50,PR,GE06,2,13,2014-07-16
PR_G5-1_4_GE06_59_3,51,PR,GE06,2,15,2014-08-22
PR_G5-1_4_GE06_59_3,52,PR,GE06,2,17,2014-09-19
PR_G5-1_4_GE06_59_3,53,PR,GE06,1,18,2014-10-08
PR_G5-1_4_GE06_59_3,58,PR,GE06,2,20,2015-03-25
PR_G5-1_4_GE06_59_3,59,PR,GE06,4,24,2015-04-13
PR_G5-1_4_GE06_59_3,60,PR,GE06,3,27,2015-05-20
PR_G5-1_4_GE06_59_3,61,PR,GE06,3,30,2015-06-26
PR_G5-1_4_GE06_59_3,62,PR,GE06,3,33,2015-07-24
PR_G5-1_4_GE06_59_3,63,PR,GE06,3,36,2015-08-31
PR_G5-1_4_GE06_59_3,64,PR,GE06,1,37,2015-09-28
PR_G5-1_4_GE06_59_3,65,PR,GE06,1,38,2015-10-07
PR_G5-1_4_GE06_59_3,72,PR,GE06,4,42,2016-05-27
PR_G5-1_4_GE06_59_3,73,PR,GE06,2,44,2016-06-24
PR_G5-1_4_GE06_59_3,74,PR,GE06,2,46,2016-07-22
PR_G5-1_4_GE06_59_3,75,PR,GE06,2,48,2016-08-29
PR_G5-1_4_GE06_59_3,76,PR,GE06,2,50,2016-09-26
PR_G5-1_4_GE06_59_3,77,PR,GE06,1,51,2016-10-05
PR_G5-1_4_GE06_59_3,86,PR,GE06,3,54,2017-07-31
PR_G5-1_4_GE06_59_3,87,PR,GE06,1,55,2017-08-28
PR_G5-1_4_GE06_59_3,88,PR,GE06,1,56,2017-09-06
PR_G5-1_4_GE06_59_3,89,PR,GE06,2,58,2017-10-23
PR_G5-1_4_GE06_59_3,90,PR,GE06,1,59,2017-11-10
PR_G5-1_4_GE06_59_3,97,PR,GE06,3,62,2018-06-22
PR_G5-1_4_GE06_59_3,98,PR,GE06,1,63,2018-07-20
PR_G5-1_4_GE06_59_3,99,PR,GE06,2,65,2018-08-27
PR_G5-1_4_GE06_59_3,100,PR,GE06,2,67,2018-09-24
PR_G5-1_4_GE06_59_3,101,PR,GE06,2,69,2018-10-31
PR_G5-1_4_GE06_59_3,102,PR,GE06,2,71,2018-11-28
PR_G5-1_4_GE06_59_3,103,PR,GE06,1,72,2018-12-26
PR_G5-1_4_GE06_59_3,104,PR,GE06,2,74,2019-01-23
PR_G5-1_4_GE06_59_3,105,PR,GE06,1,75,2019-02-11
PR_G5-1_4_GE06_59_3,106,PR,GE06,1,76,2019-03-01
PR_G5-1_4_GE06_59_3,112,PR,GE06,4,82,2019-09-23
PR_G5-1_4_GE06_59_3,111,PR,GE06,2,79,2019-08-26
PR_G5-1_4_GE06_59_3,113,PR,GE06,2,84,2019-10-21
PR_G5-1_4_GE06_59_3,114,PR,GE06,1,85,2019-11-18
PR_G5-1_4_GE06_59_3,123,PR,GE06,1,86,2020-08-11
PR_G5-1_4_GE06_59_3,125,PR,GE06,1,87,2020-10-27
PR_G5-1_4_GE06_59_3,126,PR,GE06,2,89,2020-11-19
PR_G5-1_4_GE06_59_3,127,PR,GE06,2,91,2020-12-24
PR_G5-1_4_GE06_59_3,129,PR,GE06,1,92,2021-02-24
PR_G5-1_4_GE06_59_3,130,PR,GE06,1,93,2021-03-08
PR_G5-1_4_GE06_59_3,132,PR,GE06,3,96,2021-05-28
PR_G5-1_4_GE06_59_3,134,PR,GE06,2,98,2021-07-28
PR_G5-1_4_GE06_59_3,136,PR,GE06,1,99,2021-09-01
PR_G5-1_4_GE06_59_3,141,PR,GE06,2,101,2022-02-25
PR_G5-1_4_GE06_59_3,146,PR,GE06,2,103,2022-07-15
PR_G5-1_4_GE06_59_3,147,PR,GE06,1,104,2022-08-19
PR_G5-1_4_GE06_59_3,148,PR,GE06,2,106,2022-09-23
PR_G5-1_4_GE06_59_3,150,PR,GE06,1,107,2022-11-09
PR_G5-1_4_GE06_59_3,151,PR,GE06,1,108,2022-12-02
PR_G5-1_4_GE06_59_3,153,PR,GE06,2,110,2023-02-24
PR_G5-1_4_GE06_59_3,154,PR,GE06,2,112,2023-03-22
PR_G5-1_4_GE06_59_3,160,PR,GE06,1,113,2023-09-26
PR_G5-1_4_GE06_59_3,164,PR,GE06,1,114,2024-01-20
PR_G5-1_4_GE06_59_3,165,PR,GE06,3,117,2024-02-24
PR_G5-1_4_GE06_59_3,166,PR,GE06,0,117,2024-03-23
PR_G5-1_4_GE06_59_3,167,PR,GE06,0,117,2024-04-01
PR_G5-1_4_GE06_59_5,35,PR,GE06,0,0,2013-04-10
PR_G5-1_4_GE06_59_5,43,PR,GE06,0,0,2013-12-17
PR_G5-1_4_GE06_59_5,44,PR,GE06,0,0,2014-01-24
PR_G5-1_4_GE06_59_5,45,PR,GE06,4,4,2014-02-25
PR_G5-1_4_GE06_59_5,46,PR,GE06,3,7,2014-03-26
PR_G5-1_4_GE06_59_5,47,PR,GE06,2,9,2014-04-23
PR_G5-1_4_GE06_59_5,48,PR,GE06,3,12,2014-05-30
PR_G5-1_4_GE06_59_5,49,PR,GE06,1,13,2014-06-18
PR_G5-1_4_GE06_59_5,50,PR,GE06,2,15,2014-07-25
PR_G5-1_4_GE06_59_5,57,PR,GE06,2,17,2015-02-16
PR_G5-1_4_GE06_59_5,56,PR,GE06,1,18,2015-01-19
PR_G5-1_4_GE06_59_5,58,PR,GE06,3,22,2015-03-25
PR_G5-1_4_GE06_59_5,59,PR,GE06,4,25,2015-04-22
PR_G5-1_4_GE06_59_5,60,PR,GE06,3,28,2015-05-29
PR_G5-1_4_GE06_59_5,61,PR,GE06,2,30,2015-06-26
PR_G5-1_4_GE06_59_5,62,PR,GE06,2,32,2015-07-24
PR_G5-1_4_GE06_59_5,63,PR,GE06,3,35,2015-08-31
PR_G5-1_4_GE06_59_5,65,PR,GE06,1,36,2015-10-07
PR_G5-1_4_GE06_59_5,71,PR,GE06,2,38,2016-04-11
PR_G5-1_4_GE06_59_5,73,PR,GE06,1,39,2016-06-24
PR_G5-1_4_GE06_59_5,74,PR,GE06,2,41,2016-07-22
PR_G5-1_4_GE06_59_5,75,PR,GE06,3,44,2016-08-29
PR_G5-1_4_GE06_59_5,76,PR,GE06,1,45,2016-09-26
PR_G5-1_4_GE06_59_5,77,PR,GE06,2,47,2016-10-24
PR_G5-1_4_GE06_59_5,78,PR,GE06,1,48,2016-11-30
PR_G5-1_4_GE06_59_5,79,PR,GE06,1,49,2016-12-28
PR_G5-1_4_GE06_59_5,80,PR,GE06,2,51,2017-01-25
PR_G5-1_4_GE06_59_5,81,PR,GE06,2,53,2017-02-22
PR_G5-1_4_GE06_59_5,82,PR,GE06,2,55,2017-03-31
PR_G5-1_4_GE06_59_5,83,PR,GE06,1,56,2017-04-10
PR_G5-1_4_GE06_59_5,92,PR,GE06,3,59,2018-01-24
PR_G5-1_4_GE06_59_5,93,PR,GE06,3,62,2018-02-02
PR_G5-1_4_GE06_59_5,94,PR,GE06,3,65,2018-03-21
PR_G5-1_4_GE06_59_5,98,PR,GE06,1,66,2018-07-11
PR_G5-1_4_GE06_59_5,105,PR,GE06,3,69,2019-02-11
PR_G5-1_4_GE06_59_5,109,PR,GE06,1,70,2019-06-03
PR_G5-1_4_GE06_59_5,110,PR,GE06,2,72,2019-07-19
PR_G5-1_4_GE06_59_5,111,PR,GE06,1,73,2019-08-26
PR_G5-1_4_GE06_59_5,112,PR,GE06,1,74,2019-09-23
PR_G5-1_4_GE06_59_5,115,PR,GE06,1,75,2019-12-25
PR_G5-1_4_GE06_59_5,116,PR,GE06,3,78,2020-01-31
PR_G5-1_4_GE06_59_5,122,PR,GE06,2,80,2020-07-09
PR_G5-1_4_GE06_59_5,123,PR,GE06,1,81,2020-08-11
PR_G5-1_4_GE06_59_5,127,PR,GE06,2,83,2020-12-24
PR_G5-1_4_GE06_59_5,128,PR,GE06,3,87,2021-01-20
PR_G5-1_4_GE06_59_5,129,PR,GE06,3,89,2021-02-24
PR_G5-1_4_GE06_59_5,130,PR,GE06,1,90,2021-03-19
PR_G5-1_4_GE06_59_5,141,PR,GE06,2,92,2022-02-25
PR_G5-1_4_GE06_59_5,144,PR,GE06,1,93,2022-05-30
PR_G5-1_4_GE06_59_5,145,PR,GE06,1,94,2022-06-22
PR_G5-1_4_GE06_59_5,146,PR,GE06,1,95,2022-07-15
PR_G5-1_4_GE06_59_5,147,PR,GE06,1,96,2022-08-19
PR_G5-1_4_GE06_59_5,148,PR,GE06,1,97,2022-09-12
PR_G5-1_4_GE06_59_5,149,PR,GE06,2,99,2022-10-28
PR_G5-1_4_GE06_59_5,151,PR,GE06,1,100,2022-12-26
PR_G5-1_4_GE06_59_5,153,PR,GE06,2,102,2023-02-13
PR_G5-1_4_GE06_59_5,154,PR,GE06,1,103,2023-03-22
PR_G5-1_4_GE06_59_5,159,PR,GE06,1,104,2023-08-10
PR_G5-1_4_GE06_59_5,160,PR,GE06,3,107,2023-09-26
PR_G5-1_4_GE06_59_5,161,PR,GE06,1,108,2023-10-19
PR_G5-1_4_GE06_59_5,162,PR,GE06,1,109,2023-11-11
PR_G5-1_4_GE06_59_5,163,PR,GE06,2,111,2023-12-16
PR_G5-1_4_GE06_59_5,165,PR,GE06,3,114,2024-02-13
PR_G5-1_4_GE06_59_5,166,PR,GE06,1,115,2024-03-12
PR_G5-1_4_GE06_59_5,167,PR,GE06,0,115,2024-04-01
PR_G5-1_4_GE12_64_10,35,PR,GE12,0,0,2013-04-30
PR_G5-1_4_GE12_64_10,37,PR,GE12,0,0,2013-06-19
PR_G5-1_4_GE12_64_10,42,PR,GE12,0,0,2013-11-26
PR_G5-1_4_GE12_64_10,43,PR,GE12,0,0,2013-12-17
PR_G5-1_4_GE12_64_10,44,PR,GE12,0,0,2014-01-24
PR_G5-1_4_GE12_64_10,45,PR,GE12,5,5,2014-02-26
PR_G5-1_4_GE12_64_10,46,PR,GE12,3,8,2014-03-10
PR_G5-1_4_GE12_64_10,47,PR,GE12,2,10,2014-04-07
PR_G5-1_4_GE12_64_10,48,PR,GE12,4,14,2014-05-23
PR_G5-1_4_GE12_64_10,49,PR,GE12,2,16,2014-06-11
PR_G5-1_4_GE12_64_10,50,PR,GE12,2,18,2014-07-28
PR_G5-1_4_GE12_64_10,51,PR,GE12,1,19,2014-08-25
PR_G5-1_4_GE12_64_10,59,PR,GE12,4,23,2015-04-15
PR_G5-1_4_GE12_64_10,60,PR,GE12,4,27,2015-05-22
PR_G5-1_4_GE12_64_10,61,PR,GE12,4,31,2015-06-29
PR_G5-1_4_GE12_64_10,62,PR,GE12,1,32,2015-07-17
PR_G5-1_4_GE12_64_10,63,PR,GE12,3,35,2015-08-24
PR_G5-1_4_GE12_64_10,64,PR,GE12,2,37,2015-09-30
PR_G5-1_4_GE12_64_10,65,PR,GE12,2,39,2015-10-19
PR_G5-1_4_GE12_64_10,66,PR,GE12,1,40,2015-11-16
PR_G5-1_4_GE12_64_10,72,PR,GE12,4,44,2016-05-30
PR_G5-1_4_GE12_64_10,73,PR,GE12,3,47,2016-06-27
PR_G5-1_4_GE12_64_10,74,PR,GE12,2,49,2016-07-25
PR_G5-1_4_GE12_64_10,75,PR,GE12,2,51,2016-08-31
PR_G5-1_4_GE12_64_10,76,PR,GE12,3,54,2016-09-29
PR_G5-1_4_GE12_64_10,77,PR,GE12,1,55,2016-10-17
PR_G5-1_4_GE12_64_10,78,PR,GE12,2,57,2016-11-23
PR_G5-1_4_GE12_64_10,84,PR,GE12,1,58,2017-05-10
PR_G5-1_4_GE12_64_10,87,PR,GE12,1,59,2017-08-30
PR_G5-1_4_GE12_64_10,88,PR,GE12,1,60,2017-09-18
PR_G5-1_4_GE12_64_10,91,PR,GE12,1,61,2017-12-20
PR_G5-1_4_GE12_64_10,92,PR,GE12,1,62,2018-01-08
PR_G5-1_4_GE12_64_10,98,PR,GE12,2,64,2018-07-23
PR_G5-1_4_GE12_64_10,99,PR,GE12,2,66,2018-08-20
PR_G5-1_4_GE12_64_10,100,PR,GE12,1,67,2018-09-07
PR_G5-1_4_GE12_64_10,101,PR,GE12,1,68,2018-10-24
PR_G5-1_4_GE12_64_10,102,PR,GE12,3,71,2018-11-30
PR_G5-1_4_GE12_64_10,103,PR,GE12,1,72,2018-12-28
PR_G5-1_4_GE12_64_10,105,PR,GE12,1,73,2019-02-22
PR_G5-1_4_GE12_64_10,112,PR,GE12,3,76,2019-09-25
PR_G5-1_4_GE12_64_10,113,PR,GE12,2,78,2019-10-04
PR_G5-1_4_GE12_64_10,116,PR,GE12,1,79,2020-01-24
PR_G5-1_4_GE12_64_10,117,PR,GE12,1,80,2020-02-12
PR_G5-1_4_GE12_64_10,118,PR,GE12,2,82,2020-03-20
PR_G5-1_4_GE12_64_10,123,PR,GE12,3,85,2020-08-25
PR_G5-1_4_GE12_64_10,124,PR,GE12,2,87,2020-09-17
PR_G5-1_4_GE12_64_10,125,PR,GE12,1,88,2020-10-12
PR_G5-1_4_GE12_64_10,134,PR,GE12,1,89,2021-07-06
PR_G5-1_4_GE12_64_10,136,PR,GE12,1,90,2021-09-15
PR_G5-1_4_GE12_64_10,137,PR,GE12,1,91,2021-10-08
PR_G5-1_4_GE12_64_10,138,PR,GE12,1,92,2021-11-01
PR_G5-1_4_GE12_64_10,145,PR,GE12,2,94,2022-06-13
PR_G5-1_4_GE12_64_10,151,PR,GE12,1,95,2022-12-05
PR_G5-1_4_GE12_64_10,155,PR,GE12,2,97,2023-04-17
PR_G5-1_4_GE12_64_10,159,PR,GE12,3,100,2023-08-24
PR_G5-1_4_GE12_64_10,160,PR,GE12,2,102,2023-09-28
PR_G5-1_4_GE12_64_10,161,PR,GE12,1,103,2023-10-21
PR_G5-1_4_GE12_64_10,162,PR,GE12,2,105,2023-11-25
PR_G5-1_4_GE12_64_10,163,PR,GE12,0,105,2023-12-19
PR_G5-1_4_GE12_64_10,164,PR,GE12,1,106,2024-01-23
PR_G5-1_4_GE12_64_10,165,PR,GE12,1,107,2024-02-03
PR_G5-1_4_GE12_64_10,166,PR,GE12,0,107,2024-03-21
PR_G5-1_4_GE12_64_10,167,PR,GE12,1,108,2024-04-15
PR_G5-1_4_GE12_64_11,35,PR,GE12,0,0,2013-04-10
PR_G5-1_4_GE12_64_11,44,PR,GE12,0,0,2014-01-24
PR_G5-1_4_GE12_64_11,42,PR,GE12,0,0,2013-11-07
PR_G5-1_4_GE12_64_11,41,PR,GE12,0,0,2013-10-29
PR_G5-1_4_GE12_64_11,43,PR,GE12,0,0,2013-12-17
PR_G5-1_4_GE12_64_11,45,PR,GE12,2,2,2014-02-26
PR_G5-1_4_GE12_64_11,46,PR,GE12,1,3,2014-03-28
PR_G5-1_4_GE12_64_11,47,PR,GE12,1,4,2014-04-25
PR_G5-1_4_GE12_64_11,48,PR,GE12,3,7,2014-05-23
PR_G5-1_4_GE12_64_11,49,PR,GE12,1,8,2014-06-02
PR_G5-1_4_GE12_64_11,50,PR,GE12,1,9,2014-07-28
PR_G5-1_4_GE12_64_11,53,PR,GE12,2,11,2014-10-10
PR_G5-1_4_GE12_64_11,56,PR,GE12,5,16,2015-01-30
PR_G5-1_4_GE12_64_11,57,PR,GE12,2,18,2015-02-18
PR_G5-1_4_GE12_64_11,58,PR,GE12,5,23,2015-03-27
PR_G5-1_4_GE12_64_11,59,PR,GE12,3,26,2015-04-15
PR_G5-1_4_GE12_64_11,60,PR,GE12,3,29,2015-05-22
PR_G5-1_4_GE12_64_11,61,PR,GE12,5,34,2015-06-29
PR_G5-1_4_GE12_64_11,63,PR,GE12,2,36,2015-08-14
PR_G5-1_4_GE12_64_11,64,PR,GE12,3,39,2015-09-21
PR_G5-1_4_GE12_64_11,65,PR,GE12,3,42,2015-10-28
PR_G5-1_4_GE12_64_11,70,PR,GE12,7,49,2016-03-25
PR_G5-1_4_GE12_64_11,71,PR,GE12,3,52,2016-04-13
PR_G5-1_4_GE12_64_11,72,PR,GE12,5,57,2016-05-30
PR_G5-1_4_GE12_64_11,73,PR,GE12,2,59,2016-06-27
PR_G5-1_4_GE12_64_11,74,PR,GE12,1,60,2016-07-15
PR_G5-1_4_GE12_64_11,75,PR,GE12,1,61,2016-08-22
PR_G5-1_4_GE12_64_11,76,PR,GE12,2,63,2016-09-29
PR_G5-1_4_GE12_64_11,77,PR,GE12,1,64,2016-10-17
PR_G5-1_4_GE12_64_11,85,PR,GE12,1,65,2017-06-16
PR_G5-1_4_GE12_64_11,86,PR,GE12,2,67,2017-07-05
PR_G5-1_4_GE12_64_11,88,PR,GE12,1,68,2017-09-27
PR_G5-1_4_GE12_64_11,89,PR,GE12,1,69,2017-10-06
PR_G5-1_4_GE12_64_11,90,PR,GE12,2,71,2017-11-13
PR_G5-1_4_GE12_64_11,91,PR,GE12,2,73,2017-12-11
PR_G5-1_4_GE12_64_11,98,PR,GE12,1,74,2018-07-23
PR_G5-1_4_GE12_64_11,99,PR,GE12,2,76,2018-08-29
PR_G5-1_4_GE12_64_11,101,PR,GE12,1,77,2018-10-15
PR_G5-1_4_GE12_64_11,102,PR,GE12,3,80,2018-11-21
PR_G5-1_4_GE12_64_11,103,PR,GE12,2,82,2018-12-10
PR_G5-1_4_GE12_64_11,104,PR,GE12,2,84,2019-01-16
PR_G5-1_4_GE12_64_11,105,PR,GE12,2,86,2019-02-13
PR_G5-1_4_GE12_64_11,106,PR,GE12,1,87,2019-03-22
PR_G5-1_4_GE12_64_11,107,PR,GE12,1,88,2019-04-01
PR_G5-1_4_GE12_64_11,110,PR,GE12,2,90,2019-07-22
PR_G5-1_4_GE12_64_11,111,PR,GE12,3,93,2019-08-28
PR_G5-1_4_GE12_64_11,116,PR,GE12,3,96,2020-01-24
PR_G5-1_4_GE12_64_11,119,PR,GE12,2,98,2020-04-27
PR_G5-1_4_GE12_64_11,120,PR,GE12,1,99,2020-05-15
PR_G5-1_4_GE12_64_11,121,PR,GE12,1,100,2020-06-03
PR_G5-1_4_GE12_64_11,122,PR,GE12,1,101,2020-07-02
PR_G5-1_4_GE12_64_11,123,PR,GE12,3,104,2020-08-13
PR_G5-1_4_GE12_64_11,124,PR,GE12,1,105,2020-09-05
PR_G5-1_4_GE12_64_11,130,PR,GE12,2,107,2021-03-22
PR_G5-1_4_GE12_64_11,131,PR,GE12,4,111,2021-04-26
PR_G5-1_4_GE12_64_11,132,PR,GE12,2,113,2021-05-31
PR_G5-1_4_GE12_64_11,133,PR,GE12,2,115,2021-06-23
PR_G5-1_4_GE12_64_11,134,PR,GE12,2,117,2021-07-17
PR_G5-1_4_GE12_64_11,135,PR,GE12,1,118,2021-08-23
PR_G5-1_4_GE12_64_11,144,PR,GE12,2,120,2022-05-09
PR_G5-1_4_GE12_64_11,148,PR,GE12,2,122,2022-09-14
PR_G5-1_4_GE12_64_11,153,PR,GE12,2,124,2023-02-28
PR_G5-1_4_GE12_64_11,162,PR,GE12,1,125,2023-11-25
PR_G5-1_4_GE12_64_11,165,PR,GE12,0,125,2024-02-03
PR_G5-1_4_GE12_64_11,166,PR,GE12,1,126,2024-03-09
PR_G5-1_4_GE12_64_11,167,PR,GE12,1,127,2024-04-26
PR_G5-1_4_GE16_64_4,38,PR,GE16,0,0,2013-07-12
PR_G5-1_4_GE16_64_4,40,PR,GE16,0,0,2013-09-30
PR_G5-1_4_GE16_64_4,41,PR,GE16,0,0,2013-10-29
PR_G5-1_4_GE16_64_4,42,PR,GE16,0,0,2013-11-26
PR_G5-1_4_GE16_64_4,43,PR,GE16,0,0,2013-12-17
PR_G5-1_4_GE16_64_4,44,PR,GE16,0,0,2014-01-24
PR_G5-1_4_GE16_64_4,45,PR,GE16,6,6,2014-02-26
PR_G5-1_4_GE16_64_4,46,PR,GE16,3,9,2014-03-28
PR_G5-1_4_GE16_64_4,47,PR,GE16,2,11,2014-04-25
PR_G5-1_4_GE16_64_4,48,PR,GE16,1,12,2014-05-14
PR_G5-1_4_GE16_64_4,49,PR,GE16,3,15,2014-06-30
PR_G5-1_4_GE16_64_4,50,PR,GE16,1,16,2014-07-28
PR_G5-1_4_GE16_64_4,58,PR,GE16,8,24,2015-03-18
PR_G5-1_4_GE16_64_4,60,PR,GE16,3,27,2015-05-22
PR_G5-1_4_GE16_64_4,61,PR,GE16,4,31,2015-06-19
PR_G5-1_4_GE16_64_4,62,PR,GE16,3,34,2015-07-27
PR_G5-1_4_GE16_64_4,63,PR,GE16,1,35,2015-08-14
PR_G5-1_4_GE16_64_4,64,PR,GE16,1,36,2015-09-02
PR_G5-1_4_GE16_64_4,71,PR,GE16,2,38,2016-04-13
PR_G5-1_4_GE16_64_4,72,PR,GE16,1,39,2016-05-30
PR_G5-1_4_GE16_64_4,73,PR,GE16,3,42,2016-06-27
PR_G5-1_4_GE16_64_4,74,PR,GE16,2,44,2016-07-15
PR_G5-1_4_GE16_64_4,75,PR,GE16,3,47,2016-08-31
PR_G5-1_4_GE16_64_4,76,PR,GE16,1,48,2016-09-19
PR_G5-1_4_GE16_64_4,78,PR,GE16,1,51,2016-11-23
PR_G5-1_4_GE16_64_4,77,PR,GE16,2,50,2016-10-26
PR_G5-1_4_GE16_64_4,79,PR,GE16,1,52,2016-12-30
PR_G5-1_4_GE16_64_4,80,PR,GE16,1,53,2017-01-27
PR_G5-1_4_GE16_64_4,81,PR,GE16,1,54,2017-02-06
PR_G5-1_4_GE16_64_4,87,PR,GE16,2,56,2017-08-30
PR_G5-1_4_GE16_64_4,88,PR,GE16,1,57,2017-09-18
PR_G5-1_4_GE16_64_4,90,PR,GE16,1,58,2017-11-22
PR_G5-1_4_GE16_64_4,91,PR,GE16,1,59,2017-12-11
PR_G5-1_4_GE16_64_4,92,PR,GE16,4,63,2018-01-26
PR_G5-1_4_GE16_64_4,94,PR,GE16,1,64,2018-03-05
PR_G5-1_4_GE16_64_4,104,PR,GE16,6,70,2019-01-25
PR_G5-1_4_GE16_64_4,105,PR,GE16,1,71,2019-02-13
PR_G5-1_4_GE16_64_4,106,PR,GE16,1,72,2019-03-22
PR_G5-1_4_GE16_64_4,107,PR,GE16,2,74,2019-04-19
PR_G5-1_4_GE16_64_4,110,PR,GE16,2,76,2019-07-31
PR_G5-1_4_GE16_64_4,117,PR,GE16,5,81,2020-02-21
PR_G5-1_4_GE16_64_4,118,PR,GE16,2,83,2020-03-02
PR_G5-1_4_GE16_64_4,121,PR,GE16,1,84,2020-06-12
PR_G5-1_4_GE16_64_4,122,PR,GE16,1,85,2020-07-02
PR_G5-1_4_GE16_64_4,123,PR,GE16,2,87,2020-08-25
PR_G5-1_4_GE16_64_4,129,PR,GE16,4,91,2021-02-26
PR_G5-1_4_GE16_64_4,130,PR,GE16,3,94,2021-03-22
PR_G5-1_4_GE16_64_4,135,PR,GE16,1,95,2021-08-11
PR_G5-1_4_GE16_64_4,136,PR,GE16,1,96,2021-09-03
PR_G5-1_4_GE16_64_4,143,PR,GE16,4,100,2022-04-27
PR_G5-1_4_GE16_64_4,149,PR,GE16,2,102,2022-10-31
PR_G5-1_4_GE16_64_4,150,PR,GE16,1,103,2022-11-23
PR_G5-1_4_GE16_64_4,152,PR,GE16,1,104,2023-01-23
PR_G5-1_4_GE16_64_4,153,PR,GE16,1,105,2023-02-28
PR_G5-1_4_GE16_64_4,155,PR,GE16,2,107,2023-04-17
PR_G5-1_4_GE16_64_4,156,PR,GE16,2,109,2023-05-10
PR_G5-1_4_GE16_64_4,160,PR,GE16,2,111,2023-09-28
PR_G5-1_4_GE16_64_4,165,PR,GE16,7,118,2024-02-27
PR_G5-1_4_GE16_64_4,166,PR,GE16,0,118,2024-03-21
PR_G5-1_4_GE16_64_4,167,PR,GE16,2,120,2024-04-29
PR_G5-1_4_GE16_64_4,168,PR,GE16,1,121,2024-05-18
PR_G5-1_4_GE16_64_5,38,PR,GE16,0,0,2013-07-12
PR_G5-1_4_GE16_64_5,41,PR,GE16,0,0,2013-10-21
PR_G5-1_4_GE16_64_5,42,PR,GE16,0,0,2013-11-07
PR_G5-1_4_GE16_64_5,43,PR,GE16,0,0,2013-12-17
PR_G5-1_4_GE16_64_5,44,PR,GE16,0,0,2014-01-24
PR_G5-1_4_GE16_64_5,45,PR,GE16,4,4,2014-02-26
PR_G5-1_4_GE16_64_5,46,PR,GE16,2,6,2014-03-28
PR_G5-1_4_GE16_64_5,47,PR,GE16,1,7,2014-04-07
PR_G5-1_4_GE16_64_5,48,PR,GE16,4,11,2014-05-23
PR_G5-1_4_GE16_64_5,49,PR,GE16,2,13,2014-06-20
PR_G5-1_4_GE16_64_5,50,PR,GE16,1,14,2014-07-09
PR_G5-1_4_GE16_64_5,51,PR,GE16,1,15,2014-08-06
PR_G5-1_4_GE16_64_5,59,PR,GE16,1,16,2015-04-06
PR_G5-1_4_GE16_64_5,58,PR,GE16,1,17,2015-03-18
PR_G5-1_4_GE16_64_5,60,PR,GE16,3,20,2015-05-22
PR_G5-1_4_GE16_64_5,61,PR,GE16,3,23,2015-06-19
PR_G5-1_4_GE16_64_5,62,PR,GE16,3,26,2015-07-27
PR_G5-1_4_GE16_64_5,63,PR,GE16,2,28,2015-08-14
PR_G5-1_4_GE16_64_5,64,PR,GE16,3,31,2015-09-30
PR_G5-1_4_GE16_64_5,65,PR,GE16,1,32,2015-10-09
PR_G5-1_4_GE16_64_5,73,PR,GE16,2,34,2016-06-27
PR_G5-1_4_GE16_64_5,74,PR,GE16,4,38,2016-07-25
PR_G5-1_4_GE16_64_5,75,PR,GE16,3,41,2016-08-31
PR_G5-1_4_GE16_64_5,76,PR,GE16,2,43,2016-09-29
PR_G5-1_4_GE16_64_5,77,PR,GE16,1,44,2016-10-07
PR_G5-1_4_GE16_64_5,78,PR,GE16,1,45,2016-11-14
PR_G5-1_4_GE16_64_5,88,PR,GE16,3,48,2017-09-27
PR_G5-1_4_GE16_64_5,91,PR,GE16,2,50,2017-12-11
PR_G5-1_4_GE16_64_5,92,PR,GE16,3,53,2018-01-26
PR_G5-1_4_GE16_64_5,93,PR,GE16,2,55,2018-02-23
PR_G5-1_4_GE16_64_5,94,PR,GE16,1,56,2018-03-14
PR_G5-1_4_GE16_64_5,95,PR,GE16,1,57,2018-04-02
PR_G5-1_4_GE16_64_5,105,PR,GE16,3,60,2019-02-22
PR_G5-1_4_GE16_64_5,110,PR,GE16,2,62,2019-07-22
PR_G5-1_4_GE16_64_5,111,PR,GE16,2,64,2019-08-28
PR_G5-1_4_GE16_64_5,112,PR,GE16,1,65,2019-09-25
PR_G5-1_4_GE16_64_5,116,PR,GE16,1,66,2020-01-15
PR_G5-1_4_GE16_64_5,119,PR,GE16,1,67,2020-04-08
PR_G5-1_4_GE16_64_5,122,PR,GE16,2,73,2020-07-30
PR_G5-1_4_GE16_64_5,123,PR,GE16,3,71,2020-08-13
PR_G5-1_4_GE16_64_5,124,PR,GE16,1,72,2020-09-17
PR_G5-1_4_GE16_64_5,125,PR,GE16,1,74,2020-10-29
PR_G5-1_4_GE16_64_5,126,PR,GE16,1,75,2020-11-21
PR_G5-1_4_GE16_64_5,129,PR,GE16,1,76,2021-02-26
PR_G5-1_4_GE16_64_5,131,PR,GE16,2,78,2021-04-02
PR_G5-1_4_GE16_64_5,137,PR,GE16,2,80,2021-10-20
PR_G5-1_4_GE16_64_5,138,PR,GE16,2,82,2021-11-24
PR_G5-1_4_GE16_64_5,140,PR,GE16,1,83,2022-01-12
PR_G5-1_4_GE16_64_5,143,PR,GE16,1,84,2022-04-27
PR_G5-1_4_GE16_64_5,151,PR,GE16,1,85,2022-12-28
PR_G5-1_4_GE16_64_5,155,PR,GE16,2,87,2023-04-17
PR_G5-1_4_GE16_64_5,162,PR,GE16,1,88,2023-11-14
PR_G5-1_4_GE16_64_5,163,PR,GE16,1,89,2023-12-07
PR_G5-1_4_GE16_64_5,167,PR,GE16,1,90,2024-04-26
PR_G5-1_4_GE16_64_6,35,PR,GE16,0,0,2013-04-30
PR_G5-1_4_GE16_64_6,36,PR,GE16,0,0,2013-05-30
PR_G5-1_4_GE16_64_6,44,PR,GE16,0,0,2014-01-14
PR_G5-1_4_GE16_64_6,45,PR,GE16,4,4,2014-02-26
PR_G5-1_4_GE16_64_6,46,PR,GE16,3,7,2014-03-28
PR_G5-1_4_GE16_64_6,47,PR,GE16,2,9,2014-04-16
PR_G5-1_4_GE16_64_6,48,PR,GE16,3,12,2014-05-23
PR_G5-1_4_GE16_64_6,49,PR,GE16,3,15,2014-06-30
PR_G5-1_4_GE16_64_6,50,PR,GE16,2,17,2014-07-28
PR_G5-1_4_GE16_64_6,51,PR,GE16,1,18,2014-08-25
PR_G5-1_4_GE16_64_6,52,PR,GE16,1,19,2014-09-03
PR_G5-1_4_GE16_64_6,58,PR,GE16,1,20,2015-03-27
PR_G5-1_4_GE16_64_6,59,PR,GE16,3,23,2015-04-24
PR_G5-1_4_GE16_64_6,60,PR,GE16,5,28,2015-05-22
PR_G5-1_4_GE16_64_6,61,PR,GE16,3,31,2015-06-29
PR_G5-1_4_GE16_64_6,62,PR,GE16,2,33,2015-07-27
PR_G5-1_4_GE16_64_6,63,PR,GE16,1,34,2015-08-14
PR_G5-1_4_GE16_64_6,65,PR,GE16,1,35,2015-10-19
PR_G5-1_4_GE16_64_6,70,PR,GE16,1,36,2016-03-25
PR_G5-1_4_GE16_64_6,73,PR,GE16,4,40,2016-06-27
PR_G5-1_4_GE16_64_6,74,PR,GE16,2,42,2016-07-25
PR_G5-1_4_GE16_64_6,75,PR,GE16,2,44,2016-08-31
PR_G5-1_4_GE16_64_6,76,PR,GE16,1,45,2016-09-19
PR_G5-1_4_GE16_64_6,77,PR,GE16,1,46,2016-10-17
PR_G5-1_4_GE16_64_6,78,PR,GE16,1,47,2016-11-14
PR_G5-1_4_GE16_64_6,79,PR,GE16,2,49,2016-12-30
PR_G5-1_4_GE16_64_6,81,PR,GE16,2,51,2017-02-15
PR_G5-1_4_GE16_64_6,86,PR,GE16,2,53,2017-07-24
PR_G5-1_4_GE16_64_6,87,PR,GE16,1,54,2017-08-02
PR_G5-1_4_GE16_64_6,91,PR,GE16,2,56,2017-12-20
PR_G5-1_4_GE16_64_6,92,PR,GE16,2,58,2018-01-08
PR_G5-1_4_GE16_64_6,93,PR,GE16,1,59,2018-02-05
PR_G5-1_4_GE16_64_6,98,PR,GE16,2,61,2018-07-23
PR_G5-1_4_GE16_64_6,99,PR,GE16,2,63,2018-08-29
PR_G5-1_4_GE16_64_6,102,PR,GE16,3,67,2018-11-12
PR_G5-1_4_GE16_64_6,101,PR,GE16,1,65,2018-10-15
PR_G5-1_4_GE16_64_6,104,PR,GE16,1,68,2019-01-25
PR_G5-1_4_GE16_64_6,106,PR,GE16,2,70,2019-03-22
PR_G5-1_4_GE16_64_6,112,PR,GE16,3,74,2019-09-16
PR_G5-1_4_GE16_64_6,113,PR,GE16,3,76,2019-10-14
PR_G5-1_4_GE16_64_6,117,PR,GE16,2,78,2020-02-03
PR_G5-1_4_GE16_64_6,118,PR,GE16,1,79,2020-03-02
PR_G5-1_4_GE16_64_6,122,PR,GE16,1,80,2020-07-21
PR_G5-1_4_GE16_64_6,123,PR,GE16,1,81,2020-08-25
PR_G5-1_4_GE16_64_6,124,PR,GE16,1,82,2020-09-05
PR_G5-1_4_GE16_64_6,125,PR,GE16,1,83,2020-10-12
PR_G5-1_4_GE16_64_6,131,PR,GE16,1,84,2021-04-14
PR_G5-1_4_GE16_64_6,136,PR,GE16,1,85,2021-09-27
PR_G5-1_4_GE16_64_6,141,PR,GE16,1,86,2022-02-28
PR_G5-1_4_GE16_64_6,146,PR,GE16,1,87,2022-07-29
PR_G5-1_4_GE16_64_6,147,PR,GE16,1,88,2022-08-22
PR_G5-1_4_GE16_64_6,148,PR,GE16,3,91,2022-09-26
PR_G5-1_4_GE16_64_6,149,PR,GE16,2,93,2022-10-31
PR_G5-1_4_GE16_64_6,153,PR,GE16,3,96,2023-02-28
PR_G5-1_4_GE16_64_6,154,PR,GE16,1,97,2023-03-24
PR_G5-1_4_GE16_64_6,155,PR,GE16,1,98,2023-04-17
PR_G5-1_4_GE16_64_6,162,PR,GE16,1,99,2023-11-02
PR_G5-1_4_GE16_64_6,164,PR,GE16,2,101,2024-01-23
PR_G5-1_4_GE16_64_6,165,PR,GE16,1,102,2024-02-03
PR_G5-1_4_GE16_64_6,166,PR,GE16,1,103,2024-03-21
PR_G5-1_4_GE16_64_6,167,PR,GE16,2,105,2024-04-29
PR_G5-1_4_GE16_64_6,168,PR,GE16,1,106,2024-05-18
PR_G5-1_4_GE12_64_9,39,PR,GE12,0,0,2013-08-30
PR_G5-1_4_GE12_64_9,40,PR,GE12,0,0,2013-09-30
PR_G5-1_4_GE12_64_9,41,PR,GE12,0,0,2013-10-21
PR_G5-1_4_GE12_64_9,42,PR,GE12,0,0,2013-11-18
PR_G5-1_4_GE12_64_9,43,PR,GE12,0,0,2013-12-17
PR_G5-1_4_GE12_64_9,44,PR,GE12,0,0,2014-01-04
PR_G5-1_4_GE12_64_9,45,PR,GE12,5,5,2014-02-26
PR_G5-1_4_GE12_64_9,46,PR,GE12,3,8,2014-03-28
PR_G5-1_4_GE12_64_9,47,PR,GE12,1,9,2014-04-25
PR_G5-1_4_GE12_64_9,48,PR,GE12,2,11,2014-05-23
PR_G5-1_4_GE12_64_9,49,PR,GE12,3,14,2014-06-30
PR_G5-1_4_GE12_64_9,50,PR,GE12,2,16,2014-07-28
PR_G5-1_4_GE12_64_9,51,PR,GE12,1,17,2014-08-25
PR_G5-1_4_GE12_64_9,60,PR,GE12,3,20,2015-05-13
PR_G5-1_4_GE12_64_9,61,PR,GE12,4,24,2015-06-29
PR_G5-1_4_GE12_64_9,62,PR,GE12,3,27,2015-07-27
PR_G5-1_4_GE12_64_9,63,PR,GE12,1,28,2015-08-14
PR_G5-1_4_GE12_64_9,64,PR,GE12,4,32,2015-09-11
PR_G5-1_4_GE12_64_9,65,PR,GE12,1,33,2015-10-19
PR_G5-1_4_GE12_64_9,66,PR,GE12,2,35,2015-11-16
PR_G5-1_4_GE12_64_9,67,PR,GE12,2,37,2015-12-30
PR_G5-1_4_GE12_64_9,75,PR,GE12,5,42,2016-08-31
PR_G5-1_4_GE12_64_9,76,PR,GE12,4,46,2016-09-29
PR_G5-1_4_GE12_64_9,77,PR,GE12,1,47,2016-10-17
PR_G5-1_4_GE12_64_9,78,PR,GE12,2,49,2016-11-14
PR_G5-1_4_GE12_64_9,79,PR,GE12,3,52,2016-12-30
PR_G5-1_4_GE12_64_9,80,PR,GE12,1,53,2017-01-27
PR_G5-1_4_GE12_64_9,81,PR,GE12,1,54,2017-02-24
PR_G5-1_4_GE12_64_9,82,PR,GE12,1,55,2017-03-06
PR_G5-1_4_GE12_64_9,89,PR,GE12,3,58,2017-10-25
PR_G5-1_4_GE12_64_9,90,PR,GE12,3,61,2017-11-22
PR_G5-1_4_GE12_64_9,91,PR,GE12,2,63,2017-12-20
PR_G5-1_4_GE12_64_9,92,PR,GE12,2,65,2018-01-26
PR_G5-1_4_GE12_64_9,94,PR,GE12,1,66,2018-03-14
PR_G5-1_4_GE12_64_9,109,PR,GE12,3,69,2019-06-24
PR_G5-1_4_GE12_64_9,110,PR,GE12,2,71,2019-07-31
PR_G5-1_4_GE12_64_9,111,PR,GE12,2,73,2019-08-28
PR_G5-1_4_GE12_64_9,112,PR,GE12,1,74,2019-09-16
PR_G5-1_4_GE12_64_9,113,PR,GE12,1,75,2019-10-04
PR_G5-1_4_GE12_64_9,114,PR,GE12,1,76,2019-11-11
PR_G5-1_4_GE12_64_9,115,PR,GE12,2,78,2019-12-18
PR_G5-1_4_GE12_64_9,124,PR,GE12,5,86,2020-09-17
PR_G5-1_4_GE12_64_9,123,PR,GE12,3,82,2020-08-25
PR_G5-1_4_GE12_64_9,122,PR,GE12,1,87,2020-07-30
PR_G5-1_4_GE12_64_9,125,PR,GE12,2,89,2020-10-29
PR_G5-1_4_GE12_64_9,126,PR,GE12,1,90,2020-11-21
PR_G5-1_4_GE12_64_9,127,PR,GE12,1,91,2020-12-15
PR_G5-1_4_GE12_64_9,128,PR,GE12,2,93,2021-01-22
PR_G5-1_4_GE12_64_9,130,PR,GE12,1,94,2021-03-10
PR_G5-1_4_GE12_64_9,139,PR,GE12,1,95,2021-12-29
PR_G5-1_4_GE12_64_9,140,PR,GE12,1,96,2022-01-12
PR_G5-1_4_GE12_64_9,151,PR,GE12,2,98,2022-12-16
PR_G5-1_4_GE12_64_9,155,PR,GE12,1,99,2023-04-17
PR_G5-1_4_GE12_64_9,156,PR,GE12,1,100,2023-05-10
PR_G5-1_4_GE12_64_9,157,PR,GE12,2,102,2023-06-14
PR_G5-1_4_GE12_64_9,158,PR,GE12,2,104,2023-07-20
PR_G5-1_4_GE12_64_9,159,PR,GE12,2,106,2023-08-24
PR_G5-1_4_GE12_64_9,160,PR,GE12,1,107,2023-09-05
PR_G5-1_4_GE12_64_9,161,PR,GE12,1,108,2023-10-21
PR_G5-1_4_GE12_64_9,165,PR,GE12,1,109,2024-02-03
PR_G5-1_5_GE09_69_10,35,PR,GE09,0,0,2013-04-10
PR_G5-1_5_GE09_69_10,39,PR,GE09,0,0,2013-08-30
PR_G5-1_5_GE09_69_10,40,PR,GE09,0,0,2013-09-30
PR_G5-1_5_GE09_69_10,41,PR,GE09,0,0,2013-10-21
PR_G5-1_5_GE09_69_10,42,PR,GE09,0,0,2013-11-26
PR_G5-1_5_GE09_69_10,43,PR,GE09,0,0,2013-12-17
PR_G5-1_5_GE09_69_10,44,PR,GE09,0,3,2014-01-24
PR_G5-1_5_GE09_69_10,45,PR,GE09,4,4,2014-02-26
PR_G5-1_5_GE09_69_10,46,PR,GE09,2,6,2014-03-28
PR_G5-1_5_GE09_69_10,47,PR,GE09,3,9,2014-04-25
PR_G5-1_5_GE09_69_10,48,PR,GE09,2,11,2014-05-23
PR_G5-1_5_GE09_69_10,49,PR,GE09,5,16,2014-06-30
PR_G5-1_5_GE09_69_10,52,PR,GE09,2,18,2014-09-22
PR_G5-1_5_GE09_69_10,53,PR,GE09,1,19,2014-10-01
PR_G5-1_5_GE09_69_10,55,PR,GE09,1,20,2014-12-05
PR_G5-1_5_GE09_69_10,56,PR,GE09,4,24,2015-01-30
PR_G5-1_5_GE09_69_10,57,PR,GE09,4,28,2015-02-27
PR_G5-1_5_GE09_69_10,58,PR,GE09,3,31,2015-03-27
PR_G5-1_5_GE09_69_10,59,PR,GE09,2,33,2015-04-15
PR_G5-1_5_GE09_69_10,60,PR,GE09,3,36,2015-05-13
PR_G5-1_5_GE09_69_10,61,PR,GE09,4,40,2015-06-29
PR_G5-1_5_GE09_69_10,62,PR,GE09,1,41,2015-07-17
PR_G5-1_5_GE09_69_10,63,PR,GE09,1,42,2015-08-14
PR_G5-1_5_GE09_69_10,64,PR,GE09,2,44,2015-09-11
PR_G5-1_5_GE09_69_10,65,PR,GE09,1,45,2015-10-09
PR_G5-1_5_GE09_69_10,71,PR,GE09,4,62,2016-04-22
PR_G5-1_5_GE09_69_10,69,PR,GE09,9,56,2016-02-26
PR_G5-1_5_GE09_69_10,70,PR,GE09,4,59,2016-03-25
PR_G5-1_5_GE09_69_10,72,PR,GE09,3,65,2016-05-30
PR_G5-1_5_GE09_69_10,73,PR,GE09,4,69,2016-06-27
PR_G5-1_5_GE09_69_10,74,PR,GE09,1,70,2016-07-25
PR_G5-1_5_GE09_69_10,75,PR,GE09,3,73,2016-08-31
PR_G5-1_5_GE09_69_10,76,PR,GE09,1,74,2016-09-19
PR_G5-1_5_GE09_69_10,83,PR,GE09,2,76,2017-04-03
PR_G5-1_5_GE09_69_10,85,PR,GE09,2,78,2017-06-16
PR_G5-1_5_GE09_69_10,86,PR,GE09,2,80,2017-07-24
PR_G5-1_5_GE09_69_10,87,PR,GE09,1,81,2017-08-11
PR_G5-1_5_GE09_69_10,88,PR,GE09,1,82,2017-09-08
PR_G5-1_5_GE09_69_10,92,PR,GE09,1,83,2018-01-08
PR_G5-1_5_GE09_69_10,97,PR,GE09,2,85,2018-06-25
PR_G5-1_5_GE09_69_10,100,PR,GE09,1,86,2018-09-17
PR_G5-1_5_GE09_69_10,101,PR,GE09,2,88,2018-10-24
PR_G5-1_5_GE09_69_10,102,PR,GE09,2,90,2018-11-12
PR_G5-1_5_GE09_69_10,104,PR,GE09,1,91,2019-01-25
PR_G5-1_5_GE09_69_10,107,PR,GE09,1,92,2019-04-29
PR_G5-1_5_GE09_69_10,108,PR,GE09,2,94,2019-05-17
PR_G5-1_5_GE09_69_10,109,PR,GE09,2,96,2019-06-24
PR_G5-1_5_GE09_69_10,111,PR,GE09,3,99,2019-08-28
PR_G5-1_5_GE09_69_10,112,PR,GE09,3,102,2019-09-25
PR_G5-1_5_GE09_69_10,113,PR,GE09,1,103,2019-10-14
PR_G5-1_5_GE09_69_10,121,PR,GE09,3,107,2020-06-22
PR_G5-1_5_GE09_69_10,120,PR,GE09,1,105,2020-05-25
PR_G5-1_5_GE09_69_10,122,PR,GE09,1,108,2020-07-11
PR_G5-1_5_GE09_69_10,125,PR,GE09,1,109,2020-10-12
PR_G5-1_5_GE09_69_10,129,PR,GE09,1,110,2021-02-26
PR_G5-1_5_GE09_69_10,133,PR,GE09,2,112,2021-06-23
PR_G5-1_5_GE09_69_10,135,PR,GE09,1,113,2021-08-23
PR_G5-1_5_GE09_69_10,136,PR,GE09,2,115,2021-09-27
PR_G5-1_5_GE09_69_10,137,PR,GE09,1,116,2021-10-20
PR_G5-1_5_GE09_69_10,138,PR,GE09,2,118,2021-11-24
PR_G5-1_5_GE09_69_10,145,PR,GE09,1,119,2022-06-13
PR_G5-1_5_GE09_69_10,146,PR,GE09,3,122,2022-07-29
PR_G5-1_5_GE09_69_10,153,PR,GE09,2,124,2023-02-15
PR_G5-1_5_GE09_69_10,157,PR,GE09,3,127,2023-06-26
PR_G5-1_5_GE09_69_10,158,PR,GE09,1,128,2023-07-20
PR_G5-1_5_GE09_69_10,159,PR,GE09,1,129,2023-08-12
PR_G5-1_5_GE09_69_10,160,PR,GE09,3,132,2023-09-28
PR_G5-1_5_GE09_69_10,161,PR,GE09,1,133,2023-10-21
PR_G5-1_5_GE09_69_10,164,PR,GE09,1,134,2024-01-11
PR_G5-1_5_GE09_69_10,165,PR,GE09,1,135,2024-02-03
PR_G5-1_5_GE12_69_19,35,PR,GE12,0,0,2013-04-30
PR_G5-1_5_GE12_69_19,36,PR,GE12,0,0,2013-05-10
PR_G5-1_5_GE12_69_19,37,PR,GE12,0,0,2013-06-28
PR_G5-1_5_GE12_69_19,43,PR,GE12,0,0,2013-12-17
PR_G5-1_5_GE12_69_19,44,PR,GE12,0,0,2014-01-24
PR_G5-1_5_GE12_69_19,45,PR,GE12,5,5,2014-02-26
PR_G5-1_5_GE12_69_19,46,PR,GE12,3,8,2014-03-28
PR_G5-1_5_GE12_69_19,47,PR,GE12,2,10,2014-04-07
PR_G5-1_5_GE12_69_19,48,PR,GE12,2,12,2014-05-14
PR_G5-1_5_GE12_69_19,49,PR,GE12,2,14,2014-06-30
PR_G5-1_5_GE12_69_19,50,PR,GE12,1,15,2014-07-09
PR_G5-1_5_GE12_69_19,51,PR,GE12,2,17,2014-08-25
PR_G5-1_5_GE12_69_19,52,PR,GE12,1,18,2014-09-03
PR_G5-1_5_GE12_69_19,53,PR,GE12,2,20,2014-10-20
PR_G5-1_5_GE12_69_19,54,PR,GE12,1,21,2014-11-07
PR_G5-1_5_GE12_69_19,59,PR,GE12,3,24,2015-04-15
PR_G5-1_5_GE12_69_19,60,PR,GE12,5,29,2015-05-22
PR_G5-1_5_GE12_69_19,61,PR,GE12,3,32,2015-06-19
PR_G5-1_5_GE12_69_19,62,PR,GE12,3,35,2015-07-27
PR_G5-1_5_GE12_69_19,63,PR,GE12,1,36,2015-08-14
PR_G5-1_5_GE12_69_19,65,PR,GE12,1,37,2015-10-09
PR_G5-1_5_GE12_69_19,66,PR,GE12,2,39,2015-11-25
PR_G5-1_5_GE12_69_19,67,PR,GE12,1,40,2015-12-30
PR_G5-1_5_GE12_69_19,72,PR,GE12,4,44,2016-05-30
PR_G5-1_5_GE12_69_19,73,PR,GE12,2,46,2016-06-27
PR_G5-1_5_GE12_69_19,74,PR,GE12,3,49,2016-07-25
PR_G5-1_5_GE12_69_19,75,PR,GE12,1,50,2016-08-22
PR_G5-1_5_GE12_69_19,76,PR,GE12,1,51,2016-09-09
PR_G5-1_5_GE12_69_19,77,PR,GE12,2,53,2016-10-17
PR_G5-1_5_GE12_69_19,78,PR,GE12,1,54,2016-11-23
PR_G5-1_5_GE12_69_19,79,PR,GE12,1,55,2016-12-12
PR_G5-1_5_GE12_69_19,80,PR,GE12,1,56,2017-01-27
PR_G5-1_5_GE12_69_19,87,PR,GE12,3,59,2017-08-30
PR_G5-1_5_GE12_69_19,88,PR,GE12,1,60,2017-09-27
PR_G5-1_5_GE12_69_19,89,PR,GE12,2,62,2017-10-16
PR_G5-1_5_GE12_69_19,90,PR,GE12,2,64,2017-11-22
PR_G5-1_5_GE12_69_19,93,PR,GE12,1,65,2018-02-14
PR_G5-1_5_GE12_69_19,98,PR,GE12,2,67,2018-07-23
PR_G5-1_5_GE12_69_19,99,PR,GE12,2,69,2018-08-20
PR_G5-1_5_GE12_69_19,100,PR,GE12,3,72,2018-09-26
PR_G5-1_5_GE12_69_19,102,PR,GE12,1,73,2018-11-30
PR_G5-1_5_GE12_69_19,111,PR,GE12,4,78,2019-08-28
PR_G5-1_5_GE12_69_19,110,PR,GE12,1,75,2019-07-31
PR_G5-1_5_GE12_69_19,112,PR,GE12,1,79,2019-09-16
PR_G5-1_5_GE12_69_19,118,PR,GE12,1,80,2020-03-30
PR_G5-1_5_GE12_69_19,119,PR,GE12,1,81,2020-04-08
PR_G5-1_5_GE12_69_19,122,PR,GE12,2,85,2020-07-30
PR_G5-1_5_GE12_69_19,123,PR,GE12,1,83,2020-08-25
PR_G5-1_5_GE12_69_19,124,PR,GE12,1,84,2020-09-05
PR_G5-1_5_GE12_69_19,125,PR,GE12,1,86,2020-10-12
PR_G5-1_5_GE12_69_19,131,PR,GE12,2,88,2021-04-14
PR_G5-1_5_GE12_69_19,134,PR,GE12,1,89,2021-07-30
PR_G5-1_5_GE12_69_19,135,PR,GE12,2,91,2021-08-23
PR_G5-1_5_GE12_69_19,137,PR,GE12,1,92,2021-10-08
PR_G5-1_5_GE12_69_19,143,PR,GE12,3,95,2022-04-27
PR_G5-1_5_GE12_69_19,150,PR,GE12,0,95,2022-11-23
PR_G5-1_5_GE12_69_19,155,PR,GE12,3,98,2023-04-28
PR_G5-1_5_GE12_69_19,157,PR,GE12,2,100,2023-06-26
PR_G5-1_5_GE12_69_19,158,PR,GE12,1,101,2023-07-08
PR_G5-1_5_GE12_69_19,159,PR,GE12,2,103,2023-08-24
PR_G5-1_5_GE12_69_19,160,PR,GE12,1,104,2023-09-28
PR_G5-1_5_GE12_69_19,161,PR,GE12,1,105,2023-10-21
PR_G5-1_5_GE12_69_19,162,PR,GE12,1,106,2023-11-02
PR_G5-1_5_GE12_69_19,163,PR,GE12,1,107,2023-12-19
PR_G5-1_5_GE12_69_19,164,PR,GE12,1,108,2024-01-23
PR_G5-1_5_GE12_69_20,35,PR,GE12,0,0,2013-04-19
PR_G5-1_5_GE12_69_20,36,PR,GE12,0,0,2013-05-30
PR_G5-1_5_GE12_69_20,37,PR,GE12,0,0,2013-06-19
PR_G5-1_5_GE12_69_20,38,PR,GE12,0,0,2013-07-31
PR_G5-1_5_GE12_69_20,40,PR,GE12,0,0,2013-09-19
PR_G5-1_5_GE12_69_20,41,PR,GE12,0,0,2013-10-21
PR_G5-1_5_GE12_69_20,42,PR,GE12,0,0,2013-11-18
PR_G5-1_5_GE12_69_20,43,PR,GE12,0,0,2013-12-06
PR_G5-1_5_GE12_69_20,44,PR,GE12,0,0,2014-01-24
PR_G5-1_5_GE12_69_20,45,PR,GE12,3,3,2014-02-26
PR_G5-1_5_GE12_69_20,46,PR,GE12,5,8,2014-03-28
PR_G5-1_5_GE12_69_20,47,PR,GE12,2,10,2014-04-16
PR_G5-1_5_GE12_69_20,48,PR,GE12,3,13,2014-05-23
PR_G5-1_5_GE12_69_20,49,PR,GE12,3,16,2014-06-30
PR_G5-1_5_GE12_69_20,50,PR,GE12,1,17,2014-07-18
PR_G5-1_5_GE12_69_20,51,PR,GE12,1,18,2014-08-06
PR_G5-1_5_GE12_69_20,52,PR,GE12,2,20,2014-09-22
PR_G5-1_5_GE12_69_20,53,PR,GE12,1,21,2014-10-20
PR_G5-1_5_GE12_69_20,54,PR,GE12,2,23,2014-11-17
PR_G5-1_5_GE12_69_20,60,PR,GE12,3,26,2015-05-22
PR_G5-1_5_GE12_69_20,61,PR,GE12,4,30,2015-06-29
PR_G5-1_5_GE12_69_20,62,PR,GE12,3,33,2015-07-27
PR_G5-1_5_GE12_69_20,63,PR,GE12,1,34,2015-08-24
PR_G5-1_5_GE12_69_20,64,PR,GE12,2,36,2015-09-21
PR_G5-1_5_GE12_69_20,65,PR,GE12,1,37,2015-10-09
PR_G5-1_5_GE12_69_20,66,PR,GE12,1,38,2015-11-25
PR_G5-1_5_GE12_69_20,67,PR,GE12,2,40,2015-12-30
PR_G5-1_5_GE12_69_20,72,PR,GE12,1,41,2016-05-30
PR_G5-1_5_GE12_69_20,73,PR,GE12,5,46,2016-06-27
PR_G5-1_5_GE12_69_20,74,PR,GE12,1,47,2016-07-25
PR_G5-1_5_GE12_69_20,75,PR,GE12,2,49,2016-08-12
PR_G5-1_5_GE12_69_20,76,PR,GE12,3,52,2016-09-19
PR_G5-1_5_GE12_69_20,77,PR,GE12,2,54,2016-10-26
PR_G5-1_5_GE12_69_20,78,PR,GE12,2,56,2016-11-23
PR_G5-1_5_GE12_69_20,79,PR,GE12,1,57,2016-12-21
PR_G5-1_5_GE12_69_20,88,PR,GE12,2,59,2017-09-18
PR_G5-1_5_GE12_69_20,89,PR,GE12,2,61,2017-10-16
PR_G5-1_5_GE12_69_20,90,PR,GE12,2,63,2017-11-22
PR_G5-1_5_GE12_69_20,91,PR,GE12,2,65,2017-12-20
PR_G5-1_5_GE12_69_20,92,PR,GE12,1,66,2018-01-08
PR_G5-1_5_GE12_69_20,100,PR,GE12,2,68,2018-09-26
PR_G5-1_5_GE12_69_20,103,PR,GE12,3,71,2018-12-28
PR_G5-1_5_GE12_69_20,107,PR,GE12,1,72,2019-04-10
PR_G5-1_5_GE12_69_20,109,PR,GE12,1,73,2019-06-24
PR_G5-1_5_GE12_69_20,110,PR,GE12,2,75,2019-07-31
PR_G5-1_5_GE12_69_20,111,PR,GE12,1,76,2019-08-19
PR_G5-1_5_GE12_69_20,112,PR,GE12,1,77,2019-09-06
PR_G5-1_5_GE12_69_20,113,PR,GE12,1,78,2019-10-04
PR_G5-1_5_GE12_69_20,114,PR,GE12,1,79,2019-11-11
PR_G5-1_5_GE12_69_20,124,PR,GE12,2,81,2020-09-17
PR_G5-1_5_GE12_69_20,122,PR,GE12,1,82,2020-07-30
PR_G5-1_5_GE12_69_20,125,PR,GE12,2,84,2020-10-29
PR_G5-1_5_GE12_69_20,126,PR,GE12,2,86,2020-11-21
PR_G5-1_5_GE12_69_20,133,PR,GE12,1,87,2021-06-11
PR_G5-1_5_GE12_69_20,136,PR,GE12,1,88,2021-09-27
PR_G5-1_5_GE12_69_20,137,PR,GE12,2,90,2021-10-08
PR_G5-1_5_GE12_69_20,138,PR,GE12,2,92,2021-11-12
PR_G5-1_5_GE12_69_20,139,PR,GE12,2,94,2021-12-17
PR_G5-1_5_GE12_69_20,140,PR,GE12,2,96,2022-01-24
PR_G5-1_5_GE12_69_20,141,PR,GE12,2,98,2022-02-28
PR_G5-1_5_GE12_69_20,145,PR,GE12,1,99,2022-06-13
PR_G5-1_5_GE12_69_20,154,PR,GE12,1,100,2023-03-11
PR_G5-1_5_GE12_69_20,159,PR,GE12,1,101,2023-08-24
PR_G5-1_5_GE12_69_20,162,PR,GE12,1,102,2023-11-14
PR_G5-1_5_GE12_69_20,163,PR,GE12,2,104,2023-12-28
PR_G5-1_5_GE12_69_20,165,PR,GE12,1,105,2024-02-29
PR_G5-1_5_GE09_69_8,35,PR,GE09,0,0,2013-04-30
PR_G5-1_5_GE09_69_8,36,PR,GE09,0,0,2013-05-20
PR_G5-1_5_GE09_69_8,37,PR,GE09,0,0,2013-06-19
PR_G5-1_5_GE09_69_8,38,PR,GE09,0,0,2013-07-31
PR_G5-1_5_GE09_69_8,39,PR,GE09,0,0,2013-08-30
PR_G5-1_5_GE09_69_8,40,PR,GE09,0,0,2013-09-30
PR_G5-1_5_GE09_69_8,41,PR,GE09,0,0,2013-10-21
PR_G5-1_5_GE09_69_8,42,PR,GE09,0,0,2013-11-26
PR_G5-1_5_GE09_69_8,43,PR,GE09,0,0,2013-12-17
PR_G5-1_5_GE09_69_8,44,PR,GE09,0,0,2014-01-14
PR_G5-1_5_GE09_69_8,45,PR,GE09,4,4,2014-02-26
PR_G5-1_5_GE09_69_8,46,PR,GE09,3,7,2014-03-19
PR_G5-1_5_GE09_69_8,47,PR,GE09,4,11,2014-04-25
PR_G5-1_5_GE09_69_8,48,PR,GE09,2,13,2014-05-23
PR_G5-1_5_GE09_69_8,49,PR,GE09,3,16,2014-06-30
PR_G5-1_5_GE09_69_8,50,PR,GE09,2,18,2014-07-18
PR_G5-1_5_GE09_69_8,51,PR,GE09,2,20,2014-08-25
PR_G5-1_5_GE09_69_8,52,PR,GE09,2,22,2014-09-22
PR_G5-1_5_GE09_69_8,53,PR,GE09,2,24,2014-10-01
PR_G5-1_5_GE09_69_8,54,PR,GE09,3,27,2014-11-17
PR_G5-1_5_GE09_69_8,55,PR,GE09,1,28,2014-12-15
PR_G5-1_5_GE09_69_8,56,PR,GE09,1,29,2015-01-12
PR_G5-1_5_GE09_69_8,57,PR,GE09,2,31,2015-02-18
PR_G5-1_5_GE09_69_8,58,PR,GE09,4,35,2015-03-27
PR_G5-1_5_GE09_69_8,59,PR,GE09,2,37,2015-04-15
PR_G5-1_5_GE09_69_8,60,PR,GE09,3,40,2015-05-22
PR_G5-1_5_GE09_69_8,61,PR,GE09,4,44,2015-06-29
PR_G5-1_5_GE09_69_8,62,PR,GE09,3,47,2015-07-27
PR_G5-1_5_GE09_69_8,63,PR,GE09,1,48,2015-08-24
PR_G5-1_5_GE09_69_8,64,PR,GE09,1,49,2015-09-21
PR_G5-1_5_GE09_69_8,65,PR,GE09,1,50,2015-10-28
PR_G5-1_5_GE09_69_8,66,PR,GE09,1,51,2015-11-16
PR_G5-1_5_GE09_69_8,70,PR,GE09,4,55,2016-03-16
PR_G5-1_5_GE09_69_8,71,PR,GE09,3,58,2016-04-13
PR_G5-1_5_GE09_69_8,72,PR,GE09,3,61,2016-05-30
PR_G5-1_5_GE09_69_8,73,PR,GE09,2,63,2016-06-17
PR_G5-1_5_GE09_69_8,74,PR,GE09,1,64,2016-07-06
PR_G5-1_5_GE09_69_8,75,PR,GE09,3,67,2016-08-22
PR_G5-1_5_GE09_69_8,76,PR,GE09,1,68,2016-09-19
PR_G5-1_5_GE09_69_8,84,PR,GE09,1,69,2017-05-01
PR_G5-1_5_GE09_69_8,83,PR,GE09,2,72,2017-04-12
PR_G5-1_5_GE09_69_8,82,PR,GE09,1,71,2017-03-24
PR_G5-1_5_GE09_69_8,86,PR,GE09,1,73,2017-07-24
PR_G5-1_5_GE09_69_8,87,PR,GE09,2,75,2017-08-30
PR_G5-1_5_GE09_69_8,88,PR,GE09,1,76,2017-09-27
PR_G5-1_5_GE09_69_8,89,PR,GE09,1,77,2017-10-16
PR_G5-1_5_GE09_69_8,90,PR,GE09,1,78,2017-11-13
PR_G5-1_5_GE09_69_8,91,PR,GE09,1,79,2017-12-01
PR_G5-1_5_GE09_69_8,92,PR,GE09,1,80,2018-01-17
PR_G5-1_5_GE09_69_8,93,PR,GE09,2,82,2018-02-23
PR_G5-1_5_GE09_69_8,94,PR,GE09,1,83,2018-03-05
PR_G5-1_5_GE09_69_8,98,PR,GE09,2,85,2018-07-13
PR_G5-1_5_GE09_69_8,99,PR,GE09,2,87,2018-08-20
PR_G5-1_5_GE09_69_8,100,PR,GE09,1,88,2018-09-17
PR_G5-1_5_GE09_69_8,104,PR,GE09,3,91,2019-01-25
PR_G5-1_5_GE09_69_8,105,PR,GE09,1,92,2019-02-13
PR_G5-1_5_GE09_69_8,107,PR,GE09,2,94,2019-04-19
PR_G5-1_5_GE09_69_8,109,PR,GE09,2,96,2019-06-14
PR_G5-1_5_GE09_69_8,110,PR,GE09,2,98,2019-07-12
PR_G5-1_5_GE09_69_8,111,PR,GE09,2,100,2019-08-28
PR_G5-1_5_GE09_69_8,118,PR,GE09,2,102,2020-03-20
PR_G5-1_5_GE09_69_8,122,PR,GE09,2,104,2020-07-11
PR_G5-1_5_GE09_69_8,123,PR,GE09,1,105,2020-08-25
PR_G5-1_5_GE09_69_8,124,PR,GE09,1,106,2020-09-17
PR_G5-1_5_GE09_69_8,129,PR,GE09,1,107,2021-02-15
PR_G5-1_5_GE09_69_8,132,PR,GE09,1,108,2021-05-31
PR_G5-1_5_GE09_69_8,133,PR,GE09,1,109,2021-06-11
PR_G5-1_5_GE09_69_8,134,PR,GE09,1,110,2021-07-06
PR_G5-1_5_GE09_69_8,138,PR,GE09,2,112,2021-11-12
PR_G5-1_5_GE09_69_8,139,PR,GE09,1,113,2021-12-06
PR_G5-1_5_GE09_69_8,142,PR,GE09,1,114,2022-03-23
PR_G5-1_5_GE09_69_8,143,PR,GE09,2,116,2022-04-27
PR_G5-1_5_GE09_69_8,146,PR,GE09,2,118,2022-07-29
PR_G5-1_5_GE09_69_8,149,PR,GE09,1,119,2022-10-31
PR_G5-1_5_GE09_69_8,150,PR,GE09,0,119,2022-11-23
PR_G5-1_5_GE09_69_8,151,PR,GE09,1,120,2022-12-16
PR_G5-1_5_GE09_69_8,154,PR,GE09,1,121,2023-03-24
PR_G5-1_5_GE09_69_8,157,PR,GE09,4,125,2023-06-26
PR_G5-1_5_GE09_69_8,158,PR,GE09,1,126,2023-07-20
PR_G5-1_5_GE09_69_8,159,PR,GE09,1,127,2023-08-12
PR_G5-1_5_GE09_69_8,160,PR,GE09,1,128,2023-09-05
PR_G5-1_5_GE09_69_8,161,PR,GE09,2,130,2023-10-21
PR_G5-1_5_GE09_69_8,165,PR,GE09,1,131,2024-02-29
PR_G5-1_5_GE09_69_9,36,PR,GE09,0,0,2013-05-30
PR_G5-1_5_GE09_69_9,37,PR,GE09,0,0,2013-06-28
PR_G5-1_5_GE09_69_9,38,PR,GE09,0,0,2013-07-31
PR_G5-1_5_GE09_69_9,39,PR,GE09,0,0,2013-08-20
PR_G5-1_5_GE09_69_9,40,PR,GE09,0,0,2013-09-19
PR_G5-1_5_GE09_69_9,42,PR,GE09,0,0,2013-11-07
PR_G5-1_5_GE09_69_9,43,PR,GE09,0,0,2013-12-17
PR_G5-1_5_GE09_69_9,44,PR,GE09,0,0,2014-01-24
PR_G5-1_5_GE09_69_9,45,PR,GE09,5,5,2014-02-26
PR_G5-1_5_GE09_69_9,46,PR,GE09,1,6,2014-03-10
PR_G5-1_5_GE09_69_9,47,PR,GE09,5,11,2014-04-25
PR_G5-1_5_GE09_69_9,48,PR,GE09,2,13,2014-05-23
PR_G5-1_5_GE09_69_9,49,PR,GE09,3,16,2014-06-20
PR_G5-1_5_GE09_69_9,50,PR,GE09,3,20,2014-07-28
PR_G5-1_5_GE09_69_9,51,PR,GE09,2,21,2014-08-25
PR_G5-1_5_GE09_69_9,53,PR,GE09,2,23,2014-10-10
PR_G5-1_5_GE09_69_9,58,PR,GE09,2,25,2015-03-27
PR_G5-1_5_GE09_69_9,59,PR,GE09,2,28,2015-04-15
PR_G5-1_5_GE09_69_9,60,PR,GE09,5,32,2015-05-13
PR_G5-1_5_GE09_69_9,61,PR,GE09,3,35,2015-06-29
PR_G5-1_5_GE09_69_9,62,PR,GE09,2,37,2015-07-27
PR_G5-1_5_GE09_69_9,63,PR,GE09,2,39,2015-08-24
PR_G5-1_5_GE09_69_9,64,PR,GE09,4,43,2015-09-30
PR_G5-1_5_GE09_69_9,65,PR,GE09,2,45,2015-10-28
PR_G5-1_5_GE09_69_9,66,PR,GE09,1,46,2015-11-25
PR_G5-1_5_GE09_69_9,67,PR,GE09,1,47,2015-12-14
PR_G5-1_5_GE09_69_9,74,PR,GE09,6,59,2016-07-25
PR_G5-1_5_GE09_69_9,73,PR,GE09,4,55,2016-06-08
PR_G5-1_5_GE09_69_9,72,PR,GE09,2,53,2016-05-30
PR_G5-1_5_GE09_69_9,75,PR,GE09,2,61,2016-08-22
PR_G5-1_5_GE09_69_9,76,PR,GE09,1,62,2016-09-19
PR_G5-1_5_GE09_69_9,92,PR,GE09,1,63,2018-01-08
PR_G5-1_5_GE09_69_9,97,PR,GE09,1,64,2018-06-25
PR_G5-1_5_GE09_69_9,98,PR,GE09,1,65,2018-07-04
PR_G5-1_5_GE09_69_9,99,PR,GE09,4,69,2018-08-29
PR_G5-1_5_GE09_69_9,101,PR,GE09,1,70,2018-10-05
PR_G5-1_5_GE09_69_9,106,PR,GE09,1,71,2019-03-13
PR_G5-1_5_GE09_69_9,107,PR,GE09,2,73,2019-04-01
PR_G5-1_5_GE09_69_9,110,PR,GE09,5,79,2019-07-12
PR_G5-1_5_GE09_69_9,111,PR,GE09,4,82,2019-08-28
PR_G5-1_5_GE09_69_9,112,PR,GE09,1,83,2019-09-25
PR_G5-1_5_GE09_69_9,113,PR,GE09,1,84,2019-10-14
PR_G5-1_5_GE09_69_9,115,PR,GE09,1,85,2019-12-18
PR_G5-1_5_GE09_69_9,125,PR,GE09,2,87,2020-10-29
PR_G5-1_5_GE09_69_9,129,PR,GE09,1,88,2021-02-26
PR_G5-1_5_GE09_69_9,134,PR,GE09,1,89,2021-07-30
PR_G5-1_5_GE09_69_9,135,PR,GE09,1,90,2021-08-23
PR_G5-1_5_GE09_69_9,139,PR,GE09,2,92,2021-12-29
PR_G5-1_5_GE09_69_9,140,PR,GE09,1,93,2022-01-24
PR_G5-1_5_GE09_69_9,143,PR,GE09,1,94,2022-04-04
PR_G5-1_5_GE09_69_9,145,PR,GE09,1,95,2022-06-24
PR_G5-1_5_GE09_69_9,146,PR,GE09,3,98,2022-07-29
PR_G5-1_5_GE09_69_9,147,PR,GE09,1,99,2022-08-22
PR_G5-1_5_GE09_69_9,148,PR,GE09,1,100,2022-09-02
PR_G5-1_5_GE09_69_9,149,PR,GE09,2,102,2022-10-31
PR_G5-1_5_GE09_69_9,151,PR,GE09,1,103,2022-12-16
PR_G5-1_5_GE09_69_9,158,PR,GE09,5,108,2023-07-20
PR_G5-1_5_GE09_69_9,159,PR,GE09,2,110,2023-08-12
PR_G5-1_5_GE09_69_9,160,PR,GE09,3,113,2023-09-28
PR_G5-1_5_GE09_69_9,162,PR,GE09,1,114,2023-11-02
PR_G5-1_5_GE12_70_20,35,PR,GE12,0,0,2013-04-19
PR_G5-1_5_GE12_70_20,37,PR,GE12,0,0,2013-06-19
PR_G5-1_5_GE12_70_20,38,PR,GE12,0,0,2013-07-31
PR_G5-1_5_GE12_70_20,39,PR,GE12,0,0,2013-08-30
PR_G5-1_5_GE12_70_20,40,PR,GE12,0,0,2013-09-10
PR_G5-1_5_GE12_70_20,41,PR,GE12,0,0,2013-10-29
PR_G5-1_5_GE12_70_20,42,PR,GE12,0,0,2013-11-26
PR_G5-1_5_GE12_70_20,44,PR,GE12,0,0,2014-01-24
PR_G5-1_5_GE12_70_20,45,PR,GE12,3,3,2014-02-26
PR_G5-1_5_GE12_70_20,46,PR,GE12,3,6,2014-03-28
PR_G5-1_5_GE12_70_20,47,PR,GE12,2,8,2014-04-16
PR_G5-1_5_GE12_70_20,48,PR,GE12,2,10,2014-05-23
PR_G5-1_5_GE12_70_20,49,PR,GE12,4,14,2014-06-30
PR_G5-1_5_GE12_70_20,50,PR,GE12,2,16,2014-07-28
PR_G5-1_5_GE12_70_20,51,PR,GE12,1,17,2014-08-25
PR_G5-1_5_GE12_70_20,52,PR,GE12,2,19,2014-09-22
PR_G5-1_5_GE12_70_20,53,PR,GE12,1,20,2014-10-20
PR_G5-1_5_GE12_70_20,59,PR,GE12,1,21,2015-04-15
PR_G5-1_5_GE12_70_20,60,PR,GE12,6,27,2015-05-22
PR_G5-1_5_GE12_70_20,61,PR,GE12,4,31,2015-06-29
PR_G5-1_5_GE12_70_20,62,PR,GE12,2,33,2015-07-27
PR_G5-1_5_GE12_70_20,63,PR,GE12,2,35,2015-08-24
PR_G5-1_5_GE12_70_20,64,PR,GE12,3,38,2015-09-21
PR_G5-1_5_GE12_70_20,65,PR,GE12,2,40,2015-10-28
PR_G5-1_5_GE12_70_20,66,PR,GE12,1,41,2015-11-16
PR_G5-1_5_GE12_70_20,67,PR,GE12,2,43,2015-12-23
PR_G5-1_5_GE12_70_20,73,PR,GE12,4,47,2016-06-27
PR_G5-1_5_GE12_70_20,74,PR,GE12,3,50,2016-07-25
PR_G5-1_5_GE12_70_20,75,PR,GE12,3,53,2016-08-22
PR_G5-1_5_GE12_70_20,76,PR,GE12,3,56,2016-09-29
PR_G5-1_5_GE12_70_20,77,PR,GE12,2,58,2016-10-26
PR_G5-1_5_GE12_70_20,78,PR,GE12,2,60,2016-11-23
PR_G5-1_5_GE12_70_20,79,PR,GE12,1,61,2016-12-12
PR_G5-1_5_GE12_70_20,81,PR,GE12,1,62,2017-02-24
PR_G5-1_5_GE12_70_20,82,PR,GE12,2,64,2017-03-15
PR_G5-1_5_GE12_70_20,88,PR,GE12,1,65,2017-09-08
PR_G5-1_5_GE12_70_20,89,PR,GE12,3,68,2017-10-16
PR_G5-1_5_GE12_70_20,90,PR,GE12,3,71,2017-11-22
PR_G5-1_5_GE12_70_20,91,PR,GE12,1,72,2017-12-11
PR_G5-1_5_GE12_70_20,92,PR,GE12,1,73,2018-01-08
PR_G5-1_5_GE12_70_20,93,PR,GE12,1,74,2018-02-05
PR_G5-1_5_GE12_70_20,94,PR,GE12,2,76,2018-03-14
PR_G5-1_5_GE12_70_20,97,PR,GE12,1,77,2018-06-25
PR_G5-1_5_GE12_70_20,98,PR,GE12,1,78,2018-07-23
PR_G5-1_5_GE12_70_20,99,PR,GE12,2,80,2018-08-29
PR_G5-1_5_GE12_70_20,100,PR,GE12,1,81,2018-09-17
PR_G5-1_5_GE12_70_20,101,PR,GE12,1,82,2018-10-15
PR_G5-1_5_GE12_70_20,102,PR,GE12,1,83,2018-11-02
PR_G5-1_5_GE12_70_20,107,PR,GE12,1,84,2019-04-01
PR_G5-1_5_GE12_70_20,110,PR,GE12,2,86,2019-07-31
PR_G5-1_5_GE12_70_20,111,PR,GE12,3,89,2019-08-28
PR_G5-1_5_GE12_70_20,112,PR,GE12,2,91,2019-09-25
PR_G5-1_5_GE12_70_20,113,PR,GE12,1,92,2019-10-14
PR_G5-1_5_GE12_70_20,114,PR,GE12,1,93,2019-11-20
PR_G5-1_5_GE12_70_20,115,PR,GE12,2,95,2019-12-18
PR_G5-1_5_GE12_70_20,117,PR,GE12,1,96,2020-02-03
PR_G5-1_5_GE12_70_20,119,PR,GE12,2,98,2020-04-27
PR_G5-1_5_GE12_70_20,125,PR,GE12,1,99,2020-10-29
PR_G5-1_5_GE12_70_20,130,PR,GE12,1,100,2021-03-22
PR_G5-1_5_GE12_70_20,131,PR,GE12,2,102,2021-04-26
PR_G5-1_5_GE12_70_20,136,PR,GE12,1,103,2021-09-27
PR_G5-1_5_GE12_70_20,137,PR,GE12,1,104,2021-10-20
PR_G5-1_5_GE12_70_20,138,PR,GE12,1,105,2021-11-12
PR_G5-1_5_GE12_70_20,143,PR,GE12,2,107,2022-04-27
PR_G5-1_5_GE12_70_20,149,PR,GE12,1,108,2022-10-31
PR_G5-1_5_GE12_70_20,154,PR,GE12,1,109,2023-03-24
PR_G5-1_5_GE12_70_20,155,PR,GE12,2,111,2023-04-28
PR_G5-1_5_GE12_70_20,159,PR,GE12,2,113,2023-08-01
PR_G5-1_5_GE12_70_20,160,PR,GE12,2,115,2023-09-16
PR_G5-1_5_GE12_70_20,161,PR,GE12,1,116,2023-10-21
PR_G5-1_5_GE12_70_20,162,PR,GE12,2,118,2023-11-25
PR_G5-1_5_GE12_70_20,163,PR,GE12,1,119,2023-12-07
PR_G5-1_5_GE12_70_20,165,PR,GE12,1,120,2024-02-17
PR_G5-1_5_GE12_70_20,168,PR,GE12,2,123,2024-05-18
PR_G5-1_5_GE12_70_20,167,PR,GE12,1,122,2024-04-29
PR_G5-1_5_GE16_74_10,35,PR,GE16,0,0,2013-04-30
PR_G5-1_5_GE16_74_10,36,PR,GE16,0,0,2013-05-20
PR_G5-1_5_GE16_74_10,39,PR,GE16,0,0,2013-08-20
PR_G5-1_5_GE16_74_10,40,PR,GE16,0,0,2013-09-19
PR_G5-1_5_GE16_74_10,41,PR,GE16,0,0,2013-10-21
PR_G5-1_5_GE16_74_10,42,PR,GE16,0,0,2013-11-26
PR_G5-1_5_GE16_74_10,43,PR,GE16,0,0,2013-12-17
PR_G5-1_5_GE16_74_10,44,PR,GE16,0,0,2014-01-24
PR_G5-1_5_GE16_74_10,45,PR,GE16,4,4,2014-02-26
PR_G5-1_5_GE16_74_10,46,PR,GE16,2,6,2014-03-19
PR_G5-1_5_GE16_74_10,47,PR,GE16,3,9,2014-04-25
PR_G5-1_5_GE16_74_10,48,PR,GE16,3,12,2014-05-23
PR_G5-1_5_GE16_74_10,49,PR,GE16,2,14,2014-06-30
PR_G5-1_5_GE16_74_10,50,PR,GE16,2,16,2014-07-28
PR_G5-1_5_GE16_74_10,51,PR,GE16,3,19,2014-08-25
PR_G5-1_5_GE16_74_10,52,PR,GE16,1,20,2014-09-12
PR_G5-1_5_GE16_74_10,53,PR,GE16,2,22,2014-10-29
PR_G5-1_5_GE16_74_10,58,PR,GE16,3,25,2015-03-18
PR_G5-1_5_GE16_74_10,59,PR,GE16,1,26,2015-04-15
PR_G5-1_5_GE16_74_10,60,PR,GE16,3,29,2015-05-22
PR_G5-1_5_GE16_74_10,61,PR,GE16,4,33,2015-06-29
PR_G5-1_5_GE16_74_10,62,PR,GE16,2,35,2015-07-27
PR_G5-1_5_GE16_74_10,63,PR,GE16,2,37,2015-08-24
PR_G5-1_5_GE16_74_10,64,PR,GE16,3,40,2015-09-21
PR_G5-1_5_GE16_74_10,65,PR,GE16,1,41,2015-10-19
PR_G5-1_5_GE16_74_10,66,PR,GE16,1,42,2015-11-06
PR_G5-1_5_GE16_74_10,69,PR,GE16,2,44,2016-02-17
PR_G5-1_5_GE16_74_10,71,PR,GE16,3,47,2016-04-21
PR_G5-1_5_GE16_74_10,72,PR,GE16,4,51,2016-05-30
PR_G5-1_5_GE16_74_10,73,PR,GE16,2,53,2016-06-17
PR_G5-1_5_GE16_74_10,74,PR,GE16,1,54,2016-07-15
PR_G5-1_5_GE16_74_10,75,PR,GE16,3,57,2016-08-31
PR_G5-1_5_GE16_74_10,76,PR,GE16,1,58,2016-09-29
PR_G5-1_5_GE16_74_10,83,PR,GE16,8,66,2017-04-12
PR_G5-1_5_GE16_74_10,84,PR,GE16,1,67,2017-05-10
PR_G5-1_5_GE16_74_10,93,PR,GE16,2,70,2018-02-23
PR_G5-1_5_GE16_74_10,94,PR,GE16,3,72,2018-03-14
PR_G5-1_5_GE16_74_10,103,PR,GE16,2,74,2018-12-19
PR_G5-1_5_GE16_74_10,104,PR,GE16,3,77,2019-01-25
PR_G5-1_5_GE16_74_10,105,PR,GE16,2,79,2019-02-22
PR_G5-1_5_GE16_74_10,106,PR,GE16,2,81,2019-03-22
PR_G5-1_5_GE16_74_10,117,PR,GE16,7,88,2020-02-12
PR_G5-1_5_GE16_74_10,118,PR,GE16,3,91,2020-03-30
PR_G5-1_5_GE16_74_10,119,PR,GE16,1,92,2020-04-27
PR_G5-1_5_GE16_74_10,129,PR,GE16,4,96,2021-02-26
PR_G5-1_5_GE16_74_10,130,PR,GE16,3,99,2021-03-22
PR_G5-1_5_GE16_74_10,131,PR,GE16,1,100,2021-04-26
PR_G5-1_5_GE16_74_10,141,PR,GE16,2,102,2022-02-28
PR_G5-1_5_GE16_74_10,149,PR,GE16,1,103,2022-10-31
PR_G5-1_5_GE16_74_10,150,PR,GE16,1,104,2022-11-11
PR_G5-1_5_GE16_74_10,151,PR,GE16,3,107,2022-12-28
PR_G5-1_5_GE16_74_10,152,PR,GE16,2,109,2023-01-23
PR_G5-1_5_GE16_74_10,153,PR,GE16,1,110,2023-02-28
PR_G5-1_5_GE16_74_10,155,PR,GE16,1,111,2023-04-28
PR_G5-1_5_GE16_74_10,156,PR,GE16,1,112,2023-05-22
PR_G5-1_5_GE16_74_10,164,PR,GE16,4,117,2024-01-23
PR_G5-1_5_GE16_74_10,163,PR,GE16,1,115,2023-12-28
PR_G5-1_5_GE16_74_10,167,PR,GE16,1,118,2024-04-15
PR_G5-1_5_GE16_74_10,168,PR,GE16,2,120,2024-05-23
PR_G5-1_5_GE16_74_11,35,PR,GE16,0,0,2013-04-19
PR_G5-1_5_GE16_74_11,36,PR,GE16,0,0,2013-05-10
PR_G5-1_5_GE16_74_11,37,PR,GE16,0,0,2013-06-19
PR_G5-1_5_GE16_74_11,38,PR,GE16,0,0,2013-07-12
PR_G5-1_5_GE16_74_11,39,PR,GE16,0,0,2013-08-20
PR_G5-1_5_GE16_74_11,40,PR,GE16,0,0,2013-09-10
PR_G5-1_5_GE16_74_11,41,PR,GE16,0,0,2013-10-09
PR_G5-1_5_GE16_74_11,44,PR,GE16,0,0,2014-01-24
PR_G5-1_5_GE16_74_11,45,PR,GE16,5,5,2014-02-26
PR_G5-1_5_GE16_74_11,46,PR,GE16,2,7,2014-03-28
PR_G5-1_5_GE16_74_11,47,PR,GE16,3,10,2014-04-25
PR_G5-1_5_GE16_74_11,48,PR,GE16,2,12,2014-05-23
PR_G5-1_5_GE16_74_11,49,PR,GE16,3,15,2014-06-20
PR_G5-1_5_GE16_74_11,50,PR,GE16,2,17,2014-07-28
PR_G5-1_5_GE16_74_11,51,PR,GE16,2,19,2014-08-25
PR_G5-1_5_GE16_74_11,52,PR,GE16,1,20,2014-09-22
PR_G5-1_5_GE16_74_11,53,PR,GE16,1,21,2014-10-10
PR_G5-1_5_GE16_74_11,59,PR,GE16,3,26,2015-04-06
PR_G5-1_5_GE16_74_11,58,PR,GE16,2,25,2015-03-27
PR_G5-1_5_GE16_74_11,61,PR,GE16,5,31,2015-06-29
PR_G5-1_5_GE16_74_11,62,PR,GE16,2,33,2015-07-27
PR_G5-1_5_GE16_74_11,63,PR,GE16,2,35,2015-08-24
PR_G5-1_5_GE16_74_11,64,PR,GE16,3,38,2015-09-30
PR_G5-1_5_GE16_74_11,65,PR,GE16,1,39,2015-10-19
PR_G5-1_5_GE16_74_11,66,PR,GE16,1,40,2015-11-06
PR_G5-1_5_GE16_74_11,73,PR,GE16,3,43,2016-06-08
PR_G5-1_5_GE16_74_11,75,PR,GE16,2,45,2016-08-31
PR_G5-1_5_GE16_74_11,76,PR,GE16,2,47,2016-09-19
PR_G5-1_5_GE16_74_11,77,PR,GE16,1,48,2016-10-17
PR_G5-1_5_GE16_74_11,78,PR,GE16,2,50,2016-11-14
PR_G5-1_5_GE16_74_11,79,PR,GE16,1,51,2016-12-12
PR_G5-1_5_GE16_74_11,80,PR,GE16,2,53,2017-01-18
PR_G5-1_5_GE16_74_11,81,PR,GE16,2,55,2017-02-24
PR_G5-1_5_GE16_74_11,82,PR,GE16,1,56,2017-03-06
PR_G5-1_5_GE16_74_11,83,PR,GE16,1,57,2017-04-03
PR_G5-1_5_GE16_74_11,90,PR,GE16,2,60,2017-11-13
PR_G5-1_5_GE16_74_11,89,PR,GE16,1,59,2017-10-25
PR_G5-1_5_GE16_74_11,91,PR,GE16,2,62,2017-12-11
PR_G5-1_5_GE16_74_11,92,PR,GE16,1,63,2018-01-08
PR_G5-1_5_GE16_74_11,93,PR,GE16,2,65,2018-02-14
PR_G5-1_5_GE16_74_11,94,PR,GE16,2,67,2018-03-23
PR_G5-1_5_GE16_74_11,95,PR,GE16,1,68,2018-04-11
PR_G5-1_5_GE16_74_11,105,PR,GE16,3,72,2019-02-04
PR_G5-1_5_GE16_74_11,104,PR,GE16,1,70,2019-01-25
PR_G5-1_5_GE16_74_11,106,PR,GE16,2,74,2019-03-22
PR_G5-1_5_GE16_74_11,111,PR,GE16,2,76,2019-08-28
PR_G5-1_5_GE16_74_11,112,PR,GE16,1,77,2019-09-16
PR_G5-1_5_GE16_74_11,117,PR,GE16,5,82,2020-02-12
PR_G5-1_5_GE16_74_11,122,PR,GE16,1,83,2020-07-11
PR_G5-1_5_GE16_74_11,123,PR,GE16,1,84,2020-08-25
PR_G5-1_5_GE16_74_11,128,PR,GE16,2,86,2021-01-11
PR_G5-1_5_GE16_74_11,129,PR,GE16,5,91,2021-02-26
PR_G5-1_5_GE16_74_11,130,PR,GE16,1,92,2021-03-22
PR_G5-1_5_GE16_74_11,131,PR,GE16,1,93,2021-04-14
PR_G5-1_5_GE16_74_11,142,PR,GE16,1,94,2022-03-11
PR_G5-1_5_GE16_74_11,143,PR,GE16,1,95,2022-04-27
PR_G5-1_5_GE16_74_11,149,PR,GE16,2,97,2022-10-31
PR_G5-1_5_GE16_74_11,150,PR,GE16,2,99,2022-11-23
PR_G5-1_5_GE16_74_11,151,PR,GE16,2,101,2022-12-28
PR_G5-1_5_GE16_74_11,153,PR,GE16,1,102,2023-02-03
PR_G5-1_5_GE16_74_11,154,PR,GE16,1,103,2023-03-11
PR_G5-1_5_GE16_74_11,166,PR,GE16,1,104,2024-03-09
PR_G5-1_5_GE16_74_11,165,PR,GE16,2,106,2024-02-15
PR_G5-1_5_GE16_74_9,35,PR,GE16,0,0,2013-04-19
PR_G5-1_5_GE16_74_9,36,PR,GE16,0,0,2013-05-10
PR_G5-1_5_GE16_74_9,44,PR,GE16,0,0,2014-01-24
PR_G5-1_5_GE16_74_9,45,PR,GE16,3,4,2014-02-26
PR_G5-1_5_GE16_74_9,46,PR,GE16,4,7,2014-03-28
PR_G5-1_5_GE16_74_9,47,PR,GE16,3,10,2014-04-16
PR_G5-1_5_GE16_74_9,48,PR,GE16,2,12,2014-05-23
PR_G5-1_5_GE16_74_9,49,PR,GE16,3,15,2014-06-30
PR_G5-1_5_GE16_74_9,50,PR,GE16,3,18,2014-07-28
PR_G5-1_5_GE16_74_9,51,PR,GE16,3,21,2014-08-28
PR_G5-1_5_GE16_74_9,53,PR,GE16,2,23,2014-10-01
PR_G5-1_5_GE16_74_9,60,PR,GE16,5,34,2015-05-22
PR_G5-1_5_GE16_74_9,58,PR,GE16,2,26,2015-03-27
PR_G5-1_5_GE16_74_9,59,PR,GE16,4,31,2015-04-24
PR_G5-1_5_GE16_74_9,61,PR,GE16,4,38,2015-06-29
PR_G5-1_5_GE16_74_9,62,PR,GE16,3,41,2015-07-27
PR_G5-1_5_GE16_74_9,63,PR,GE16,2,43,2015-08-24
PR_G5-1_5_GE16_74_9,64,PR,GE16,3,46,2015-09-21
PR_G5-1_5_GE16_74_9,67,PR,GE16,1,47,2015-12-14
PR_G5-1_5_GE16_74_9,74,PR,GE16,3,50,2016-07-25
PR_G5-1_5_GE16_74_9,75,PR,GE16,1,51,2016-08-31
PR_G5-1_5_GE16_74_9,77,PR,GE16,1,52,2016-10-17
PR_G5-1_5_GE16_74_9,78,PR,GE16,2,54,2016-11-14
PR_G5-1_5_GE16_74_9,79,PR,GE16,3,57,2016-12-30
PR_G5-1_5_GE16_74_9,81,PR,GE16,2,59,2017-02-06
PR_G5-1_5_GE16_74_9,87,PR,GE16,1,60,2017-08-02
PR_G5-1_5_GE16_74_9,89,PR,GE16,2,62,2017-10-06
PR_G5-1_5_GE16_74_9,90,PR,GE16,3,65,2017-11-22
PR_G5-1_5_GE16_74_9,91,PR,GE16,1,66,2017-12-20
PR_G5-1_5_GE16_74_9,92,PR,GE16,2,68,2018-01-08
PR_G5-1_5_GE16_74_9,93,PR,GE16,2,70,2018-02-05
PR_G5-1_5_GE16_74_9,94,PR,GE16,1,71,2018-03-05
PR_G5-1_5_GE16_74_9,97,PR,GE16,1,72,2018-06-25
PR_G5-1_5_GE16_74_9,98,PR,GE16,1,73,2018-07-13
PR_G5-1_5_GE16_74_9,104,PR,GE16,6,79,2019-01-25
PR_G5-1_5_GE16_74_9,106,PR,GE16,1,80,2019-03-22
PR_G5-1_5_GE16_74_9,107,PR,GE16,1,81,2019-04-01
PR_G5-1_5_GE16_74_9,110,PR,GE16,3,84,2019-07-22
PR_G5-1_5_GE16_74_9,111,PR,GE16,1,85,2019-08-28
PR_G5-1_5_GE16_74_9,117,PR,GE16,2,87,2020-02-21
PR_G5-1_5_GE16_74_9,118,PR,GE16,2,89,2020-03-30
PR_G5-1_5_GE16_74_9,120,PR,GE16,3,92,2020-05-25
PR_G5-1_5_GE16_74_9,121,PR,GE16,2,94,2020-06-22
PR_G5-1_5_GE16_74_9,122,PR,GE16,1,95,2020-07-21
PR_G5-1_5_GE16_74_9,123,PR,GE16,1,96,2020-08-01
PR_G5-1_5_GE16_74_9,124,PR,GE16,1,97,2020-09-05
PR_G5-1_5_GE16_74_9,131,PR,GE16,1,98,2021-04-14
PR_G5-1_5_GE16_74_9,134,PR,GE16,2,100,2021-07-30
PR_G5-1_5_GE16_74_9,135,PR,GE16,1,101,2021-08-23
PR_G5-1_5_GE16_74_9,140,PR,GE16,1,102,2022-01-12
PR_G5-1_5_GE16_74_9,141,PR,GE16,1,103,2022-02-04
PR_G5-1_5_GE16_74_9,147,PR,GE16,1,104,2022-08-22
PR_G5-1_5_GE16_74_9,148,PR,GE16,1,105,2022-09-26
PR_G5-1_5_GE16_74_9,152,PR,GE16,2,107,2023-01-23
PR_G5-1_5_GE16_74_9,153,PR,GE16,2,109,2023-02-15
PR_G5-1_5_GE16_74_9,154,PR,GE16,3,112,2023-03-24
PR_G5-1_5_GE16_74_9,155,PR,GE16,1,113,2023-04-17
PR_G5-1_5_GE16_74_9,156,PR,GE16,1,114,2023-05-10
PR_G5-1_5_GE16_74_9,157,PR,GE16,2,116,2023-06-14
PR_G5-1_5_GE16_74_9,158,PR,GE16,1,117,2023-07-08
PR_G5-1_5_GE16_74_9,159,PR,GE16,1,118,2023-08-01
PR_G5-1_5_GE16_74_9,166,PR,GE16,3,121,2024-03-12
PR_G5-1_5_GE16_74_9,167,PR,GE16,1,122,2024-04-15
PR_G5-1_5_GE16_74_9,168,PR,GE16,2,124,2024-05-09
PR_G5-1_5_GE06_79_13,36,PR,GE06,0,0,2013-05-30
PR_G5-1_5_GE06_79_13,35,PR,GE06,0,0,2013-04-30
PR_G5-1_5_GE06_79_13,37,PR,GE06,0,0,2013-06-28
PR_G5-1_5_GE06_79_13,38,PR,GE06,0,0,2013-07-22
PR_G5-1_5_GE06_79_13,39,PR,GE06,0,0,2013-08-20
PR_G5-1_5_GE06_79_13,40,PR,GE06,0,0,2013-09-30
PR_G5-1_5_GE06_79_13,41,PR,GE06,0,0,2013-10-21
PR_G5-1_5_GE06_79_13,42,PR,GE06,0,0,2013-11-07
PR_G5-1_5_GE06_79_13,43,PR,GE06,0,0,2013-12-17
PR_G5-1_5_GE06_79_13,44,PR,GE06,0,0,2014-01-14
PR_G5-1_5_GE06_79_13,45,PR,GE06,3,3,2014-02-26
PR_G5-1_5_GE06_79_13,46,PR,GE06,3,6,2014-03-28
PR_G5-1_5_GE06_79_13,47,PR,GE06,2,8,2014-04-16
PR_G5-1_5_GE06_79_13,48,PR,GE06,3,11,2014-05-14
PR_G5-1_5_GE06_79_13,49,PR,GE06,2,13,2014-06-30
PR_G5-1_5_GE06_79_13,50,PR,GE06,3,16,2014-07-18
PR_G5-1_5_GE06_79_13,51,PR,GE06,2,18,2014-08-25
PR_G5-1_5_GE06_79_13,53,PR,GE06,3,21,2014-10-20
PR_G5-1_5_GE06_79_13,54,PR,GE06,2,23,2014-11-26
PR_G5-1_5_GE06_79_13,57,PR,GE06,3,26,2015-02-27
PR_G5-1_5_GE06_79_13,58,PR,GE06,3,29,2015-03-18
PR_G5-1_5_GE06_79_13,59,PR,GE06,3,32,2015-04-15
PR_G5-1_5_GE06_79_13,60,PR,GE06,3,35,2015-05-22
PR_G5-1_5_GE06_79_13,61,PR,GE06,3,38,2015-06-29
PR_G5-1_5_GE06_79_13,62,PR,GE06,3,41,2015-07-27
PR_G5-1_5_GE06_79_13,63,PR,GE06,1,42,2015-08-24
PR_G5-1_5_GE06_79_13,64,PR,GE06,2,44,2015-09-11
PR_G5-1_5_GE06_79_13,65,PR,GE06,1,45,2015-10-09
PR_G5-1_5_GE06_79_13,68,PR,GE06,4,49,2016-01-29
PR_G5-1_5_GE06_79_13,69,PR,GE06,1,50,2016-02-17
PR_G5-1_5_GE06_79_13,70,PR,GE06,5,55,2016-03-25
PR_G5-1_5_GE06_79_13,71,PR,GE06,4,59,2016-04-22
PR_G5-1_5_GE06_79_13,72,PR,GE06,3,63,2016-05-30
PR_G5-1_5_GE06_79_13,74,PR,GE06,3,67,2016-07-15
PR_G5-1_5_GE06_79_13,73,PR,GE06,2,65,2016-06-27
PR_G5-1_5_GE06_79_13,75,PR,GE06,1,68,2016-08-03
PR_G5-1_5_GE06_79_13,82,PR,GE06,5,73,2017-03-24
PR_G5-1_5_GE06_79_13,83,PR,GE06,1,74,2017-04-03
PR_G5-1_5_GE06_79_13,87,PR,GE06,2,76,2017-08-11
PR_G5-1_5_GE06_79_13,88,PR,GE06,2,78,2017-09-18
PR_G5-1_5_GE06_79_13,89,PR,GE06,1,79,2017-10-06
PR_G5-1_5_GE06_79_13,90,PR,GE06,1,80,2017-11-22
PR_G5-1_5_GE06_79_13,91,PR,GE06,2,82,2017-12-20
PR_G5-1_5_GE06_79_13,92,PR,GE06,2,84,2018-01-08
PR_G5-1_5_GE06_79_13,97,PR,GE06,2,86,2018-06-25
PR_G5-1_5_GE06_79_13,98,PR,GE06,1,87,2018-07-23
PR_G5-1_5_GE06_79_13,99,PR,GE06,3,90,2018-08-29
PR_G5-1_5_GE06_79_13,100,PR,GE06,1,91,2018-09-17
PR_G5-1_5_GE06_79_13,101,PR,GE06,3,94,2018-10-24
PR_G5-1_5_GE06_79_13,103,PR,GE06,2,96,2018-12-19
PR_G5-1_5_GE06_79_13,104,PR,GE06,2,98,2019-01-25
PR_G5-1_5_GE06_79_13,105,PR,GE06,2,100,2019-02-22
PR_G5-1_5_GE06_79_13,117,PR,GE06,1,101,2020-02-21
PR_G5-1_5_GE06_79_13,119,PR,GE06,2,103,2020-04-08
PR_G5-1_5_GE06_79_13,120,PR,GE06,2,105,2020-05-25
PR_G5-1_5_GE06_79_13,121,PR,GE06,2,107,2020-06-22
PR_G5-1_5_GE06_79_13,128,PR,GE06,1,108,2021-01-22
PR_G5-1_5_GE06_79_13,129,PR,GE06,1,109,2021-02-03
PR_G5-1_5_GE06_79_13,130,PR,GE06,2,111,2021-03-22
PR_G5-1_5_GE06_79_13,131,PR,GE06,3,114,2021-04-26
PR_G5-1_5_GE06_79_13,132,PR,GE06,2,116,2021-05-19
PR_G5-1_5_GE06_79_13,133,PR,GE06,1,117,2021-06-11
PR_G5-1_5_GE06_79_13,134,PR,GE06,3,120,2021-07-30
PR_G5-1_5_GE06_79_13,136,PR,GE06,1,121,2021-09-03
PR_G5-1_5_GE06_79_13,143,PR,GE06,7,130,2022-04-27
PR_G5-1_5_GE06_79_13,142,PR,GE06,2,125,2022-03-23
PR_G5-1_5_GE06_79_13,153,PR,GE06,3,133,2023-02-15
PR_G5-1_5_GE06_79_13,155,PR,GE06,2,135,2023-04-05
PR_G5-1_5_GE06_79_13,160,PR,GE06,1,136,2023-09-28
PR_G5-1_5_GE06_79_13,161,PR,GE06,1,137,2023-10-10
PR_G5-1_5_GE06_79_13,162,PR,GE06,2,139,2023-11-25
PR_G5-1_5_GE06_79_13,163,PR,GE06,2,141,2023-12-19
PR_G5-1_5_GE06_79_13,164,PR,GE06,2,143,2024-01-25
PR_G5-1_5_GE06_79_14,35,PR,GE06,0,0,2013-04-30
PR_G5-1_5_GE06_79_14,36,PR,GE06,0,0,2013-05-20
PR_G5-1_5_GE06_79_14,37,PR,GE06,0,0,2013-06-28
PR_G5-1_5_GE06_79_14,39,PR,GE06,0,0,2013-08-09
PR_G5-1_5_GE06_79_14,44,PR,GE06,0,0,2014-01-24
PR_G5-1_5_GE06_79_14,45,PR,GE06,5,5,2014-02-26
PR_G5-1_5_GE06_79_14,46,PR,GE06,4,9,2014-03-28
PR_G5-1_5_GE06_79_14,47,PR,GE06,3,12,2014-04-25
PR_G5-1_5_GE06_79_14,48,PR,GE06,2,14,2014-05-14
PR_G5-1_5_GE06_79_14,49,PR,GE06,2,16,2014-06-11
PR_G5-1_5_GE06_79_14,50,PR,GE06,3,19,2014-07-28
PR_G5-1_5_GE06_79_14,51,PR,GE06,2,21,2014-08-15
PR_G5-1_5_GE06_79_14,52,PR,GE06,1,22,2014-09-12
PR_G5-1_5_GE06_79_14,53,PR,GE06,2,24,2014-10-10
PR_G5-1_5_GE06_79_14,54,PR,GE06,2,26,2014-11-26
PR_G5-1_5_GE06_79_14,55,PR,GE06,2,28,2014-12-19
PR_G5-1_5_GE06_79_14,57,PR,GE06,4,33,2015-02-09
PR_G5-1_5_GE06_79_14,56,PR,GE06,1,30,2015-01-30
PR_G5-1_5_GE06_79_14,58,PR,GE06,3,37,2015-03-27
PR_G5-1_5_GE06_79_14,59,PR,GE06,5,41,2015-04-15
PR_G5-1_5_GE06_79_14,60,PR,GE06,2,43,2015-05-22
PR_G5-1_5_GE06_79_14,61,PR,GE06,4,47,2015-06-29
PR_G5-1_5_GE06_79_14,62,PR,GE06,2,49,2015-07-27
PR_G5-1_5_GE06_79_14,63,PR,GE06,1,50,2015-08-24
PR_G5-1_5_GE06_79_14,64,PR,GE06,2,52,2015-09-11
PR_G5-1_5_GE06_79_14,65,PR,GE06,1,53,2015-10-09
PR_G5-1_5_GE06_79_14,70,PR,GE06,3,59,2016-03-16
PR_G5-1_5_GE06_79_14,69,PR,GE06,3,57,2016-02-26
PR_G5-1_5_GE06_79_14,71,PR,GE06,1,60,2016-04-04
PR_G5-1_5_GE06_79_14,74,PR,GE06,2,62,2016-07-25
PR_G5-1_5_GE06_79_14,75,PR,GE06,2,64,2016-08-22
PR_G5-1_5_GE06_79_14,76,PR,GE06,1,65,2016-09-09
PR_G5-1_5_GE06_79_14,77,PR,GE06,1,66,2016-10-17
PR_G5-1_5_GE06_79_14,79,PR,GE06,1,67,2016-12-30
PR_G5-1_5_GE06_79_14,80,PR,GE06,2,69,2017-01-18
PR_G5-1_5_GE06_79_14,81,PR,GE06,3,72,2017-02-24
PR_G5-1_5_GE06_79_14,83,PR,GE06,1,73,2017-04-03
PR_G5-1_5_GE06_79_14,86,PR,GE06,2,75,2017-07-14
PR_G5-1_5_GE06_79_14,87,PR,GE06,2,77,2017-08-21
PR_G5-1_5_GE06_79_14,92,PR,GE06,4,81,2018-01-17
PR_G5-1_5_GE06_79_14,93,PR,GE06,2,83,2018-02-14
PR_G5-1_5_GE06_79_14,96,PR,GE06,1,84,2018-05-28
PR_G5-1_5_GE06_79_14,97,PR,GE06,1,85,2018-06-25
PR_G5-1_5_GE06_79_14,98,PR,GE06,1,86,2018-07-04
PR_G5-1_5_GE06_79_14,99,PR,GE06,1,87,2018-08-01
PR_G5-1_5_GE06_79_15,35,PR,GE06,0,0,2013-04-30
PR_G5-1_5_GE06_79_15,36,PR,GE06,0,0,2013-05-30
PR_G5-1_5_GE06_79_15,37,PR,GE06,0,0,2013-06-28
PR_G5-1_5_GE06_79_15,38,PR,GE06,0,0,2013-07-12
PR_G5-1_5_GE06_79_15,39,PR,GE06,0,0,2013-08-20
PR_G5-1_5_GE06_79_15,45,PR,GE06,6,6,2014-02-26
PR_G5-1_5_GE06_79_15,44,PR,GE06,0,1,2014-01-24
PR_G5-1_5_GE06_79_15,46,PR,GE06,3,9,2014-03-28
PR_G5-1_5_GE06_79_15,47,PR,GE06,2,11,2014-04-25
PR_G5-1_5_GE06_79_15,48,PR,GE06,2,13,2014-05-23
PR_G5-1_5_GE06_79_15,49,PR,GE06,3,16,2014-06-30
PR_G5-1_5_GE06_79_15,50,PR,GE06,2,18,2014-07-28
PR_G5-1_5_GE06_79_15,51,PR,GE06,2,20,2014-08-25
PR_G5-1_5_GE06_79_15,52,PR,GE06,1,21,2014-09-03
PR_G5-1_5_GE06_79_15,53,PR,GE06,2,23,2014-10-29
PR_G5-1_5_GE06_79_15,56,PR,GE06,1,24,2015-01-21
PR_G5-1_5_GE06_79_15,58,PR,GE06,1,25,2015-03-27
PR_G5-1_5_GE06_79_15,59,PR,GE06,4,29,2015-04-24
PR_G5-1_5_GE06_79_15,60,PR,GE06,3,32,2015-05-22
PR_G5-1_5_GE06_79_15,61,PR,GE06,3,35,2015-06-10
PR_G5-1_5_GE06_79_15,62,PR,GE06,3,38,2015-07-27
PR_G5-1_5_GE06_79_15,63,PR,GE06,2,40,2015-08-24
PR_G5-1_5_GE06_79_15,64,PR,GE06,2,42,2015-09-21
PR_G5-1_5_GE06_79_15,65,PR,GE06,1,43,2015-10-19
PR_G5-1_5_GE06_79_15,66,PR,GE06,2,45,2015-11-25
PR_G5-1_5_GE06_79_15,71,PR,GE06,2,49,2016-04-04
PR_G5-1_5_GE06_79_15,72,PR,GE06,5,53,2016-05-30
PR_G5-1_5_GE06_79_15,70,PR,GE06,1,48,2016-03-16
PR_G5-1_5_GE06_79_15,73,PR,GE06,3,56,2016-06-27
PR_G5-1_5_GE06_79_15,74,PR,GE06,1,57,2016-07-15
PR_G5-1_5_GE06_79_15,75,PR,GE06,3,60,2016-08-31
PR_G5-1_5_GE06_79_15,77,PR,GE06,1,61,2016-10-17
PR_G5-1_5_GE06_79_15,81,PR,GE06,1,62,2017-02-15
PR_G5-1_5_GE06_79_15,83,PR,GE06,1,63,2017-04-03
PR_G5-1_5_GE06_79_15,82,PR,GE06,2,65,2017-03-06
PR_G5-1_5_GE06_79_15,85,PR,GE06,3,68,2017-06-26
PR_G5-1_5_GE06_79_15,86,PR,GE06,1,69,2017-07-24
PR_G5-1_5_GE06_79_15,87,PR,GE06,1,70,2017-08-21
PR_G5-1_5_GE06_79_15,88,PR,GE06,1,71,2017-09-18
PR_G5-1_5_GE06_79_15,89,PR,GE06,1,72,2017-10-06
PR_G5-1_5_GE06_79_15,90,PR,GE06,1,73,2017-11-13
PR_G5-1_5_GE06_79_15,91,PR,GE06,1,74,2017-12-20
PR_G5-1_5_GE06_79_15,92,PR,GE06,3,77,2018-01-26
PR_G5-1_5_GE06_79_15,98,PR,GE06,1,78,2018-07-23
PR_G5-1_5_GE06_79_15,99,PR,GE06,2,80,2018-08-20
PR_G5-1_5_GE06_79_15,100,PR,GE06,2,82,2018-09-26
PR_G5-1_5_GE06_79_15,101,PR,GE06,1,83,2018-10-15
PR_G5-1_5_GE06_79_15,102,PR,GE06,2,85,2018-11-21
PR_G5-1_5_GE06_79_15,103,PR,GE06,2,87,2018-12-28
PR_G5-1_5_GE06_79_15,104,PR,GE06,2,89,2019-01-16
PR_G5-1_5_GE06_79_15,105,PR,GE06,2,91,2019-02-13
PR_G5-1_5_GE06_79_15,106,PR,GE06,2,93,2019-03-13
PR_G5-1_5_GE06_79_15,107,PR,GE06,1,94,2019-04-10
PR_G5-1_5_GE06_79_15,113,PR,GE06,4,98,2019-10-23
PR_G5-1_5_GE06_79_15,114,PR,GE06,2,100,2019-11-20
PR_G5-1_5_GE06_79_15,115,PR,GE06,1,101,2019-12-18
PR_G5-1_5_GE06_79_15,116,PR,GE06,2,103,2020-01-24
PR_G5-1_5_GE06_79_15,117,PR,GE06,2,105,2020-02-12
PR_G5-1_5_GE06_79_15,118,PR,GE06,4,109,2020-03-30
PR_G5-1_5_GE06_79_15,119,PR,GE06,1,110,2020-04-08
PR_G5-1_5_GE06_79_15,125,PR,GE06,2,113,2020-10-12
PR_G5-1_5_GE06_79_15,122,PR,GE06,1,112,2020-07-30
PR_G5-1_5_GE06_79_15,128,PR,GE06,1,114,2021-01-22
PR_G5-1_5_GE06_79_15,129,PR,GE06,1,115,2021-02-03
PR_G5-1_5_GE06_79_15,130,PR,GE06,1,116,2021-03-10
PR_G5-1_5_GE06_79_15,134,PR,GE06,1,117,2021-07-17
PR_G5-1_5_GE06_79_15,135,PR,GE06,1,118,2021-08-11
PR_G5-1_5_GE06_79_15,136,PR,GE06,2,120,2021-09-27
PR_G5-1_5_GE06_79_15,141,PR,GE06,2,122,2022-02-28
PR_G5-1_5_GE06_79_15,142,PR,GE06,1,123,2022-03-11
PR_G5-1_5_GE06_79_15,146,PR,GE06,2,125,2022-07-18
PR_G5-1_5_GE06_79_15,147,PR,GE06,1,126,2022-08-22
PR_G5-1_5_GE06_79_15,148,PR,GE06,2,128,2022-09-26
PR_G5-1_5_GE06_79_15,149,PR,GE06,1,129,2022-10-19
PR_G5-1_5_GE06_79_15,154,PR,GE06,2,131,2023-03-24
PR_G5-1_5_GE06_79_15,157,PR,GE06,2,133,2023-06-26
PR_G5-1_5_GE06_79_15,159,PR,GE06,3,136,2023-08-24
PR_G5-1_5_GE06_79_15,160,PR,GE06,1,137,2023-09-16
PR_G5-1_5_GE06_79_15,161,PR,GE06,1,138,2023-10-21
PR_G5-1_5_GE06_79_15,162,PR,GE06,1,139,2023-11-14
PR_G5-1_5_GE06_79_15,164,PR,GE06,2,141,2024-01-23
PR_G5-1_5_GE06_79_15,165,PR,GE06,1,142,2024-02-27
PR_G5-1_5_GE06_79_15,167,PR,GE06,3,145,2024-04-29
PR_G5-1_5_GE06_79_15,168,PR,GE06,2,147,2024-05-23
PR_G5-1_5_GE02_79_23,35,PR,GE02,0,0,2013-04-30
PR_G5-1_5_GE02_79_23,42,PR,GE02,0,0,2013-11-26
PR_G5-1_5_GE02_79_23,43,PR,GE02,0,0,2013-12-17
PR_G5-1_5_GE02_79_23,44,PR,GE02,0,0,2014-01-24
PR_G5-1_5_GE02_79_23,45,PR,GE02,6,6,2014-02-26
PR_G5-1_5_GE02_79_23,46,PR,GE02,3,9,2014-03-28
PR_G5-1_5_GE02_79_23,47,PR,GE02,1,10,2014-04-16
PR_G5-1_5_GE02_79_23,48,PR,GE02,3,13,2014-05-23
PR_G5-1_5_GE02_79_23,49,PR,GE02,3,16,2014-06-30
PR_G5-1_5_GE02_79_23,50,PR,GE02,3,19,2014-07-28
PR_G5-1_5_GE02_79_23,51,PR,GE02,3,22,2014-08-25
PR_G5-1_5_GE02_79_23,57,PR,GE02,4,26,2015-02-27
PR_G5-1_5_GE02_79_23,58,PR,GE02,4,30,2015-03-27
PR_G5-1_5_GE02_79_23,59,PR,GE02,1,31,2015-04-24
PR_G5-1_5_GE02_79_23,60,PR,GE02,5,36,2015-05-22
PR_G5-1_5_GE02_79_23,61,PR,GE02,2,38,2015-06-19
PR_G5-1_5_GE02_79_23,62,PR,GE02,4,42,2015-07-27
PR_G5-1_5_GE02_79_23,63,PR,GE02,1,43,2015-08-14
PR_G5-1_5_GE02_79_23,65,PR,GE02,1,44,2015-10-28
PR_G5-1_5_GE02_79_23,71,PR,GE02,4,48,2016-04-22
PR_G5-1_5_GE02_79_23,72,PR,GE02,4,52,2016-05-30
PR_G5-1_5_GE02_79_23,73,PR,GE02,2,54,2016-06-27
PR_G5-1_5_GE02_79_23,74,PR,GE02,3,57,2016-07-25
PR_G5-1_5_GE02_79_23,75,PR,GE02,3,60,2016-08-31
PR_G5-1_5_GE02_79_23,76,PR,GE02,2,62,2016-09-29
PR_G5-1_5_GE02_79_23,77,PR,GE02,2,64,2016-10-26
PR_G5-1_5_GE02_79_23,79,PR,GE02,1,65,2016-12-02
PR_G5-1_5_GE02_79_23,85,PR,GE02,3,68,2017-06-26
PR_G5-1_5_GE02_79_23,87,PR,GE02,3,72,2017-08-30
PR_G5-1_5_GE02_79_23,86,PR,GE02,1,70,2017-07-24
PR_G5-1_5_GE02_79_23,88,PR,GE02,2,75,2017-09-27
PR_G5-1_5_GE02_79_23,89,PR,GE02,2,76,2017-10-25
PR_G5-1_5_GE02_79_23,90,PR,GE02,2,78,2017-11-22
PR_G5-1_5_GE02_79_23,99,PR,GE02,7,86,2018-08-20
PR_G5-1_5_GE02_79_23,97,PR,GE02,1,81,2018-06-25
PR_G5-1_5_GE02_79_23,100,PR,GE02,3,89,2018-09-26
PR_G5-1_5_GE02_79_23,102,PR,GE02,2,91,2018-11-21
PR_G5-1_5_GE02_79_23,104,PR,GE02,2,93,2019-01-07
PR_G5-1_5_GE02_79_23,105,PR,GE02,1,94,2019-02-04
PR_G5-1_5_GE02_79_23,106,PR,GE02,1,95,2019-03-13
PR_G5-1_5_GE02_79_23,111,PR,GE02,5,101,2019-08-28
PR_G5-1_5_GE02_79_23,112,PR,GE02,4,104,2019-09-25
PR_G5-1_5_GE02_79_23,113,PR,GE02,2,106,2019-10-14
PR_G5-1_5_GE02_79_23,114,PR,GE02,2,108,2019-11-20
PR_G5-1_5_GE02_79_23,115,PR,GE02,2,110,2019-12-18
PR_G5-1_5_GE02_79_23,116,PR,GE02,1,111,2020-01-24
PR_G5-1_5_GE02_79_23,118,PR,GE02,1,112,2020-03-30
PR_G5-1_5_GE02_79_23,122,PR,GE02,2,116,2020-07-30
PR_G5-1_5_GE02_79_23,125,PR,GE02,2,117,2020-10-12
PR_G5-1_5_GE02_79_23,124,PR,GE02,1,115,2020-09-17
PR_G5-1_5_GE02_79_23,129,PR,GE02,1,118,2021-02-26
PR_G5-1_5_GE02_79_23,131,PR,GE02,2,120,2021-04-26
PR_G5-1_5_GE02_79_23,132,PR,GE02,2,122,2021-05-07
PR_G5-1_5_GE02_79_23,133,PR,GE02,2,124,2021-06-23
PR_G5-1_5_GE02_79_23,143,PR,GE02,1,125,2022-04-15
PR_G5-1_5_GE02_79_23,144,PR,GE02,1,126,2022-05-20
PR_G5-1_5_GE02_79_23,145,PR,GE02,3,129,2022-06-13
PR_G5-1_5_GE02_79_23,146,PR,GE02,2,131,2022-07-18
PR_G5-1_5_GE02_79_23,148,PR,GE02,1,132,2022-09-02
PR_G5-1_5_GE02_79_23,156,PR,GE02,2,134,2023-05-10
PR_G5-1_5_GE02_79_23,157,PR,GE02,5,139,2023-06-26
PR_G5-1_5_GE02_79_23,159,PR,GE02,2,141,2023-08-01
PR_G5-1_5_GE02_79_23,163,PR,GE02,1,142,2023-12-30
PR_G5-1_5_GE02_79_23,168,PR,GE02,7,149,2024-05-28
PR_G5-1_5_GE02_79_24,35,PR,GE02,0,0,2013-04-30
PR_G5-1_5_GE02_79_24,36,PR,GE02,0,0,2013-05-10
PR_G5-1_5_GE02_79_24,43,PR,GE02,0,0,2013-12-06
PR_G5-1_5_GE02_79_24,44,PR,GE02,0,0,2014-01-24
PR_G5-1_5_GE02_79_24,45,PR,GE02,5,6,2014-02-26
PR_G5-1_5_GE02_79_24,46,PR,GE02,4,9,2014-03-28
PR_G5-1_5_GE02_79_24,47,PR,GE02,2,11,2014-04-16
PR_G5-1_5_GE02_79_24,48,PR,GE02,4,15,2014-05-23
PR_G5-1_5_GE02_79_24,49,PR,GE02,3,18,2014-06-30
PR_G5-1_5_GE02_79_24,50,PR,GE02,3,21,2014-07-28
PR_G5-1_5_GE02_79_24,51,PR,GE02,1,22,2014-08-25
PR_G5-1_5_GE02_79_24,52,PR,GE02,2,24,2014-09-12
PR_G5-1_5_GE02_79_24,55,PR,GE02,3,27,2014-12-15
PR_G5-1_5_GE02_79_24,56,PR,GE02,3,30,2015-01-12
PR_G5-1_5_GE02_79_24,57,PR,GE02,4,35,2015-02-18
PR_G5-1_5_GE02_79_24,58,PR,GE02,4,38,2015-03-27
PR_G5-1_5_GE02_79_24,59,PR,GE02,3,41,2015-04-24
PR_G5-1_5_GE02_79_24,60,PR,GE02,2,43,2015-05-13
PR_G5-1_5_GE02_79_24,61,PR,GE02,5,48,2015-06-29
PR_G5-1_5_GE02_79_24,62,PR,GE02,2,50,2015-07-27
PR_G5-1_5_GE02_79_24,63,PR,GE02,2,52,2015-08-24
PR_G5-1_5_GE02_79_24,69,PR,GE02,7,59,2016-02-26
PR_G5-1_5_GE02_79_24,70,PR,GE02,2,61,2016-03-07
PR_G5-1_5_GE02_79_24,71,PR,GE02,2,63,2016-04-13
PR_G5-1_5_GE02_79_24,72,PR,GE02,5,68,2016-05-30
PR_G5-1_5_GE02_79_24,73,PR,GE02,2,70,2016-06-27
PR_G5-1_5_GE02_79_24,74,PR,GE02,2,72,2016-07-25
PR_G5-1_5_GE02_79_24,75,PR,GE02,2,74,2016-08-22
PR_G5-1_5_GE02_79_24,84,PR,GE02,2,76,2017-05-29
PR_G5-1_5_GE02_79_24,85,PR,GE02,3,79,2017-06-16
PR_G5-1_5_GE02_79_24,86,PR,GE02,2,81,2017-07-24
PR_G5-1_5_GE02_79_24,87,PR,GE02,4,85,2017-08-30
PR_G5-1_5_GE02_79_24,88,PR,GE02,1,86,2017-09-27
PR_G5-1_5_GE02_79_24,89,PR,GE02,2,88,2017-10-16
PR_G5-1_5_GE02_79_24,90,PR,GE02,2,90,2017-11-22
PR_G5-1_5_GE02_79_24,91,PR,GE02,2,92,2017-12-01
PR_G5-1_5_GE02_79_24,98,PR,GE02,4,96,2018-07-23
PR_G5-1_5_GE02_79_24,99,PR,GE02,3,99,2018-08-20
PR_G5-1_5_GE02_79_24,100,PR,GE02,2,101,2018-09-26
PR_G5-1_5_GE02_79_24,101,PR,GE02,3,104,2018-10-24
PR_G5-1_5_GE02_79_24,102,PR,GE02,1,105,2018-11-12
PR_G5-1_5_GE02_79_24,103,PR,GE02,2,107,2018-12-28
PR_G5-1_5_GE02_79_24,104,PR,GE02,2,109,2019-01-25
PR_G5-1_5_GE02_79_24,105,PR,GE02,2,111,2019-02-22
PR_G5-1_5_GE02_79_24,106,PR,GE02,1,112,2019-03-13
PR_G5-1_5_GE02_79_24,112,PR,GE02,3,118,2019-09-16
PR_G5-1_5_GE02_79_24,111,PR,GE02,3,116,2019-08-19
PR_G5-1_5_GE02_79_24,113,PR,GE02,3,121,2019-10-23
PR_G5-1_5_GE02_79_24,114,PR,GE02,2,123,2019-11-29
PR_G5-1_5_GE02_79_24,115,PR,GE02,2,125,2019-12-27
PR_G5-1_5_GE02_79_24,119,PR,GE02,1,126,2020-04-08
PR_G5-1_5_GE02_79_24,123,PR,GE02,3,129,2020-08-13
PR_G5-1_5_GE02_79_24,125,PR,GE02,1,130,2020-10-29
PR_G5-1_5_GE02_79_24,126,PR,GE02,1,131,2020-11-21
PR_G5-1_5_GE02_79_24,128,PR,GE02,2,133,2021-01-11
PR_G5-1_5_GE02_79_24,129,PR,GE02,1,134,2021-02-03
PR_G5-1_5_GE02_79_24,132,PR,GE02,1,135,2021-05-31
PR_G5-1_5_GE02_79_24,133,PR,GE02,1,136,2021-06-23
PR_G5-1_5_GE02_79_24,134,PR,GE02,2,138,2021-07-17
PR_G5-1_5_GE02_79_24,141,PR,GE02,2,140,2022-02-28
PR_G5-1_5_GE02_79_24,146,PR,GE02,3,143,2022-07-18
PR_G5-1_5_GE02_79_24,147,PR,GE02,1,144,2022-08-10
PR_G5-1_5_GE02_79_24,151,PR,GE02,1,145,2022-12-16
PR_G5-1_5_GE02_79_24,152,PR,GE02,3,148,2023-01-23
PR_G5-1_5_GE02_79_24,153,PR,GE02,2,150,2023-02-15
PR_G5-1_5_GE02_79_24,154,PR,GE02,1,151,2023-03-11
PR_G5-1_5_GE02_79_24,156,PR,GE02,2,153,2023-05-22
PR_G5-1_5_GE02_79_24,157,PR,GE02,3,156,2023-06-26
PR_G5-1_5_GE02_79_24,158,PR,GE02,1,157,2023-07-20
PR_G5-1_5_GE02_79_24,159,PR,GE02,2,159,2023-08-24
PR_G5-1_5_GE02_79_24,165,PR,GE02,7,166,2024-02-27
PR_G5-1_5_GE02_79_24,166,PR,GE02,1,167,2024-03-21
PR_G5-1_5_GE02_79_24,167,PR,GE02,2,169,2024-04-15
PR_G5-1_5_GE02_79_24,168,PR,GE02,1,170,2024-05-28
PR_G5-1_5_GE02_79_25,35,PR,GE02,0,0,2013-04-10
PR_G5-1_5_GE02_79_25,42,PR,GE02,0,0,2013-11-26
PR_G5-1_5_GE02_79_25,43,PR,GE02,0,0,2013-12-17
PR_G5-1_5_GE02_79_25,44,PR,GE02,0,0,2014-01-14
PR_G5-1_5_GE02_79_25,45,PR,GE02,3,3,2014-02-26
PR_G5-1_5_GE02_79_25,46,PR,GE02,3,6,2014-03-28
PR_G5-1_5_GE02_79_25,47,PR,GE02,4,10,2014-04-25
PR_G5-1_5_GE02_79_25,48,PR,GE02,2,12,2014-05-23
PR_G5-1_5_GE02_79_25,49,PR,GE02,4,16,2014-06-30
PR_G5-1_5_GE02_79_25,50,PR,GE02,2,18,2014-07-28
PR_G5-1_5_GE02_79_25,51,PR,GE02,3,21,2014-08-25
PR_G5-1_5_GE02_79_25,54,PR,GE02,1,22,2014-11-17
PR_G5-1_5_GE02_79_25,55,PR,GE02,2,24,2014-12-15
PR_G5-1_5_GE02_79_25,56,PR,GE02,1,25,2015-01-30
PR_G5-1_5_GE02_79_25,57,PR,GE02,4,29,2015-02-18
PR_G5-1_5_GE02_79_25,58,PR,GE02,4,33,2015-03-18
PR_G5-1_5_GE02_79_25,59,PR,GE02,2,35,2015-04-15
PR_G5-1_5_GE02_79_25,60,PR,GE02,3,38,2015-05-22
PR_G5-1_5_GE02_79_25,61,PR,GE02,4,42,2015-06-29
PR_G5-1_5_GE02_79_25,62,PR,GE02,3,45,2015-07-27
PR_G5-1_5_GE02_79_25,63,PR,GE02,2,47,2015-08-24
PR_G5-1_5_GE02_79_25,65,PR,GE02,1,48,2015-10-09
PR_G5-1_5_GE02_79_25,70,PR,GE02,5,58,2016-03-25
PR_G5-1_5_GE02_79_25,69,PR,GE02,4,53,2016-02-26
PR_G5-1_5_GE02_79_25,71,PR,GE02,3,60,2016-04-13
PR_G5-1_5_GE02_79_25,72,PR,GE02,3,63,2016-05-20
PR_G5-1_5_GE02_79_25,73,PR,GE02,3,66,2016-06-27
PR_G5-1_5_GE02_79_25,74,PR,GE02,1,67,2016-07-15
PR_G5-1_5_GE02_79_25,75,PR,GE02,3,70,2016-08-31
PR_G5-1_5_GE02_79_25,85,PR,GE02,3,73,2017-06-26
PR_G5-1_5_GE02_79_25,86,PR,GE02,2,75,2017-07-24
PR_G5-1_5_GE02_79_25,87,PR,GE02,3,78,2017-08-21
PR_G5-1_5_GE02_79_25,88,PR,GE02,2,80,2017-09-18
PR_G5-1_5_GE02_79_25,89,PR,GE02,2,82,2017-10-16
PR_G5-1_5_GE02_79_25,90,PR,GE02,2,84,2017-11-13
PR_G5-1_5_GE02_79_25,91,PR,GE02,1,85,2017-12-01
PR_G5-1_5_GE02_79_25,97,PR,GE02,1,86,2018-06-25
PR_G5-1_5_GE02_79_25,98,PR,GE02,2,89,2018-07-23
PR_G5-1_5_GE02_79_25,99,PR,GE02,5,93,2018-08-29
PR_G5-1_5_GE02_79_25,100,PR,GE02,3,96,2018-09-26
PR_G5-1_5_GE02_79_25,101,PR,GE02,2,98,2018-10-24
PR_G5-1_5_GE02_79_25,102,PR,GE02,2,100,2018-11-30
PR_G5-1_5_GE02_79_25,104,PR,GE02,3,103,2019-01-16
PR_G5-1_5_GE02_79_25,105,PR,GE02,1,104,2019-02-22
PR_G5-1_5_GE02_79_25,106,PR,GE02,1,105,2019-03-13
PR_G5-1_5_GE02_79_25,112,PR,GE02,2,109,2019-09-25
PR_G5-1_5_GE02_79_25,111,PR,GE02,2,108,2019-08-09
PR_G5-1_5_GE02_79_25,113,PR,GE02,3,112,2019-10-14
PR_G5-1_5_GE02_79_25,114,PR,GE02,1,113,2019-11-11
PR_G5-1_5_GE02_79_25,117,PR,GE02,1,114,2020-02-12
PR_G5-1_5_GE02_79_25,118,PR,GE02,2,116,2020-03-30
PR_G5-1_5_GE02_79_25,119,PR,GE02,1,117,2020-04-17
PR_G5-1_5_GE02_79_25,124,PR,GE02,2,119,2020-09-05
PR_G5-1_5_GE02_79_25,129,PR,GE02,3,122,2021-02-26
PR_G5-1_5_GE02_79_25,131,PR,GE02,3,125,2021-04-26
PR_G5-1_5_GE02_79_25,132,PR,GE02,2,127,2021-05-31
PR_G5-1_5_GE02_79_25,133,PR,GE02,1,128,2021-06-11
PR_G5-1_5_GE02_79_25,136,PR,GE02,1,129,2021-09-27
PR_G5-1_5_GE02_79_25,144,PR,GE02,1,130,2022-05-09
PR_G5-1_5_GE02_79_25,143,PR,GE02,2,132,2022-04-04
PR_G5-1_5_GE02_79_25,146,PR,GE02,3,135,2022-07-29
PR_G5-1_5_GE02_79_25,147,PR,GE02,2,137,2022-08-22
PR_G5-1_5_GE02_79_25,148,PR,GE02,2,139,2022-09-26
PR_G5-1_5_GE02_79_25,149,PR,GE02,1,140,2022-10-19
PR_G5-1_5_GE02_79_25,154,PR,GE02,1,141,2023-03-24
PR_G5-1_5_GE02_79_25,159,PR,GE02,5,148,2023-08-24
PR_G5-1_5_GE02_79_25,158,PR,GE02,2,145,2023-07-20
PR_G5-1_5_GE02_79_25,163,PR,GE02,2,150,2023-12-30
PR_G5-1_5_GE02_79_25,165,PR,GE02,3,153,2024-02-27
PR_G5-1_5_GE02_79_25,166,PR,GE02,1,154,2024-03-12
PR_G5-1_5_GE03_79_3,35,PR,GE03,0,0,2013-04-10
PR_G5-1_5_GE03_79_3,43,PR,GE03,0,0,2013-12-17
PR_G5-1_5_GE03_79_3,42,PR,GE03,0,0,2013-11-26
PR_G5-1_5_GE03_79_3,44,PR,GE03,0,0,2014-01-24
PR_G5-1_5_GE03_79_3,45,PR,GE03,5,5,2014-02-26
PR_G5-1_5_GE03_79_3,46,PR,GE03,3,8,2014-03-28
PR_G5-1_5_GE03_79_3,47,PR,GE03,2,10,2014-04-25
PR_G5-1_5_GE03_79_3,48,PR,GE03,1,11,2014-05-05
PR_G5-1_5_GE03_79_3,49,PR,GE03,3,14,2014-06-20
PR_G5-1_5_GE03_79_3,50,PR,GE03,2,16,2014-07-28
PR_G5-1_5_GE03_79_3,51,PR,GE03,2,18,2014-08-25
PR_G5-1_5_GE03_79_3,58,PR,GE03,9,30,2015-03-27
PR_G5-1_5_GE03_79_3,57,PR,GE03,3,25,2015-02-27
PR_G5-1_5_GE03_79_3,59,PR,GE03,3,33,2015-04-24
PR_G5-1_5_GE03_79_3,60,PR,GE03,2,35,2015-05-04
PR_G5-1_5_GE03_79_3,61,PR,GE03,4,39,2015-06-29
PR_G5-1_5_GE03_79_3,62,PR,GE03,2,41,2015-07-17
PR_G5-1_5_GE03_79_3,63,PR,GE03,2,43,2015-08-24
PR_G5-1_5_GE03_79_3,64,PR,GE03,1,44,2015-09-02
PR_G5-1_5_GE03_79_3,65,PR,GE03,1,45,2015-10-09
PR_G5-1_5_GE03_79_3,72,PR,GE03,4,49,2016-05-30
PR_G5-1_5_GE03_79_3,73,PR,GE03,2,51,2016-06-27
PR_G5-1_5_GE03_79_3,74,PR,GE03,2,53,2016-07-25
PR_G5-1_5_GE03_79_3,75,PR,GE03,3,56,2016-08-31
PR_G5-1_5_GE03_79_3,76,PR,GE03,2,58,2016-09-29
PR_G5-1_5_GE03_79_3,77,PR,GE03,1,59,2016-10-17
PR_G5-1_5_GE03_79_3,78,PR,GE03,2,61,2016-11-23
PR_G5-1_5_GE03_79_3,79,PR,GE03,2,63,2016-12-30
PR_G5-1_5_GE03_79_3,80,PR,GE03,1,64,2017-01-18
PR_G5-1_5_GE03_79_3,86,PR,GE03,3,67,2017-07-24
PR_G5-1_5_GE03_79_3,87,PR,GE03,3,70,2017-08-30
PR_G5-1_5_GE03_79_3,88,PR,GE03,1,71,2017-09-18
PR_G5-1_5_GE03_79_3,89,PR,GE03,2,73,2017-10-16
PR_G5-1_5_GE03_79_3,90,PR,GE03,2,75,2017-11-22
PR_G5-1_5_GE03_79_3,91,PR,GE03,2,77,2017-12-20
PR_G5-1_5_GE03_79_3,92,PR,GE03,2,79,2018-01-17
PR_G5-1_5_GE03_79_3,95,PR,GE03,1,80,2018-04-30
PR_G5-1_5_GE03_79_3,96,PR,GE03,3,83,2018-05-28
PR_G5-1_5_GE03_79_3,97,PR,GE03,2,85,2018-06-25
PR_G5-1_5_GE03_79_3,98,PR,GE03,1,86,2018-07-23
PR_G5-1_5_GE03_79_3,99,PR,GE03,3,89,2018-08-29
PR_G5-1_5_GE03_79_3,100,PR,GE03,1,90,2018-09-17
PR_G5-1_5_GE03_79_3,101,PR,GE03,1,91,2018-10-05
PR_G5-1_5_GE03_79_3,106,PR,GE03,4,100,2019-03-22
PR_G5-1_5_GE03_79_3,103,PR,GE03,3,95,2018-12-28
PR_G5-1_5_GE03_79_3,104,PR,GE03,1,96,2019-01-16
PR_G5-1_5_GE03_79_3,105,PR,GE03,1,97,2019-02-13
PR_G5-1_5_GE03_79_3,107,PR,GE03,1,101,2019-04-10
PR_G5-1_5_GE03_79_3,111,PR,GE03,4,107,2019-08-28
PR_G5-1_5_GE03_79_3,110,PR,GE03,2,104,2019-07-22
PR_G5-1_5_GE03_79_3,118,PR,GE03,7,114,2020-03-20
PR_G5-1_5_GE03_79_3,119,PR,GE03,1,115,2020-04-08
PR_G5-1_5_GE03_79_3,120,PR,GE03,4,119,2020-05-25
PR_G5-1_5_GE03_79_3,121,PR,GE03,1,120,2020-06-22
PR_G5-1_5_GE03_79_3,122,PR,GE03,1,121,2020-07-02
PR_G5-1_5_GE03_79_3,123,PR,GE03,2,123,2020-08-01
PR_G5-1_5_GE03_79_3,124,PR,GE03,1,124,2020-09-17
PR_G5-1_5_GE03_79_3,132,PR,GE03,3,127,2021-05-19
PR_G5-1_5_GE03_79_3,133,PR,GE03,2,129,2021-06-23
PR_G5-1_5_GE03_79_3,134,PR,GE03,1,130,2021-07-17
PR_G5-1_5_GE03_79_3,135,PR,GE03,1,131,2021-08-11
PR_G5-1_5_GE03_79_3,136,PR,GE03,1,132,2021-09-03
PR_G5-1_5_GE03_79_3,137,PR,GE03,1,133,2021-10-08
PR_G5-1_5_GE03_79_3,141,PR,GE03,1,134,2022-02-04
PR_G5-1_5_GE03_79_3,143,PR,GE03,3,137,2022-04-27
PR_G5-1_5_GE03_79_3,149,PR,GE03,1,138,2022-10-19
PR_G5-1_5_GE03_79_3,150,PR,GE03,1,139,2022-11-11
PR_G5-1_5_GE03_79_3,151,PR,GE03,1,140,2022-12-05
PR_G5-1_5_GE03_79_3,153,PR,GE03,3,143,2023-02-28
PR_G5-1_5_GE03_79_3,154,PR,GE03,2,145,2023-03-24
PR_G5-1_5_GE03_79_3,155,PR,GE03,3,148,2023-04-28
PR_G5-1_5_GE03_79_3,156,PR,GE03,1,149,2023-05-22
PR_G5-1_5_GE03_79_3,157,PR,GE03,2,151,2023-06-26
PR_G5-1_5_GE03_79_3,158,PR,GE03,1,152,2023-07-20
PR_G5-1_5_GE03_79_3,159,PR,GE03,1,153,2023-08-12
PR_G5-1_5_GE03_79_3,167,PR,GE03,3,158,2024-04-29
PR_G5-1_5_GE03_79_3,165,PR,GE03,1,154,2024-02-27
PR_G5-1_5_GE03_79_3,166,PR,GE03,1,155,2024-03-21
PR_G5-1_5_GE03_79_3,168,PR,GE03,2,160,2024-05-28
PR_G5-1_5_GE03_79_4,35,PR,GE03,0,0,2013-04-19
PR_G5-1_5_GE03_79_4,36,PR,GE03,0,0,2013-05-10
PR_G5-1_5_GE03_79_4,44,PR,GE03,0,0,2014-01-24
PR_G5-1_5_GE03_79_4,45,PR,GE03,6,6,2014-02-26
PR_G5-1_5_GE03_79_4,46,PR,GE03,4,10,2014-03-28
PR_G5-1_5_GE03_79_4,47,PR,GE03,1,11,2014-04-25
PR_G5-1_5_GE03_79_4,48,PR,GE03,2,13,2014-05-14
PR_G5-1_5_GE03_79_4,49,PR,GE03,4,17,2014-06-30
PR_G5-1_5_GE03_79_4,50,PR,GE03,1,18,2014-07-18
PR_G5-1_5_GE03_79_4,51,PR,GE03,1,19,2014-08-15
PR_G5-1_5_GE03_79_4,52,PR,GE03,1,20,2014-09-03
PR_G5-1_5_GE03_79_4,53,PR,GE03,3,23,2014-10-20
PR_G5-1_5_GE03_79_4,58,PR,GE03,4,27,2015-03-27
PR_G5-1_5_GE03_79_4,59,PR,GE03,2,29,2015-04-15
PR_G5-1_5_GE03_79_4,60,PR,GE03,3,32,2015-05-04
PR_G5-1_5_GE03_79_4,61,PR,GE03,5,37,2015-06-29
PR_G5-1_5_GE03_79_4,62,PR,GE03,1,38,2015-07-08
PR_G5-1_5_GE03_79_4,63,PR,GE03,2,40,2015-08-24
PR_G5-1_5_GE03_79_4,64,PR,GE03,2,42,2015-09-30
PR_G5-1_5_GE03_79_4,74,PR,GE03,2,44,2016-07-25
PR_G5-1_5_GE03_79_4,75,PR,GE03,4,48,2016-08-31
PR_G5-1_5_GE03_79_4,76,PR,GE03,2,50,2016-09-29
PR_G5-1_5_GE03_79_4,77,PR,GE03,1,51,2016-10-26
PR_G5-1_5_GE03_79_4,78,PR,GE03,2,53,2016-11-14
PR_G5-1_5_GE03_79_4,79,PR,GE03,2,55,2016-12-21
PR_G5-1_5_GE03_79_4,80,PR,GE03,2,57,2017-01-27
PR_G5-1_5_GE03_79_4,81,PR,GE03,1,58,2017-02-15
PR_G5-1_5_GE03_79_4,82,PR,GE03,1,59,2017-03-06
PR_G5-1_5_GE03_79_4,89,PR,GE03,3,62,2017-10-25
PR_G5-1_5_GE03_79_4,90,PR,GE03,3,65,2017-11-22
PR_G5-1_5_GE03_79_4,92,PR,GE03,3,68,2018-01-26
PR_G5-1_5_GE03_79_4,93,PR,GE03,3,71,2018-02-23
PR_G5-1_5_GE03_79_4,103,PR,GE03,1,72,2018-12-19
PR_G5-1_5_GE03_79_4,104,PR,GE03,5,77,2019-01-16
PR_G5-1_5_GE03_79_4,105,PR,GE03,1,78,2019-02-22
PR_G5-1_5_GE03_79_4,106,PR,GE03,2,80,2019-03-22
PR_G5-1_5_GE03_79_4,107,PR,GE03,1,81,2019-04-01
PR_G5-1_5_GE03_79_4,110,PR,GE03,2,83,2019-07-31
PR_G5-1_5_GE03_79_4,111,PR,GE03,1,84,2019-08-28
PR_G5-1_5_GE03_79_4,118,PR,GE03,4,88,2020-03-11
PR_G5-1_5_GE03_79_4,119,PR,GE03,2,90,2020-04-17
PR_G5-1_5_GE03_79_4,120,PR,GE03,1,91,2020-05-06
PR_G5-1_5_GE03_79_4,122,PR,GE03,2,93,2020-07-11
PR_G5-1_5_GE03_79_4,123,PR,GE03,1,94,2020-08-13
PR_G5-1_5_GE03_79_4,124,PR,GE03,1,95,2020-09-05
PR_G5-1_5_GE03_79_4,130,PR,GE03,3,99,2021-03-22
PR_G5-1_5_GE03_79_4,131,PR,GE03,3,101,2021-04-26
PR_G5-1_5_GE03_79_4,136,PR,GE03,1,102,2021-09-27
PR_G5-1_5_GE03_79_4,137,PR,GE03,1,103,2021-10-20
PR_G5-1_5_GE03_79_4,138,PR,GE03,1,104,2021-11-24
PR_G5-1_5_GE03_79_4,141,PR,GE03,1,105,2022-02-28
PR_G5-1_5_GE03_79_4,142,PR,GE03,1,106,2022-03-11
PR_G5-1_5_GE03_79_4,143,PR,GE03,5,111,2022-04-27
PR_G5-1_5_GE03_79_4,153,PR,GE03,1,112,2023-02-28
PR_G5-1_5_GE03_79_4,154,PR,GE03,1,113,2023-03-24
PR_G5-1_5_GE03_79_4,156,PR,GE03,2,115,2023-05-10
PR_G5-1_5_GE03_79_4,163,PR,GE03,2,117,2023-12-30
PR_G5-1_5_GE03_79_4,165,PR,GE03,2,119,2024-02-27
PR_G5-1_5_GE03_79_4,167,PR,GE03,2,121,2024-04-26
PR_G5-1_5_GE03_79_4,168,PR,GE03,1,122,2024-05-09
PR_G5-1_5_GE03_79_5,35,PR,GE03,0,0,2013-04-10
PR_G5-1_5_GE03_79_5,41,PR,GE03,0,0,2013-10-21
PR_G5-1_5_GE03_79_5,42,PR,GE03,0,0,2013-11-26
PR_G5-1_5_GE03_79_5,43,PR,GE03,0,0,2013-12-17
PR_G5-1_5_GE03_79_5,44,PR,GE03,0,0,2014-01-24
PR_G5-1_5_GE03_79_5,45,PR,GE03,3,3,2014-02-26
PR_G5-1_5_GE03_79_5,46,PR,GE03,4,7,2014-03-28
PR_G5-1_5_GE03_79_5,47,PR,GE03,1,8,2014-04-16
PR_G5-1_5_GE03_79_5,48,PR,GE03,2,10,2014-05-23
PR_G5-1_5_GE03_79_5,49,PR,GE03,4,14,2014-06-30
PR_G5-1_5_GE03_79_5,50,PR,GE03,2,16,2014-07-28
PR_G5-1_5_GE03_79_5,51,PR,GE03,1,17,2014-08-25
PR_G5-1_5_GE03_79_5,52,PR,GE03,2,19,2014-09-22
PR_G5-1_5_GE03_79_5,53,PR,GE03,3,22,2014-10-29
PR_G5-1_5_GE03_79_5,54,PR,GE03,1,23,2014-11-17
PR_G5-1_5_GE03_79_5,55,PR,GE03,3,26,2014-12-15
PR_G5-1_5_GE03_79_5,56,PR,GE03,3,29,2015-01-30
PR_G5-1_5_GE03_79_5,57,PR,GE03,4,33,2015-02-18
PR_G5-1_5_GE03_79_5,58,PR,GE03,3,36,2015-03-27
PR_G5-1_5_GE03_79_5,59,PR,GE03,2,38,2015-04-15
PR_G5-1_5_GE03_79_5,60,PR,GE03,3,41,2015-05-22
PR_G5-1_5_GE03_79_5,61,PR,GE03,3,44,2015-06-29
PR_G5-1_5_GE03_79_5,62,PR,GE03,1,45,2015-07-17
PR_G5-1_5_GE03_79_5,63,PR,GE03,2,47,2015-08-14
PR_G5-1_5_GE03_79_5,64,PR,GE03,2,49,2015-09-30
PR_G5-1_5_GE03_79_5,71,PR,GE03,3,57,2016-04-13
PR_G5-1_5_GE03_79_5,69,PR,GE03,2,52,2016-02-17
PR_G5-1_5_GE03_79_5,70,PR,GE03,3,56,2016-03-25
PR_G5-1_5_GE03_79_5,72,PR,GE03,2,59,2016-05-20
PR_G5-1_5_GE03_79_5,73,PR,GE03,3,62,2016-06-27
PR_G5-1_5_GE03_79_5,74,PR,GE03,2,64,2016-07-25
PR_G5-1_5_GE03_79_5,75,PR,GE03,2,66,2016-08-22
PR_G5-1_5_GE03_79_5,76,PR,GE03,1,67,2016-09-19
PR_G5-1_5_GE03_79_5,83,PR,GE03,1,68,2017-04-03
PR_G5-1_5_GE03_79_5,85,PR,GE03,2,70,2017-06-26
PR_G5-1_5_GE03_79_5,86,PR,GE03,2,72,2017-07-14
PR_G5-1_5_GE03_79_5,87,PR,GE03,3,75,2017-08-30
PR_G5-1_5_GE03_79_5,88,PR,GE03,2,77,2017-09-27
PR_G5-1_5_GE03_79_5,89,PR,GE03,2,79,2017-10-25
PR_G5-1_5_GE03_79_5,90,PR,GE03,1,80,2017-11-22
PR_G5-1_5_GE03_79_5,91,PR,GE03,1,81,2017-12-01
PR_G5-1_5_GE03_79_5,92,PR,GE03,2,83,2018-01-08
PR_G5-1_5_GE03_79_5,93,PR,GE03,1,84,2018-02-05
PR_G5-1_5_GE03_79_5,98,PR,GE03,2,86,2018-07-23
PR_G5-1_5_GE03_79_5,99,PR,GE03,3,89,2018-08-29
PR_G5-1_5_GE03_79_5,100,PR,GE03,2,91,2018-09-26
PR_G5-1_5_GE03_79_5,101,PR,GE03,2,93,2018-10-24
PR_G5-1_5_GE03_79_5,102,PR,GE03,1,94,2018-11-12
PR_G5-1_5_GE03_79_5,103,PR,GE03,2,96,2018-12-28
PR_G5-1_5_GE03_79_5,104,PR,GE03,2,98,2019-01-25
PR_G5-1_5_GE03_79_5,105,PR,GE03,1,99,2019-02-04
PR_G5-1_5_GE03_79_5,106,PR,GE03,2,101,2019-03-22
PR_G5-1_5_GE03_79_5,112,PR,GE03,2,103,2019-09-25
PR_G5-1_5_GE03_79_5,113,PR,GE03,2,105,2019-10-23
PR_G5-1_5_GE03_79_5,114,PR,GE03,2,107,2019-11-01
PR_G5-1_5_GE03_79_5,115,PR,GE03,2,109,2019-12-27
PR_G5-1_5_GE03_79_5,116,PR,GE03,2,111,2020-01-24
PR_G5-1_5_GE03_79_5,118,PR,GE03,3,114,2020-03-30
PR_G5-1_5_GE03_79_5,119,PR,GE03,2,116,2020-04-17
PR_G5-1_5_GE03_79_5,120,PR,GE03,1,117,2020-05-06
PR_G5-1_5_GE03_79_5,130,PR,GE03,1,118,2021-03-10
PR_G5-1_5_GE03_79_5,131,PR,GE03,1,119,2021-04-02
PR_G5-1_5_GE03_79_5,133,PR,GE03,2,121,2021-06-23
PR_G5-1_5_GE03_79_5,134,PR,GE03,2,123,2021-07-30
PR_G5-1_5_GE03_79_5,135,PR,GE03,1,124,2021-08-23
PR_G5-1_5_GE03_79_5,138,PR,GE03,2,126,2021-11-24
PR_G5-1_5_GE03_79_5,139,PR,GE03,1,127,2021-12-17
PR_G5-1_5_GE03_79_5,141,PR,GE03,4,131,2022-02-28
PR_G5-1_5_GE03_79_5,142,PR,GE03,1,132,2022-03-11
PR_G5-1_5_GE03_79_5,143,PR,GE03,1,133,2022-04-04
PR_G5-1_5_GE03_79_5,146,PR,GE03,4,137,2022-07-29
PR_G5-1_5_GE03_79_5,153,PR,GE03,1,138,2023-02-28
PR_G5-1_5_GE03_79_5,154,PR,GE03,4,142,2023-03-24
PR_G5-1_5_GE03_79_5,155,PR,GE03,2,144,2023-04-28
PR_G5-1_5_GE03_79_5,156,PR,GE03,2,146,2023-05-22
PR_G5-1_5_GE03_79_5,157,PR,GE03,2,148,2023-06-26
PR_G5-1_5_GE03_79_5,158,PR,GE03,1,149,2023-07-08
PR_G5-1_5_GE03_79_5,159,PR,GE03,1,150,2023-08-12
PR_G5-1_5_GE03_79_5,160,PR,GE03,2,152,2023-09-28
PR_G5-1_5_GE03_79_5,167,PR,GE03,1,153,2024-04-29
PR_G5-1_5_GE03_79_5,168,PR,GE03,3,156,2024-05-28
PR_G5-1_1_GE12_9_5,34,PR,GE12,0,0,2013-03-29
PR_G5-1_1_GE12_9_5,35,PR,GE12,0,0,2013-04-10
PR_G5-1_1_GE12_9_5,36,PR,GE12,0,0,2013-05-30
PR_G5-1_1_GE12_9_5,37,PR,GE12,0,0,2013-06-19
PR_G5-1_1_GE12_9_5,38,PR,GE12,0,0,2013-07-03
PR_G5-1_1_GE12_9_5,39,PR,GE12,0,0,2013-08-20
PR_G5-1_1_GE12_9_5,40,PR,GE12,0,0,2013-09-19
PR_G5-1_1_GE12_9_5,41,PR,GE12,0,0,2013-10-21
PR_G5-1_1_GE12_9_5,42,PR,GE12,0,0,2013-11-07
PR_G5-1_1_GE12_9_5,43,PR,GE12,0,0,2013-12-06
PR_G5-1_1_GE12_9_5,44,PR,GE12,0,0,2014-01-14
PR_G5-1_1_GE12_9_5,45,PR,GE12,5,5,2014-02-22
PR_G5-1_1_GE12_9_5,46,PR,GE12,3,8,2014-03-31
PR_G5-1_1_GE12_9_5,47,PR,GE12,2,10,2014-04-28
PR_G5-1_1_GE12_9_5,48,PR,GE12,2,12,2014-05-26
PR_G5-1_1_GE12_9_5,49,PR,GE12,3,15,2014-06-13
PR_G5-1_1_GE12_9_5,50,PR,GE12,2,17,2014-07-21
PR_G5-1_1_GE12_9_5,51,PR,GE12,2,19,2014-08-18
PR_G5-1_1_GE12_9_5,58,PR,GE12,1,20,2015-03-30
PR_G5-1_1_GE12_9_5,59,PR,GE12,3,23,2015-04-17
PR_G5-1_1_GE12_9_5,60,PR,GE12,4,27,2015-05-25
PR_G5-1_1_GE12_9_5,61,PR,GE12,3,30,2015-06-22
PR_G5-1_1_GE12_9_5,62,PR,GE12,2,32,2015-07-29
PR_G5-1_1_GE12_9_5,64,PR,GE12,3,35,2015-09-23
PR_G5-1_1_GE12_9_5,65,PR,GE12,2,37,2015-10-30
PR_G5-1_1_GE12_9_5,66,PR,GE12,1,38,2015-11-27
PR_G5-1_1_GE12_9_5,67,PR,GE12,1,39,2015-12-26
PR_G5-1_1_GE12_9_5,71,PR,GE12,2,41,2016-04-25
PR_G5-1_1_GE12_9_5,72,PR,GE12,5,46,2016-05-23
PR_G5-1_1_GE12_9_5,73,PR,GE12,3,49,2016-06-29
PR_G5-1_1_GE12_9_5,74,PR,GE12,1,50,2016-07-18
PR_G5-1_1_GE12_9_5,75,PR,GE12,3,53,2016-08-24
PR_G5-1_1_GE12_9_5,76,PR,GE12,2,55,2016-09-21
PR_G5-1_1_GE12_9_5,77,PR,GE12,2,57,2016-10-19
PR_G5-1_1_GE12_9_5,78,PR,GE12,2,59,2016-11-25
PR_G5-1_1_GE12_9_5,79,PR,GE12,1,60,2016-12-05
PR_G5-1_1_GE12_9_5,87,PR,GE12,1,61,2017-08-23
PR_G5-1_1_GE12_9_5,88,PR,GE12,1,62,2017-09-11
PR_G5-1_1_GE12_9_5,89,PR,GE12,1,63,2017-10-18
PR_G5-1_1_GE12_9_5,90,PR,GE12,3,66,2017-11-24
PR_G5-1_1_GE12_9_5,91,PR,GE12,1,67,2017-12-13
PR_G5-1_1_GE12_9_5,92,PR,GE12,2,69,2018-01-19
PR_G5-1_1_GE12_9_5,97,PR,GE12,1,70,2018-06-27
PR_G5-1_1_GE12_9_5,98,PR,GE12,2,72,2018-07-25
PR_G5-1_1_GE12_9_5,99,PR,GE12,2,74,2018-08-31
PR_G5-1_1_GE12_9_5,100,PR,GE12,2,76,2018-09-28
PR_G5-1_1_GE12_9_5,101,PR,GE12,1,77,2018-10-26
PR_G5-1_1_GE12_9_5,102,PR,GE12,1,78,2018-11-14
PR_G5-1_1_GE12_9_5,103,PR,GE12,2,80,2018-12-12
PR_G5-1_1_GE12_9_5,104,PR,GE12,1,81,2019-01-18
PR_G5-1_1_GE12_9_5,105,PR,GE12,1,82,2019-02-06
PR_G5-1_1_GE12_9_5,106,PR,GE12,1,83,2019-03-06
PR_G5-1_1_GE12_9_5,113,PR,GE12,7,90,2019-10-25
PR_G5-1_1_GE12_9_5,115,PR,GE12,2,92,2019-12-30
PR_G5-1_1_GE12_9_5,120,PR,GE12,1,93,2020-05-08
PR_G5-1_1_GE12_9_5,121,PR,GE12,1,94,2020-06-05
PR_G5-1_1_GE12_9_5,124,PR,GE12,1,95,2020-09-23
PR_G5-1_1_GE12_9_5,125,PR,GE12,1,96,2020-10-05
PR_G5-1_1_GE12_9_5,130,PR,GE12,1,97,2021-03-26
PR_G5-1_1_GE12_9_5,133,PR,GE12,1,98,2021-06-28
PR_G5-1_1_GE12_9_5,134,PR,GE12,1,99,2021-07-10
PR_G5-1_1_GE12_9_5,135,PR,GE12,2,101,2021-08-16
PR_G5-1_1_GE12_9_5,136,PR,GE12,1,102,2021-09-08
PR_G5-1_1_GE12_9_5,137,PR,GE12,1,103,2021-10-01
PR_G5-1_1_GE12_9_5,140,PR,GE12,1,104,2022-01-28
PR_G5-1_1_GE12_9_5,143,PR,GE12,2,106,2022-04-20
PR_G5-1_1_GE12_9_5,149,PR,GE12,1,107,2022-10-12
PR_G5-1_1_GE12_9_5,154,PR,GE12,1,108,2023-03-29
PR_G5-1_1_GE12_9_5,157,PR,GE12,1,109,2023-06-30
PR_G5-1_1_GE12_9_5,159,PR,GE12,2,111,2023-08-17
PR_G5-1_1_GE12_9_5,160,PR,GE12,1,112,2023-09-21
PR_G5-1_1_GE12_9_5,161,PR,GE12,1,113,2023-10-14
PR_G5-1_1_GE12_9_5,162,PR,GE12,3,116,2023-11-30
PR_G5-1_1_GE12_9_5,163,PR,GE12,1,117,2023-12-18
PR_G5-1_1_GE12_9_5,164,PR,GE12,1,118,2024-01-10
SMSE_B22_4_GE12_100_30,39,SMSE,GE12,0,0,2014-04-16
SMSE_B22_4_GE12_100_30,40,SMSE,GE12,1,1,2014-05-09
SMSE_B22_4_GE12_100_30,41,SMSE,GE12,1,2,2014-06-30
SMSE_B22_4_GE12_100_30,42,SMSE,GE12,1,3,2014-07-17
SMSE_B22_4_GE12_100_30,43,SMSE,GE12,1,4,2014-08-26
SMSE_B22_4_GE12_100_30,44,SMSE,GE12,1,5,2014-09-22
SMSE_B22_4_GE12_100_30,45,SMSE,GE12,1,6,2014-10-21
SMSE_B22_4_GE12_100_30,46,SMSE,GE12,1,7,2014-11-28
SMSE_B22_4_GE12_100_30,47,SMSE,GE12,0,7,2014-12-04
SMSE_B22_4_GE12_100_30,48,SMSE,GE12,3,10,2015-01-22
SMSE_B22_4_GE12_100_30,49,SMSE,GE12,1,11,2015-02-05
SMSE_B22_4_GE12_100_30,50,SMSE,GE12,2,13,2015-03-12
SMSE_B22_4_GE12_100_30,51,SMSE,GE12,2,15,2015-04-02
SMSE_B22_4_GE12_100_30,52,SMSE,GE12,1,16,2015-05-07
SMSE_B22_4_GE12_100_30,55,SMSE,GE12,1,17,2015-08-22
SMSE_B22_4_GE12_100_30,56,SMSE,GE12,4,21,2015-09-29
SMSE_B22_4_GE12_100_30,57,SMSE,GE12,4,25,2015-10-17
SMSE_B22_4_GE12_100_30,58,SMSE,GE12,4,29,2015-11-19
SMSE_B22_4_GE12_100_30,59,SMSE,GE12,4,33,2015-12-23
SMSE_B22_4_GE12_100_30,60,SMSE,GE12,2,35,2016-01-20
SMSE_B22_4_GE12_100_30,61,SMSE,GE12,1,36,2016-02-17
SMSE_B22_4_GE12_100_30,69,SMSE,GE12,6,42,2016-10-27
SMSE_B22_4_GE12_100_30,70,SMSE,GE12,2,44,2016-11-10
SMSE_B22_4_GE12_100_30,71,SMSE,GE12,2,46,2016-12-01
SMSE_B22_4_GE12_100_30,76,SMSE,GE12,2,48,2017-05-27
SMSE_B22_4_GE12_100_30,77,SMSE,GE12,2,50,2017-06-22
SMSE_B22_4_GE12_100_30,78,SMSE,GE12,3,53,2017-07-20
SMSE_B22_4_GE12_100_30,79,SMSE,GE12,1,54,2017-08-10
SMSE_B22_4_GE12_100_30,80,SMSE,GE12,4,58,2017-09-28
SMSE_B22_4_GE12_100_30,81,SMSE,GE12,1,59,2017-10-04
SMSE_B22_4_GE12_100_30,88,SMSE,GE12,1,60,2018-05-17
SMSE_B22_4_GE12_100_30,89,SMSE,GE12,5,65,2018-06-29
SMSE_B22_4_GE12_100_30,90,SMSE,GE12,4,69,2018-07-26
SMSE_B22_4_GE12_100_30,91,SMSE,GE12,2,71,2018-08-30
SMSE_B22_4_GE12_100_30,92,SMSE,GE12,3,74,2018-09-28
SMSE_B22_4_GE12_100_30,93,SMSE,GE12,3,77,2018-10-26
SMSE_B22_4_GE12_100_30,94,SMSE,GE12,1,78,2018-11-09
SMSE_B22_4_GE12_100_30,95,SMSE,GE12,2,80,2018-12-14
SMSE_B22_4_GE12_100_30,96,SMSE,GE12,2,82,2019-01-11
SMSE_B22_4_GE12_100_30,97,SMSE,GE12,1,83,2019-02-09
SMSE_B22_4_GE12_100_30,98,SMSE,GE12,1,84,2019-03-08
SMSE_B22_4_GE12_100_30,100,SMSE,GE12,1,85,2019-05-09
SMSE_B22_4_GE12_100_30,105,SMSE,GE12,2,88,2019-10-03
SMSE_B22_4_GE12_100_30,104,SMSE,GE12,1,87,2019-09-19
SMSE_B22_4_GE12_100_30,108,SMSE,GE12,1,89,2020-01-23
SMSE_B22_4_GE12_100_30,109,SMSE,GE12,1,90,2020-02-13
SMSE_B22_4_GE12_100_30,111,SMSE,GE12,2,92,2020-04-16
SMSE_B22_4_GE12_100_30,112,SMSE,GE12,2,94,2020-05-29
SMSE_B22_4_GE12_100_30,113,SMSE,GE12,1,95,2020-06-11
SMSE_B22_4_GE12_100_30,114,SMSE,GE12,2,97,2020-07-15
SMSE_B22_4_GE12_100_30,115,SMSE,GE12,1,98,2020-08-05
SMSE_B22_4_GE12_100_30,116,SMSE,GE12,2,100,2020-09-10
SMSE_B22_4_GE12_100_30,117,SMSE,GE12,1,101,2020-10-15
SMSE_B22_4_GE12_100_30,123,SMSE,GE12,1,102,2021-04-15
SMSE_B22_4_GE12_100_30,124,SMSE,GE12,3,105,2021-05-20
SMSE_B22_4_GE12_100_30,125,SMSE,GE12,2,107,2021-06-17
SMSE_B22_4_GE12_100_30,126,SMSE,GE12,2,109,2021-07-23
SMSE_B22_4_GE12_100_30,127,SMSE,GE12,2,111,2021-08-20
SMSE_B22_4_GE12_100_30,128,SMSE,GE12,2,113,2021-09-16
SMSE_B22_4_GE12_100_30,129,SMSE,GE12,1,114,2021-10-14
SMSE_B22_4_GE12_100_30,138,SMSE,GE12,3,117,2022-07-21
SMSE_B22_4_GE12_100_30,139,SMSE,GE12,4,121,2022-08-25
SMSE_B22_4_GE12_100_30,140,SMSE,GE12,3,124,2022-09-29
SMSE_B22_4_GE12_100_30,141,SMSE,GE12,2,126,2022-10-27
SMSE_B22_4_GE12_100_30,142,SMSE,GE12,1,127,2022-11-10
SMSE_B22_4_GE12_100_30,143,SMSE,GE12,1,128,2022-12-01
SMSE_B22_4_GE12_100_30,144,SMSE,GE12,3,131,2023-01-26
SMSE_B22_4_GE12_100_30,145,SMSE,GE12,1,132,2023-02-16
SMSE_B22_4_GE12_100_30,146,SMSE,GE12,2,134,2023-03-24
SMSE_B22_4_GE12_100_30,147,SMSE,GE12,1,135,2023-04-19
SMSE_B22_4_GE12_100_30,148,SMSE,GE12,1,136,2023-05-05
SMSE_B22_4_GE12_100_30,149,SMSE,GE12,1,137,2023-06-20
SMSE_B22_4_GE12_101_28,39,SMSE,GE12,0,0,2014-04-01
SMSE_B22_4_GE12_101_28,41,SMSE,GE12,1,1,2014-06-30
SMSE_B22_4_GE12_101_28,43,SMSE,GE12,1,2,2014-08-29
SMSE_B22_4_GE12_101_28,44,SMSE,GE12,1,3,2014-09-23
SMSE_B22_4_GE12_101_28,45,SMSE,GE12,1,4,2014-10-21
SMSE_B22_4_GE12_101_28,46,SMSE,GE12,1,5,2014-11-06
SMSE_B22_4_GE12_101_28,48,SMSE,GE12,4,9,2015-01-22
SMSE_B22_4_GE12_101_28,47,SMSE,GE12,0,6,2014-12-26
SMSE_B22_4_GE12_101_28,49,SMSE,GE12,1,10,2015-02-05
SMSE_B22_4_GE12_101_28,50,SMSE,GE12,1,11,2015-03-12
SMSE_B22_4_GE12_101_28,55,SMSE,GE12,1,12,2015-08-22
SMSE_B22_4_GE12_101_28,56,SMSE,GE12,1,13,2015-09-10
SMSE_B22_4_GE12_101_28,57,SMSE,GE12,4,17,2015-10-17
SMSE_B22_4_GE12_101_28,58,SMSE,GE12,3,20,2015-11-19
SMSE_B22_4_GE12_101_28,59,SMSE,GE12,3,23,2015-12-23
SMSE_B22_4_GE12_101_28,60,SMSE,GE12,2,25,2016-01-20
SMSE_B22_4_GE12_101_28,69,SMSE,GE12,3,29,2016-10-27
SMSE_B22_4_GE12_101_28,70,SMSE,GE12,1,28,2016-11-10
SMSE_B22_4_GE12_101_28,71,SMSE,GE12,3,32,2016-12-01
SMSE_B22_4_GE12_101_28,76,SMSE,GE12,1,33,2017-05-18
SMSE_B22_4_GE12_101_28,77,SMSE,GE12,2,35,2017-06-22
SMSE_B22_4_GE12_101_28,78,SMSE,GE12,2,37,2017-07-13
SMSE_B22_4_GE12_101_28,79,SMSE,GE12,1,38,2017-08-10
SMSE_B22_4_GE12_101_28,80,SMSE,GE12,1,39,2017-09-07
SMSE_B22_4_GE12_101_28,88,SMSE,GE12,4,43,2018-05-17
SMSE_B22_4_GE12_101_28,89,SMSE,GE12,7,50,2018-06-29
SMSE_B22_4_GE12_101_28,90,SMSE,GE12,2,52,2018-07-26
SMSE_B22_4_GE12_101_28,91,SMSE,GE12,3,55,2018-08-30
SMSE_B22_4_GE12_101_28,92,SMSE,GE12,2,57,2018-09-20
SMSE_B22_4_GE12_101_28,93,SMSE,GE12,2,59,2018-10-26
SMSE_B22_4_GE12_101_28,104,SMSE,GE12,3,63,2019-09-19
SMSE_B22_4_GE12_101_28,105,SMSE,GE12,1,61,2019-10-10
SMSE_B22_4_GE12_101_28,107,SMSE,GE12,1,64,2019-12-27
SMSE_B22_4_GE12_101_28,108,SMSE,GE12,1,65,2020-01-23
SMSE_B22_4_GE12_101_28,109,SMSE,GE12,2,67,2020-02-27
SMSE_B22_4_GE12_101_28,110,SMSE,GE12,1,68,2020-03-19
SMSE_B22_4_GE12_101_28,111,SMSE,GE12,1,69,2020-04-09
SMSE_B22_4_GE12_101_28,112,SMSE,GE12,2,71,2020-05-29
SMSE_B22_4_GE12_101_28,121,SMSE,GE12,1,72,2021-02-18
SMSE_B22_4_GE12_101_28,122,SMSE,GE12,3,75,2021-03-24
SMSE_B22_4_GE12_101_28,123,SMSE,GE12,1,76,2021-04-22
SMSE_B22_4_GE12_101_28,124,SMSE,GE12,2,78,2021-05-20
SMSE_B22_4_GE12_101_28,125,SMSE,GE12,2,80,2021-06-17
SMSE_B22_4_GE12_101_28,126,SMSE,GE12,2,82,2021-07-15
SMSE_B22_4_GE12_101_28,138,SMSE,GE12,3,85,2022-07-28
SMSE_B22_4_GE12_101_28,139,SMSE,GE12,2,87,2022-08-25
SMSE_B22_4_GE12_101_28,140,SMSE,GE12,2,89,2022-09-22
SMSE_B22_4_GE12_101_28,141,SMSE,GE12,1,90,2022-10-13
SMSE_B22_4_GE12_101_28,144,SMSE,GE12,1,91,2023-01-12
SMSE_B22_4_GE12_101_28,145,SMSE,GE12,1,92,2023-02-16
SMSE_B22_4_GE12_101_28,146,SMSE,GE12,2,94,2023-03-24
SMSE_B22_4_GE12_101_28,147,SMSE,GE12,1,95,2023-04-28
SMSE_B22_4_GE12_101_29,41,SMSE,GE12,1,1,2014-06-14
SMSE_B22_4_GE12_101_29,42,SMSE,GE12,1,2,2014-07-17
SMSE_B22_4_GE12_101_29,43,SMSE,GE12,1,3,2014-08-29
SMSE_B22_4_GE12_101_29,44,SMSE,GE12,1,4,2014-09-30
SMSE_B22_4_GE12_101_29,45,SMSE,GE12,1,5,2014-10-21
SMSE_B22_4_GE12_101_29,46,SMSE,GE12,1,6,2014-11-06
SMSE_B22_4_GE12_101_29,47,SMSE,GE12,0,6,2014-12-26
SMSE_B22_4_GE12_101_29,48,SMSE,GE12,2,8,2015-01-22
SMSE_B22_4_GE12_101_29,49,SMSE,GE12,1,9,2015-02-05
SMSE_B22_4_GE12_101_29,50,SMSE,GE12,3,12,2015-03-12
SMSE_B22_4_GE12_101_29,55,SMSE,GE12,1,13,2015-08-22
SMSE_B22_4_GE12_101_29,56,SMSE,GE12,2,15,2015-09-29
SMSE_B22_4_GE12_101_29,57,SMSE,GE12,5,20,2015-10-17
SMSE_B22_4_GE12_101_29,58,SMSE,GE12,6,26,2015-11-19
SMSE_B22_4_GE12_101_29,59,SMSE,GE12,4,30,2015-12-23
SMSE_B22_4_GE12_101_29,60,SMSE,GE12,1,31,2016-01-20
SMSE_B22_4_GE12_101_29,61,SMSE,GE12,2,33,2016-02-17
SMSE_B22_4_GE12_101_29,69,SMSE,GE12,7,40,2016-10-27
SMSE_B22_4_GE12_101_29,74,SMSE,GE12,2,42,2017-03-23
SMSE_B22_4_GE12_101_29,75,SMSE,GE12,2,44,2017-04-27
SMSE_B22_4_GE12_101_29,76,SMSE,GE12,2,46,2017-05-18
SMSE_B22_4_GE12_101_29,77,SMSE,GE12,2,48,2017-06-22
SMSE_B22_4_GE12_101_29,78,SMSE,GE12,2,50,2017-07-20
SMSE_B22_4_GE12_101_29,84,SMSE,GE12,1,51,2018-01-25
SMSE_B22_4_GE12_101_29,85,SMSE,GE12,1,52,2018-02-14
SMSE_B22_4_GE12_101_29,86,SMSE,GE12,3,55,2018-03-29
SMSE_B22_4_GE12_101_29,87,SMSE,GE12,2,57,2018-04-12
SMSE_B22_4_GE12_101_29,88,SMSE,GE12,3,60,2018-05-24
SMSE_B22_4_GE12_101_29,89,SMSE,GE12,3,63,2018-06-21
SMSE_B22_4_GE12_101_29,90,SMSE,GE12,2,65,2018-07-26
SMSE_B22_4_GE12_101_29,91,SMSE,GE12,1,66,2018-08-09
SMSE_B22_4_GE12_101_29,92,SMSE,GE12,2,68,2018-09-06
SMSE_B22_4_GE12_101_29,99,SMSE,GE12,3,72,2019-04-20
SMSE_B22_4_GE12_101_29,98,SMSE,GE12,1,71,2019-03-28
SMSE_B22_4_GE12_101_29,101,SMSE,GE12,1,73,2019-06-27
SMSE_B22_4_GE12_101_29,102,SMSE,GE12,1,74,2019-07-04
SMSE_B22_4_GE12_101_29,103,SMSE,GE12,3,77,2019-08-29
SMSE_B22_4_GE12_101_29,104,SMSE,GE12,2,79,2019-09-19
SMSE_B22_4_GE12_101_29,105,SMSE,GE12,2,81,2019-10-17
SMSE_B22_4_GE12_101_29,106,SMSE,GE12,2,83,2019-11-21
SMSE_B22_4_GE12_101_29,108,SMSE,GE12,1,84,2020-01-09
SMSE_B22_4_GE12_101_29,109,SMSE,GE12,1,85,2020-02-06
SMSE_B22_4_GE12_101_29,110,SMSE,GE12,1,86,2020-03-19
SMSE_B22_4_GE12_101_29,111,SMSE,GE12,1,87,2020-04-23
SMSE_B22_4_GE12_101_29,118,SMSE,GE12,1,88,2020-11-26
SMSE_B22_4_GE12_101_29,119,SMSE,GE12,1,89,2020-12-11
SMSE_B22_4_GE12_101_29,120,SMSE,GE12,2,91,2021-01-21
SMSE_B22_4_GE12_101_29,121,SMSE,GE12,2,93,2021-02-18
SMSE_B22_4_GE12_101_29,122,SMSE,GE12,2,95,2021-03-24
SMSE_B22_4_GE12_101_29,123,SMSE,GE12,1,96,2021-04-22
SMSE_B22_4_GE12_101_29,124,SMSE,GE12,2,98,2021-05-20
SMSE_B22_4_GE12_101_29,125,SMSE,GE12,1,99,2021-06-11
SMSE_B22_4_GE12_101_29,132,SMSE,GE12,1,100,2022-01-20
SMSE_B22_4_GE12_101_29,135,SMSE,GE12,1,101,2022-04-21
SMSE_B22_4_GE12_101_29,136,SMSE,GE12,2,104,2022-05-26
SMSE_B22_4_GE12_101_29,137,SMSE,GE12,2,105,2022-06-06
SMSE_B22_4_GE12_101_29,138,SMSE,GE12,3,108,2022-07-21
SMSE_B22_4_GE12_101_29,139,SMSE,GE12,2,110,2022-08-11
SMSE_B22_4_GE12_101_29,142,SMSE,GE12,2,112,2022-11-24
SMSE_B22_4_GE12_101_29,143,SMSE,GE12,1,113,2022-12-01
SMSE_B22_4_GE12_101_29,144,SMSE,GE12,1,114,2023-01-05
SMSE_B22_4_GE12_101_29,145,SMSE,GE12,2,116,2023-02-16
SMSE_B22_4_GE12_101_29,149,SMSE,GE12,4,124,2023-06-30
SMSE_B22_4_GE12_101_29,147,SMSE,GE12,2,119,2023-04-28
SMSE_B22_4_GE12_101_29,148,SMSE,GE12,1,120,2023-05-05
SMSE_B22_4_GE12_101_29,150,SMSE,GE12,2,125,2023-07-27
SMSE_B22_4_GE12_101_29,151,SMSE,GE12,1,126,2023-08-04
SMSE_B22_4_GE12_101_29,152,SMSE,GE12,1,127,2023-09-07
SMSE_B22_4_GE06_106_10,39,SMSE,GE06,0,0,2014-04-08
SMSE_B22_4_GE06_106_10,42,SMSE,GE06,1,1,2014-07-19
SMSE_B22_4_GE06_106_10,43,SMSE,GE06,1,2,2014-08-29
SMSE_B22_4_GE06_106_10,44,SMSE,GE06,1,3,2014-09-16
SMSE_B22_4_GE06_106_10,45,SMSE,GE06,1,4,2014-10-23
SMSE_B22_4_GE06_106_10,46,SMSE,GE06,1,5,2014-11-20
SMSE_B22_4_GE06_106_10,47,SMSE,GE06,0,5,2014-12-26
SMSE_B22_4_GE06_106_10,48,SMSE,GE06,2,7,2015-01-15
SMSE_B22_4_GE06_106_10,49,SMSE,GE06,2,9,2015-02-12
SMSE_B22_4_GE06_106_10,50,SMSE,GE06,3,12,2015-03-26
SMSE_B22_4_GE06_106_10,51,SMSE,GE06,1,13,2015-04-02
SMSE_B22_4_GE06_106_10,52,SMSE,GE06,1,14,2015-05-07
SMSE_B22_4_GE06_106_10,53,SMSE,GE06,1,15,2015-06-05
SMSE_B22_4_GE06_106_10,54,SMSE,GE06,1,16,2015-07-02
SMSE_B22_4_GE06_106_10,55,SMSE,GE06,6,22,2015-08-29
SMSE_B22_4_GE06_106_10,56,SMSE,GE06,4,26,2015-09-30
SMSE_B22_4_GE06_106_10,58,SMSE,GE06,5,31,2015-11-19
SMSE_B22_4_GE06_106_10,59,SMSE,GE06,3,34,2015-12-17
SMSE_B22_4_GE06_106_10,60,SMSE,GE06,1,35,2016-01-14
SMSE_B22_4_GE06_106_10,67,SMSE,GE06,3,38,2016-08-25
SMSE_B22_4_GE06_106_10,68,SMSE,GE06,4,42,2016-09-22
SMSE_B22_4_GE06_106_10,69,SMSE,GE06,4,46,2016-10-27
SMSE_B22_4_GE06_106_10,70,SMSE,GE06,2,48,2016-11-17
SMSE_B22_4_GE06_106_10,71,SMSE,GE06,3,51,2016-12-17
SMSE_B22_4_GE06_106_10,78,SMSE,GE06,3,55,2017-07-13
SMSE_B22_4_GE06_106_10,77,SMSE,GE06,1,53,2017-06-15
SMSE_B22_4_GE06_106_10,79,SMSE,GE06,5,60,2017-08-24
SMSE_B22_4_GE06_106_10,80,SMSE,GE06,2,62,2017-09-28
SMSE_B22_4_GE06_106_10,81,SMSE,GE06,1,63,2017-10-12
SMSE_B22_4_GE06_106_10,89,SMSE,GE06,5,68,2018-06-29
SMSE_B22_4_GE06_106_10,90,SMSE,GE06,3,71,2018-07-26
SMSE_B22_4_GE06_106_10,91,SMSE,GE06,3,74,2018-08-30
SMSE_B22_4_GE06_106_10,92,SMSE,GE06,2,76,2018-09-27
SMSE_B22_4_GE06_106_10,96,SMSE,GE06,1,77,2019-01-17
SMSE_B22_4_GE06_106_10,97,SMSE,GE06,2,79,2019-02-14
SMSE_B22_4_GE06_106_10,101,SMSE,GE06,4,83,2019-06-27
SMSE_B22_4_GE06_106_10,102,SMSE,GE06,3,86,2019-07-20
SMSE_B22_4_GE06_106_10,103,SMSE,GE06,3,89,2019-08-22
SMSE_B22_4_GE06_106_10,104,SMSE,GE06,2,91,2019-09-19
SMSE_B22_4_GE06_106_10,105,SMSE,GE06,1,92,2019-10-10
SMSE_B22_4_GE06_106_10,108,SMSE,GE06,1,93,2020-01-09
SMSE_B22_4_GE06_106_10,109,SMSE,GE06,1,94,2020-02-06
SMSE_B22_4_GE06_106_10,116,SMSE,GE06,5,100,2020-09-10
SMSE_B22_4_GE06_106_10,115,SMSE,GE06,1,97,2020-08-27
SMSE_B22_4_GE06_106_10,117,SMSE,GE06,2,102,2020-10-01
SMSE_B22_4_GE06_106_10,120,SMSE,GE06,1,103,2021-01-28
SMSE_B22_4_GE06_106_10,121,SMSE,GE06,1,104,2021-02-25
SMSE_B22_4_GE06_106_10,122,SMSE,GE06,1,105,2021-03-24
SMSE_B22_4_GE06_106_10,123,SMSE,GE06,1,106,2021-04-22
SMSE_B22_4_GE06_106_10,125,SMSE,GE06,1,107,2021-06-24
SMSE_B22_4_GE06_106_10,126,SMSE,GE06,1,108,2021-07-15
SMSE_B22_4_GE06_106_10,127,SMSE,GE06,2,110,2021-08-27
SMSE_B22_4_GE06_106_10,128,SMSE,GE06,2,112,2021-09-16
SMSE_B22_4_GE06_106_10,129,SMSE,GE06,1,113,2021-10-07
SMSE_B22_4_GE06_106_10,130,SMSE,GE06,1,114,2021-11-04
SMSE_B22_4_GE06_106_10,133,SMSE,GE06,1,115,2022-02-10
SMSE_B22_4_GE06_106_10,134,SMSE,GE06,1,116,2022-03-17
SMSE_B22_4_GE06_106_10,137,SMSE,GE06,1,117,2022-06-25
SMSE_B22_4_GE06_106_10,138,SMSE,GE06,5,122,2022-07-28
SMSE_B22_4_GE06_106_10,139,SMSE,GE06,1,123,2022-08-11
SMSE_B22_4_GE06_106_10,140,SMSE,GE06,2,125,2022-09-01
SMSE_B22_4_GE06_106_10,141,SMSE,GE06,1,126,2022-10-06
SMSE_B22_4_GE06_106_10,142,SMSE,GE06,1,127,2022-11-03
SMSE_B22_4_GE06_106_10,148,SMSE,GE06,1,128,2023-05-19
SMSE_B22_4_GE06_106_10,149,SMSE,GE06,5,133,2023-06-30
SMSE_B22_4_GE06_106_10,150,SMSE,GE06,4,137,2023-07-27
SMSE_B22_4_GE06_106_10,151,SMSE,GE06,1,138,2023-08-24
SMSE_B22_4_GE06_106_10,152,SMSE,GE06,1,139,2023-09-14
SMSE_B22_4_GE06_106_11,60,SMSE,GE06,1,1,2016-01-14
SMSE_B22_4_GE06_106_11,61,SMSE,GE06,1,2,2016-02-12
SMSE_B22_4_GE06_106_11,67,SMSE,GE06,5,7,2016-08-25
SMSE_B22_4_GE06_106_11,68,SMSE,GE06,3,10,2016-09-22
SMSE_B22_4_GE06_106_11,69,SMSE,GE06,3,13,2016-10-27
SMSE_B22_4_GE06_106_11,70,SMSE,GE06,2,15,2016-11-17
SMSE_B22_4_GE06_106_11,71,SMSE,GE06,2,17,2016-12-08
SMSE_B22_4_GE06_106_11,74,SMSE,GE06,2,19,2017-03-23
SMSE_B22_4_GE06_106_11,75,SMSE,GE06,1,20,2017-04-13
SMSE_B22_4_GE06_106_11,76,SMSE,GE06,3,23,2017-05-18
SMSE_B22_4_GE06_106_11,77,SMSE,GE06,3,26,2017-06-22
SMSE_B22_4_GE06_106_11,78,SMSE,GE06,3,29,2017-07-27
SMSE_B22_4_GE06_106_11,79,SMSE,GE06,2,31,2017-08-24
SMSE_B22_4_GE06_106_11,80,SMSE,GE06,1,32,2017-09-14
SMSE_B22_4_GE06_106_11,87,SMSE,GE06,4,38,2018-04-19
SMSE_B22_4_GE06_106_11,86,SMSE,GE06,2,35,2018-03-15
SMSE_B22_4_GE06_106_11,88,SMSE,GE06,3,41,2018-05-17
SMSE_B22_4_GE06_106_11,89,SMSE,GE06,3,44,2018-06-21
SMSE_B22_4_GE06_106_11,90,SMSE,GE06,2,46,2018-07-26
SMSE_B22_4_GE06_106_11,91,SMSE,GE06,3,49,2018-08-24
SMSE_B22_4_GE06_106_11,92,SMSE,GE06,1,50,2018-09-27
SMSE_B22_4_GE06_106_11,93,SMSE,GE06,1,51,2018-10-26
SMSE_B22_4_GE06_106_11,96,SMSE,GE06,3,54,2019-01-31
SMSE_B22_4_GE06_106_11,97,SMSE,GE06,1,55,2019-02-14
SMSE_B22_4_GE06_106_11,98,SMSE,GE06,2,57,2019-03-21
SMSE_B22_4_GE06_106_11,99,SMSE,GE06,2,59,2019-04-25
SMSE_B22_4_GE06_106_11,100,SMSE,GE06,1,60,2019-05-29
SMSE_B22_4_GE06_106_11,101,SMSE,GE06,1,61,2019-06-27
SMSE_B22_4_GE06_106_11,103,SMSE,GE06,2,63,2019-08-29
SMSE_B22_4_GE06_106_11,104,SMSE,GE06,2,65,2019-09-19
SMSE_B22_4_GE06_106_11,105,SMSE,GE06,2,67,2019-10-31
SMSE_B22_4_GE06_106_11,106,SMSE,GE06,2,69,2019-11-21
SMSE_B22_4_GE06_106_11,108,SMSE,GE06,2,71,2020-01-13
SMSE_B22_4_GE06_106_11,109,SMSE,GE06,1,72,2020-02-17
SMSE_B22_4_GE06_106_11,116,SMSE,GE06,2,74,2020-09-17
SMSE_B22_4_GE06_106_11,117,SMSE,GE06,2,76,2020-10-15
SMSE_B22_4_GE06_106_11,118,SMSE,GE06,2,78,2020-11-19
SMSE_B22_4_GE06_106_11,122,SMSE,GE06,1,79,2021-03-24
SMSE_B22_4_GE06_106_11,123,SMSE,GE06,2,81,2021-04-22
SMSE_B22_4_GE06_106_11,126,SMSE,GE06,2,83,2021-07-23
SMSE_B22_4_GE06_106_11,127,SMSE,GE06,3,86,2021-08-27
SMSE_B22_4_GE06_106_11,128,SMSE,GE06,2,88,2021-09-30
SMSE_B22_4_GE06_106_11,129,SMSE,GE06,1,89,2021-10-22
SMSE_B22_4_GE06_106_11,137,SMSE,GE06,5,96,2022-06-25
SMSE_B22_4_GE06_106_11,136,SMSE,GE06,1,91,2022-05-26
SMSE_B22_4_GE06_106_11,138,SMSE,GE06,2,97,2022-07-28
SMSE_B22_4_GE06_106_11,139,SMSE,GE06,2,99,2022-08-19
SMSE_B22_4_GE06_106_11,140,SMSE,GE06,2,101,2022-09-29
SMSE_B22_4_GE06_106_11,141,SMSE,GE06,1,102,2022-10-06
SMSE_B22_4_GE06_106_11,149,SMSE,GE06,3,108,2023-06-15
SMSE_B22_4_GE06_106_11,147,SMSE,GE06,1,104,2023-04-28
SMSE_B22_4_GE06_106_11,148,SMSE,GE06,2,107,2023-05-19
SMSE_B22_4_GE06_106_11,151,SMSE,GE06,1,109,2023-08-24
SMSE_B22_4_GE02_106_19,39,SMSE,GE02,0,0,2014-04-24
SMSE_B22_4_GE02_106_19,40,SMSE,GE02,1,1,2014-05-31
SMSE_B22_4_GE02_106_19,41,SMSE,GE02,1,2,2014-06-09
SMSE_B22_4_GE02_106_19,42,SMSE,GE02,1,3,2014-07-17
SMSE_B22_4_GE02_106_19,43,SMSE,GE02,1,4,2014-08-29
SMSE_B22_4_GE02_106_19,44,SMSE,GE02,0,4,2014-09-22
SMSE_B22_4_GE02_106_19,45,SMSE,GE02,1,5,2014-10-22
SMSE_B22_4_GE02_106_19,46,SMSE,GE02,1,6,2014-11-13
SMSE_B22_4_GE02_106_19,47,SMSE,GE02,0,6,2014-12-21
SMSE_B22_4_GE02_106_19,48,SMSE,GE02,2,8,2015-01-15
SMSE_B22_4_GE02_106_19,49,SMSE,GE02,4,12,2015-02-26
SMSE_B22_4_GE02_106_19,50,SMSE,GE02,1,13,2015-03-12
SMSE_B22_4_GE02_106_19,51,SMSE,GE02,1,14,2015-04-09
SMSE_B22_4_GE02_106_19,52,SMSE,GE02,1,15,2015-05-07
SMSE_B22_4_GE02_106_19,53,SMSE,GE02,2,17,2015-06-05
SMSE_B22_4_GE02_106_19,56,SMSE,GE02,5,24,2015-09-30
SMSE_B22_4_GE02_106_19,55,SMSE,GE02,2,21,2015-08-29
SMSE_B22_4_GE02_106_19,57,SMSE,GE02,1,25,2015-10-17
SMSE_B22_4_GE02_106_19,58,SMSE,GE02,4,29,2015-11-05
SMSE_B22_4_GE02_106_19,59,SMSE,GE02,4,33,2015-12-23
SMSE_B22_4_GE02_106_19,60,SMSE,GE02,1,34,2016-01-14
SMSE_B22_4_GE02_106_19,67,SMSE,GE02,1,35,2016-08-25
SMSE_B22_4_GE02_106_19,68,SMSE,GE02,3,38,2016-09-22
SMSE_B22_4_GE02_106_19,69,SMSE,GE02,5,43,2016-10-13
SMSE_B22_4_GE02_106_19,70,SMSE,GE02,1,44,2016-11-10
SMSE_B22_4_GE02_106_19,71,SMSE,GE02,2,46,2016-12-08
SMSE_B22_4_GE02_106_19,74,SMSE,GE02,1,47,2017-03-30
SMSE_B22_4_GE02_106_19,75,SMSE,GE02,1,48,2017-04-12
SMSE_B22_4_GE02_106_19,76,SMSE,GE02,1,49,2017-05-06
SMSE_B22_4_GE02_106_19,78,SMSE,GE02,3,54,2017-07-20
SMSE_B22_4_GE02_106_19,77,SMSE,GE02,1,51,2017-06-03
SMSE_B22_4_GE02_106_19,79,SMSE,GE02,2,55,2017-08-18
SMSE_B22_4_GE02_106_19,80,SMSE,GE02,3,58,2017-09-23
SMSE_B22_4_GE02_106_19,81,SMSE,GE02,1,59,2017-10-12
SMSE_B22_4_GE02_106_19,83,SMSE,GE02,2,61,2017-12-28
SMSE_B22_4_GE02_106_19,84,SMSE,GE02,3,64,2018-01-18
SMSE_B22_4_GE02_106_19,85,SMSE,GE02,1,65,2018-02-08
SMSE_B22_4_GE02_106_19,86,SMSE,GE02,2,67,2018-03-22
SMSE_B22_4_GE02_106_19,87,SMSE,GE02,1,68,2018-04-19
SMSE_B22_4_GE02_106_19,90,SMSE,GE02,4,72,2018-07-26
SMSE_B22_4_GE02_106_19,91,SMSE,GE02,1,73,2018-08-09
SMSE_B22_4_GE02_106_19,93,SMSE,GE02,1,74,2018-10-26
SMSE_B22_4_GE02_106_19,94,SMSE,GE02,2,76,2018-11-29
SMSE_B22_4_GE02_106_19,95,SMSE,GE02,2,78,2018-12-20
SMSE_B22_4_GE02_106_19,96,SMSE,GE02,2,80,2019-01-11
SMSE_B22_4_GE02_106_19,97,SMSE,GE02,2,82,2019-02-14
SMSE_B22_4_GE02_106_19,98,SMSE,GE02,2,84,2019-03-21
SMSE_B22_4_GE02_106_19,99,SMSE,GE02,1,85,2019-04-05
SMSE_B22_4_GE02_106_19,101,SMSE,GE02,3,88,2019-06-27
SMSE_B22_4_GE02_106_19,102,SMSE,GE02,2,90,2019-07-25
SMSE_B22_4_GE02_106_19,103,SMSE,GE02,3,93,2019-08-22
SMSE_B22_4_GE02_106_19,104,SMSE,GE02,2,95,2019-09-12
SMSE_B22_4_GE02_106_19,105,SMSE,GE02,3,98,2019-10-31
SMSE_B22_4_GE02_106_19,106,SMSE,GE02,1,99,2019-11-14
SMSE_B22_4_GE02_106_19,107,SMSE,GE02,4,103,2019-12-27
SMSE_B22_4_GE02_106_19,108,SMSE,GE02,1,104,2020-01-09
SMSE_B22_4_GE02_106_19,117,SMSE,GE02,4,109,2020-10-22
SMSE_B22_4_GE02_106_19,116,SMSE,GE02,1,107,2020-09-24
SMSE_B22_4_GE02_106_19,121,SMSE,GE02,1,110,2021-02-11
SMSE_B22_4_GE02_106_19,122,SMSE,GE02,1,111,2021-03-04
SMSE_B22_4_GE02_106_19,123,SMSE,GE02,3,114,2021-04-27
SMSE_B22_4_GE02_106_19,124,SMSE,GE02,2,116,2021-05-20
SMSE_B22_4_GE02_106_19,125,SMSE,GE02,2,118,2021-06-17
SMSE_B22_4_GE02_106_19,126,SMSE,GE02,1,119,2021-07-23
SMSE_B22_4_GE02_106_19,127,SMSE,GE02,1,120,2021-08-05
SMSE_B22_4_GE02_106_19,128,SMSE,GE02,1,121,2021-09-16
SMSE_B22_4_GE02_106_19,131,SMSE,GE02,1,122,2021-12-02
SMSE_B22_4_GE02_106_19,135,SMSE,GE02,4,131,2022-04-28
SMSE_B22_4_GE02_106_19,134,SMSE,GE02,3,126,2022-03-24
SMSE_B22_4_GE02_106_19,136,SMSE,GE02,3,133,2022-05-26
SMSE_B22_4_GE02_106_19,137,SMSE,GE02,2,134,2022-06-18
SMSE_B22_4_GE02_106_19,138,SMSE,GE02,1,135,2022-07-14
SMSE_B22_4_GE02_106_19,140,SMSE,GE02,1,136,2022-09-08
SMSE_B22_4_GE02_106_19,146,SMSE,GE02,4,141,2023-03-09
SMSE_B22_4_GE02_106_19,147,SMSE,GE02,1,138,2023-04-05
SMSE_B22_4_GE02_106_19,149,SMSE,GE02,1,142,2023-06-23
SMSE_B22_4_GE02_106_19,148,SMSE,GE02,1,143,2023-05-25
SMSE_B22_4_GE02_106_19,150,SMSE,GE02,2,145,2023-07-13
SMSE_B22_4_GE02_106_19,151,SMSE,GE02,1,146,2023-08-04
SMSE_B22_4_GE02_106_19,152,SMSE,GE02,1,147,2023-09-29
SMSE_B22_4_GE02_106_20,41,SMSE,GE02,0,0,2014-06-09
SMSE_B22_4_GE02_106_20,42,SMSE,GE02,1,1,2014-07-17
SMSE_B22_4_GE02_106_20,43,SMSE,GE02,0,1,2014-08-29
SMSE_B22_4_GE02_106_20,44,SMSE,GE02,1,2,2014-09-30
SMSE_B22_4_GE02_106_20,45,SMSE,GE02,1,3,2014-10-22
SMSE_B22_4_GE02_106_20,46,SMSE,GE02,1,4,2014-11-13
SMSE_B22_4_GE02_106_20,47,SMSE,GE02,0,4,2014-12-26
SMSE_B22_4_GE02_106_20,48,SMSE,GE02,2,6,2015-01-15
SMSE_B22_4_GE02_106_20,49,SMSE,GE02,2,8,2015-02-12
SMSE_B22_4_GE02_106_20,50,SMSE,GE02,3,11,2015-03-26
SMSE_B22_4_GE02_106_20,51,SMSE,GE02,1,12,2015-04-09
SMSE_B22_4_GE02_106_20,52,SMSE,GE02,1,13,2015-05-07
SMSE_B22_4_GE02_106_20,53,SMSE,GE02,1,14,2015-06-05
SMSE_B22_4_GE02_106_20,55,SMSE,GE02,1,15,2015-08-13
SMSE_B22_4_GE02_106_20,56,SMSE,GE02,2,18,2015-09-30
SMSE_B22_4_GE02_106_20,57,SMSE,GE02,3,20,2015-10-17
SMSE_B22_4_GE02_106_20,58,SMSE,GE02,3,23,2015-11-05
SMSE_B22_4_GE02_106_20,59,SMSE,GE02,5,28,2015-12-23
SMSE_B22_4_GE02_106_20,60,SMSE,GE02,2,30,2016-01-14
SMSE_B22_4_GE02_106_20,61,SMSE,GE02,1,31,2016-02-12
SMSE_B22_4_GE02_106_20,69,SMSE,GE02,3,34,2016-10-27
SMSE_B22_4_GE02_106_20,70,SMSE,GE02,3,37,2016-11-17
SMSE_B22_4_GE02_106_20,71,SMSE,GE02,1,38,2016-12-08
SMSE_B22_4_GE02_106_20,76,SMSE,GE02,1,39,2017-05-27
SMSE_B22_4_GE02_106_20,77,SMSE,GE02,2,41,2017-06-22
SMSE_B22_4_GE02_106_20,78,SMSE,GE02,3,44,2017-07-20
SMSE_B22_4_GE02_106_20,79,SMSE,GE02,2,46,2017-08-18
SMSE_B22_4_GE02_106_20,80,SMSE,GE02,2,48,2017-09-23
SMSE_B22_4_GE02_106_20,81,SMSE,GE02,1,49,2017-10-12
SMSE_B22_4_GE02_106_20,82,SMSE,GE02,3,52,2017-11-23
SMSE_B22_4_GE02_106_20,83,SMSE,GE02,1,53,2017-12-28
SMSE_B22_4_GE02_106_20,84,SMSE,GE02,1,54,2018-01-25
SMSE_B22_4_GE02_106_20,85,SMSE,GE02,1,55,2018-02-08
SMSE_B22_4_GE02_106_20,86,SMSE,GE02,1,56,2018-03-15
SMSE_B22_4_GE02_106_20,90,SMSE,GE02,1,57,2018-07-26
SMSE_B22_4_GE02_106_20,92,SMSE,GE02,7,67,2018-09-27
SMSE_B22_4_GE02_106_20,91,SMSE,GE02,3,62,2018-08-24
SMSE_B22_4_GE02_106_20,93,SMSE,GE02,2,70,2018-10-26
SMSE_B22_4_GE02_106_20,94,SMSE,GE02,2,71,2018-11-09
SMSE_B22_4_GE02_106_20,95,SMSE,GE02,2,73,2018-12-20
SMSE_B22_4_GE02_106_20,96,SMSE,GE02,2,75,2019-01-11
SMSE_B22_4_GE02_106_20,97,SMSE,GE02,2,77,2019-02-14
SMSE_B22_4_GE02_106_20,107,SMSE,GE02,1,78,2019-12-11
SMSE_B22_4_GE02_106_20,108,SMSE,GE02,3,81,2020-01-23
SMSE_B22_4_GE02_106_20,109,SMSE,GE02,1,82,2020-02-20
SMSE_B22_4_GE02_106_20,110,SMSE,GE02,2,84,2020-03-27
SMSE_B22_4_GE02_106_20,111,SMSE,GE02,2,86,2020-04-23
SMSE_B22_4_GE02_106_20,112,SMSE,GE02,2,88,2020-05-29
SMSE_B22_4_GE02_106_20,113,SMSE,GE02,1,89,2020-06-11
SMSE_B22_4_GE02_106_20,114,SMSE,GE02,2,91,2020-07-08
SMSE_B22_4_GE02_106_20,115,SMSE,GE02,1,92,2020-08-27
SMSE_B22_4_GE02_106_20,116,SMSE,GE02,1,93,2020-09-17
SMSE_B22_4_GE02_106_20,117,SMSE,GE02,2,95,2020-10-15
SMSE_B22_4_GE02_106_20,120,SMSE,GE02,1,96,2021-01-28
SMSE_B22_4_GE02_106_20,121,SMSE,GE02,1,97,2021-02-11
SMSE_B22_4_GE02_106_20,122,SMSE,GE02,2,99,2021-03-24
SMSE_B22_4_GE02_106_20,123,SMSE,GE02,1,100,2021-04-22
SMSE_B22_4_GE02_106_20,124,SMSE,GE02,3,103,2021-05-27
SMSE_B22_4_GE02_106_20,125,SMSE,GE02,1,104,2021-06-17
SMSE_B22_4_GE02_106_20,126,SMSE,GE02,1,105,2021-07-01
SMSE_B22_4_GE02_106_20,127,SMSE,GE02,3,108,2021-08-27
SMSE_B22_4_GE02_106_20,128,SMSE,GE02,3,111,2021-09-23
SMSE_B22_4_GE02_106_20,129,SMSE,GE02,1,112,2021-10-07
SMSE_B22_4_GE02_106_20,136,SMSE,GE02,2,115,2022-05-26
SMSE_B22_4_GE02_106_20,135,SMSE,GE02,1,114,2022-04-14
SMSE_B22_4_GE02_106_20,137,SMSE,GE02,2,117,2022-06-11
SMSE_B22_4_GE02_106_20,138,SMSE,GE02,5,122,2022-07-28
SMSE_B22_4_GE02_106_20,139,SMSE,GE02,1,123,2022-08-11
SMSE_B22_4_GE02_106_20,140,SMSE,GE02,2,125,2022-09-08
SMSE_B22_4_GE02_106_20,141,SMSE,GE02,1,126,2022-10-13
SMSE_B22_4_GE02_106_20,142,SMSE,GE02,1,127,2022-11-03
SMSE_B22_4_GE02_106_20,143,SMSE,GE02,2,129,2022-12-29
SMSE_B22_4_GE02_106_20,144,SMSE,GE02,1,130,2023-01-05
SMSE_B22_4_GE02_106_20,145,SMSE,GE02,1,131,2023-02-01
SMSE_B22_4_GE02_106_20,148,SMSE,GE02,1,132,2023-05-25
SMSE_B22_4_GE02_106_20,149,SMSE,GE02,1,133,2023-06-23
SMSE_B22_4_GE02_106_20,150,SMSE,GE02,1,134,2023-07-13
SMSE_B22_4_GE02_106_20,151,SMSE,GE02,2,136,2023-08-04
SMSE_B22_4_GE02_106_20,152,SMSE,GE02,2,138,2023-09-07
SMSE_B22_4_GE02_106_21,40,SMSE,GE02,1,1,2014-05-31
SMSE_B22_4_GE02_106_21,41,SMSE,GE02,1,2,2014-06-16
SMSE_B22_4_GE02_106_21,42,SMSE,GE02,1,3,2014-07-17
SMSE_B22_4_GE02_106_21,43,SMSE,GE02,0,3,2014-08-27
SMSE_B22_4_GE02_106_21,44,SMSE,GE02,1,4,2014-09-16
SMSE_B22_4_GE02_106_21,45,SMSE,GE02,1,5,2014-10-22
SMSE_B22_4_GE02_106_21,46,SMSE,GE02,1,6,2014-11-13
SMSE_B22_4_GE02_106_21,47,SMSE,GE02,0,6,2014-12-22
SMSE_B22_4_GE02_106_21,48,SMSE,GE02,2,8,2015-01-22
SMSE_B22_4_GE02_106_21,49,SMSE,GE02,2,10,2015-02-12
SMSE_B22_4_GE02_106_21,50,SMSE,GE02,2,12,2015-03-12
SMSE_B22_4_GE02_106_21,51,SMSE,GE02,1,13,2015-04-09
SMSE_B22_4_GE02_106_21,52,SMSE,GE02,1,14,2015-05-07
SMSE_B22_4_GE02_106_21,55,SMSE,GE02,1,15,2015-08-13
SMSE_B22_4_GE02_106_21,56,SMSE,GE02,3,18,2015-09-30
SMSE_B22_4_GE02_106_21,57,SMSE,GE02,2,20,2015-10-17
SMSE_B22_4_GE02_106_21,58,SMSE,GE02,4,24,2015-11-05
SMSE_B22_4_GE02_106_21,59,SMSE,GE02,6,30,2015-12-23
SMSE_B22_4_GE02_106_21,60,SMSE,GE02,1,31,2016-01-14
SMSE_B22_4_GE02_106_21,68,SMSE,GE02,3,34,2016-09-22
SMSE_B22_4_GE02_106_21,69,SMSE,GE02,6,40,2016-10-27
SMSE_B22_4_GE02_106_21,70,SMSE,GE02,2,42,2016-11-17
SMSE_B22_4_GE02_106_21,71,SMSE,GE02,3,45,2016-12-17
SMSE_B22_4_GE02_106_21,72,SMSE,GE02,1,46,2017-01-05
SMSE_B22_4_GE02_106_21,76,SMSE,GE02,2,48,2017-05-27
SMSE_B22_4_GE02_106_21,79,SMSE,GE02,2,51,2017-08-18
SMSE_B22_4_GE02_106_21,78,SMSE,GE02,1,50,2017-07-27
SMSE_B22_4_GE02_106_21,80,SMSE,GE02,5,56,2017-09-23
SMSE_B22_4_GE02_106_21,82,SMSE,GE02,1,57,2017-11-09
SMSE_B22_4_GE02_106_21,83,SMSE,GE02,1,58,2017-12-28
SMSE_B22_4_GE02_106_21,84,SMSE,GE02,1,59,2018-01-18
SMSE_B22_4_GE02_106_21,85,SMSE,GE02,1,60,2018-02-01
SMSE_B22_4_GE02_106_21,86,SMSE,GE02,2,62,2018-03-15
SMSE_B22_4_GE02_106_21,87,SMSE,GE02,1,63,2018-04-05
SMSE_B22_4_GE02_106_21,91,SMSE,GE02,5,71,2018-08-24
SMSE_B22_4_GE02_106_21,90,SMSE,GE02,3,67,2018-07-19
SMSE_B22_4_GE02_106_21,92,SMSE,GE02,1,72,2018-09-06
SMSE_B22_4_GE02_106_21,93,SMSE,GE02,2,74,2018-10-26
SMSE_B22_4_GE02_106_21,94,SMSE,GE02,2,76,2018-11-23
SMSE_B22_4_GE02_106_21,95,SMSE,GE02,2,78,2018-12-20
SMSE_B22_4_GE02_106_21,96,SMSE,GE02,2,80,2019-01-31
SMSE_B22_4_GE02_106_21,97,SMSE,GE02,1,81,2019-02-21
SMSE_B22_4_GE02_106_21,103,SMSE,GE02,3,86,2019-08-29
SMSE_B22_4_GE02_106_21,104,SMSE,GE02,6,90,2019-09-26
SMSE_B22_4_GE02_106_21,105,SMSE,GE02,1,91,2019-10-10
SMSE_B22_4_GE02_106_21,106,SMSE,GE02,1,92,2019-11-14
SMSE_B22_4_GE02_106_21,107,SMSE,GE02,3,95,2019-12-11
SMSE_B22_4_GE02_106_21,108,SMSE,GE02,2,97,2020-01-23
SMSE_B22_4_GE02_106_21,110,SMSE,GE02,1,98,2020-03-05
SMSE_B22_4_GE02_106_21,117,SMSE,GE02,2,101,2020-10-15
SMSE_B22_4_GE02_106_21,116,SMSE,GE02,1,100,2020-09-24
SMSE_B22_4_GE02_106_21,121,SMSE,GE02,1,102,2021-02-11
SMSE_B22_4_GE02_106_21,122,SMSE,GE02,2,104,2021-03-24
SMSE_B22_4_GE02_106_21,123,SMSE,GE02,3,107,2021-04-27
SMSE_B22_4_GE02_106_21,124,SMSE,GE02,2,109,2021-05-20
SMSE_B22_4_GE02_106_21,125,SMSE,GE02,2,111,2021-06-24
SMSE_B22_4_GE02_106_21,126,SMSE,GE02,2,113,2021-07-23
SMSE_B22_4_GE02_106_21,127,SMSE,GE02,2,115,2021-08-20
SMSE_B22_4_GE02_106_21,128,SMSE,GE02,2,117,2021-09-16
SMSE_B22_4_GE02_106_21,129,SMSE,GE02,1,118,2021-10-07
SMSE_B22_4_GE02_106_21,130,SMSE,GE02,1,119,2021-11-11
SMSE_B22_4_GE02_106_21,137,SMSE,GE02,6,126,2022-06-25
SMSE_B22_4_GE02_106_21,136,SMSE,GE02,1,121,2022-05-26
SMSE_B22_4_GE02_106_21,138,SMSE,GE02,4,130,2022-07-21
SMSE_B22_4_GE02_106_21,139,SMSE,GE02,2,132,2022-08-11
SMSE_B22_4_GE02_106_21,140,SMSE,GE02,3,135,2022-09-29
SMSE_B22_4_GE02_106_21,141,SMSE,GE02,1,136,2022-10-13
SMSE_B22_4_GE02_106_21,142,SMSE,GE02,2,138,2022-11-17
SMSE_B22_4_GE02_106_21,143,SMSE,GE02,1,139,2022-12-08
SMSE_B22_4_GE02_106_21,149,SMSE,GE02,1,140,2023-06-23
SMSE_B22_4_GE02_106_21,150,SMSE,GE02,1,141,2023-07-13
SMSE_B22_4_GE02_106_21,151,SMSE,GE02,1,142,2023-08-04
SMSE_B22_4_GE02_106_21,152,SMSE,GE02,1,143,2023-09-07
SMSE_B22_NA_GE09_106_8,41,SMSE,GE09,1,1,2014-06-09
SMSE_B22_NA_GE09_106_8,55,SMSE,GE09,1,2,2015-08-13
SMSE_B22_4_GE06_106_9,41,SMSE,GE06,1,1,2014-06-16
SMSE_B22_4_GE06_106_9,42,SMSE,GE06,1,2,2014-07-12
SMSE_B22_4_GE06_106_9,43,SMSE,GE06,1,3,2014-08-20
SMSE_B22_4_GE06_106_9,44,SMSE,GE06,1,4,2014-09-16
SMSE_B22_4_GE06_106_9,45,SMSE,GE06,1,5,2014-10-23
SMSE_B22_4_GE06_106_9,46,SMSE,GE06,0,5,2014-11-20
SMSE_B22_4_GE06_106_9,47,SMSE,GE06,0,5,2014-12-31
SMSE_B22_4_GE06_106_9,48,SMSE,GE06,1,6,2015-01-15
SMSE_B22_4_GE06_106_9,49,SMSE,GE06,2,8,2015-02-12
SMSE_B22_4_GE06_106_9,50,SMSE,GE06,2,10,2015-03-19
SMSE_B22_4_GE06_106_9,51,SMSE,GE06,2,12,2015-04-16
SMSE_B22_4_GE06_106_9,52,SMSE,GE06,3,15,2015-05-28
SMSE_B22_4_GE06_106_9,53,SMSE,GE06,1,16,2015-06-05
SMSE_B22_4_GE06_106_9,54,SMSE,GE06,1,17,2015-07-02
SMSE_B22_4_GE06_106_9,55,SMSE,GE06,3,20,2015-08-13
SMSE_B22_4_GE06_106_9,56,SMSE,GE06,3,23,2015-09-30
SMSE_B22_4_GE06_106_9,57,SMSE,GE06,4,27,2015-10-17
SMSE_B22_4_GE06_106_9,58,SMSE,GE06,1,28,2015-11-05
SMSE_B22_4_GE06_106_9,59,SMSE,GE06,2,30,2015-12-17
SMSE_B22_4_GE06_106_9,60,SMSE,GE06,2,32,2016-01-14
SMSE_B22_4_GE06_106_9,61,SMSE,GE06,1,33,2016-02-11
SMSE_B22_4_GE06_106_9,67,SMSE,GE06,4,37,2016-08-18
SMSE_B22_4_GE06_106_9,68,SMSE,GE06,4,41,2016-09-22
SMSE_B22_4_GE06_106_9,69,SMSE,GE06,5,46,2016-10-27
SMSE_B22_4_GE06_106_9,70,SMSE,GE06,1,47,2016-11-17
SMSE_B22_4_GE06_106_9,71,SMSE,GE06,2,49,2016-12-17
SMSE_B22_4_GE06_106_9,72,SMSE,GE06,2,51,2017-01-10
SMSE_B22_4_GE06_106_9,73,SMSE,GE06,1,52,2017-02-02
SMSE_B22_4_GE06_106_9,77,SMSE,GE06,3,55,2017-06-22
SMSE_B22_4_GE06_106_9,78,SMSE,GE06,2,57,2017-07-13
SMSE_B22_4_GE06_106_9,79,SMSE,GE06,3,60,2017-08-24
SMSE_B22_4_GE06_106_9,80,SMSE,GE06,2,62,2017-09-28
SMSE_B22_4_GE06_106_9,81,SMSE,GE06,2,64,2017-10-26
SMSE_B22_4_GE06_106_9,82,SMSE,GE06,1,65,2017-11-02
SMSE_B22_4_GE06_106_9,88,SMSE,GE06,2,67,2018-05-17
SMSE_B22_4_GE06_106_9,89,SMSE,GE06,5,72,2018-06-29
SMSE_B22_4_GE06_106_9,90,SMSE,GE06,3,75,2018-07-26
SMSE_B22_4_GE06_106_9,91,SMSE,GE06,2,77,2018-08-24
SMSE_B22_4_GE06_106_9,92,SMSE,GE06,2,79,2018-09-27
SMSE_B22_4_GE06_106_9,100,SMSE,GE06,5,85,2019-05-23
SMSE_B22_4_GE06_106_9,99,SMSE,GE06,1,81,2019-04-20
SMSE_B22_4_GE06_106_9,101,SMSE,GE06,1,86,2019-06-20
SMSE_B22_4_GE06_106_9,102,SMSE,GE06,3,89,2019-07-25
SMSE_B22_4_GE06_106_9,103,SMSE,GE06,2,91,2019-08-22
SMSE_B22_4_GE06_106_9,104,SMSE,GE06,3,94,2019-09-19
SMSE_B22_4_GE06_106_9,112,SMSE,GE06,1,95,2020-05-14
SMSE_B22_4_GE06_106_9,114,SMSE,GE06,4,99,2020-07-28
SMSE_B22_4_GE06_106_9,115,SMSE,GE06,1,100,2020-08-11
SMSE_B22_4_GE06_106_9,116,SMSE,GE06,4,104,2020-09-17
SMSE_B22_4_GE06_106_9,119,SMSE,GE06,1,105,2020-12-30
SMSE_B22_4_GE06_106_9,120,SMSE,GE06,1,106,2021-01-21
SMSE_B22_4_GE06_106_9,121,SMSE,GE06,1,107,2021-02-11
SMSE_B22_4_GE06_106_9,122,SMSE,GE06,1,108,2021-03-12
SMSE_B22_4_GE06_106_9,123,SMSE,GE06,1,109,2021-04-08
SMSE_B22_4_GE06_106_9,124,SMSE,GE06,1,110,2021-05-20
SMSE_B22_4_GE06_106_9,125,SMSE,GE06,3,113,2021-06-24
SMSE_B22_4_GE06_106_9,126,SMSE,GE06,2,115,2021-07-23
SMSE_B22_4_GE06_106_9,127,SMSE,GE06,2,117,2021-08-20
SMSE_B22_4_GE06_106_9,128,SMSE,GE06,2,119,2021-09-23
SMSE_B22_4_GE06_106_9,129,SMSE,GE06,1,120,2021-10-07
SMSE_B22_4_GE06_106_9,130,SMSE,GE06,1,121,2021-11-04
SMSE_B22_4_GE06_106_9,132,SMSE,GE06,1,122,2022-01-27
SMSE_B22_4_GE06_106_9,133,SMSE,GE06,1,123,2022-02-10
SMSE_B22_4_GE06_106_9,136,SMSE,GE06,1,124,2022-05-26
SMSE_B22_4_GE06_106_9,137,SMSE,GE06,4,128,2022-06-18
SMSE_B22_4_GE06_106_9,138,SMSE,GE06,2,130,2022-07-28
SMSE_B22_4_GE06_106_9,139,SMSE,GE06,1,131,2022-08-19
SMSE_B22_4_GE06_106_9,140,SMSE,GE06,4,135,2022-09-22
SMSE_B22_4_GE06_106_9,141,SMSE,GE06,2,137,2022-10-27
SMSE_B22_4_GE06_106_9,142,SMSE,GE06,1,138,2022-11-10
SMSE_B22_4_GE06_106_9,143,SMSE,GE06,1,139,2022-12-01
SMSE_B22_4_GE06_106_9,144,SMSE,GE06,1,140,2023-01-19
SMSE_B22_4_GE06_106_9,149,SMSE,GE06,1,141,2023-06-15
SMSE_B22_4_GE06_106_9,150,SMSE,GE06,1,142,2023-07-27
SMSE_B22_4_GE06_106_9,152,SMSE,GE06,2,144,2023-09-14
SMSE_B22_5_GE03_110_24,41,SMSE,GE03,0,0,2014-06-02
SMSE_B22_5_GE03_110_24,42,SMSE,GE03,0,0,2014-07-27
SMSE_B22_5_GE03_110_24,44,SMSE,GE03,2,2,2014-09-24
SMSE_B22_5_GE03_110_24,45,SMSE,GE03,1,3,2014-10-06
SMSE_B22_5_GE03_110_24,46,SMSE,GE03,1,4,2014-11-22
SMSE_B22_5_GE03_110_24,47,SMSE,GE03,0,4,2014-12-27
SMSE_B22_5_GE03_110_24,48,SMSE,GE03,3,7,2015-01-24
SMSE_B22_5_GE03_110_24,49,SMSE,GE03,1,8,2015-02-14
SMSE_B22_5_GE03_110_24,50,SMSE,GE03,2,10,2015-03-20
SMSE_B22_5_GE03_110_24,51,SMSE,GE03,2,12,2015-04-18
SMSE_B22_5_GE03_110_24,52,SMSE,GE03,1,13,2015-05-02
SMSE_B22_5_GE03_110_24,53,SMSE,GE03,1,14,2015-06-06
SMSE_B22_5_GE03_110_24,55,SMSE,GE03,5,19,2015-08-29
SMSE_B22_5_GE03_110_24,56,SMSE,GE03,1,20,2015-09-05
SMSE_B22_5_GE03_110_24,57,SMSE,GE03,2,22,2015-10-10
SMSE_B22_5_GE03_110_24,58,SMSE,GE03,5,27,2015-11-30
SMSE_B22_5_GE03_110_24,59,SMSE,GE03,3,30,2015-12-26
SMSE_B22_5_GE03_110_24,60,SMSE,GE03,1,31,2016-01-21
SMSE_B22_5_GE03_110_24,68,SMSE,GE03,3,34,2016-09-24
SMSE_B22_5_GE03_110_24,69,SMSE,GE03,5,39,2016-10-15
SMSE_B22_5_GE03_110_24,70,SMSE,GE03,4,43,2016-11-26
SMSE_B22_5_GE03_110_24,71,SMSE,GE03,2,45,2016-12-10
SMSE_B22_5_GE03_110_24,72,SMSE,GE03,2,47,2017-01-11
SMSE_B22_5_GE03_110_24,73,SMSE,GE03,1,48,2017-02-09
SMSE_B22_5_GE03_110_24,74,SMSE,GE03,2,50,2017-03-04
SMSE_B22_5_GE03_110_24,77,SMSE,GE03,2,52,2017-06-22
SMSE_B22_5_GE03_110_24,79,SMSE,GE03,5,58,2017-08-26
SMSE_B22_5_GE03_110_24,78,SMSE,GE03,1,54,2017-07-15
SMSE_B22_5_GE03_110_24,80,SMSE,GE03,2,60,2017-09-30
SMSE_B22_5_GE03_110_24,81,SMSE,GE03,3,63,2017-10-28
SMSE_B22_5_GE03_110_24,82,SMSE,GE03,1,64,2017-11-16
SMSE_B22_5_GE03_110_24,83,SMSE,GE03,1,65,2017-12-29
SMSE_B22_5_GE03_110_24,84,SMSE,GE03,1,66,2018-01-26
SMSE_B22_5_GE03_110_24,85,SMSE,GE03,1,67,2018-02-23
SMSE_B22_5_GE03_110_24,86,SMSE,GE03,2,69,2018-03-31
SMSE_B22_5_GE03_110_24,87,SMSE,GE03,1,70,2018-04-06
SMSE_B22_5_GE03_110_24,88,SMSE,GE03,2,72,2018-05-26
SMSE_B22_5_GE03_110_24,91,SMSE,GE03,6,79,2018-08-25
SMSE_B22_5_GE03_110_24,90,SMSE,GE03,1,74,2018-07-27
SMSE_B22_5_GE03_110_24,92,SMSE,GE03,4,83,2018-09-21
SMSE_B22_5_GE03_110_24,93,SMSE,GE03,2,85,2018-10-27
SMSE_B22_5_GE03_110_24,94,SMSE,GE03,2,87,2018-11-17
SMSE_B22_5_GE03_110_24,95,SMSE,GE03,1,88,2018-12-07
SMSE_B22_5_GE03_110_24,96,SMSE,GE03,1,89,2019-01-05
SMSE_B22_5_GE03_110_24,97,SMSE,GE03,1,90,2019-02-09
SMSE_B22_5_GE03_110_24,103,SMSE,GE03,3,93,2019-08-30
SMSE_B22_5_GE03_110_24,104,SMSE,GE03,4,97,2019-09-20
SMSE_B22_5_GE03_110_24,105,SMSE,GE03,2,99,2019-10-18
SMSE_B22_5_GE03_110_24,106,SMSE,GE03,3,102,2019-11-22
SMSE_B22_5_GE03_110_24,107,SMSE,GE03,2,104,2019-12-21
SMSE_B22_5_GE03_110_24,108,SMSE,GE03,1,105,2020-01-17
SMSE_B22_5_GE03_110_24,109,SMSE,GE03,1,106,2020-02-17
SMSE_B22_5_GE03_110_24,116,SMSE,GE03,2,108,2020-09-25
SMSE_B22_5_GE03_110_24,117,SMSE,GE03,3,111,2020-10-23
SMSE_B22_5_GE03_110_24,118,SMSE,GE03,2,113,2020-11-20
SMSE_B22_5_GE03_110_24,119,SMSE,GE03,1,114,2020-12-04
SMSE_B22_5_GE03_110_24,123,SMSE,GE03,1,115,2021-04-27
SMSE_B22_5_GE03_110_24,124,SMSE,GE03,1,116,2021-05-21
SMSE_B22_5_GE03_110_24,125,SMSE,GE03,1,117,2021-06-18
SMSE_B22_5_GE03_110_24,126,SMSE,GE03,1,118,2021-07-24
SMSE_B22_5_GE03_110_24,127,SMSE,GE03,4,122,2021-08-23
SMSE_B22_5_GE03_110_24,128,SMSE,GE03,2,124,2021-09-10
SMSE_B22_5_GE03_110_24,129,SMSE,GE03,3,127,2021-10-23
SMSE_B22_5_GE03_110_24,130,SMSE,GE03,2,129,2021-11-26
SMSE_B22_5_GE03_110_24,131,SMSE,GE03,1,130,2021-12-10
SMSE_B22_5_GE03_110_24,140,SMSE,GE03,4,138,2022-09-23
SMSE_B22_5_GE03_110_24,139,SMSE,GE03,3,135,2022-08-26
SMSE_B22_5_GE03_110_24,138,SMSE,GE03,1,133,2022-07-29
SMSE_B22_5_GE03_110_24,141,SMSE,GE03,3,141,2022-10-28
SMSE_B22_5_GE03_110_24,142,SMSE,GE03,1,142,2022-11-11
SMSE_B22_5_GE03_110_24,148,SMSE,GE03,1,143,2023-05-26
SMSE_B22_5_GE03_110_24,151,SMSE,GE03,5,151,2023-08-25
SMSE_B22_5_GE03_110_24,150,SMSE,GE03,2,147,2023-07-22
SMSE_B22_5_GE03_110_24,149,SMSE,GE03,1,146,2023-06-30
SMSE_B22_5_GE03_110_24,152,SMSE,GE03,1,152,2023-09-15
SMSE_B22_5_GE03_111_24,41,SMSE,GE03,1,1,2014-06-07
SMSE_B22_5_GE03_111_24,42,SMSE,GE03,1,2,2014-07-17
SMSE_B22_5_GE03_111_24,43,SMSE,GE03,2,4,2014-08-28
SMSE_B22_5_GE03_111_24,44,SMSE,GE03,1,5,2014-09-24
SMSE_B22_5_GE03_111_24,45,SMSE,GE03,0,5,2014-10-18
SMSE_B22_5_GE03_111_24,46,SMSE,GE03,1,6,2014-11-29
SMSE_B22_5_GE03_111_24,47,SMSE,GE03,0,6,2014-12-31
SMSE_B22_5_GE03_111_24,48,SMSE,GE03,3,9,2015-01-24
SMSE_B22_5_GE03_111_24,49,SMSE,GE03,1,10,2015-02-14
SMSE_B22_5_GE03_111_24,50,SMSE,GE03,3,13,2015-03-20
SMSE_B22_5_GE03_111_24,51,SMSE,GE03,1,14,2015-04-04
SMSE_B22_5_GE03_111_24,52,SMSE,GE03,1,15,2015-05-02
SMSE_B22_5_GE03_111_24,53,SMSE,GE03,2,17,2015-06-06
SMSE_B22_5_GE03_111_24,54,SMSE,GE03,1,18,2015-07-04
SMSE_B22_5_GE03_111_24,55,SMSE,GE03,3,21,2015-08-29
SMSE_B22_5_GE03_111_24,56,SMSE,GE03,3,24,2015-09-05
SMSE_B22_5_GE03_111_24,57,SMSE,GE03,5,29,2015-10-24
SMSE_B22_5_GE03_111_24,58,SMSE,GE03,5,34,2015-11-21
SMSE_B22_5_GE03_111_24,59,SMSE,GE03,2,36,2015-12-26
SMSE_B22_5_GE03_111_24,60,SMSE,GE03,2,38,2016-01-21
SMSE_B22_5_GE03_111_24,61,SMSE,GE03,1,39,2016-02-13
SMSE_B22_5_GE03_111_24,67,SMSE,GE03,1,40,2016-08-11
SMSE_B22_5_GE03_111_24,68,SMSE,GE03,7,47,2016-09-24
SMSE_B22_5_GE03_111_24,69,SMSE,GE03,3,50,2016-10-15
SMSE_B22_5_GE03_111_24,71,SMSE,GE03,1,51,2016-12-10
SMSE_B22_5_GE03_111_24,72,SMSE,GE03,1,52,2017-01-07
SMSE_B22_5_GE03_111_24,76,SMSE,GE03,2,54,2017-05-20
SMSE_B22_5_GE03_111_24,77,SMSE,GE03,3,57,2017-06-22
SMSE_B22_5_GE03_111_24,78,SMSE,GE03,2,59,2017-07-15
SMSE_B22_5_GE03_111_24,79,SMSE,GE03,2,61,2017-08-19
SMSE_B22_5_GE03_111_24,80,SMSE,GE03,1,62,2017-09-02
SMSE_B22_5_GE03_111_24,81,SMSE,GE03,1,63,2017-10-07
SMSE_B22_5_GE03_111_24,82,SMSE,GE03,1,64,2017-11-04
SMSE_B22_5_GE03_111_24,83,SMSE,GE03,3,67,2017-12-22
SMSE_B22_5_GE03_111_24,84,SMSE,GE03,2,69,2018-01-11
SMSE_B22_5_GE03_111_24,85,SMSE,GE03,2,71,2018-02-09
SMSE_B22_5_GE03_111_24,86,SMSE,GE03,1,72,2018-03-10
SMSE_B22_5_GE03_111_24,87,SMSE,GE03,3,75,2018-04-27
SMSE_B22_5_GE03_111_24,88,SMSE,GE03,2,77,2018-05-18
SMSE_B22_5_GE03_111_24,89,SMSE,GE03,3,80,2018-06-29
SMSE_B22_5_GE03_111_24,90,SMSE,GE03,2,82,2018-07-20
SMSE_B22_5_GE03_111_24,91,SMSE,GE03,2,84,2018-08-25
SMSE_B22_5_GE03_111_24,92,SMSE,GE03,1,85,2018-09-08
SMSE_B22_5_GE03_111_24,95,SMSE,GE03,2,87,2018-12-29
SMSE_B22_5_GE03_111_24,96,SMSE,GE03,2,89,2019-01-25
SMSE_B22_5_GE03_111_24,97,SMSE,GE03,1,90,2019-02-15
SMSE_B22_5_GE03_111_24,98,SMSE,GE03,2,92,2019-03-22
SMSE_B22_5_GE03_111_24,99,SMSE,GE03,2,94,2019-04-20
SMSE_B22_5_GE03_111_24,100,SMSE,GE03,2,96,2019-05-17
SMSE_B22_5_GE03_111_24,101,SMSE,GE03,1,97,2019-06-21
SMSE_B22_5_GE03_111_24,102,SMSE,GE03,2,99,2019-07-12
SMSE_B22_5_GE03_111_24,106,SMSE,GE03,3,102,2019-11-22
SMSE_B22_5_GE03_111_24,107,SMSE,GE03,2,104,2019-12-28
SMSE_B22_5_GE03_111_24,108,SMSE,GE03,1,105,2020-01-17
SMSE_B22_5_GE03_111_24,109,SMSE,GE03,2,107,2020-02-17
SMSE_B22_5_GE03_111_24,110,SMSE,GE03,2,109,2020-03-20
SMSE_B22_5_GE03_111_24,111,SMSE,GE03,1,110,2020-04-11
SMSE_B22_5_GE03_111_24,112,SMSE,GE03,1,111,2020-05-22
SMSE_B22_5_GE03_111_24,113,SMSE,GE03,1,112,2020-06-12
SMSE_B22_5_GE03_111_24,114,SMSE,GE03,2,114,2020-07-29
SMSE_B22_5_GE03_111_24,116,SMSE,GE03,1,115,2020-09-11
SMSE_B22_5_GE03_111_24,117,SMSE,GE03,3,118,2020-10-23
SMSE_B22_5_GE03_111_24,118,SMSE,GE03,1,119,2020-11-20
SMSE_B22_5_GE03_111_24,120,SMSE,GE03,2,121,2021-01-15
SMSE_B22_5_GE03_111_24,121,SMSE,GE03,2,123,2021-02-19
SMSE_B22_5_GE03_111_24,122,SMSE,GE03,1,124,2021-03-19
SMSE_B22_5_GE03_111_24,123,SMSE,GE03,2,126,2021-04-22
SMSE_B22_5_GE03_111_24,124,SMSE,GE03,1,127,2021-05-10
SMSE_B22_5_GE03_111_24,125,SMSE,GE03,2,129,2021-06-12
SMSE_B22_5_GE03_111_24,126,SMSE,GE03,2,131,2021-07-30
SMSE_B22_5_GE03_111_24,127,SMSE,GE03,2,133,2021-08-23
SMSE_B22_5_GE03_111_24,128,SMSE,GE03,2,135,2021-09-03
SMSE_B22_5_GE03_111_24,129,SMSE,GE03,1,136,2021-10-15
SMSE_B22_5_GE03_111_24,135,SMSE,GE03,1,137,2022-04-01
SMSE_B22_5_GE03_111_24,136,SMSE,GE03,4,141,2022-05-30
SMSE_B22_5_GE03_111_24,137,SMSE,GE03,2,143,2022-06-14
SMSE_B22_5_GE03_111_24,138,SMSE,GE03,3,146,2022-07-29
SMSE_B22_5_GE03_111_24,139,SMSE,GE03,2,148,2022-08-12
SMSE_B22_5_GE03_111_24,140,SMSE,GE03,1,149,2022-09-23
SMSE_B22_5_GE03_111_24,141,SMSE,GE03,1,150,2022-10-14
SMSE_B22_5_GE03_111_24,142,SMSE,GE03,1,151,2022-11-18
SMSE_B22_5_GE03_111_24,143,SMSE,GE03,1,152,2022-12-09
SMSE_B22_5_GE03_111_24,144,SMSE,GE03,1,153,2023-01-13
SMSE_B22_5_GE03_111_24,145,SMSE,GE03,1,154,2023-02-03
SMSE_B22_5_GE03_111_24,146,SMSE,GE03,3,157,2023-03-31
SMSE_B22_5_GE03_111_24,147,SMSE,GE03,1,158,2023-04-06
SMSE_B22_5_GE03_111_24,148,SMSE,GE03,1,159,2023-05-06
SMSE_B22_5_GE03_111_24,149,SMSE,GE03,1,160,2023-06-24
SMSE_B22_5_GE03_111_24,150,SMSE,GE03,2,162,2023-07-22
SMSE_B22_5_GE03_111_24,151,SMSE,GE03,1,163,2023-08-07
SMSE_B22_4_GE06_112_10,39,SMSE,GE06,0,0,2014-04-17
SMSE_B22_4_GE06_112_10,40,SMSE,GE06,0,0,2014-05-17
SMSE_B22_4_GE06_112_10,41,SMSE,GE06,0,0,2014-06-21
SMSE_B22_4_GE06_112_10,42,SMSE,GE06,1,1,2014-07-19
SMSE_B22_4_GE06_112_10,43,SMSE,GE06,1,2,2014-08-29
SMSE_B22_4_GE06_112_10,44,SMSE,GE06,1,3,2014-09-16
SMSE_B22_4_GE06_112_10,45,SMSE,GE06,1,4,2014-10-17
SMSE_B22_4_GE06_112_10,46,SMSE,GE06,1,5,2014-11-25
SMSE_B22_4_GE06_112_10,47,SMSE,GE06,0,5,2014-12-08
SMSE_B22_4_GE06_112_10,48,SMSE,GE06,2,7,2015-01-22
SMSE_B22_4_GE06_112_10,49,SMSE,GE06,2,9,2015-02-12
SMSE_B22_4_GE06_112_10,50,SMSE,GE06,2,11,2015-03-12
SMSE_B22_4_GE06_112_10,51,SMSE,GE06,3,14,2015-04-23
SMSE_B22_4_GE06_112_10,52,SMSE,GE06,3,17,2015-05-28
SMSE_B22_4_GE06_112_10,53,SMSE,GE06,1,18,2015-06-05
SMSE_B22_4_GE06_112_10,54,SMSE,GE06,2,20,2015-07-02
SMSE_B22_4_GE06_112_10,55,SMSE,GE06,4,24,2015-08-29
SMSE_B22_4_GE06_112_10,56,SMSE,GE06,4,28,2015-09-30
SMSE_B22_4_GE06_112_10,57,SMSE,GE06,3,31,2015-10-22
SMSE_B22_4_GE06_112_10,58,SMSE,GE06,2,33,2015-11-05
SMSE_B22_4_GE06_112_10,59,SMSE,GE06,2,35,2015-12-17
SMSE_B22_4_GE06_112_10,60,SMSE,GE06,2,37,2016-01-28
SMSE_B22_4_GE06_112_10,61,SMSE,GE06,1,38,2016-02-17
SMSE_B22_4_GE06_112_10,62,SMSE,GE06,3,41,2016-03-11
SMSE_B22_4_GE06_112_10,64,SMSE,GE06,1,42,2016-05-18
SMSE_B22_4_GE06_112_10,65,SMSE,GE06,1,43,2016-06-16
SMSE_B22_4_GE06_112_10,66,SMSE,GE06,3,46,2016-07-23
SMSE_B22_4_GE06_112_10,67,SMSE,GE06,1,47,2016-08-04
SMSE_B22_4_GE06_112_10,68,SMSE,GE06,4,51,2016-09-16
SMSE_B22_4_GE06_112_10,69,SMSE,GE06,4,55,2016-10-27
SMSE_B22_4_GE06_112_10,74,SMSE,GE06,3,58,2017-03-30
SMSE_B22_4_GE06_112_10,75,SMSE,GE06,2,60,2017-04-27
SMSE_B22_4_GE06_112_10,76,SMSE,GE06,2,62,2017-05-27
SMSE_B22_4_GE06_112_10,77,SMSE,GE06,2,64,2017-06-15
SMSE_B22_4_GE06_112_10,78,SMSE,GE06,2,66,2017-07-13
SMSE_B22_4_GE06_112_10,83,SMSE,GE06,1,67,2017-12-07
SMSE_B22_4_GE06_112_10,84,SMSE,GE06,2,69,2018-01-05
SMSE_B22_4_GE06_112_10,85,SMSE,GE06,3,72,2018-02-22
SMSE_B22_4_GE06_112_10,86,SMSE,GE06,3,75,2018-03-29
SMSE_B22_4_GE06_112_10,87,SMSE,GE06,2,77,2018-04-26
SMSE_B22_4_GE06_112_10,88,SMSE,GE06,2,79,2018-05-24
SMSE_B22_4_GE06_112_10,89,SMSE,GE06,2,81,2018-06-21
SMSE_B22_4_GE06_112_10,90,SMSE,GE06,2,83,2018-07-26
SMSE_B22_4_GE06_112_10,91,SMSE,GE06,1,84,2018-08-09
SMSE_B22_4_GE06_112_10,92,SMSE,GE06,3,87,2018-09-27
SMSE_B22_4_GE06_112_10,93,SMSE,GE06,2,89,2018-10-26
SMSE_B22_4_GE06_112_10,94,SMSE,GE06,2,91,2018-11-29
SMSE_B22_4_GE06_112_10,95,SMSE,GE06,2,93,2018-12-28
SMSE_B22_4_GE06_112_10,96,SMSE,GE06,1,94,2019-01-11
SMSE_B22_4_GE06_112_10,97,SMSE,GE06,2,96,2019-02-21
SMSE_B22_4_GE06_112_10,98,SMSE,GE06,1,97,2019-03-08
SMSE_B22_4_GE06_112_10,99,SMSE,GE06,1,98,2019-04-05
SMSE_B22_4_GE06_112_10,100,SMSE,GE06,1,99,2019-05-03
SMSE_B22_4_GE06_112_10,102,SMSE,GE06,2,101,2019-07-11
SMSE_B22_4_GE06_112_10,103,SMSE,GE06,3,104,2019-08-22
SMSE_B22_4_GE06_112_10,104,SMSE,GE06,3,107,2019-09-12
SMSE_B22_4_GE06_112_10,105,SMSE,GE06,3,110,2019-10-31
SMSE_B22_4_GE06_112_10,106,SMSE,GE06,1,111,2019-11-07
SMSE_B22_4_GE06_112_10,107,SMSE,GE06,2,113,2019-12-11
SMSE_B22_4_GE06_112_10,108,SMSE,GE06,2,115,2020-01-30
SMSE_B22_4_GE06_112_10,109,SMSE,GE06,1,116,2020-02-27
SMSE_B22_4_GE06_112_10,115,SMSE,GE06,1,117,2020-08-27
SMSE_B22_4_GE06_112_10,116,SMSE,GE06,2,119,2020-09-17
SMSE_B22_4_GE06_112_10,117,SMSE,GE06,3,122,2020-10-22
SMSE_B22_4_GE06_112_10,118,SMSE,GE06,1,123,2020-11-05
SMSE_B22_4_GE06_112_10,122,SMSE,GE06,2,125,2021-03-18
SMSE_B22_4_GE06_112_10,123,SMSE,GE06,2,127,2021-04-27
SMSE_B22_4_GE06_112_10,124,SMSE,GE06,2,129,2021-05-27
SMSE_B22_4_GE06_112_10,125,SMSE,GE06,2,131,2021-06-24
SMSE_B22_4_GE06_112_10,126,SMSE,GE06,1,132,2021-07-15
SMSE_B22_4_GE06_112_10,127,SMSE,GE06,2,134,2021-08-05
SMSE_B22_4_GE06_112_10,128,SMSE,GE06,1,135,2021-09-02
SMSE_B22_4_GE06_112_10,129,SMSE,GE06,1,136,2021-10-07
SMSE_B22_4_GE06_112_10,132,SMSE,GE06,1,137,2022-01-13
SMSE_B22_4_GE06_112_10,133,SMSE,GE06,1,138,2022-02-10
SMSE_B22_4_GE06_112_10,134,SMSE,GE06,2,140,2022-03-24
SMSE_B22_4_GE06_112_10,135,SMSE,GE06,3,143,2022-04-28
SMSE_B22_4_GE06_112_10,136,SMSE,GE06,2,145,2022-05-26
SMSE_B22_4_GE06_112_10,137,SMSE,GE06,2,147,2022-06-11
SMSE_B22_4_GE06_112_10,138,SMSE,GE06,2,149,2022-07-07
SMSE_B22_4_GE06_112_10,139,SMSE,GE06,2,151,2022-08-19
SMSE_B22_4_GE06_112_10,140,SMSE,GE06,1,152,2022-09-01
SMSE_B22_4_GE06_112_10,141,SMSE,GE06,2,154,2022-10-20
SMSE_B22_4_GE06_112_10,142,SMSE,GE06,1,155,2022-11-10
SMSE_B22_4_GE06_112_10,145,SMSE,GE06,1,156,2023-02-02
SMSE_B22_4_GE06_112_10,146,SMSE,GE06,4,160,2023-03-30
SMSE_B22_4_GE06_112_10,147,SMSE,GE06,1,161,2023-04-13
SMSE_B22_4_GE06_112_10,148,SMSE,GE06,3,164,2023-05-25
SMSE_B22_4_GE06_112_10,149,SMSE,GE06,2,166,2023-06-23
SMSE_B22_4_GE06_112_10,152,SMSE,GE06,2,172,2023-09-07
SMSE_B22_4_GE06_112_10,150,SMSE,GE06,2,170,2023-07-06
SMSE_B22_4_GE06_112_10,151,SMSE,GE06,2,171,2023-08-18
SMSE_B22_5_GE03_112_24,39,SMSE,GE03,0,0,2014-04-10
SMSE_B22_5_GE03_112_24,41,SMSE,GE03,0,0,2014-06-16
SMSE_B22_5_GE03_112_24,43,SMSE,GE03,0,0,2014-08-19
SMSE_B22_5_GE03_112_24,44,SMSE,GE03,1,1,2014-09-20
SMSE_B22_5_GE03_112_24,45,SMSE,GE03,1,2,2014-10-29
SMSE_B22_5_GE03_112_24,46,SMSE,GE03,1,3,2014-11-21
SMSE_B22_5_GE03_112_24,47,SMSE,GE03,0,3,2014-12-26
SMSE_B22_5_GE03_112_24,48,SMSE,GE03,2,5,2015-01-24
SMSE_B22_5_GE03_112_24,49,SMSE,GE03,1,6,2015-02-14
SMSE_B22_5_GE03_112_24,50,SMSE,GE03,2,8,2015-03-20
SMSE_B22_5_GE03_112_24,51,SMSE,GE03,2,10,2015-04-18
SMSE_B22_5_GE03_112_24,52,SMSE,GE03,1,11,2015-05-02
SMSE_B22_5_GE03_112_24,54,SMSE,GE03,1,12,2015-07-04
SMSE_B22_5_GE03_112_24,56,SMSE,GE03,3,15,2015-09-19
SMSE_B22_5_GE03_112_24,57,SMSE,GE03,4,19,2015-10-24
SMSE_B22_5_GE03_112_24,58,SMSE,GE03,4,23,2015-11-30
SMSE_B22_5_GE03_112_24,59,SMSE,GE03,3,26,2015-12-26
SMSE_B22_5_GE03_112_24,60,SMSE,GE03,1,27,2016-01-21
SMSE_B22_5_GE03_112_24,69,SMSE,GE03,5,32,2016-10-22
SMSE_B22_5_GE03_112_24,70,SMSE,GE03,4,36,2016-11-26
SMSE_B22_5_GE03_112_24,71,SMSE,GE03,2,38,2016-12-10
SMSE_B22_5_GE03_112_24,72,SMSE,GE03,2,40,2017-01-10
SMSE_B22_5_GE03_112_24,76,SMSE,GE03,2,42,2017-05-20
SMSE_B22_5_GE03_112_24,79,SMSE,GE03,1,43,2017-08-26
SMSE_B22_5_GE03_112_24,80,SMSE,GE03,6,49,2017-09-30
SMSE_B22_5_GE03_112_24,81,SMSE,GE03,3,52,2017-10-28
SMSE_B22_5_GE03_112_24,86,SMSE,GE03,1,53,2018-03-10
SMSE_B22_5_GE03_112_24,90,SMSE,GE03,1,54,2018-07-27
SMSE_B22_5_GE03_112_24,91,SMSE,GE03,5,59,2018-08-25
SMSE_B22_5_GE03_112_24,92,SMSE,GE03,3,62,2018-09-21
SMSE_B22_5_GE03_112_24,93,SMSE,GE03,1,63,2018-10-20
SMSE_B22_5_GE03_112_24,94,SMSE,GE03,2,65,2018-11-17
SMSE_B22_5_GE03_112_24,97,SMSE,GE03,3,69,2019-02-09
SMSE_B22_5_GE03_112_24,95,SMSE,GE03,1,67,2018-12-15
SMSE_B22_5_GE03_112_24,100,SMSE,GE03,1,70,2019-05-31
SMSE_B22_5_GE03_112_24,103,SMSE,GE03,2,72,2019-08-30
SMSE_B22_5_GE03_112_24,104,SMSE,GE03,2,74,2019-09-20
SMSE_B22_5_GE03_112_24,105,SMSE,GE03,1,75,2019-10-04
SMSE_B22_5_GE03_112_24,108,SMSE,GE03,1,76,2020-01-31
SMSE_B22_5_GE03_112_24,109,SMSE,GE03,1,77,2020-02-17
SMSE_B22_5_GE03_112_24,110,SMSE,GE03,1,78,2020-03-20
SMSE_B22_5_GE03_112_24,111,SMSE,GE03,1,79,2020-04-09
SMSE_B22_5_GE03_112_24,112,SMSE,GE03,1,80,2020-05-09
SMSE_B22_5_GE03_112_24,115,SMSE,GE03,1,81,2020-08-27
SMSE_B22_5_GE03_112_24,116,SMSE,GE03,2,83,2020-09-18
SMSE_B22_5_GE03_112_24,117,SMSE,GE03,2,85,2020-10-16
SMSE_B22_5_GE03_112_24,121,SMSE,GE03,1,86,2021-02-13
SMSE_B22_5_GE03_112_24,122,SMSE,GE03,2,88,2021-03-24
SMSE_B22_5_GE03_112_24,123,SMSE,GE03,1,89,2021-04-27
SMSE_B22_5_GE03_112_24,124,SMSE,GE03,2,91,2021-05-27
SMSE_B22_5_GE03_112_24,125,SMSE,GE03,1,92,2021-06-25
SMSE_B22_5_GE03_112_24,126,SMSE,GE03,2,94,2021-07-30
SMSE_B22_5_GE03_112_24,127,SMSE,GE03,2,96,2021-08-14
SMSE_B22_5_GE03_112_24,128,SMSE,GE03,1,97,2021-09-03
SMSE_B22_5_GE03_112_24,129,SMSE,GE03,1,98,2021-10-01
SMSE_B22_5_GE03_112_24,136,SMSE,GE03,2,100,2022-05-30
SMSE_B22_5_GE03_112_24,138,SMSE,GE03,5,106,2022-07-29
SMSE_B22_5_GE03_112_24,137,SMSE,GE03,1,102,2022-06-27
SMSE_B22_5_GE03_112_24,139,SMSE,GE03,2,108,2022-08-26
SMSE_B22_5_GE03_112_24,140,SMSE,GE03,2,110,2022-09-23
SMSE_B22_5_GE03_112_24,141,SMSE,GE03,1,111,2022-10-28
SMSE_B22_5_GE03_112_24,148,SMSE,GE03,1,112,2023-05-26
SMSE_B22_5_GE03_112_24,149,SMSE,GE03,5,117,2023-06-24
SMSE_B22_5_GE03_112_24,150,SMSE,GE03,1,118,2023-07-28
SMSE_B22_5_GE03_112_24,151,SMSE,GE03,3,121,2023-08-25
SMSE_B22_5_GE03_112_24,152,SMSE,GE03,1,122,2023-09-22
SMSE_B22_4_GE06_112_9,39,SMSE,GE06,0,0,2014-04-22
SMSE_B22_4_GE06_112_9,40,SMSE,GE06,0,0,2014-05-08
SMSE_B22_4_GE06_112_9,41,SMSE,GE06,1,1,2014-06-21
SMSE_B22_4_GE06_112_9,42,SMSE,GE06,1,2,2014-07-19
SMSE_B22_4_GE06_112_9,43,SMSE,GE06,1,3,2014-08-20
SMSE_B22_4_GE06_112_9,44,SMSE,GE06,1,4,2014-09-18
SMSE_B22_4_GE06_112_9,45,SMSE,GE06,1,5,2014-10-17
SMSE_B22_4_GE06_112_9,46,SMSE,GE06,1,6,2014-11-25
SMSE_B22_4_GE06_112_9,47,SMSE,GE06,0,6,2014-12-11
SMSE_B22_4_GE06_112_9,48,SMSE,GE06,3,9,2015-01-22
SMSE_B22_4_GE06_112_9,49,SMSE,GE06,1,10,2015-02-12
SMSE_B22_4_GE06_112_9,50,SMSE,GE06,2,12,2015-03-12
SMSE_B22_4_GE06_112_9,51,SMSE,GE06,2,14,2015-04-23
SMSE_B22_4_GE06_112_9,52,SMSE,GE06,1,15,2015-05-07
SMSE_B22_4_GE06_112_9,55,SMSE,GE06,3,19,2015-08-29
SMSE_B22_4_GE06_112_9,54,SMSE,GE06,1,17,2015-07-23
SMSE_B22_4_GE06_112_9,56,SMSE,GE06,5,24,2015-09-30
SMSE_B22_4_GE06_112_9,57,SMSE,GE06,3,27,2015-10-22
SMSE_B22_4_GE06_112_9,58,SMSE,GE06,1,28,2015-11-05
SMSE_B22_4_GE06_112_9,59,SMSE,GE06,4,32,2015-12-17
SMSE_B22_4_GE06_112_9,60,SMSE,GE06,2,34,2016-01-14
SMSE_B22_4_GE06_112_9,61,SMSE,GE06,3,37,2016-02-08
SMSE_B22_4_GE06_112_9,66,SMSE,GE06,1,38,2016-07-11
SMSE_B22_4_GE06_112_9,67,SMSE,GE06,1,39,2016-08-18
SMSE_B22_4_GE06_112_9,68,SMSE,GE06,4,43,2016-09-16
SMSE_B22_4_GE06_112_9,69,SMSE,GE06,5,48,2016-10-27
SMSE_B22_4_GE06_112_9,70,SMSE,GE06,3,51,2016-11-26
SMSE_B22_4_GE06_112_9,71,SMSE,GE06,1,52,2016-12-17
SMSE_B22_4_GE06_112_9,74,SMSE,GE06,1,53,2017-03-30
SMSE_B22_4_GE06_112_9,75,SMSE,GE06,2,55,2017-04-27
SMSE_B22_4_GE06_112_9,76,SMSE,GE06,1,56,2017-05-19
SMSE_B22_4_GE06_112_9,77,SMSE,GE06,2,58,2017-06-15
SMSE_B22_4_GE06_112_9,78,SMSE,GE06,3,61,2017-07-20
SMSE_B22_4_GE06_112_9,79,SMSE,GE06,2,63,2017-08-24
SMSE_B22_4_GE06_112_9,80,SMSE,GE06,2,65,2017-09-07
SMSE_B22_4_GE06_112_9,81,SMSE,GE06,2,67,2017-10-26
SMSE_B22_4_GE06_112_9,83,SMSE,GE06,2,69,2017-12-21
SMSE_B22_4_GE06_112_9,84,SMSE,GE06,1,70,2018-01-18
SMSE_B22_4_GE06_112_9,85,SMSE,GE06,2,72,2018-02-14
SMSE_B22_4_GE06_112_9,86,SMSE,GE06,1,73,2018-03-08
SMSE_B22_4_GE06_112_9,87,SMSE,GE06,2,75,2018-04-05
SMSE_B22_4_GE06_112_9,88,SMSE,GE06,3,78,2018-05-24
SMSE_B22_4_GE06_112_9,89,SMSE,GE06,3,81,2018-06-29
SMSE_B22_4_GE06_112_9,90,SMSE,GE06,2,83,2018-07-26
SMSE_B22_4_GE06_112_9,91,SMSE,GE06,2,85,2018-08-24
SMSE_B22_4_GE06_112_9,92,SMSE,GE06,1,86,2018-09-06
SMSE_B22_4_GE06_112_9,93,SMSE,GE06,1,87,2018-10-19
SMSE_B22_4_GE06_112_9,94,SMSE,GE06,3,90,2018-11-29
SMSE_B22_4_GE06_112_9,95,SMSE,GE06,1,91,2018-12-14
SMSE_B22_4_GE06_112_9,96,SMSE,GE06,2,93,2019-01-31
SMSE_B22_4_GE06_112_9,97,SMSE,GE06,1,94,2019-02-09
SMSE_B22_4_GE06_112_9,98,SMSE,GE06,2,96,2019-03-21
SMSE_B22_4_GE06_112_9,99,SMSE,GE06,1,97,2019-04-05
SMSE_B22_4_GE06_112_9,100,SMSE,GE06,2,99,2019-05-23
SMSE_B22_4_GE06_112_9,101,SMSE,GE06,1,100,2019-06-27
SMSE_B22_4_GE06_112_9,102,SMSE,GE06,1,101,2019-07-11
SMSE_B22_4_GE06_112_9,103,SMSE,GE06,3,104,2019-08-22
SMSE_B22_4_GE06_112_9,104,SMSE,GE06,3,107,2019-09-19
SMSE_B22_4_GE06_112_9,105,SMSE,GE06,2,109,2019-10-10
SMSE_B22_4_GE06_112_9,106,SMSE,GE06,2,111,2019-11-14
SMSE_B22_4_GE06_112_9,107,SMSE,GE06,2,113,2019-12-27
SMSE_B22_4_GE06_112_9,108,SMSE,GE06,2,115,2020-01-23
SMSE_B22_4_GE06_112_9,109,SMSE,GE06,1,116,2020-02-17
SMSE_B22_4_GE06_112_9,110,SMSE,GE06,2,118,2020-03-19
SMSE_B22_4_GE06_112_9,117,SMSE,GE06,5,125,2020-10-15
SMSE_B22_4_GE06_112_9,116,SMSE,GE06,1,122,2020-09-17
SMSE_B22_4_GE06_112_9,118,SMSE,GE06,1,124,2020-11-12
SMSE_B22_4_GE06_112_9,122,SMSE,GE06,1,126,2021-03-12
SMSE_B22_4_GE06_112_9,123,SMSE,GE06,2,128,2021-04-15
SMSE_B22_4_GE06_112_9,124,SMSE,GE06,2,130,2021-05-20
SMSE_B22_4_GE06_112_9,125,SMSE,GE06,2,132,2021-06-24
SMSE_B22_4_GE06_112_9,126,SMSE,GE06,2,134,2021-07-29
SMSE_B22_4_GE06_112_9,127,SMSE,GE06,2,136,2021-08-20
SMSE_B22_4_GE06_112_9,128,SMSE,GE06,2,138,2021-09-02
SMSE_B22_4_GE06_112_9,129,SMSE,GE06,1,139,2021-10-07
SMSE_B22_4_GE06_112_9,130,SMSE,GE06,1,140,2021-11-04
SMSE_B22_4_GE06_112_9,133,SMSE,GE06,1,141,2022-02-04
SMSE_B22_4_GE06_112_9,134,SMSE,GE06,1,142,2022-03-10
SMSE_B22_4_GE06_112_9,135,SMSE,GE06,1,143,2022-04-07
SMSE_B22_4_GE06_112_9,136,SMSE,GE06,2,145,2022-05-21
SMSE_B22_4_GE06_112_9,137,SMSE,GE06,4,149,2022-06-18
SMSE_B22_4_GE06_112_9,138,SMSE,GE06,3,152,2022-07-21
SMSE_B22_4_GE06_112_9,139,SMSE,GE06,2,154,2022-08-11
SMSE_B22_4_GE06_112_9,140,SMSE,GE06,2,156,2022-09-22
SMSE_B22_4_GE06_112_9,141,SMSE,GE06,1,157,2022-10-06
SMSE_B22_4_GE06_112_9,145,SMSE,GE06,1,158,2023-02-09
SMSE_B22_4_GE06_112_9,146,SMSE,GE06,3,161,2023-03-30
SMSE_B22_4_GE06_112_9,147,SMSE,GE06,2,163,2023-04-28
SMSE_B22_4_GE06_112_9,148,SMSE,GE06,2,165,2023-05-25
SMSE_B22_4_GE06_112_9,149,SMSE,GE06,1,166,2023-06-02
SMSE_B22_4_GE06_112_9,152,SMSE,GE06,1,167,2023-09-29
SMSE_B22_5_GE06_115_20,39,SMSE,GE06,0,0,2014-04-10
SMSE_B22_5_GE06_115_20,43,SMSE,GE06,1,1,2014-08-21
SMSE_B22_5_GE06_115_20,44,SMSE,GE06,1,2,2014-09-24
SMSE_B22_5_GE06_115_20,45,SMSE,GE06,0,2,2014-10-29
SMSE_B22_5_GE06_115_20,46,SMSE,GE06,1,3,2014-11-15
SMSE_B22_5_GE06_115_20,47,SMSE,GE06,0,3,2014-12-27
SMSE_B22_5_GE06_115_20,48,SMSE,GE06,2,5,2015-01-17
SMSE_B22_5_GE06_115_20,49,SMSE,GE06,3,8,2015-02-14
SMSE_B22_5_GE06_115_20,50,SMSE,GE06,2,10,2015-03-07
SMSE_B22_5_GE06_115_20,51,SMSE,GE06,2,12,2015-04-04
SMSE_B22_5_GE06_115_20,52,SMSE,GE06,2,14,2015-05-23
SMSE_B22_5_GE06_115_20,53,SMSE,GE06,2,16,2015-06-06
SMSE_B22_5_GE06_115_20,54,SMSE,GE06,1,17,2015-07-04
SMSE_B22_5_GE06_115_20,55,SMSE,GE06,2,19,2015-08-01
SMSE_B22_5_GE06_115_20,56,SMSE,GE06,4,23,2015-09-19
SMSE_B22_5_GE06_115_20,57,SMSE,GE06,3,26,2015-10-24
SMSE_B22_5_GE06_115_20,58,SMSE,GE06,3,29,2015-11-30
SMSE_B22_5_GE06_115_20,59,SMSE,GE06,3,32,2015-12-19
SMSE_B22_5_GE06_115_20,60,SMSE,GE06,2,34,2016-01-16
SMSE_B22_5_GE06_115_20,61,SMSE,GE06,1,35,2016-02-13
SMSE_B22_5_GE06_115_20,68,SMSE,GE06,6,41,2016-09-24
SMSE_B22_5_GE06_115_20,69,SMSE,GE06,4,45,2016-10-22
SMSE_B22_5_GE06_115_20,70,SMSE,GE06,1,46,2016-11-05
SMSE_B22_5_GE06_115_20,75,SMSE,GE06,2,48,2017-04-29
SMSE_B22_5_GE06_115_20,76,SMSE,GE06,1,49,2017-05-20
SMSE_B22_5_GE06_115_20,77,SMSE,GE06,2,51,2017-06-17
SMSE_B22_5_GE06_115_20,78,SMSE,GE06,3,54,2017-07-29
SMSE_B22_5_GE06_115_20,79,SMSE,GE06,2,56,2017-08-19
SMSE_B22_5_GE06_115_20,83,SMSE,GE06,1,57,2017-12-29
SMSE_B22_5_GE06_115_20,84,SMSE,GE06,1,58,2018-01-11
SMSE_B22_5_GE06_115_20,85,SMSE,GE06,2,60,2018-02-23
SMSE_B22_5_GE06_115_20,86,SMSE,GE06,2,62,2018-03-31
SMSE_B22_5_GE06_115_20,87,SMSE,GE06,2,64,2018-04-20
SMSE_B22_5_GE06_115_20,88,SMSE,GE06,2,66,2018-05-12
SMSE_B22_5_GE06_115_20,89,SMSE,GE06,4,70,2018-06-29
SMSE_B22_5_GE06_115_20,90,SMSE,GE06,2,72,2018-07-20
SMSE_B22_5_GE06_115_20,91,SMSE,GE06,2,74,2018-08-18
SMSE_B22_5_GE06_115_20,92,SMSE,GE06,1,75,2018-09-15
SMSE_B22_5_GE06_115_20,93,SMSE,GE06,3,78,2018-10-27
SMSE_B22_5_GE06_115_20,94,SMSE,GE06,1,79,2018-11-17
SMSE_B22_5_GE06_115_20,95,SMSE,GE06,1,80,2018-12-01
SMSE_B22_5_GE06_115_20,96,SMSE,GE06,3,83,2019-01-25
SMSE_B22_5_GE06_115_20,97,SMSE,GE06,1,84,2019-02-09
SMSE_B22_5_GE06_115_20,98,SMSE,GE06,1,85,2019-03-09
SMSE_B22_5_GE06_115_20,99,SMSE,GE06,1,86,2019-04-06
SMSE_B22_5_GE06_115_20,100,SMSE,GE06,1,87,2019-05-24
SMSE_B22_5_GE06_115_20,103,SMSE,GE06,5,92,2019-08-30
SMSE_B22_5_GE06_115_20,104,SMSE,GE06,2,94,2019-09-20
SMSE_B22_5_GE06_115_20,105,SMSE,GE06,2,96,2019-10-11
SMSE_B22_5_GE06_115_20,106,SMSE,GE06,2,98,2019-11-22
SMSE_B22_5_GE06_115_20,107,SMSE,GE06,2,100,2019-12-21
SMSE_B22_5_GE06_115_20,108,SMSE,GE06,1,101,2020-01-04
SMSE_B22_5_GE06_115_20,109,SMSE,GE06,2,103,2020-02-21
SMSE_B22_5_GE06_115_20,116,SMSE,GE06,1,104,2020-09-18
SMSE_B22_5_GE06_115_20,117,SMSE,GE06,4,108,2020-10-23
SMSE_B22_5_GE06_115_20,118,SMSE,GE06,1,109,2020-11-06
SMSE_B22_5_GE06_115_20,119,SMSE,GE06,1,110,2020-12-18
SMSE_B22_5_GE06_115_20,122,SMSE,GE06,1,111,2021-03-24
SMSE_B22_5_GE06_115_20,123,SMSE,GE06,2,113,2021-04-27
SMSE_B22_5_GE06_115_20,125,SMSE,GE06,1,114,2021-06-12
SMSE_B22_5_GE06_115_20,126,SMSE,GE06,2,116,2021-07-30
SMSE_B22_5_GE06_115_20,127,SMSE,GE06,3,119,2021-08-23
SMSE_B22_5_GE06_115_20,128,SMSE,GE06,2,121,2021-09-24
SMSE_B22_5_GE06_115_20,129,SMSE,GE06,1,122,2021-10-15
SMSE_B22_5_GE06_115_20,133,SMSE,GE06,1,123,2022-02-11
SMSE_B22_5_GE06_115_20,134,SMSE,GE06,1,124,2022-03-05
SMSE_B22_5_GE06_115_20,135,SMSE,GE06,1,125,2022-04-01
SMSE_B22_5_GE06_115_20,136,SMSE,GE06,3,128,2022-05-30
SMSE_B22_5_GE06_115_20,137,SMSE,GE06,3,131,2022-06-27
SMSE_B22_5_GE06_115_20,138,SMSE,GE06,2,133,2022-07-16
SMSE_B22_5_GE06_115_20,139,SMSE,GE06,1,134,2022-08-05
SMSE_B22_5_GE06_115_20,140,SMSE,GE06,3,137,2022-09-23
SMSE_B22_5_GE06_115_20,141,SMSE,GE06,1,138,2022-10-21
SMSE_B22_5_GE06_115_20,142,SMSE,GE06,1,139,2022-11-04
SMSE_B22_5_GE06_115_20,143,SMSE,GE06,1,140,2022-12-09
SMSE_B22_5_GE06_115_20,147,SMSE,GE06,1,141,2023-04-29
SMSE_B22_5_GE06_115_20,146,SMSE,GE06,1,142,2023-03-31
SMSE_B22_5_GE06_115_20,148,SMSE,GE06,2,144,2023-05-26
SMSE_B22_5_GE06_115_20,149,SMSE,GE06,2,146,2023-06-09
SMSE_B22_5_GE06_115_20,150,SMSE,GE06,1,147,2023-07-07
SMSE_B22_5_GE06_115_20,151,SMSE,GE06,1,148,2023-08-25
SMSE_B22_5_GE06_115_20,152,SMSE,GE06,3,151,2023-09-22
SMSE_B22_5_GE02_116_14,41,SMSE,GE02,1,1,2014-06-10
SMSE_B22_5_GE02_116_14,42,SMSE,GE02,0,1,2014-07-13
SMSE_B22_5_GE02_116_14,43,SMSE,GE02,1,2,2014-08-21
SMSE_B22_5_GE02_116_14,44,SMSE,GE02,0,2,2014-09-29
SMSE_B22_5_GE02_116_14,45,SMSE,GE02,2,4,2014-10-23
SMSE_B22_5_GE02_116_14,46,SMSE,GE02,1,5,2014-11-08
SMSE_B22_5_GE02_116_14,47,SMSE,GE02,0,5,2014-12-20
SMSE_B22_5_GE02_116_14,48,SMSE,GE02,2,7,2015-01-17
SMSE_B22_5_GE02_116_14,49,SMSE,GE02,4,11,2015-02-14
SMSE_B22_5_GE02_116_14,50,SMSE,GE02,2,13,2015-03-20
SMSE_B22_5_GE02_116_14,51,SMSE,GE02,3,16,2015-04-25
SMSE_B22_5_GE02_116_14,52,SMSE,GE02,1,17,2015-05-02
SMSE_B22_5_GE02_116_14,53,SMSE,GE02,1,18,2015-06-08
SMSE_B22_5_GE02_116_14,55,SMSE,GE02,1,19,2015-08-27
SMSE_B22_5_GE02_116_14,56,SMSE,GE02,1,20,2015-09-05
SMSE_B22_5_GE02_116_14,57,SMSE,GE02,3,23,2015-10-24
SMSE_B22_5_GE02_116_14,58,SMSE,GE02,7,30,2015-11-30
SMSE_B22_5_GE02_116_14,59,SMSE,GE02,3,33,2015-12-19
SMSE_B22_5_GE02_116_14,60,SMSE,GE02,3,36,2016-01-16
SMSE_B22_5_GE02_116_14,61,SMSE,GE02,1,37,2016-02-13
SMSE_B22_5_GE02_116_14,68,SMSE,GE02,4,41,2016-09-24
SMSE_B22_5_GE02_116_14,69,SMSE,GE02,4,45,2016-10-22
SMSE_B22_5_GE02_116_14,70,SMSE,GE02,1,46,2016-11-05
SMSE_B22_5_GE02_116_14,71,SMSE,GE02,1,47,2016-12-10
SMSE_B22_5_GE02_116_14,75,SMSE,GE02,1,48,2017-04-08
SMSE_B22_5_GE02_116_14,76,SMSE,GE02,3,51,2017-05-22
SMSE_B22_5_GE02_116_14,77,SMSE,GE02,1,52,2017-06-10
SMSE_B22_5_GE02_116_14,78,SMSE,GE02,3,55,2017-07-03
SMSE_B22_5_GE02_116_14,79,SMSE,GE02,3,58,2017-08-19
SMSE_B22_5_GE02_116_14,84,SMSE,GE02,1,59,2018-01-06
SMSE_B22_5_GE02_116_14,85,SMSE,GE02,3,62,2018-02-17
SMSE_B22_5_GE02_116_14,86,SMSE,GE02,2,64,2018-03-10
SMSE_B22_5_GE02_116_14,88,SMSE,GE02,6,71,2018-05-26
SMSE_B22_5_GE02_116_14,87,SMSE,GE02,1,67,2018-04-13
SMSE_B22_5_GE02_116_14,89,SMSE,GE02,4,75,2018-06-29
SMSE_B22_5_GE02_116_14,90,SMSE,GE02,1,76,2018-07-13
SMSE_B22_5_GE02_116_14,91,SMSE,GE02,2,78,2018-08-10
SMSE_B22_5_GE02_116_14,92,SMSE,GE02,1,79,2018-09-21
SMSE_B22_5_GE02_116_14,93,SMSE,GE02,2,81,2018-10-20
SMSE_B22_5_GE02_116_14,94,SMSE,GE02,3,84,2018-11-24
SMSE_B22_5_GE02_116_14,95,SMSE,GE02,1,85,2018-12-07
SMSE_B22_5_GE02_116_14,96,SMSE,GE02,1,86,2019-01-05
SMSE_B22_5_GE02_116_14,99,SMSE,GE02,4,90,2019-04-20
SMSE_B22_5_GE02_116_14,100,SMSE,GE02,2,92,2019-05-31
SMSE_B22_5_GE02_116_14,101,SMSE,GE02,1,93,2019-06-21
SMSE_B22_5_GE02_116_14,102,SMSE,GE02,2,95,2019-07-26
SMSE_B22_5_GE02_116_14,103,SMSE,GE02,4,99,2019-08-30
SMSE_B22_5_GE02_116_14,104,SMSE,GE02,2,101,2019-09-27
SMSE_B22_5_GE02_116_14,105,SMSE,GE02,1,102,2019-10-11
SMSE_B22_5_GE02_116_14,106,SMSE,GE02,2,104,2019-11-22
SMSE_B22_5_GE02_116_14,107,SMSE,GE02,3,107,2019-12-28
SMSE_B22_5_GE02_116_14,108,SMSE,GE02,1,108,2020-01-31
SMSE_B22_5_GE02_116_14,109,SMSE,GE02,2,110,2020-02-28
SMSE_B22_5_GE02_116_14,110,SMSE,GE02,1,111,2020-03-27
SMSE_B22_5_GE02_116_14,116,SMSE,GE02,2,113,2020-09-25
SMSE_B22_5_GE02_116_14,117,SMSE,GE02,6,119,2020-10-23
SMSE_B22_5_GE02_116_14,118,SMSE,GE02,1,120,2020-11-26
SMSE_B22_5_GE02_116_14,119,SMSE,GE02,1,121,2020-12-24
SMSE_B22_5_GE02_116_14,120,SMSE,GE02,2,123,2021-01-22
SMSE_B22_5_GE02_116_14,121,SMSE,GE02,1,124,2021-02-13
SMSE_B22_5_GE02_116_14,122,SMSE,GE02,1,125,2021-03-05
SMSE_B22_5_GE02_116_14,123,SMSE,GE02,2,127,2021-04-16
SMSE_B22_5_GE02_116_14,124,SMSE,GE02,1,128,2021-05-10
SMSE_B22_5_GE02_116_14,125,SMSE,GE02,1,129,2021-06-05
SMSE_B22_5_GE02_116_14,126,SMSE,GE02,1,130,2021-07-24
SMSE_B22_5_GE02_116_14,127,SMSE,GE02,2,132,2021-08-23
SMSE_B22_5_GE02_116_14,128,SMSE,GE02,3,135,2021-09-24
SMSE_B22_5_GE02_116_14,129,SMSE,GE02,1,136,2021-10-23
SMSE_B22_5_GE02_116_14,130,SMSE,GE02,1,137,2021-11-05
SMSE_B22_5_GE02_116_14,134,SMSE,GE02,1,138,2022-03-11
SMSE_B22_5_GE02_116_14,135,SMSE,GE02,1,139,2022-04-01
SMSE_B22_5_GE02_116_14,136,SMSE,GE02,2,141,2022-05-23
SMSE_B22_5_GE02_116_14,138,SMSE,GE02,3,146,2022-07-08
SMSE_B22_5_GE02_116_14,137,SMSE,GE02,1,143,2022-06-27
SMSE_B22_5_GE02_116_14,139,SMSE,GE02,4,149,2022-08-12
SMSE_B22_5_GE02_116_14,140,SMSE,GE02,3,152,2022-09-23
SMSE_B22_5_GE02_116_14,141,SMSE,GE02,1,153,2022-10-14
SMSE_B22_5_GE02_116_14,149,SMSE,GE02,2,155,2023-06-30
SMSE_B22_5_GE02_116_14,150,SMSE,GE02,5,160,2023-07-07
SMSE_B22_5_GE02_116_14,151,SMSE,GE02,3,163,2023-08-07
SMSE_B22_5_GE02_116_14,152,SMSE,GE02,3,166,2023-09-22
SMSE_B22_5_GE02_116_15,40,SMSE,GE02,0,0,2014-05-09
SMSE_B22_5_GE02_116_15,41,SMSE,GE02,1,1,2014-06-10
SMSE_B22_5_GE02_116_15,42,SMSE,GE02,0,1,2014-07-13
SMSE_B22_5_GE02_116_15,43,SMSE,GE02,1,2,2014-08-21
SMSE_B22_5_GE02_116_15,44,SMSE,GE02,1,3,2014-09-24
SMSE_B22_5_GE02_116_15,45,SMSE,GE02,1,4,2014-10-21
SMSE_B22_5_GE02_116_15,46,SMSE,GE02,1,5,2014-11-15
SMSE_B22_5_GE02_116_15,47,SMSE,GE02,0,5,2014-12-06
SMSE_B22_5_GE02_116_15,48,SMSE,GE02,1,6,2015-01-17
SMSE_B22_5_GE02_116_15,49,SMSE,GE02,3,9,2015-02-14
SMSE_B22_5_GE02_116_15,50,SMSE,GE02,2,11,2015-03-20
SMSE_B22_5_GE02_116_15,51,SMSE,GE02,2,13,2015-04-04
SMSE_B22_5_GE02_116_15,52,SMSE,GE02,3,16,2015-05-23
SMSE_B22_5_GE02_116_15,53,SMSE,GE02,1,17,2015-06-08
SMSE_B22_5_GE02_116_15,55,SMSE,GE02,1,18,2015-08-27
SMSE_B22_5_GE02_116_15,56,SMSE,GE02,4,22,2015-09-28
SMSE_B22_5_GE02_116_15,57,SMSE,GE02,2,24,2015-10-10
SMSE_B22_5_GE02_116_15,58,SMSE,GE02,6,30,2015-11-30
SMSE_B22_5_GE02_116_15,59,SMSE,GE02,4,34,2015-12-26
SMSE_B22_5_GE02_116_15,60,SMSE,GE02,2,36,2016-01-16
SMSE_B22_5_GE02_116_15,68,SMSE,GE02,2,38,2016-09-24
SMSE_B22_5_GE02_116_15,69,SMSE,GE02,5,43,2016-10-22
SMSE_B22_5_GE02_116_15,70,SMSE,GE02,1,44,2016-11-05
SMSE_B22_5_GE02_116_15,71,SMSE,GE02,1,45,2016-12-10
SMSE_B22_5_GE02_116_15,73,SMSE,GE02,1,46,2017-02-23
SMSE_B22_5_GE02_116_15,74,SMSE,GE02,1,47,2017-03-11
SMSE_B22_5_GE02_116_15,75,SMSE,GE02,2,49,2017-04-29
SMSE_B22_5_GE02_116_15,76,SMSE,GE02,3,52,2017-05-29
SMSE_B22_5_GE02_116_15,77,SMSE,GE02,1,53,2017-06-10
SMSE_B22_5_GE02_116_15,78,SMSE,GE02,1,54,2017-07-03
SMSE_B22_5_GE02_116_15,79,SMSE,GE02,1,55,2017-08-05
SMSE_B22_5_GE02_116_15,81,SMSE,GE02,3,58,2017-10-28
SMSE_B22_5_GE02_116_15,82,SMSE,GE02,1,59,2017-11-04
SMSE_B22_5_GE02_116_15,83,SMSE,GE02,4,63,2017-12-22
SMSE_B22_5_GE02_116_15,84,SMSE,GE02,3,66,2018-01-26
SMSE_B22_5_GE02_116_15,85,SMSE,GE02,1,67,2018-02-23
SMSE_B22_5_GE02_116_15,86,SMSE,GE02,3,70,2018-03-31
SMSE_B22_5_GE02_116_15,87,SMSE,GE02,2,72,2018-04-27
SMSE_B22_5_GE02_116_15,88,SMSE,GE02,2,74,2018-05-18
SMSE_B22_5_GE02_116_15,89,SMSE,GE02,2,76,2018-06-08
SMSE_B22_5_GE02_116_15,93,SMSE,GE02,4,80,2018-10-27
SMSE_B22_5_GE02_116_15,94,SMSE,GE02,5,85,2018-11-24
SMSE_B22_5_GE02_116_15,95,SMSE,GE02,1,86,2018-12-07
SMSE_B22_5_GE02_116_15,96,SMSE,GE02,4,90,2019-01-25
SMSE_B22_5_GE02_116_15,97,SMSE,GE02,1,91,2019-02-09
SMSE_B22_5_GE02_116_15,98,SMSE,GE02,1,92,2019-03-09
SMSE_B22_5_GE02_116_15,105,SMSE,GE02,4,97,2019-10-18
SMSE_B22_5_GE02_116_15,104,SMSE,GE02,1,94,2019-09-27
SMSE_B22_5_GE02_116_15,106,SMSE,GE02,1,98,2019-11-01
SMSE_B22_5_GE02_116_15,107,SMSE,GE02,1,99,2019-12-28
SMSE_B22_5_GE02_116_15,108,SMSE,GE02,1,100,2020-01-04
SMSE_B22_5_GE02_116_15,109,SMSE,GE02,1,101,2020-02-21
SMSE_B22_5_GE02_116_15,110,SMSE,GE02,1,102,2020-03-13
SMSE_B22_5_GE02_116_15,112,SMSE,GE02,1,103,2020-05-22
SMSE_B22_5_GE02_116_15,115,SMSE,GE02,1,104,2020-08-27
SMSE_B22_5_GE02_116_15,116,SMSE,GE02,2,106,2020-09-25
SMSE_B22_5_GE02_116_15,117,SMSE,GE02,1,107,2020-10-02
SMSE_B22_5_GE02_116_15,120,SMSE,GE02,1,108,2021-01-29
SMSE_B22_5_GE02_116_15,121,SMSE,GE02,1,109,2021-02-26
SMSE_B22_5_GE02_116_15,123,SMSE,GE02,2,111,2021-04-27
SMSE_B22_5_GE02_116_15,124,SMSE,GE02,2,113,2021-05-27
SMSE_B22_5_GE02_116_15,125,SMSE,GE02,2,115,2021-06-18
SMSE_B22_5_GE02_116_15,126,SMSE,GE02,2,117,2021-07-24
SMSE_B22_5_GE02_116_15,127,SMSE,GE02,2,119,2021-08-23
SMSE_B22_5_GE02_116_15,137,SMSE,GE02,5,125,2022-06-27
SMSE_B22_5_GE02_116_15,136,SMSE,GE02,1,121,2022-05-23
SMSE_B22_5_GE02_116_15,138,SMSE,GE02,4,129,2022-07-16
SMSE_B22_5_GE02_116_15,139,SMSE,GE02,1,130,2022-08-12
SMSE_B22_5_GE02_116_15,141,SMSE,GE02,1,131,2022-10-28
SMSE_B22_5_GE02_116_15,142,SMSE,GE02,1,132,2022-11-11
SMSE_B22_5_GE02_116_15,143,SMSE,GE02,2,134,2022-12-23
SMSE_B22_5_GE02_116_15,144,SMSE,GE02,2,136,2023-01-13
SMSE_B22_5_GE02_116_15,145,SMSE,GE02,1,137,2023-02-17
SMSE_B22_5_GE02_116_15,148,SMSE,GE02,1,138,2023-05-26
SMSE_B22_5_GE02_116_15,149,SMSE,GE02,1,139,2023-06-24
SMSE_B22_5_GE02_116_15,150,SMSE,GE02,2,141,2023-07-07
SMSE_B22_5_GE02_116_15,152,SMSE,GE02,1,142,2023-09-22
SMSE_B22_5_GE02_116_16,41,SMSE,GE02,1,1,2014-06-10
SMSE_B22_5_GE02_116_16,42,SMSE,GE02,0,1,2014-07-13
SMSE_B22_5_GE02_116_16,43,SMSE,GE02,1,2,2014-08-21
SMSE_B22_5_GE02_116_16,44,SMSE,GE02,1,3,2014-09-24
SMSE_B22_5_GE02_116_16,45,SMSE,GE02,1,4,2014-10-23
SMSE_B22_5_GE02_116_16,46,SMSE,GE02,1,5,2014-11-15
SMSE_B22_5_GE02_116_16,47,SMSE,GE02,0,5,2014-12-20
SMSE_B22_5_GE02_116_16,48,SMSE,GE02,1,6,2015-01-17
SMSE_B22_5_GE02_116_16,49,SMSE,GE02,3,9,2015-02-14
SMSE_B22_5_GE02_116_16,50,SMSE,GE02,3,12,2015-03-20
SMSE_B22_5_GE02_116_16,51,SMSE,GE02,2,14,2015-04-04
SMSE_B22_5_GE02_116_16,52,SMSE,GE02,1,15,2015-05-02
SMSE_B22_5_GE02_116_16,53,SMSE,GE02,1,16,2015-06-25
SMSE_B22_5_GE02_116_16,55,SMSE,GE02,1,17,2015-08-27
SMSE_B22_5_GE02_116_16,56,SMSE,GE02,2,20,2015-09-28
SMSE_B22_5_GE02_116_16,57,SMSE,GE02,4,23,2015-10-24
SMSE_B22_5_GE02_116_16,58,SMSE,GE02,4,28,2015-11-30
SMSE_B22_5_GE02_116_16,59,SMSE,GE02,2,29,2015-12-26
SMSE_B22_5_GE02_116_16,60,SMSE,GE02,3,32,2016-01-16
SMSE_B22_5_GE02_116_16,61,SMSE,GE02,1,33,2016-02-13
SMSE_B22_5_GE02_116_16,69,SMSE,GE02,2,35,2016-10-22
SMSE_B22_5_GE02_116_16,70,SMSE,GE02,4,39,2016-11-26
SMSE_B22_5_GE02_116_16,71,SMSE,GE02,2,41,2016-12-24
SMSE_B22_5_GE02_116_16,72,SMSE,GE02,2,43,2017-01-30
SMSE_B22_5_GE02_116_16,73,SMSE,GE02,2,45,2017-02-23
SMSE_B22_5_GE02_116_16,76,SMSE,GE02,1,46,2017-05-29
SMSE_B22_5_GE02_116_16,77,SMSE,GE02,1,47,2017-06-10
SMSE_B22_5_GE02_116_16,79,SMSE,GE02,4,52,2017-08-26
SMSE_B22_5_GE02_116_16,78,SMSE,GE02,1,49,2017-07-15
SMSE_B22_5_GE02_116_16,80,SMSE,GE02,2,54,2017-09-16
SMSE_B22_5_GE02_116_16,81,SMSE,GE02,2,56,2017-10-28
SMSE_B22_5_GE02_116_16,82,SMSE,GE02,1,57,2017-11-04
SMSE_B22_5_GE02_116_16,83,SMSE,GE02,1,58,2017-12-18
SMSE_B22_5_GE02_116_16,91,SMSE,GE02,8,67,2018-08-31
SMSE_B22_5_GE02_116_16,92,SMSE,GE02,5,71,2018-09-29
SMSE_B22_5_GE02_116_16,93,SMSE,GE02,1,72,2018-10-05
SMSE_B22_5_GE02_116_16,94,SMSE,GE02,2,74,2018-11-24
SMSE_B22_5_GE02_116_16,95,SMSE,GE02,1,75,2018-12-07
SMSE_B22_5_GE02_116_16,96,SMSE,GE02,2,77,2019-01-18
SMSE_B22_5_GE02_116_16,97,SMSE,GE02,1,78,2019-02-09
SMSE_B22_5_GE02_116_16,104,SMSE,GE02,3,81,2019-09-20
SMSE_B22_5_GE02_116_16,105,SMSE,GE02,1,82,2019-10-18
SMSE_B22_5_GE02_116_16,108,SMSE,GE02,1,83,2020-01-10
SMSE_B22_5_GE02_116_16,109,SMSE,GE02,3,86,2020-02-28
SMSE_B22_5_GE02_116_16,110,SMSE,GE02,1,87,2020-03-27
SMSE_B22_5_GE02_116_16,111,SMSE,GE02,1,88,2020-04-11
SMSE_B22_5_GE02_116_16,112,SMSE,GE02,2,90,2020-05-22
SMSE_B22_5_GE02_116_16,115,SMSE,GE02,1,91,2020-08-27
SMSE_B22_5_GE02_116_16,116,SMSE,GE02,3,94,2020-09-18
SMSE_B22_5_GE02_116_16,117,SMSE,GE02,2,96,2020-10-02
SMSE_B22_5_GE02_116_16,118,SMSE,GE02,3,99,2020-11-26
SMSE_B22_5_GE02_116_16,119,SMSE,GE02,2,101,2020-12-31
SMSE_B22_5_GE02_116_16,123,SMSE,GE02,1,102,2021-04-27
SMSE_B22_5_GE02_116_16,124,SMSE,GE02,1,103,2021-05-10
SMSE_B22_5_GE02_116_16,128,SMSE,GE02,2,105,2021-09-24
SMSE_B22_5_GE02_116_16,129,SMSE,GE02,3,109,2021-10-23
SMSE_B22_5_GE02_116_16,130,SMSE,GE02,3,111,2021-11-12
SMSE_B22_5_GE02_116_16,131,SMSE,GE02,1,112,2021-12-03
SMSE_B22_5_GE02_116_16,140,SMSE,GE02,4,116,2022-09-23
SMSE_B22_5_GE02_116_16,141,SMSE,GE02,3,119,2022-10-21
SMSE_B22_5_GE02_116_16,142,SMSE,GE02,1,120,2022-11-11
SMSE_B22_5_GE02_116_16,146,SMSE,GE02,1,121,2023-03-31
SMSE_B22_5_GE02_116_16,148,SMSE,GE02,1,122,2023-05-12
SMSE_B22_5_GE02_116_16,149,SMSE,GE02,1,123,2023-06-09
SMSE_B22_5_GE02_116_16,151,SMSE,GE02,5,130,2023-08-07
SMSE_B22_5_GE02_116_16,150,SMSE,GE02,2,126,2023-07-22
SMSE_B22_5_GE02_116_16,152,SMSE,GE02,1,131,2023-09-22
SMSE_B22_5_GE06_116_19,39,SMSE,GE06,0,0,2014-04-25
SMSE_B22_5_GE06_116_19,40,SMSE,GE06,0,0,2014-05-22
SMSE_B22_5_GE06_116_19,41,SMSE,GE06,1,1,2014-06-16
SMSE_B22_5_GE06_116_19,43,SMSE,GE06,1,2,2014-08-21
SMSE_B22_5_GE06_116_19,44,SMSE,GE06,1,3,2014-09-23
SMSE_B22_5_GE06_116_19,45,SMSE,GE06,1,4,2014-10-23
SMSE_B22_5_GE06_116_19,46,SMSE,GE06,1,5,2014-11-01
SMSE_B22_5_GE06_116_19,48,SMSE,GE06,2,7,2015-01-17
SMSE_B22_5_GE06_116_19,49,SMSE,GE06,3,10,2015-02-14
SMSE_B22_5_GE06_116_19,50,SMSE,GE06,1,11,2015-03-07
SMSE_B22_5_GE06_116_19,51,SMSE,GE06,2,13,2015-04-04
SMSE_B22_5_GE06_116_19,52,SMSE,GE06,1,14,2015-05-02
SMSE_B22_5_GE06_116_19,55,SMSE,GE06,6,20,2015-08-27
SMSE_B22_5_GE06_116_19,56,SMSE,GE06,1,21,2015-09-05
SMSE_B22_5_GE06_116_19,57,SMSE,GE06,4,25,2015-10-24
SMSE_B22_5_GE06_116_19,58,SMSE,GE06,4,29,2015-11-30
SMSE_B22_5_GE06_116_19,59,SMSE,GE06,2,31,2015-12-26
SMSE_B22_5_GE06_116_19,60,SMSE,GE06,1,32,2016-01-16
SMSE_B22_5_GE06_116_19,61,SMSE,GE06,1,33,2016-02-13
SMSE_B22_5_GE06_116_19,68,SMSE,GE06,5,38,2016-09-10
SMSE_B22_5_GE06_116_19,69,SMSE,GE06,4,42,2016-10-28
SMSE_B22_5_GE06_116_19,70,SMSE,GE06,2,44,2016-11-26
SMSE_B22_5_GE06_116_19,71,SMSE,GE06,2,46,2016-12-10
SMSE_B22_5_GE06_116_19,72,SMSE,GE06,1,47,2017-01-07
SMSE_B22_5_GE06_116_19,75,SMSE,GE06,2,49,2017-04-29
SMSE_B22_5_GE06_116_19,76,SMSE,GE06,2,51,2017-05-29
SMSE_B22_5_GE06_116_19,77,SMSE,GE06,1,52,2017-06-28
SMSE_B22_5_GE06_116_19,78,SMSE,GE06,2,54,2017-07-15
SMSE_B22_5_GE06_116_19,79,SMSE,GE06,4,58,2017-08-19
SMSE_B22_5_GE06_116_19,80,SMSE,GE06,3,61,2017-09-30
SMSE_B22_5_GE06_116_19,81,SMSE,GE06,1,62,2017-10-07
SMSE_B22_5_GE06_116_19,82,SMSE,GE06,2,64,2017-11-11
SMSE_B22_5_GE06_116_19,84,SMSE,GE06,1,65,2018-01-19
SMSE_B22_5_GE06_116_19,85,SMSE,GE06,1,66,2018-02-09
SMSE_B22_5_GE06_116_19,86,SMSE,GE06,1,67,2018-03-03
SMSE_B22_5_GE06_116_19,89,SMSE,GE06,5,72,2018-06-29
SMSE_B22_5_GE06_116_19,90,SMSE,GE06,3,75,2018-07-27
SMSE_B22_5_GE06_116_19,91,SMSE,GE06,2,77,2018-08-18
SMSE_B22_5_GE06_116_19,92,SMSE,GE06,3,80,2018-09-21
SMSE_B22_5_GE06_116_19,93,SMSE,GE06,3,83,2018-10-27
SMSE_B22_5_GE06_116_19,94,SMSE,GE06,2,85,2018-11-24
SMSE_B22_5_GE06_116_19,95,SMSE,GE06,1,86,2018-12-07
SMSE_B22_5_GE06_116_19,96,SMSE,GE06,1,87,2019-01-05
SMSE_B22_5_GE06_116_19,97,SMSE,GE06,2,89,2019-02-22
SMSE_B22_5_GE06_116_19,102,SMSE,GE06,1,90,2019-07-26
SMSE_B22_5_GE06_116_19,103,SMSE,GE06,7,97,2019-08-23
SMSE_B22_5_GE06_116_19,104,SMSE,GE06,3,100,2019-09-20
SMSE_B22_5_GE06_116_19,105,SMSE,GE06,3,103,2019-10-11
SMSE_B22_5_GE06_116_19,106,SMSE,GE06,3,106,2019-11-22
SMSE_B22_5_GE06_116_19,107,SMSE,GE06,1,107,2019-12-12
SMSE_B22_5_GE06_116_19,108,SMSE,GE06,2,109,2020-01-17
SMSE_B22_5_GE06_116_19,117,SMSE,GE06,3,113,2020-10-09
SMSE_B22_5_GE06_116_19,116,SMSE,GE06,1,111,2020-09-25
SMSE_B22_5_GE06_116_19,120,SMSE,GE06,2,115,2021-01-15
SMSE_B22_5_GE06_116_19,121,SMSE,GE06,2,117,2021-02-13
SMSE_B22_5_GE06_116_19,122,SMSE,GE06,1,118,2021-03-19
SMSE_B22_5_GE06_116_19,123,SMSE,GE06,2,120,2021-04-16
SMSE_B22_5_GE06_116_19,124,SMSE,GE06,2,122,2021-05-21
SMSE_B22_5_GE06_116_19,125,SMSE,GE06,2,124,2021-06-18
SMSE_B22_5_GE06_116_19,126,SMSE,GE06,2,126,2021-07-24
SMSE_B22_5_GE06_116_19,127,SMSE,GE06,2,128,2021-08-23
SMSE_B22_5_GE06_116_19,128,SMSE,GE06,2,130,2021-09-17
SMSE_B22_5_GE06_116_19,129,SMSE,GE06,2,132,2021-10-29
SMSE_B22_5_GE06_116_19,130,SMSE,GE06,1,133,2021-11-05
SMSE_B22_5_GE06_116_19,135,SMSE,GE06,3,136,2022-04-29
SMSE_B22_5_GE06_116_19,136,SMSE,GE06,3,139,2022-05-23
SMSE_B22_5_GE06_116_19,137,SMSE,GE06,3,142,2022-06-27
SMSE_B22_5_GE06_116_19,138,SMSE,GE06,2,144,2022-07-16
SMSE_B22_5_GE06_116_19,139,SMSE,GE06,3,147,2022-08-26
SMSE_B22_5_GE06_116_19,140,SMSE,GE06,2,149,2022-09-23
SMSE_B22_5_GE06_116_19,141,SMSE,GE06,1,150,2022-10-21
SMSE_B22_5_GE06_116_19,142,SMSE,GE06,1,151,2022-11-18
SMSE_B22_5_GE06_116_19,143,SMSE,GE06,1,152,2022-12-09
SMSE_B22_5_GE06_116_19,148,SMSE,GE06,3,155,2023-05-06
SMSE_B22_5_GE06_116_19,147,SMSE,GE06,1,156,2023-04-29
SMSE_B22_5_GE06_116_19,149,SMSE,GE06,1,157,2023-06-24
SMSE_B22_5_GE06_116_19,150,SMSE,GE06,2,159,2023-07-22
SMSE_B22_5_GE06_116_19,151,SMSE,GE06,1,160,2023-08-25
SMSE_B22_5_GE06_116_19,152,SMSE,GE06,1,161,2023-09-22
SMSE_B22_5_GE06_117_20,39,SMSE,GE06,0,0,2014-04-02
SMSE_B22_5_GE06_117_20,41,SMSE,GE06,1,1,2014-06-22
SMSE_B22_5_GE06_117_20,43,SMSE,GE06,1,2,2014-08-21
SMSE_B22_5_GE06_117_20,44,SMSE,GE06,1,3,2014-09-23
SMSE_B22_5_GE06_117_20,45,SMSE,GE06,1,4,2014-10-23
SMSE_B22_5_GE06_117_20,46,SMSE,GE06,1,5,2014-11-08
SMSE_B22_5_GE06_117_20,47,SMSE,GE06,0,5,2014-12-06
SMSE_B22_5_GE06_117_20,48,SMSE,GE06,2,7,2015-01-17
SMSE_B22_5_GE06_117_20,49,SMSE,GE06,3,10,2015-02-14
SMSE_B22_5_GE06_117_20,50,SMSE,GE06,2,12,2015-03-20
SMSE_B22_5_GE06_117_20,51,SMSE,GE06,2,14,2015-04-18
SMSE_B22_5_GE06_117_20,52,SMSE,GE06,2,16,2015-05-02
SMSE_B22_5_GE06_117_20,53,SMSE,GE06,1,17,2015-06-06
SMSE_B22_5_GE06_117_20,55,SMSE,GE06,2,19,2015-08-01
SMSE_B22_5_GE06_117_20,56,SMSE,GE06,3,22,2015-09-19
SMSE_B22_5_GE06_117_20,57,SMSE,GE06,4,26,2015-10-24
SMSE_B22_5_GE06_117_20,58,SMSE,GE06,4,30,2015-11-21
SMSE_B22_5_GE06_117_20,59,SMSE,GE06,3,33,2015-12-26
SMSE_B22_5_GE06_117_20,68,SMSE,GE06,6,40,2016-09-24
SMSE_B22_5_GE06_117_20,67,SMSE,GE06,1,35,2016-08-11
SMSE_B22_5_GE06_117_20,69,SMSE,GE06,3,43,2016-10-15
SMSE_B22_5_GE06_117_20,70,SMSE,GE06,3,46,2016-11-26
SMSE_B22_5_GE06_117_20,71,SMSE,GE06,2,48,2016-12-24
SMSE_B22_5_GE06_117_20,72,SMSE,GE06,1,49,2017-01-10
SMSE_B22_5_GE06_117_20,78,SMSE,GE06,2,52,2017-07-15
SMSE_B22_5_GE06_117_20,77,SMSE,GE06,1,51,2017-06-10
SMSE_B22_5_GE06_117_20,79,SMSE,GE06,4,56,2017-08-19
SMSE_B22_5_GE06_117_20,80,SMSE,GE06,3,59,2017-09-30
SMSE_B22_5_GE06_117_20,81,SMSE,GE06,1,60,2017-10-07
SMSE_B22_5_GE06_117_20,86,SMSE,GE06,2,62,2018-03-16
SMSE_B22_5_GE06_117_20,89,SMSE,GE06,5,67,2018-06-29
SMSE_B22_5_GE06_117_20,90,SMSE,GE06,3,70,2018-07-27
SMSE_B22_5_GE06_117_20,91,SMSE,GE06,2,72,2018-08-18
SMSE_B22_5_GE06_117_20,92,SMSE,GE06,2,74,2018-09-15
SMSE_B22_5_GE06_117_20,93,SMSE,GE06,1,75,2018-10-20
SMSE_B22_5_GE06_117_20,101,SMSE,GE06,2,77,2019-06-27
SMSE_B22_5_GE06_117_20,102,SMSE,GE06,4,81,2019-07-20
SMSE_B22_5_GE06_117_20,103,SMSE,GE06,4,85,2019-08-23
SMSE_B22_5_GE06_117_20,104,SMSE,GE06,3,88,2019-09-20
SMSE_B22_5_GE06_117_20,105,SMSE,GE06,1,89,2019-10-04
SMSE_B22_5_GE06_117_20,108,SMSE,GE06,1,90,2020-01-24
SMSE_B22_5_GE06_117_20,109,SMSE,GE06,1,91,2020-02-28
SMSE_B22_5_GE06_117_20,115,SMSE,GE06,1,92,2020-08-27
SMSE_B22_5_GE06_117_20,116,SMSE,GE06,4,96,2020-09-25
SMSE_B22_5_GE06_117_20,117,SMSE,GE06,3,99,2020-10-28
SMSE_B22_5_GE06_117_20,118,SMSE,GE06,1,100,2020-11-06
SMSE_B22_5_GE06_117_20,120,SMSE,GE06,2,102,2021-01-22
SMSE_B22_5_GE06_117_20,121,SMSE,GE06,1,103,2021-02-26
SMSE_B22_5_GE06_117_20,122,SMSE,GE06,1,104,2021-03-24
SMSE_B22_5_GE06_117_20,123,SMSE,GE06,1,105,2021-04-22
SMSE_B22_5_GE06_117_20,124,SMSE,GE06,1,106,2021-05-21
SMSE_B22_5_GE06_117_20,126,SMSE,GE06,1,107,2021-07-24
SMSE_B22_5_GE06_117_20,127,SMSE,GE06,2,109,2021-08-23
SMSE_B22_5_GE06_117_20,128,SMSE,GE06,2,111,2021-09-24
SMSE_B22_5_GE06_117_20,129,SMSE,GE06,2,113,2021-10-15
SMSE_B22_5_GE06_117_20,130,SMSE,GE06,1,114,2021-11-05
SMSE_B22_5_GE06_117_20,131,SMSE,GE06,1,115,2021-12-10
SMSE_B22_5_GE06_117_20,133,SMSE,GE06,1,116,2022-02-18
SMSE_B22_5_GE06_117_20,134,SMSE,GE06,1,117,2022-03-18
SMSE_B22_5_GE06_117_20,135,SMSE,GE06,1,118,2022-04-08
SMSE_B22_5_GE06_117_20,138,SMSE,GE06,2,120,2022-07-16
SMSE_B22_5_GE06_117_20,139,SMSE,GE06,4,124,2022-08-26
SMSE_B22_5_GE06_117_20,140,SMSE,GE06,3,127,2022-09-23
SMSE_B22_5_GE06_117_20,141,SMSE,GE06,1,128,2022-10-21
SMSE_B22_5_GE06_117_20,142,SMSE,GE06,1,129,2022-11-11
SMSE_B22_5_GE06_117_20,149,SMSE,GE06,1,130,2023-06-24
SMSE_B22_5_GE06_117_20,150,SMSE,GE06,2,132,2023-07-22
SMSE_B22_5_GE06_117_20,151,SMSE,GE06,3,135,2023-08-19
SMSE_B22_5_GE06_117_20,152,SMSE,GE06,1,136,2023-09-22
SMSE_B22_5_GE06_120_26,41,SMSE,GE06,0,0,2014-06-16
SMSE_B22_5_GE06_120_26,42,SMSE,GE06,0,0,2014-07-13
SMSE_B22_5_GE06_120_26,43,SMSE,GE06,2,2,2014-08-27
SMSE_B22_5_GE06_120_26,44,SMSE,GE06,1,3,2014-09-12
SMSE_B22_5_GE06_120_26,45,SMSE,GE06,0,3,2014-10-29
SMSE_B22_5_GE06_120_26,46,SMSE,GE06,1,4,2014-11-22
SMSE_B22_5_GE06_120_26,47,SMSE,GE06,0,4,2014-12-27
SMSE_B22_5_GE06_120_26,48,SMSE,GE06,2,6,2015-01-17
SMSE_B22_5_GE06_120_26,49,SMSE,GE06,3,9,2015-02-21
SMSE_B22_5_GE06_120_26,50,SMSE,GE06,2,11,2015-03-28
SMSE_B22_5_GE06_120_26,51,SMSE,GE06,2,13,2015-04-25
SMSE_B22_5_GE06_120_26,55,SMSE,GE06,3,17,2015-08-15
SMSE_B22_5_GE06_120_26,56,SMSE,GE06,6,22,2015-09-28
SMSE_B22_5_GE06_120_26,57,SMSE,GE06,4,26,2015-10-07
SMSE_B22_5_GE06_120_26,58,SMSE,GE06,3,29,2015-11-30
SMSE_B22_5_GE06_120_26,59,SMSE,GE06,2,31,2015-12-19
SMSE_B22_5_GE06_120_26,60,SMSE,GE06,1,32,2016-01-21
SMSE_B22_5_GE06_120_26,67,SMSE,GE06,3,35,2016-08-27
SMSE_B22_5_GE06_120_26,68,SMSE,GE06,3,38,2016-09-24
SMSE_B22_5_GE06_120_26,69,SMSE,GE06,4,42,2016-10-22
SMSE_B22_5_GE06_120_26,70,SMSE,GE06,3,45,2016-11-19
SMSE_B22_5_GE06_120_26,71,SMSE,GE06,1,46,2016-12-03
SMSE_B22_5_GE06_120_26,72,SMSE,GE06,1,47,2017-01-07
SMSE_B22_5_GE06_120_26,75,SMSE,GE06,1,48,2017-04-15
SMSE_B22_5_GE06_120_26,76,SMSE,GE06,1,49,2017-05-08
SMSE_B22_5_GE06_120_26,78,SMSE,GE06,5,55,2017-07-22
SMSE_B22_5_GE06_120_26,77,SMSE,GE06,1,51,2017-06-17
SMSE_B22_5_GE06_120_26,79,SMSE,GE06,4,59,2017-08-26
SMSE_B22_5_GE06_120_26,80,SMSE,GE06,1,60,2017-09-16
SMSE_B22_5_GE06_120_26,88,SMSE,GE06,1,61,2018-05-26
SMSE_B22_5_GE06_120_26,89,SMSE,GE06,8,69,2018-06-23
SMSE_B22_5_GE06_120_26,90,SMSE,GE06,2,71,2018-07-27
SMSE_B22_5_GE06_120_26,95,SMSE,GE06,1,72,2018-12-21
SMSE_B22_5_GE06_120_26,96,SMSE,GE06,1,73,2019-01-05
SMSE_B22_5_GE06_120_26,98,SMSE,GE06,1,74,2019-03-29
SMSE_B22_5_GE06_120_26,99,SMSE,GE06,4,78,2019-04-04
SMSE_B22_5_GE06_120_26,100,SMSE,GE06,1,79,2019-05-17
SMSE_B22_5_GE06_120_26,106,SMSE,GE06,2,81,2019-11-15
SMSE_B22_5_GE06_120_26,107,SMSE,GE06,1,82,2019-12-28
SMSE_B22_5_GE06_120_26,108,SMSE,GE06,1,83,2020-01-24
SMSE_B22_5_GE06_120_26,109,SMSE,GE06,4,87,2020-02-21
SMSE_B22_5_GE06_120_26,110,SMSE,GE06,2,89,2020-03-27
SMSE_B22_5_GE06_120_26,111,SMSE,GE06,1,90,2020-04-03
SMSE_B22_5_GE06_120_26,119,SMSE,GE06,2,92,2020-12-18
SMSE_B22_5_GE06_120_26,120,SMSE,GE06,1,93,2021-01-08
SMSE_B22_5_GE06_120_26,121,SMSE,GE06,3,96,2021-02-26
SMSE_B22_5_GE06_120_26,122,SMSE,GE06,2,98,2021-03-24
SMSE_B22_5_GE06_120_26,123,SMSE,GE06,2,100,2021-04-27
SMSE_B22_5_GE06_120_26,124,SMSE,GE06,1,101,2021-05-10
SMSE_B22_5_GE06_120_26,125,SMSE,GE06,1,102,2021-06-05
SMSE_B22_5_GE06_120_26,128,SMSE,GE06,1,103,2021-09-24
SMSE_B22_5_GE06_120_26,129,SMSE,GE06,1,104,2021-10-29
SMSE_B22_5_GE06_120_26,130,SMSE,GE06,1,105,2021-11-12
SMSE_B22_5_GE06_120_26,131,SMSE,GE06,1,106,2021-12-03
SMSE_B22_5_GE06_120_26,135,SMSE,GE06,1,107,2022-04-29
SMSE_B22_5_GE06_120_26,136,SMSE,GE06,1,108,2022-05-23
SMSE_B22_5_GE06_120_26,137,SMSE,GE06,2,110,2022-06-14
SMSE_B22_5_GE06_120_26,138,SMSE,GE06,3,113,2022-07-29
SMSE_B22_5_GE06_120_26,139,SMSE,GE06,3,116,2022-08-26
SMSE_B22_5_GE06_120_26,140,SMSE,GE06,2,118,2022-09-20
SMSE_B22_5_GE06_120_26,141,SMSE,GE06,2,120,2022-10-28
SMSE_B22_5_GE06_120_26,142,SMSE,GE06,2,122,2022-11-18
SMSE_B22_5_GE06_120_26,143,SMSE,GE06,1,123,2022-12-02
SMSE_B22_5_GE06_120_26,144,SMSE,GE06,1,124,2023-01-06
SMSE_B22_5_GE06_120_26,145,SMSE,GE06,1,125,2023-02-10
SMSE_B22_5_GE06_120_26,150,SMSE,GE06,1,126,2023-07-28
SMSE_B22_5_GE06_120_26,151,SMSE,GE06,3,129,2023-08-25
SMSE_B22_5_GE06_120_26,152,SMSE,GE06,1,130,2023-09-02
SMSE_B22_5_GE03_120_30,39,SMSE,GE03,0,0,2014-04-10
SMSE_B22_5_GE03_120_30,41,SMSE,GE03,1,1,2014-06-16
SMSE_B22_5_GE03_120_30,42,SMSE,GE03,0,1,2014-07-13
SMSE_B22_5_GE03_120_30,43,SMSE,GE03,1,2,2014-08-27
SMSE_B22_5_GE03_120_30,44,SMSE,GE03,1,3,2014-09-18
SMSE_B22_5_GE03_120_30,45,SMSE,GE03,0,3,2014-10-29
SMSE_B22_5_GE03_120_30,46,SMSE,GE03,1,4,2014-11-29
SMSE_B22_5_GE03_120_30,47,SMSE,GE03,0,4,2014-12-06
SMSE_B22_5_GE03_120_30,48,SMSE,GE03,1,5,2015-01-17
SMSE_B22_5_GE03_120_30,49,SMSE,GE03,3,8,2015-02-21
SMSE_B22_5_GE03_120_30,50,SMSE,GE03,3,11,2015-03-28
SMSE_B22_5_GE03_120_30,51,SMSE,GE03,2,13,2015-04-18
SMSE_B22_5_GE03_120_30,52,SMSE,GE03,1,14,2015-05-02
SMSE_B22_5_GE03_120_30,53,SMSE,GE03,2,16,2015-06-06
SMSE_B22_5_GE03_120_30,55,SMSE,GE03,2,18,2015-08-15
SMSE_B22_5_GE03_120_30,56,SMSE,GE03,4,22,2015-09-19
SMSE_B22_5_GE03_120_30,57,SMSE,GE03,5,28,2015-10-20
SMSE_B22_5_GE03_120_30,58,SMSE,GE03,2,29,2015-11-30
SMSE_B22_5_GE03_120_30,59,SMSE,GE03,2,31,2015-12-19
SMSE_B22_5_GE03_120_30,60,SMSE,GE03,2,33,2016-01-21
SMSE_B22_5_GE03_120_30,68,SMSE,GE03,6,41,2016-09-24
SMSE_B22_5_GE03_120_30,67,SMSE,GE03,1,35,2016-08-11
SMSE_B22_5_GE03_120_30,69,SMSE,GE03,2,42,2016-10-22
SMSE_B22_5_GE03_120_30,70,SMSE,GE03,4,46,2016-11-19
SMSE_B22_5_GE03_120_30,71,SMSE,GE03,1,47,2016-12-03
SMSE_B22_5_GE03_120_30,72,SMSE,GE03,2,49,2017-01-07
SMSE_B22_5_GE03_120_30,73,SMSE,GE03,1,50,2017-02-04
SMSE_B22_5_GE03_120_30,78,SMSE,GE03,1,51,2017-07-29
SMSE_B22_5_GE03_120_30,79,SMSE,GE03,5,56,2017-08-26
SMSE_B22_5_GE03_120_30,80,SMSE,GE03,3,59,2017-09-30
SMSE_B22_5_GE03_120_30,81,SMSE,GE03,1,60,2017-10-07
SMSE_B22_5_GE03_120_30,85,SMSE,GE03,1,61,2018-02-02
SMSE_B22_5_GE03_120_30,89,SMSE,GE03,1,62,2018-06-23
SMSE_B22_5_GE03_120_30,90,SMSE,GE03,3,65,2018-07-20
SMSE_B22_5_GE03_120_30,91,SMSE,GE03,5,70,2018-08-31
SMSE_B22_5_GE03_120_30,95,SMSE,GE03,1,71,2018-12-07
SMSE_B22_5_GE03_120_30,96,SMSE,GE03,2,73,2019-01-25
SMSE_B22_5_GE03_120_30,97,SMSE,GE03,1,74,2019-02-22
SMSE_B22_5_GE03_120_30,101,SMSE,GE03,2,76,2019-06-21
SMSE_B22_5_GE03_120_30,102,SMSE,GE03,4,80,2019-07-26
SMSE_B22_5_GE03_120_30,103,SMSE,GE03,2,82,2019-08-30
SMSE_B22_5_GE03_120_30,104,SMSE,GE03,2,84,2019-09-20
SMSE_B22_5_GE03_120_30,107,SMSE,GE03,1,85,2019-12-28
SMSE_B22_5_GE03_120_30,116,SMSE,GE03,4,92,2020-09-25
SMSE_B22_5_GE03_120_30,115,SMSE,GE03,3,89,2020-08-27
SMSE_B22_5_GE03_120_30,117,SMSE,GE03,2,94,2020-10-16
SMSE_B22_5_GE03_120_30,119,SMSE,GE03,1,95,2020-12-24
SMSE_B22_5_GE03_120_30,120,SMSE,GE03,1,96,2021-01-15
SMSE_B22_5_GE03_120_30,121,SMSE,GE03,1,97,2021-02-13
SMSE_B22_5_GE03_120_30,122,SMSE,GE03,1,98,2021-03-19
SMSE_B22_5_GE03_120_30,123,SMSE,GE03,1,99,2021-04-22
SMSE_B22_5_GE03_120_30,126,SMSE,GE03,1,100,2021-07-16
SMSE_B22_5_GE03_120_30,127,SMSE,GE03,4,104,2021-08-28
SMSE_B22_5_GE03_120_30,128,SMSE,GE03,2,106,2021-09-24
SMSE_B22_5_GE03_120_30,129,SMSE,GE03,1,107,2021-10-08
SMSE_B22_5_GE03_120_30,132,SMSE,GE03,1,108,2022-01-28
SMSE_B22_5_GE03_120_30,137,SMSE,GE03,1,109,2022-06-27
SMSE_B22_5_GE03_120_30,138,SMSE,GE03,5,114,2022-07-29
SMSE_B22_5_GE03_120_30,139,SMSE,GE03,2,116,2022-08-26
SMSE_B22_5_GE03_120_30,140,SMSE,GE03,1,117,2022-09-09
SMSE_B22_5_GE03_120_30,146,SMSE,GE03,1,118,2023-03-17
SMSE_B22_5_GE03_120_30,148,SMSE,GE03,2,120,2023-05-26
SMSE_B22_5_GE03_120_30,149,SMSE,GE03,3,123,2023-06-24
SMSE_B22_5_GE03_120_30,150,SMSE,GE03,3,126,2023-07-28
SMSE_B22_5_GE03_120_30,151,SMSE,GE03,1,127,2023-08-25
SMSE_B22_5_GE03_120_30,152,SMSE,GE03,1,128,2023-09-08
SMSE_B22_5_GE03_120_31,39,SMSE,GE03,0,0,2014-04-17
SMSE_B22_5_GE03_120_31,41,SMSE,GE03,0,0,2014-06-28
SMSE_B22_5_GE03_120_31,42,SMSE,GE03,0,0,2014-07-19
SMSE_B22_5_GE03_120_31,43,SMSE,GE03,0,0,2014-08-27
SMSE_B22_5_GE03_120_31,44,SMSE,GE03,1,1,2014-09-18
SMSE_B22_5_GE03_120_31,45,SMSE,GE03,1,2,2014-10-06
SMSE_B22_5_GE03_120_31,46,SMSE,GE03,1,3,2014-11-08
SMSE_B22_5_GE03_120_31,47,SMSE,GE03,0,3,2014-12-27
SMSE_B22_5_GE03_120_31,49,SMSE,GE03,4,7,2015-02-21
SMSE_B22_5_GE03_120_31,50,SMSE,GE03,2,9,2015-03-28
SMSE_B22_5_GE03_120_31,51,SMSE,GE03,1,10,2015-04-18
SMSE_B22_5_GE03_120_31,52,SMSE,GE03,1,11,2015-05-09
SMSE_B22_5_GE03_120_31,56,SMSE,GE03,5,16,2015-09-28
SMSE_B22_5_GE03_120_31,57,SMSE,GE03,5,21,2015-10-20
SMSE_B22_5_GE03_120_31,58,SMSE,GE03,5,26,2015-11-30
SMSE_B22_5_GE03_120_31,59,SMSE,GE03,1,27,2015-12-19
SMSE_B22_5_GE03_120_31,60,SMSE,GE03,2,29,2016-01-21
SMSE_B22_5_GE03_120_31,68,SMSE,GE03,5,34,2016-09-24
SMSE_B22_5_GE03_120_31,69,SMSE,GE03,4,38,2016-10-22
SMSE_B22_5_GE03_120_31,70,SMSE,GE03,4,42,2016-11-19
SMSE_B22_5_GE03_120_31,71,SMSE,GE03,1,43,2016-12-03
SMSE_B22_5_GE03_120_31,72,SMSE,GE03,3,46,2017-01-07
SMSE_B22_5_GE03_120_31,75,SMSE,GE03,2,48,2017-04-29
SMSE_B22_5_GE03_120_31,76,SMSE,GE03,1,49,2017-05-13
SMSE_B22_5_GE03_120_31,79,SMSE,GE03,4,53,2017-08-26
SMSE_B22_5_GE03_120_31,80,SMSE,GE03,4,57,2017-09-30
SMSE_B22_5_GE03_120_31,81,SMSE,GE03,2,59,2017-10-28
SMSE_B22_5_GE03_120_31,82,SMSE,GE03,3,62,2017-11-23
SMSE_B22_5_GE03_120_31,84,SMSE,GE03,2,64,2018-01-19
SMSE_B22_5_GE03_120_31,85,SMSE,GE03,1,65,2018-02-02
SMSE_B22_5_GE03_120_31,86,SMSE,GE03,1,66,2018-03-03
SMSE_B22_5_GE03_120_31,91,SMSE,GE03,1,67,2018-08-31
SMSE_B22_5_GE03_120_31,92,SMSE,GE03,5,72,2018-09-15
SMSE_B22_5_GE03_120_31,96,SMSE,GE03,3,75,2019-01-25
SMSE_B22_5_GE03_120_31,97,SMSE,GE03,1,76,2019-02-15
SMSE_B22_5_GE03_120_31,98,SMSE,GE03,2,78,2019-03-21
SMSE_B22_5_GE03_120_31,99,SMSE,GE03,2,80,2019-04-20
SMSE_B22_5_GE03_120_31,101,SMSE,GE03,1,81,2019-06-14
SMSE_B22_5_GE03_120_31,102,SMSE,GE03,3,84,2019-07-26
SMSE_B22_5_GE03_120_31,103,SMSE,GE03,3,87,2019-08-30
SMSE_B22_5_GE03_120_31,108,SMSE,GE03,2,89,2020-01-24
SMSE_B22_5_GE03_120_31,109,SMSE,GE03,1,90,2020-02-21
SMSE_B22_5_GE03_120_31,110,SMSE,GE03,1,91,2020-03-13
SMSE_B22_5_GE03_120_31,113,SMSE,GE03,1,92,2020-06-12
SMSE_B22_5_GE03_120_31,114,SMSE,GE03,4,96,2020-07-22
SMSE_B22_5_GE03_120_31,115,SMSE,GE03,2,98,2020-08-22
SMSE_B22_5_GE03_120_31,116,SMSE,GE03,1,99,2020-09-11
SMSE_B22_5_GE03_120_31,121,SMSE,GE03,1,100,2021-02-26
SMSE_B22_5_GE03_120_31,122,SMSE,GE03,2,102,2021-03-13
SMSE_B22_5_GE03_120_31,124,SMSE,GE03,4,106,2021-05-27
SMSE_B22_5_GE03_120_31,125,SMSE,GE03,2,108,2021-06-26
SMSE_B22_5_GE03_120_31,126,SMSE,GE03,2,110,2021-07-16
SMSE_B22_5_GE03_120_31,127,SMSE,GE03,2,112,2021-08-23
SMSE_B22_5_GE03_120_31,136,SMSE,GE03,3,116,2022-05-17
SMSE_B22_5_GE03_120_31,135,SMSE,GE03,1,114,2022-04-29
SMSE_B22_5_GE03_120_31,137,SMSE,GE03,5,121,2022-06-20
SMSE_B22_5_GE03_120_31,138,SMSE,GE03,2,123,2022-07-29
SMSE_B22_5_GE03_120_31,141,SMSE,GE03,1,124,2022-10-28
SMSE_B22_5_GE03_120_31,142,SMSE,GE03,1,125,2022-11-18
SMSE_B22_5_GE03_120_31,143,SMSE,GE03,1,126,2022-12-02
SMSE_B22_5_GE03_120_31,144,SMSE,GE03,2,128,2023-01-13
SMSE_B22_5_GE03_120_31,148,SMSE,GE03,5,134,2023-05-20
SMSE_B22_5_GE03_120_31,147,SMSE,GE03,1,130,2023-04-14
SMSE_B22_5_GE03_120_31,149,SMSE,GE03,2,136,2023-06-30
SMSE_B22_5_GE03_120_31,150,SMSE,GE03,2,138,2023-07-22
SMSE_B22_5_GE03_120_31,151,SMSE,GE03,1,139,2023-08-07
SMSE_B22_5_GE09_121_25,39,SMSE,GE09,0,0,2014-04-25
SMSE_B22_5_GE09_121_25,41,SMSE,GE09,0,0,2014-06-28
SMSE_B22_5_GE09_121_25,42,SMSE,GE09,0,0,2014-07-13
SMSE_B22_5_GE09_121_25,43,SMSE,GE09,1,1,2014-08-22
SMSE_B22_5_GE09_121_25,44,SMSE,GE09,1,2,2014-09-17
SMSE_B22_5_GE09_121_25,46,SMSE,GE09,1,3,2014-11-08
SMSE_B22_5_GE09_121_25,45,SMSE,GE09,0,2,2014-10-29
SMSE_B22_5_GE09_121_25,47,SMSE,GE09,0,3,2014-12-27
SMSE_B22_5_GE09_121_25,48,SMSE,GE09,1,4,2015-01-17
SMSE_B22_5_GE09_121_25,49,SMSE,GE09,3,7,2015-02-21
SMSE_B22_5_GE09_121_25,50,SMSE,GE09,1,8,2015-03-07
SMSE_B22_5_GE09_121_25,51,SMSE,GE09,2,10,2015-04-23
SMSE_B22_5_GE09_121_25,52,SMSE,GE09,2,12,2015-05-23
SMSE_B22_5_GE09_121_25,53,SMSE,GE09,1,13,2015-06-06
SMSE_B22_5_GE09_121_25,55,SMSE,GE09,4,18,2015-08-15
SMSE_B22_5_GE09_121_25,54,SMSE,GE09,1,15,2015-07-04
SMSE_B22_5_GE09_121_25,56,SMSE,GE09,3,21,2015-09-19
SMSE_B22_5_GE09_121_25,57,SMSE,GE09,3,24,2015-10-20
SMSE_B22_5_GE09_121_25,58,SMSE,GE09,2,26,2015-11-30
SMSE_B22_5_GE09_121_25,59,SMSE,GE09,2,28,2015-12-19
SMSE_B22_5_GE09_121_25,60,SMSE,GE09,3,31,2016-01-21
SMSE_B22_5_GE09_121_25,69,SMSE,GE09,2,33,2016-10-22
SMSE_B22_5_GE09_121_25,70,SMSE,GE09,4,37,2016-11-19
SMSE_B22_5_GE09_121_25,71,SMSE,GE09,1,38,2016-12-03
SMSE_B22_5_GE09_121_25,72,SMSE,GE09,1,39,2017-01-07
SMSE_B22_5_GE09_121_25,77,SMSE,GE09,1,40,2017-06-10
SMSE_B22_5_GE09_121_25,78,SMSE,GE09,3,43,2017-07-22
SMSE_B22_5_GE09_121_25,79,SMSE,GE09,2,45,2017-08-26
SMSE_B22_5_GE09_121_25,80,SMSE,GE09,2,47,2017-09-30
SMSE_B22_5_GE09_121_25,85,SMSE,GE09,1,48,2018-02-17
SMSE_B22_5_GE09_121_25,86,SMSE,GE09,2,50,2018-03-27
SMSE_B22_5_GE09_121_25,87,SMSE,GE09,1,51,2018-04-06
SMSE_B22_5_GE09_121_25,88,SMSE,GE09,3,54,2018-05-18
SMSE_B22_5_GE09_121_25,89,SMSE,GE09,4,58,2018-06-23
SMSE_B22_5_GE09_121_25,90,SMSE,GE09,3,61,2018-07-13
SMSE_B22_5_GE09_121_25,91,SMSE,GE09,2,63,2018-08-18
SMSE_B22_5_GE09_121_25,92,SMSE,GE09,2,65,2018-09-15
SMSE_B22_5_GE09_121_25,93,SMSE,GE09,2,67,2018-10-05
SMSE_B22_5_GE09_121_25,94,SMSE,GE09,2,69,2018-11-10
SMSE_B22_5_GE09_121_25,95,SMSE,GE09,2,71,2018-12-29
SMSE_B22_5_GE09_121_25,96,SMSE,GE09,1,72,2019-01-05
SMSE_B22_5_GE09_121_25,97,SMSE,GE09,2,74,2019-02-11
SMSE_B22_5_GE09_121_25,103,SMSE,GE09,3,77,2019-08-30
SMSE_B22_5_GE09_121_25,104,SMSE,GE09,5,82,2019-09-27
SMSE_B22_5_GE09_121_25,105,SMSE,GE09,2,84,2019-10-11
SMSE_B22_5_GE09_121_25,106,SMSE,GE09,3,87,2019-11-22
SMSE_B22_5_GE09_121_25,107,SMSE,GE09,2,89,2019-12-21
SMSE_B22_5_GE09_121_25,117,SMSE,GE09,4,94,2020-10-16
SMSE_B22_5_GE09_121_25,116,SMSE,GE09,1,91,2020-09-25
SMSE_B22_5_GE09_121_25,118,SMSE,GE09,1,95,2020-11-06
SMSE_B22_5_GE09_121_25,119,SMSE,GE09,2,97,2020-12-04
SMSE_B22_5_GE09_121_25,120,SMSE,GE09,1,98,2021-01-08
SMSE_B22_5_GE09_121_25,124,SMSE,GE09,1,99,2021-05-21
SMSE_B22_5_GE09_121_25,125,SMSE,GE09,1,100,2021-06-26
SMSE_B22_5_GE09_121_25,126,SMSE,GE09,1,101,2021-07-16
SMSE_B22_5_GE09_121_25,127,SMSE,GE09,4,105,2021-08-28
SMSE_B22_5_GE09_121_25,128,SMSE,GE09,2,107,2021-09-24
SMSE_B22_5_GE09_121_25,129,SMSE,GE09,3,110,2021-10-29
SMSE_B22_5_GE09_121_25,130,SMSE,GE09,1,111,2021-11-05
SMSE_B22_5_GE09_121_25,138,SMSE,GE09,4,115,2022-07-16
SMSE_B22_5_GE09_121_25,139,SMSE,GE09,4,120,2022-08-26
SMSE_B22_5_GE09_121_25,140,SMSE,GE09,3,122,2022-09-20
SMSE_B22_5_GE09_121_25,141,SMSE,GE09,2,124,2022-10-28
SMSE_B22_5_GE09_121_25,142,SMSE,GE09,1,125,2022-11-04
SMSE_B22_5_GE09_121_25,149,SMSE,GE09,5,131,2023-06-30
SMSE_B22_5_GE09_121_25,148,SMSE,GE09,1,127,2023-05-20
SMSE_B22_5_GE09_121_25,150,SMSE,GE09,2,133,2023-07-22
SMSE_B22_5_GE09_121_25,151,SMSE,GE09,2,135,2023-08-25
SMSE_B22_5_GE09_121_25,152,SMSE,GE09,1,136,2023-09-02
SMSE_B22_5_GE09_121_26,39,SMSE,GE09,0,0,2014-04-25
SMSE_B22_5_GE09_121_26,41,SMSE,GE09,0,0,2014-06-28
SMSE_B22_5_GE09_121_26,42,SMSE,GE09,0,0,2014-07-13
SMSE_B22_5_GE09_121_26,43,SMSE,GE09,0,0,2014-08-27
SMSE_B22_5_GE09_121_26,44,SMSE,GE09,1,1,2014-09-17
SMSE_B22_5_GE09_121_26,45,SMSE,GE09,1,2,2014-10-29
SMSE_B22_5_GE09_121_26,46,SMSE,GE09,1,3,2014-11-22
SMSE_B22_5_GE09_121_26,47,SMSE,GE09,0,3,2014-12-27
SMSE_B22_5_GE09_121_26,48,SMSE,GE09,1,4,2015-01-17
SMSE_B22_5_GE09_121_26,49,SMSE,GE09,2,6,2015-02-21
SMSE_B22_5_GE09_121_26,50,SMSE,GE09,1,7,2015-03-07
SMSE_B22_5_GE09_121_26,51,SMSE,GE09,2,9,2015-04-25
SMSE_B22_5_GE09_121_26,52,SMSE,GE09,1,10,2015-05-09
SMSE_B22_5_GE09_121_26,53,SMSE,GE09,1,11,2015-06-06
SMSE_B22_5_GE09_121_26,54,SMSE,GE09,1,12,2015-07-04
SMSE_B22_5_GE09_121_26,55,SMSE,GE09,4,16,2015-08-15
SMSE_B22_5_GE09_121_26,56,SMSE,GE09,2,18,2015-09-19
SMSE_B22_5_GE09_121_26,57,SMSE,GE09,5,23,2015-10-20
SMSE_B22_5_GE09_121_26,58,SMSE,GE09,2,25,2015-11-14
SMSE_B22_5_GE09_121_26,59,SMSE,GE09,1,26,2015-12-19
SMSE_B22_5_GE09_121_26,60,SMSE,GE09,2,28,2016-01-21
SMSE_B22_5_GE09_121_26,66,SMSE,GE09,1,29,2016-07-28
SMSE_B22_5_GE09_121_26,67,SMSE,GE09,4,33,2016-08-27
SMSE_B22_5_GE09_121_26,68,SMSE,GE09,3,36,2016-09-24
SMSE_B22_5_GE09_121_26,69,SMSE,GE09,5,41,2016-10-22
SMSE_B22_5_GE09_121_26,70,SMSE,GE09,2,43,2016-11-19
SMSE_B22_5_GE09_121_26,71,SMSE,GE09,1,44,2016-12-03
SMSE_B22_5_GE09_121_26,72,SMSE,GE09,1,45,2017-01-07
SMSE_B22_5_GE09_121_26,73,SMSE,GE09,2,47,2017-02-04
SMSE_B22_5_GE09_121_26,74,SMSE,GE09,1,48,2017-03-31
SMSE_B22_5_GE09_121_26,75,SMSE,GE09,1,49,2017-04-29
SMSE_B22_5_GE09_121_26,77,SMSE,GE09,1,50,2017-06-17
SMSE_B22_5_GE09_121_26,78,SMSE,GE09,4,54,2017-07-22
SMSE_B22_5_GE09_121_26,79,SMSE,GE09,4,58,2017-08-26
SMSE_B22_5_GE09_121_26,80,SMSE,GE09,3,61,2017-09-30
SMSE_B22_5_GE09_121_26,81,SMSE,GE09,1,62,2017-10-14
SMSE_B22_5_GE09_121_26,82,SMSE,GE09,1,63,2017-11-04
SMSE_B22_5_GE09_121_26,83,SMSE,GE09,1,64,2017-12-02
SMSE_B22_5_GE09_121_26,90,SMSE,GE09,7,71,2018-07-27
SMSE_B22_5_GE09_121_26,91,SMSE,GE09,5,76,2018-08-25
SMSE_B22_5_GE09_121_26,92,SMSE,GE09,2,78,2018-09-21
SMSE_B22_5_GE09_121_26,93,SMSE,GE09,2,80,2018-10-27
SMSE_B22_5_GE09_121_26,94,SMSE,GE09,2,82,2018-11-17
SMSE_B22_5_GE09_121_26,95,SMSE,GE09,1,83,2018-12-08
SMSE_B22_5_GE09_121_26,96,SMSE,GE09,1,84,2019-01-08
SMSE_B22_5_GE09_121_26,97,SMSE,GE09,1,85,2019-02-11
SMSE_B22_5_GE09_121_26,102,SMSE,GE09,2,88,2019-07-26
SMSE_B22_5_GE09_121_26,103,SMSE,GE09,5,92,2019-08-23
SMSE_B22_5_GE09_121_26,104,SMSE,GE09,2,94,2019-09-20
SMSE_B22_5_GE09_121_26,105,SMSE,GE09,1,95,2019-10-11
SMSE_B22_5_GE09_121_26,106,SMSE,GE09,3,98,2019-11-15
SMSE_B22_5_GE09_121_26,116,SMSE,GE09,3,101,2020-09-18
SMSE_B22_5_GE09_121_26,117,SMSE,GE09,3,104,2020-10-16
SMSE_B22_5_GE09_121_26,118,SMSE,GE09,3,107,2020-11-26
SMSE_B22_5_GE09_121_26,119,SMSE,GE09,1,108,2020-12-18
SMSE_B22_5_GE09_121_26,127,SMSE,GE09,3,111,2021-08-23
SMSE_B22_5_GE09_121_26,128,SMSE,GE09,4,115,2021-09-24
SMSE_B22_5_GE09_121_26,129,SMSE,GE09,3,118,2021-10-15
SMSE_B22_5_GE09_121_26,130,SMSE,GE09,1,119,2021-11-12
SMSE_B22_5_GE09_121_26,131,SMSE,GE09,2,121,2021-12-03
SMSE_B22_5_GE09_121_26,132,SMSE,GE09,2,123,2022-01-14
SMSE_B22_5_GE09_121_26,140,SMSE,GE09,6,131,2022-09-20
SMSE_B22_5_GE09_121_26,142,SMSE,GE09,4,136,2022-11-04
SMSE_B22_5_GE09_121_26,139,SMSE,GE09,1,128,2022-08-26
SMSE_B22_5_GE09_121_26,141,SMSE,GE09,2,133,2022-10-28
SMSE_B22_5_GE09_121_26,143,SMSE,GE09,1,137,2022-12-02
SMSE_B22_5_GE09_121_26,150,SMSE,GE09,1,138,2023-07-28
SMSE_B22_5_GE09_121_26,151,SMSE,GE09,4,142,2023-08-25
SMSE_B22_5_GE09_121_26,152,SMSE,GE09,2,144,2023-09-02
SMSE_B22_5_GE03_121_29,39,SMSE,GE03,0,0,2014-04-25
SMSE_B22_5_GE03_121_29,41,SMSE,GE03,1,1,2014-06-28
SMSE_B22_5_GE03_121_29,42,SMSE,GE03,0,1,2014-07-13
SMSE_B22_5_GE03_121_29,43,SMSE,GE03,1,2,2014-08-27
SMSE_B22_5_GE03_121_29,44,SMSE,GE03,1,3,2014-09-18
SMSE_B22_5_GE03_121_29,45,SMSE,GE03,0,3,2014-10-29
SMSE_B22_5_GE03_121_29,46,SMSE,GE03,1,4,2014-11-29
SMSE_B22_5_GE03_121_29,47,SMSE,GE03,0,4,2014-12-27
SMSE_B22_5_GE03_121_29,49,SMSE,GE03,3,9,2015-02-21
SMSE_B22_5_GE03_121_29,48,SMSE,GE03,2,7,2015-01-17
SMSE_B22_5_GE03_121_29,50,SMSE,GE03,1,10,2015-03-07
SMSE_B22_5_GE03_121_29,51,SMSE,GE03,3,13,2015-04-18
SMSE_B22_5_GE03_121_29,52,SMSE,GE03,2,15,2015-05-09
SMSE_B22_5_GE03_121_29,55,SMSE,GE03,1,16,2015-08-15
SMSE_B22_5_GE03_121_29,56,SMSE,GE03,4,20,2015-09-29
SMSE_B22_5_GE03_121_29,57,SMSE,GE03,3,23,2015-10-20
SMSE_B22_5_GE03_121_29,58,SMSE,GE03,4,27,2015-11-30
SMSE_B22_5_GE03_121_29,59,SMSE,GE03,3,30,2015-12-19
SMSE_B22_5_GE03_121_29,60,SMSE,GE03,2,32,2016-01-21
SMSE_B22_5_GE03_121_29,67,SMSE,GE03,1,33,2016-08-20
SMSE_B22_5_GE03_121_29,68,SMSE,GE03,3,36,2016-09-24
SMSE_B22_5_GE03_121_29,69,SMSE,GE03,4,40,2016-10-22
SMSE_B22_5_GE03_121_29,70,SMSE,GE03,3,43,2016-11-19
SMSE_B22_5_GE03_121_29,71,SMSE,GE03,1,44,2016-12-03
SMSE_B22_5_GE03_121_29,72,SMSE,GE03,1,45,2017-01-07
SMSE_B22_5_GE03_121_29,75,SMSE,GE03,3,48,2017-04-29
SMSE_B22_5_GE03_121_29,76,SMSE,GE03,1,49,2017-05-13
SMSE_B22_5_GE03_121_29,77,SMSE,GE03,1,50,2017-06-10
SMSE_B22_5_GE03_121_29,79,SMSE,GE03,4,55,2017-08-19
SMSE_B22_5_GE03_121_29,78,SMSE,GE03,1,52,2017-07-15
SMSE_B22_5_GE03_121_29,80,SMSE,GE03,2,57,2017-09-09
SMSE_B22_5_GE03_121_29,81,SMSE,GE03,2,59,2017-10-28
SMSE_B22_5_GE03_121_29,84,SMSE,GE03,1,60,2018-01-11
SMSE_B22_5_GE03_121_29,85,SMSE,GE03,2,62,2018-02-23
SMSE_B22_5_GE03_121_29,86,SMSE,GE03,2,64,2018-03-31
SMSE_B22_5_GE03_121_29,90,SMSE,GE03,2,66,2018-07-27
SMSE_B22_5_GE03_121_29,91,SMSE,GE03,8,74,2018-08-31
SMSE_B22_5_GE03_121_29,92,SMSE,GE03,1,75,2018-09-15
SMSE_B22_5_GE03_121_29,93,SMSE,GE03,3,78,2018-10-27
SMSE_B22_5_GE03_121_29,94,SMSE,GE03,1,79,2018-11-17
SMSE_B22_5_GE03_121_29,95,SMSE,GE03,1,80,2018-12-07
SMSE_B22_5_GE03_121_29,96,SMSE,GE03,2,82,2019-01-25
SMSE_B22_5_GE03_121_29,97,SMSE,GE03,1,83,2019-02-11
SMSE_B22_5_GE03_121_29,103,SMSE,GE03,2,85,2019-08-23
SMSE_B22_5_GE03_121_29,104,SMSE,GE03,5,90,2019-09-20
SMSE_B22_5_GE03_121_29,105,SMSE,GE03,1,91,2019-10-04
SMSE_B22_5_GE03_121_29,106,SMSE,GE03,4,95,2019-11-29
SMSE_B22_5_GE03_121_29,107,SMSE,GE03,1,96,2019-12-28
SMSE_B22_5_GE03_121_29,108,SMSE,GE03,2,98,2020-01-24
SMSE_B22_5_GE03_121_29,109,SMSE,GE03,1,99,2020-02-28
SMSE_B22_5_GE03_121_29,110,SMSE,GE03,1,100,2020-03-27
SMSE_B22_5_GE03_121_29,116,SMSE,GE03,1,101,2020-09-25
SMSE_B22_5_GE03_121_29,117,SMSE,GE03,3,104,2020-10-23
SMSE_B22_5_GE03_121_29,118,SMSE,GE03,1,105,2020-11-12
SMSE_B22_5_GE03_121_29,122,SMSE,GE03,2,107,2021-03-24
SMSE_B22_5_GE03_121_29,123,SMSE,GE03,2,109,2021-04-27
SMSE_B22_5_GE03_121_29,124,SMSE,GE03,2,111,2021-05-27
SMSE_B22_5_GE03_121_29,125,SMSE,GE03,2,113,2021-06-26
SMSE_B22_5_GE03_121_29,126,SMSE,GE03,1,114,2021-07-16
SMSE_B22_5_GE03_121_29,127,SMSE,GE03,3,117,2021-08-28
SMSE_B22_5_GE03_121_29,128,SMSE,GE03,1,118,2021-09-03
SMSE_B22_5_GE03_121_29,129,SMSE,GE03,2,120,2021-10-08
SMSE_B22_5_GE03_121_29,130,SMSE,GE03,2,122,2021-11-26
SMSE_B22_5_GE03_121_29,139,SMSE,GE03,6,131,2022-08-12
SMSE_B22_5_GE03_121_29,138,SMSE,GE03,3,127,2022-07-16
SMSE_B22_5_GE03_121_29,140,SMSE,GE03,1,132,2022-09-09
SMSE_B22_5_GE03_121_29,141,SMSE,GE03,2,134,2022-10-21
SMSE_B22_5_GE03_121_29,142,SMSE,GE03,1,135,2022-11-18
SMSE_B22_5_GE03_121_29,150,SMSE,GE03,3,140,2023-07-22
SMSE_B22_5_GE03_121_29,149,SMSE,GE03,2,138,2023-06-30
SMSE_B22_5_GE03_121_29,151,SMSE,GE03,2,142,2023-08-25
SMSE_B22_5_GE03_121_29,152,SMSE,GE03,1,143,2023-09-08
SMSE_B22_1_GE03_14_18,40,SMSE,GE03,1,1,2014-05-26
SMSE_B22_1_GE03_14_18,41,SMSE,GE03,1,2,2014-06-24
SMSE_B22_1_GE03_14_18,44,SMSE,GE03,1,3,2014-09-03
SMSE_B22_1_GE03_14_18,45,SMSE,GE03,1,4,2014-10-27
SMSE_B22_1_GE03_14_18,46,SMSE,GE03,1,5,2014-11-17
SMSE_B22_1_GE03_14_18,47,SMSE,GE03,0,5,2014-12-01
SMSE_B22_1_GE03_14_18,48,SMSE,GE03,1,6,2015-01-05
SMSE_B22_1_GE03_14_18,49,SMSE,GE03,2,8,2015-02-02
SMSE_B22_1_GE03_14_18,50,SMSE,GE03,3,11,2015-03-30
SMSE_B22_1_GE03_14_18,51,SMSE,GE03,2,13,2015-04-27
SMSE_B22_1_GE03_14_18,52,SMSE,GE03,1,14,2015-05-11
SMSE_B22_1_GE03_14_18,54,SMSE,GE03,2,16,2015-07-13
SMSE_B22_1_GE03_14_18,55,SMSE,GE03,4,20,2015-08-24
SMSE_B22_1_GE03_14_18,56,SMSE,GE03,2,22,2015-09-21
SMSE_B22_1_GE03_14_18,57,SMSE,GE03,2,24,2015-10-12
SMSE_B22_1_GE03_14_18,58,SMSE,GE03,1,25,2015-11-09
SMSE_B22_1_GE03_14_18,59,SMSE,GE03,2,27,2015-12-07
SMSE_B22_1_GE03_14_18,60,SMSE,GE03,2,29,2016-01-18
SMSE_B22_1_GE03_14_18,61,SMSE,GE03,1,30,2016-02-09
SMSE_B22_1_GE03_14_18,63,SMSE,GE03,1,31,2016-04-25
SMSE_B22_1_GE03_14_18,64,SMSE,GE03,1,32,2016-05-16
SMSE_B22_1_GE03_14_18,66,SMSE,GE03,1,33,2016-07-26
SMSE_B22_1_GE03_14_18,67,SMSE,GE03,2,35,2016-08-22
SMSE_B22_1_GE03_14_18,68,SMSE,GE03,4,39,2016-09-26
SMSE_B22_1_GE03_14_18,69,SMSE,GE03,3,42,2016-10-17
SMSE_B22_1_GE03_14_18,70,SMSE,GE03,2,44,2016-11-14
SMSE_B22_1_GE03_14_18,71,SMSE,GE03,2,46,2016-12-13
SMSE_B22_1_GE03_14_18,72,SMSE,GE03,1,47,2017-01-02
SMSE_B22_1_GE03_14_18,74,SMSE,GE03,1,48,2017-03-20
SMSE_B22_1_GE03_14_18,75,SMSE,GE03,2,50,2017-04-17
SMSE_B22_1_GE03_14_18,76,SMSE,GE03,2,52,2017-05-22
SMSE_B22_1_GE03_14_18,77,SMSE,GE03,3,55,2017-06-29
SMSE_B22_1_GE03_14_18,78,SMSE,GE03,2,57,2017-07-24
SMSE_B22_1_GE03_14_18,79,SMSE,GE03,1,58,2017-08-07
SMSE_B22_1_GE03_14_18,80,SMSE,GE03,2,60,2017-09-18
SMSE_B22_1_GE03_14_18,81,SMSE,GE03,3,63,2017-10-30
SMSE_B22_1_GE03_14_18,82,SMSE,GE03,2,65,2017-11-20
SMSE_B22_1_GE03_14_18,83,SMSE,GE03,1,66,2017-12-18
SMSE_B22_1_GE03_14_18,84,SMSE,GE03,2,68,2018-01-29
SMSE_B22_1_GE03_14_18,85,SMSE,GE03,1,69,2018-02-19
SMSE_B22_1_GE03_14_18,87,SMSE,GE03,4,73,2018-04-30
SMSE_B22_1_GE03_14_18,88,SMSE,GE03,2,75,2018-05-28
SMSE_B22_1_GE03_14_18,89,SMSE,GE03,1,76,2018-06-09
SMSE_B22_1_GE03_14_18,90,SMSE,GE03,4,80,2018-07-28
SMSE_B22_1_GE03_14_18,91,SMSE,GE03,2,82,2018-08-27
SMSE_B22_1_GE03_14_18,92,SMSE,GE03,3,85,2018-09-24
SMSE_B22_1_GE03_14_18,93,SMSE,GE03,2,87,2018-10-22
SMSE_B22_1_GE03_14_18,94,SMSE,GE03,2,89,2018-11-26
SMSE_B22_1_GE03_14_18,95,SMSE,GE03,1,90,2018-12-17
SMSE_B22_1_GE03_14_18,96,SMSE,GE03,1,91,2019-01-14
SMSE_B22_1_GE03_14_18,97,SMSE,GE03,1,92,2019-02-06
SMSE_B22_1_GE03_14_18,98,SMSE,GE03,2,94,2019-03-18
SMSE_B22_1_GE03_14_18,99,SMSE,GE03,1,95,2019-04-08
SMSE_B22_1_GE03_14_18,100,SMSE,GE03,2,97,2019-05-10
SMSE_B22_1_GE03_14_18,102,SMSE,GE03,3,100,2019-07-29
SMSE_B22_1_GE03_14_18,103,SMSE,GE03,3,103,2019-08-26
SMSE_B22_1_GE03_14_18,104,SMSE,GE03,1,104,2019-09-23
SMSE_B22_1_GE03_14_18,105,SMSE,GE03,1,105,2019-10-14
SMSE_B22_1_GE03_14_18,108,SMSE,GE03,1,106,2020-01-20
SMSE_B22_1_GE03_14_18,109,SMSE,GE03,1,107,2020-02-03
SMSE_B22_1_GE03_14_18,110,SMSE,GE03,2,109,2020-03-30
SMSE_B22_1_GE03_14_18,111,SMSE,GE03,1,110,2020-04-20
SMSE_B22_1_GE03_14_18,112,SMSE,GE03,1,111,2020-05-26
SMSE_B22_1_GE03_14_18,114,SMSE,GE03,1,112,2020-07-20
SMSE_B22_1_GE03_14_18,115,SMSE,GE03,3,115,2020-08-31
SMSE_B22_1_GE03_14_18,116,SMSE,GE03,2,117,2020-09-14
SMSE_B22_1_GE03_14_18,117,SMSE,GE03,1,118,2020-10-05
SMSE_B22_1_GE03_14_18,120,SMSE,GE03,1,119,2021-01-25
SMSE_B22_1_GE03_14_18,121,SMSE,GE03,1,120,2021-02-08
SMSE_B22_1_GE03_14_18,122,SMSE,GE03,2,122,2021-03-22
SMSE_B22_1_GE03_14_18,123,SMSE,GE03,2,124,2021-04-19
SMSE_B22_1_GE03_14_18,124,SMSE,GE03,2,126,2021-05-25
SMSE_B22_1_GE03_14_18,125,SMSE,GE03,1,127,2021-06-21
SMSE_B22_1_GE03_14_18,126,SMSE,GE03,2,129,2021-07-12
SMSE_B22_1_GE03_14_18,127,SMSE,GE03,2,131,2021-08-16
SMSE_B22_1_GE03_14_18,132,SMSE,GE03,1,132,2022-01-10
SMSE_B22_1_GE03_14_18,133,SMSE,GE03,1,133,2022-02-07
SMSE_B22_1_GE03_14_18,134,SMSE,GE03,3,136,2022-03-21
SMSE_B22_1_GE03_14_18,135,SMSE,GE03,2,138,2022-04-18
SMSE_B22_1_GE03_14_18,136,SMSE,GE03,3,141,2022-05-31
SMSE_B22_1_GE03_14_18,137,SMSE,GE03,1,142,2022-06-15
SMSE_B22_1_GE03_14_18,138,SMSE,GE03,2,144,2022-07-11
SMSE_B22_1_GE03_14_18,139,SMSE,GE03,1,145,2022-08-15
SMSE_B22_1_GE03_14_18,140,SMSE,GE03,1,146,2022-09-26
SMSE_B22_1_GE03_14_18,141,SMSE,GE03,1,147,2022-10-10
SMSE_B22_1_GE03_14_18,142,SMSE,GE03,2,149,2022-11-14
SMSE_B22_1_GE03_14_18,143,SMSE,GE03,1,150,2022-12-05
SMSE_B22_1_GE03_14_18,144,SMSE,GE03,3,153,2023-01-09
SMSE_B22_1_GE03_14_18,145,SMSE,GE03,2,155,2023-02-13
SMSE_B22_1_GE03_14_18,146,SMSE,GE03,2,157,2023-03-20
SMSE_B22_1_GE03_14_18,147,SMSE,GE03,2,159,2023-04-25
SMSE_B22_1_GE03_14_18,148,SMSE,GE03,2,161,2023-05-29
SMSE_B22_1_GE03_14_18,149,SMSE,GE03,1,162,2023-06-12
SMSE_B22_1_GE03_14_18,150,SMSE,GE03,2,164,2023-07-17
SMSE_B22_1_GE03_14_18,151,SMSE,GE03,2,166,2023-08-28
SMSE_B22_1_GE03_14_18,152,SMSE,GE03,2,168,2023-09-11
SMSE_B22_1_GE03_14_18,153,SMSE,GE03,1,169,2023-10-16
SMSE_B22_1_GE03_14_18,154,SMSE,GE03,2,171,2023-11-13
SMSE_B22_1_GE03_14_18,155,SMSE,GE03,1,172,2023-12-04
SMSE_B22_1_GE03_15_16,41,SMSE,GE03,0,0,2014-06-24
SMSE_B22_1_GE03_15_16,42,SMSE,GE03,0,0,2014-07-02
SMSE_B22_1_GE03_15_16,43,SMSE,GE03,0,0,2014-08-19
SMSE_B22_1_GE03_15_16,44,SMSE,GE03,0,0,2014-09-03
SMSE_B22_1_GE03_15_16,46,SMSE,GE03,0,0,2014-11-07
SMSE_B22_1_GE03_15_16,47,SMSE,GE03,0,0,2014-12-29
SMSE_B22_1_GE03_15_16,48,SMSE,GE03,1,1,2015-01-05
SMSE_B22_1_GE03_15_16,49,SMSE,GE03,3,4,2015-02-02
SMSE_B22_1_GE03_15_16,50,SMSE,GE03,3,7,2015-03-30
SMSE_B22_1_GE03_15_16,51,SMSE,GE03,1,8,2015-04-13
SMSE_B22_1_GE03_15_16,52,SMSE,GE03,2,10,2015-05-25
SMSE_B22_1_GE03_15_16,53,SMSE,GE03,2,12,2015-06-01
SMSE_B22_1_GE03_15_16,54,SMSE,GE03,1,13,2015-07-13
SMSE_B22_1_GE03_15_16,55,SMSE,GE03,1,14,2015-08-03
SMSE_B22_1_GE03_15_16,56,SMSE,GE03,2,16,2015-09-21
SMSE_B22_1_GE03_15_16,57,SMSE,GE03,2,18,2015-10-21
SMSE_B22_1_GE03_15_16,58,SMSE,GE03,2,20,2015-11-09
SMSE_B22_1_GE03_15_16,59,SMSE,GE03,3,23,2015-12-21
SMSE_B22_1_GE03_15_16,60,SMSE,GE03,3,26,2016-01-18
SMSE_B22_1_GE03_15_16,69,SMSE,GE03,2,29,2016-10-17
SMSE_B22_1_GE03_15_16,68,SMSE,GE03,1,27,2016-09-26
SMSE_B22_1_GE03_15_16,71,SMSE,GE03,4,33,2016-12-13
SMSE_B22_1_GE03_15_16,72,SMSE,GE03,1,34,2017-01-09
SMSE_B22_1_GE03_15_16,73,SMSE,GE03,2,36,2017-02-06
SMSE_B22_1_GE03_15_16,74,SMSE,GE03,2,38,2017-03-20
SMSE_B22_1_GE03_15_16,75,SMSE,GE03,1,39,2017-04-03
SMSE_B22_1_GE03_15_16,76,SMSE,GE03,1,40,2017-05-02
SMSE_B22_1_GE03_15_16,79,SMSE,GE03,3,43,2017-08-07
SMSE_B22_1_GE03_15_16,80,SMSE,GE03,2,45,2017-09-18
SMSE_B22_1_GE03_15_16,81,SMSE,GE03,1,46,2017-10-09
SMSE_B22_1_GE03_15_16,82,SMSE,GE03,2,48,2017-11-06
SMSE_B22_1_GE03_15_16,83,SMSE,GE03,1,49,2017-12-18
SMSE_B22_NA_GE03_15_17,41,SMSE,GE03,1,1,2014-06-24
SMSE_B22_NA_GE03_15_17,45,SMSE,GE03,1,2,2014-10-02
SMSE_B22_1_GE03_15_18,39,SMSE,GE03,0,0,2014-04-07
SMSE_B22_1_GE03_15_18,42,SMSE,GE03,1,1,2014-07-02
SMSE_B22_1_GE03_15_18,43,SMSE,GE03,1,2,2014-08-19
SMSE_B22_1_GE03_15_18,44,SMSE,GE03,1,3,2014-09-03
SMSE_B22_1_GE03_15_18,45,SMSE,GE03,1,4,2014-10-27
SMSE_B22_1_GE03_15_18,46,SMSE,GE03,1,5,2014-11-24
SMSE_B22_1_GE03_15_18,47,SMSE,GE03,0,5,2014-12-29
SMSE_B22_1_GE03_15_18,48,SMSE,GE03,1,6,2015-01-05
SMSE_B22_1_GE03_15_18,49,SMSE,GE03,3,9,2015-02-16
SMSE_B22_1_GE03_15_18,50,SMSE,GE03,1,10,2015-03-30
SMSE_B22_1_GE03_15_18,51,SMSE,GE03,2,12,2015-04-27
SMSE_B22_1_GE03_15_18,52,SMSE,GE03,1,13,2015-05-11
SMSE_B22_1_GE03_15_18,54,SMSE,GE03,1,14,2015-07-13
SMSE_B22_1_GE03_15_18,55,SMSE,GE03,4,18,2015-08-24
SMSE_B22_1_GE03_15_18,56,SMSE,GE03,4,22,2015-09-21
SMSE_B22_1_GE03_15_18,57,SMSE,GE03,4,26,2015-10-21
SMSE_B22_1_GE03_15_18,58,SMSE,GE03,1,27,2015-11-09
SMSE_B22_1_GE03_15_18,59,SMSE,GE03,3,30,2015-12-07
SMSE_B22_1_GE03_15_18,60,SMSE,GE03,2,32,2016-01-18
SMSE_B22_1_GE03_15_18,67,SMSE,GE03,4,36,2016-08-22
SMSE_B22_1_GE03_15_18,68,SMSE,GE03,6,42,2016-09-26
SMSE_B22_1_GE03_15_18,69,SMSE,GE03,2,44,2016-10-17
SMSE_B22_1_GE03_15_18,70,SMSE,GE03,3,47,2016-11-14
SMSE_B22_1_GE03_15_18,71,SMSE,GE03,1,48,2016-12-13
SMSE_B22_1_GE03_15_18,74,SMSE,GE03,2,50,2017-03-20
SMSE_B22_1_GE03_15_18,75,SMSE,GE03,2,52,2017-04-17
SMSE_B22_1_GE03_15_18,76,SMSE,GE03,2,54,2017-05-22
SMSE_B22_1_GE03_15_18,77,SMSE,GE03,3,57,2017-06-29
SMSE_B22_1_GE03_15_18,78,SMSE,GE03,3,60,2017-07-24
SMSE_B22_1_GE03_15_18,79,SMSE,GE03,2,62,2017-08-21
SMSE_B22_1_GE03_15_18,80,SMSE,GE03,2,64,2017-09-11
SMSE_B22_1_GE03_15_18,81,SMSE,GE03,3,67,2017-10-30
SMSE_B22_1_GE03_15_18,82,SMSE,GE03,1,68,2017-11-13
SMSE_B22_1_GE03_15_18,83,SMSE,GE03,3,71,2017-12-26
SMSE_B22_1_GE03_15_18,84,SMSE,GE03,1,72,2018-01-08
SMSE_B22_1_GE03_15_18,85,SMSE,GE03,2,74,2018-02-19
SMSE_B22_1_GE03_15_18,86,SMSE,GE03,2,76,2018-03-19
SMSE_B22_1_GE03_15_18,87,SMSE,GE03,3,79,2018-04-30
SMSE_B22_1_GE03_15_18,88,SMSE,GE03,1,80,2018-05-28
SMSE_B22_1_GE03_15_18,89,SMSE,GE03,1,81,2018-06-25
SMSE_B22_1_GE03_15_18,90,SMSE,GE03,3,84,2018-07-28
SMSE_B22_1_GE03_15_18,91,SMSE,GE03,3,87,2018-08-27
SMSE_B22_1_GE03_15_18,92,SMSE,GE03,2,89,2018-09-17
SMSE_B22_1_GE03_15_18,93,SMSE,GE03,3,92,2018-10-22
SMSE_B22_1_GE03_15_18,94,SMSE,GE03,2,94,2018-11-26
SMSE_B22_1_GE03_15_18,95,SMSE,GE03,1,95,2018-12-10
SMSE_B22_1_GE03_15_18,96,SMSE,GE03,2,97,2019-01-21
SMSE_B22_1_GE03_15_18,97,SMSE,GE03,2,99,2019-02-18
SMSE_B22_1_GE03_15_18,98,SMSE,GE03,2,101,2019-03-25
SMSE_B22_1_GE03_15_18,101,SMSE,GE03,1,102,2019-06-24
SMSE_B22_1_GE03_15_18,102,SMSE,GE03,3,105,2019-07-29
SMSE_B22_1_GE03_15_18,103,SMSE,GE03,3,108,2019-08-19
SMSE_B22_1_GE03_15_18,104,SMSE,GE03,3,111,2019-09-23
SMSE_B22_1_GE03_15_18,105,SMSE,GE03,1,112,2019-10-14
SMSE_B22_1_GE03_15_18,107,SMSE,GE03,2,114,2019-12-23
SMSE_B22_1_GE03_15_18,108,SMSE,GE03,1,115,2020-01-07
SMSE_B22_1_GE03_15_18,109,SMSE,GE03,2,117,2020-02-10
SMSE_B22_1_GE03_15_18,110,SMSE,GE03,1,118,2020-03-16
SMSE_B22_1_GE03_15_18,111,SMSE,GE03,2,120,2020-04-20
SMSE_B22_1_GE03_15_18,114,SMSE,GE03,1,121,2020-07-20
SMSE_B22_1_GE03_15_18,115,SMSE,GE03,2,123,2020-08-31
SMSE_B22_1_GE03_15_18,116,SMSE,GE03,2,125,2020-09-14
SMSE_B22_1_GE03_15_18,117,SMSE,GE03,2,127,2020-10-12
SMSE_B22_1_GE03_15_18,120,SMSE,GE03,2,129,2021-01-25
SMSE_B22_1_GE03_15_18,121,SMSE,GE03,1,130,2021-02-15
SMSE_B22_1_GE03_15_18,122,SMSE,GE03,2,132,2021-03-22
SMSE_B22_1_GE03_15_18,123,SMSE,GE03,2,134,2021-04-19
SMSE_B22_1_GE03_15_18,124,SMSE,GE03,2,136,2021-05-25
SMSE_B22_1_GE03_15_18,125,SMSE,GE03,1,137,2021-06-14
SMSE_B22_1_GE03_15_18,126,SMSE,GE03,2,139,2021-07-19
SMSE_B22_1_GE03_15_18,127,SMSE,GE03,2,141,2021-08-09
SMSE_B22_1_GE03_15_18,128,SMSE,GE03,1,142,2021-09-06
SMSE_B22_1_GE03_15_18,133,SMSE,GE03,1,143,2022-02-21
SMSE_B22_1_GE03_15_18,134,SMSE,GE03,1,144,2022-03-07
SMSE_B22_1_GE03_15_18,135,SMSE,GE03,2,146,2022-04-11
SMSE_B22_1_GE03_15_18,136,SMSE,GE03,2,148,2022-05-05
SMSE_B22_1_GE03_15_18,137,SMSE,GE03,3,151,2022-06-28
SMSE_B22_1_GE03_15_18,138,SMSE,GE03,2,153,2022-07-11
SMSE_B22_1_GE03_15_18,139,SMSE,GE03,2,155,2022-08-15
SMSE_B22_1_GE03_15_18,140,SMSE,GE03,3,158,2022-09-26
SMSE_B22_1_GE03_15_18,141,SMSE,GE03,1,159,2022-10-17
SMSE_B22_1_GE03_15_18,142,SMSE,GE03,1,160,2022-11-07
SMSE_B22_1_GE03_15_18,143,SMSE,GE03,1,161,2022-12-05
SMSE_B22_1_GE03_15_18,144,SMSE,GE03,3,164,2023-01-23
SMSE_B22_1_GE03_15_18,145,SMSE,GE03,2,166,2023-02-13
SMSE_B22_1_GE03_15_18,146,SMSE,GE03,2,168,2023-03-20
SMSE_B22_1_GE03_15_18,147,SMSE,GE03,2,170,2023-04-10
SMSE_B22_1_GE03_15_18,148,SMSE,GE03,2,172,2023-05-15
SMSE_B22_1_GE03_15_18,149,SMSE,GE03,2,174,2023-06-12
SMSE_B22_1_GE03_15_18,150,SMSE,GE03,2,176,2023-07-10
SMSE_B22_1_GE03_15_18,151,SMSE,GE03,3,179,2023-08-28
SMSE_B22_1_GE03_15_18,152,SMSE,GE03,1,180,2023-09-11
SMSE_B22_1_GE03_15_18,153,SMSE,GE03,2,182,2023-10-16
SMSE_B22_1_GE03_15_18,154,SMSE,GE03,2,184,2023-11-13
SMSE_B22_1_GE03_15_18,155,SMSE,GE03,1,185,2023-12-11
SMSE_B22_5_GE12_204_13,39,SMSE,GE12,0,0,2014-04-17
SMSE_B22_5_GE12_204_13,43,SMSE,GE12,0,0,2014-08-28
SMSE_B22_5_GE12_204_13,44,SMSE,GE12,1,1,2014-09-23
SMSE_B22_5_GE12_204_13,45,SMSE,GE12,2,3,2014-10-24
SMSE_B22_5_GE12_204_13,46,SMSE,GE12,1,4,2014-11-15
SMSE_B22_5_GE12_204_13,47,SMSE,GE12,0,4,2014-12-27
SMSE_B22_5_GE12_204_13,48,SMSE,GE12,3,7,2015-01-24
SMSE_B22_5_GE12_204_13,49,SMSE,GE12,2,9,2015-02-27
SMSE_B22_5_GE12_204_13,50,SMSE,GE12,1,10,2015-03-07
SMSE_B22_5_GE12_204_13,56,SMSE,GE12,3,17,2015-09-28
SMSE_B22_5_GE12_204_13,55,SMSE,GE12,1,12,2015-08-24
SMSE_B22_5_GE12_204_13,57,SMSE,GE12,6,20,2015-10-19
SMSE_B22_5_GE12_204_13,58,SMSE,GE12,3,23,2015-11-21
SMSE_B22_5_GE12_204_13,59,SMSE,GE12,2,25,2015-12-19
SMSE_B22_5_GE12_204_13,60,SMSE,GE12,3,28,2016-01-09
SMSE_B22_5_GE12_204_13,61,SMSE,GE12,2,30,2016-02-06
SMSE_B22_5_GE12_204_13,69,SMSE,GE12,6,36,2016-10-28
SMSE_B22_5_GE12_204_13,70,SMSE,GE12,2,38,2016-11-11
SMSE_B22_5_GE12_204_13,71,SMSE,GE12,1,39,2016-12-03
SMSE_B22_5_GE12_204_13,75,SMSE,GE12,1,40,2017-04-08
SMSE_B22_5_GE12_204_13,76,SMSE,GE12,3,43,2017-05-29
SMSE_B22_5_GE12_204_13,77,SMSE,GE12,2,45,2017-06-17
SMSE_B22_5_GE12_204_13,78,SMSE,GE12,1,46,2017-07-03
SMSE_B22_5_GE12_204_13,79,SMSE,GE12,1,47,2017-08-12
SMSE_B22_5_GE12_204_13,80,SMSE,GE12,1,48,2017-09-25
SMSE_B22_5_GE12_204_13,85,SMSE,GE12,3,51,2018-02-23
SMSE_B22_5_GE12_204_13,86,SMSE,GE12,2,53,2018-03-31
SMSE_B22_5_GE12_204_13,87,SMSE,GE12,1,54,2018-04-20
SMSE_B22_5_GE12_204_13,88,SMSE,GE12,4,58,2018-05-18
SMSE_B22_5_GE12_204_13,89,SMSE,GE12,4,62,2018-06-29
SMSE_B22_5_GE12_204_13,90,SMSE,GE12,2,64,2018-07-27
SMSE_B22_5_GE12_204_13,91,SMSE,GE12,2,66,2018-08-25
SMSE_B22_5_GE12_204_13,92,SMSE,GE12,2,68,2018-09-29
SMSE_B22_5_GE12_204_13,93,SMSE,GE12,1,69,2018-10-13
SMSE_B22_5_GE12_204_13,94,SMSE,GE12,2,71,2018-11-24
SMSE_B22_5_GE12_204_13,95,SMSE,GE12,2,73,2018-12-21
SMSE_B22_5_GE12_204_13,96,SMSE,GE12,1,74,2019-01-25
SMSE_B22_5_GE12_204_13,97,SMSE,GE12,2,76,2019-02-22
SMSE_B22_5_GE12_204_13,100,SMSE,GE12,1,77,2019-05-10
SMSE_B22_5_GE12_204_13,101,SMSE,GE12,2,79,2019-06-14
SMSE_B22_5_GE12_204_13,102,SMSE,GE12,1,80,2019-07-05
SMSE_B22_5_GE12_204_13,104,SMSE,GE12,2,82,2019-09-20
SMSE_B22_5_GE12_204_13,105,SMSE,GE12,3,85,2019-10-18
SMSE_B22_5_GE12_204_13,106,SMSE,GE12,2,87,2019-11-01
SMSE_B22_5_GE12_204_13,107,SMSE,GE12,1,88,2019-12-12
SMSE_B22_5_GE12_204_13,108,SMSE,GE12,3,91,2020-01-31
SMSE_B22_5_GE12_204_13,109,SMSE,GE12,1,92,2020-02-17
SMSE_B22_5_GE12_204_13,111,SMSE,GE12,1,93,2020-04-04
SMSE_B22_5_GE12_204_13,116,SMSE,GE12,1,94,2020-09-25
SMSE_B22_5_GE12_204_13,117,SMSE,GE12,4,98,2020-10-23
SMSE_B22_5_GE12_204_13,118,SMSE,GE12,1,99,2020-11-12
SMSE_B22_5_GE12_204_13,119,SMSE,GE12,1,100,2020-12-04
SMSE_B22_5_GE12_204_13,120,SMSE,GE12,2,102,2021-01-22
SMSE_B22_5_GE12_204_13,121,SMSE,GE12,2,104,2021-02-13
SMSE_B22_5_GE12_204_13,122,SMSE,GE12,1,105,2021-03-05
SMSE_B22_5_GE12_204_13,124,SMSE,GE12,1,106,2021-05-21
SMSE_B22_5_GE12_204_13,129,SMSE,GE12,1,107,2021-10-01
SMSE_B22_5_GE12_204_13,128,SMSE,GE12,1,108,2021-09-24
SMSE_B22_5_GE12_204_13,130,SMSE,GE12,1,109,2021-11-26
SMSE_B22_5_GE12_204_13,136,SMSE,GE12,1,110,2022-05-23
SMSE_B22_5_GE12_204_13,137,SMSE,GE12,2,112,2022-06-14
SMSE_B22_5_GE12_204_13,138,SMSE,GE12,3,115,2022-07-22
SMSE_B22_5_GE12_204_13,139,SMSE,GE12,1,116,2022-08-05
SMSE_B22_5_GE12_204_13,147,SMSE,GE12,1,117,2023-04-06
SMSE_B22_5_GE12_204_13,146,SMSE,GE12,1,118,2023-03-31
SMSE_B22_5_GE12_204_13,148,SMSE,GE12,1,119,2023-05-06
SMSE_B22_5_GE12_204_13,149,SMSE,GE12,3,122,2023-06-30
SMSE_B22_5_GE12_204_13,151,SMSE,GE12,1,123,2023-08-19
SMSE_B22_5_GE12_204_13,152,SMSE,GE12,3,126,2023-09-30
SMSE_B22_5_GE12_204_14,39,SMSE,GE12,0,0,2014-04-10
SMSE_B22_5_GE12_204_14,40,SMSE,GE12,0,0,2014-05-10
SMSE_B22_5_GE12_204_14,43,SMSE,GE12,1,1,2014-08-28
SMSE_B22_5_GE12_204_14,44,SMSE,GE12,0,1,2014-09-23
SMSE_B22_5_GE12_204_14,45,SMSE,GE12,2,3,2014-10-24
SMSE_B22_5_GE12_204_14,46,SMSE,GE12,1,4,2014-11-08
SMSE_B22_5_GE12_204_14,47,SMSE,GE12,0,4,2014-12-20
SMSE_B22_5_GE12_204_14,48,SMSE,GE12,3,7,2015-01-31
SMSE_B22_5_GE12_204_14,49,SMSE,GE12,2,9,2015-02-27
SMSE_B22_5_GE12_204_14,50,SMSE,GE12,2,11,2015-03-13
SMSE_B22_5_GE12_204_14,51,SMSE,GE12,1,12,2015-04-11
SMSE_B22_5_GE12_204_14,52,SMSE,GE12,1,13,2015-05-18
SMSE_B22_5_GE12_204_14,55,SMSE,GE12,1,14,2015-08-24
SMSE_B22_5_GE12_204_14,56,SMSE,GE12,5,19,2015-09-28
SMSE_B22_5_GE12_204_14,57,SMSE,GE12,4,23,2015-10-19
SMSE_B22_5_GE12_204_14,58,SMSE,GE12,3,27,2015-11-30
SMSE_B22_5_GE12_204_14,59,SMSE,GE12,2,28,2015-12-12
SMSE_B22_5_GE12_204_14,60,SMSE,GE12,1,29,2016-01-09
SMSE_B22_5_GE12_204_14,61,SMSE,GE12,1,30,2016-02-06
SMSE_B22_5_GE12_204_14,69,SMSE,GE12,7,37,2016-10-28
SMSE_B22_5_GE12_204_14,70,SMSE,GE12,3,40,2016-11-19
SMSE_B22_5_GE12_204_14,71,SMSE,GE12,1,41,2016-12-03
SMSE_B22_5_GE12_204_14,76,SMSE,GE12,2,43,2017-05-29
SMSE_B22_5_GE12_204_14,77,SMSE,GE12,1,44,2017-06-05
SMSE_B22_5_GE12_204_14,78,SMSE,GE12,1,45,2017-07-03
SMSE_B22_5_GE12_204_14,79,SMSE,GE12,3,48,2017-08-26
SMSE_B22_5_GE12_204_14,80,SMSE,GE12,4,52,2017-09-30
SMSE_B22_5_GE12_204_14,85,SMSE,GE12,1,53,2018-02-17
SMSE_B22_5_GE12_204_14,86,SMSE,GE12,2,55,2018-03-31
SMSE_B22_5_GE12_204_14,89,SMSE,GE12,1,56,2018-06-12
SMSE_B22_5_GE12_204_14,90,SMSE,GE12,6,62,2018-07-27
SMSE_B22_5_GE12_204_14,91,SMSE,GE12,4,66,2018-08-31
SMSE_B22_5_GE12_204_14,92,SMSE,GE12,3,69,2018-09-29
SMSE_B22_5_GE12_204_14,93,SMSE,GE12,1,70,2018-10-05
SMSE_B22_5_GE12_204_14,95,SMSE,GE12,2,72,2018-12-15
SMSE_B22_5_GE12_204_14,96,SMSE,GE12,1,73,2019-01-05
SMSE_B22_5_GE12_204_14,104,SMSE,GE12,3,76,2019-09-06
SMSE_B22_5_GE12_204_14,107,SMSE,GE12,2,78,2019-12-28
SMSE_B22_5_GE12_204_14,108,SMSE,GE12,1,79,2020-01-17
SMSE_B22_5_GE12_204_14,109,SMSE,GE12,2,81,2020-02-21
SMSE_B22_5_GE12_204_14,110,SMSE,GE12,1,82,2020-03-20
SMSE_B22_5_GE12_204_14,111,SMSE,GE12,2,84,2020-04-30
SMSE_B22_5_GE12_204_14,112,SMSE,GE12,1,85,2020-05-15
SMSE_B22_5_GE12_204_14,117,SMSE,GE12,2,88,2020-10-23
SMSE_B22_5_GE12_204_14,118,SMSE,GE12,2,89,2020-11-20
SMSE_B22_5_GE12_204_14,122,SMSE,GE12,2,91,2021-03-13
SMSE_B22_5_GE12_204_14,123,SMSE,GE12,2,93,2021-04-16
SMSE_B22_5_GE12_204_14,124,SMSE,GE12,2,95,2021-05-21
SMSE_B22_5_GE12_204_14,125,SMSE,GE12,2,97,2021-06-26
SMSE_B22_5_GE12_204_14,126,SMSE,GE12,1,98,2021-07-09
SMSE_B22_5_GE12_204_14,127,SMSE,GE12,2,100,2021-08-23
SMSE_B22_5_GE12_204_14,128,SMSE,GE12,1,101,2021-09-10
SMSE_B22_5_GE12_204_14,129,SMSE,GE12,1,102,2021-10-01
SMSE_B22_5_GE12_204_14,130,SMSE,GE12,1,103,2021-11-05
SMSE_B22_5_GE12_204_14,137,SMSE,GE12,1,104,2022-06-27
SMSE_B22_5_GE12_204_14,138,SMSE,GE12,1,105,2022-07-22
SMSE_B22_5_GE12_204_14,139,SMSE,GE12,4,109,2022-08-20
SMSE_B22_5_GE12_204_14,140,SMSE,GE12,1,110,2022-09-16
SMSE_B22_5_GE12_204_14,141,SMSE,GE12,2,112,2022-10-28
SMSE_B22_5_GE12_204_14,142,SMSE,GE12,2,114,2022-11-26
SMSE_B22_5_GE12_204_14,143,SMSE,GE12,1,115,2022-12-02
SMSE_B22_5_GE12_204_14,144,SMSE,GE12,2,117,2023-01-13
SMSE_B22_5_GE12_204_14,145,SMSE,GE12,2,119,2023-02-24
SMSE_B22_5_GE12_204_14,146,SMSE,GE12,1,120,2023-03-17
SMSE_B22_5_GE12_204_14,147,SMSE,GE12,2,122,2023-04-19
SMSE_B22_5_GE12_204_14,148,SMSE,GE12,1,123,2023-05-20
SMSE_B22_5_GE12_204_14,149,SMSE,GE12,1,124,2023-06-16
SMSE_B22_5_GE12_204_15,39,SMSE,GE12,0,0,2014-04-24
SMSE_B22_5_GE12_204_15,40,SMSE,GE12,0,0,2014-05-10
SMSE_B22_5_GE12_204_15,43,SMSE,GE12,1,1,2014-08-28
SMSE_B22_5_GE12_204_15,44,SMSE,GE12,0,1,2014-09-23
SMSE_B22_5_GE12_204_15,45,SMSE,GE12,2,3,2014-10-24
SMSE_B22_5_GE12_204_15,46,SMSE,GE12,1,4,2014-11-08
SMSE_B22_5_GE12_204_15,47,SMSE,GE12,0,4,2014-12-13
SMSE_B22_5_GE12_204_15,48,SMSE,GE12,3,7,2015-01-24
SMSE_B22_5_GE12_204_15,55,SMSE,GE12,1,8,2015-08-08
SMSE_B22_5_GE12_204_15,56,SMSE,GE12,8,16,2015-09-28
SMSE_B22_5_GE12_204_15,57,SMSE,GE12,3,19,2015-10-19
SMSE_B22_5_GE12_204_15,58,SMSE,GE12,4,23,2015-11-30
SMSE_B22_5_GE12_204_15,59,SMSE,GE12,1,24,2015-12-12
SMSE_B22_5_GE12_204_15,60,SMSE,GE12,1,25,2016-01-09
SMSE_B22_5_GE12_204_15,69,SMSE,GE12,8,33,2016-10-28
SMSE_B22_5_GE12_204_15,70,SMSE,GE12,2,35,2016-11-19
SMSE_B22_5_GE12_204_15,71,SMSE,GE12,2,37,2016-12-24
SMSE_B22_5_GE12_204_15,75,SMSE,GE12,1,38,2017-04-22
SMSE_B22_5_GE12_204_15,76,SMSE,GE12,2,40,2017-05-29
SMSE_B22_5_GE12_204_15,78,SMSE,GE12,1,41,2017-07-29
SMSE_B22_5_GE12_204_15,79,SMSE,GE12,3,44,2017-08-19
SMSE_B22_5_GE12_204_15,80,SMSE,GE12,6,50,2017-09-30
SMSE_B22_5_GE12_204_15,81,SMSE,GE12,1,51,2017-10-07
SMSE_B22_5_GE12_204_15,82,SMSE,GE12,1,52,2017-11-11
SMSE_B22_5_GE12_204_15,90,SMSE,GE12,4,56,2018-07-27
SMSE_B22_5_GE12_204_15,91,SMSE,GE12,5,61,2018-08-31
SMSE_B22_5_GE12_204_15,92,SMSE,GE12,2,63,2018-09-15
SMSE_B22_5_GE12_204_15,93,SMSE,GE12,2,65,2018-10-20
SMSE_B22_5_GE12_204_15,95,SMSE,GE12,2,67,2018-12-29
SMSE_B22_5_GE12_204_15,103,SMSE,GE12,4,71,2019-08-16
SMSE_B22_5_GE12_204_15,104,SMSE,GE12,1,72,2019-09-27
SMSE_B22_5_GE12_204_15,105,SMSE,GE12,1,73,2019-10-11
SMSE_B22_5_GE12_204_15,106,SMSE,GE12,4,77,2019-11-22
SMSE_B22_5_GE12_204_15,107,SMSE,GE12,1,78,2019-12-12
SMSE_B22_5_GE12_204_15,109,SMSE,GE12,1,79,2020-02-28
SMSE_B22_5_GE12_204_15,110,SMSE,GE12,1,80,2020-03-27
SMSE_B22_5_GE12_204_15,111,SMSE,GE12,1,81,2020-04-24
SMSE_B22_5_GE12_204_15,116,SMSE,GE12,4,85,2020-09-25
SMSE_B22_5_GE12_204_15,117,SMSE,GE12,3,88,2020-10-16
SMSE_B22_5_GE12_204_15,118,SMSE,GE12,2,90,2020-11-20
SMSE_B22_5_GE12_204_15,123,SMSE,GE12,1,91,2021-04-16
SMSE_B22_5_GE12_204_15,124,SMSE,GE12,1,92,2021-05-21
SMSE_B22_5_GE12_204_15,127,SMSE,GE12,4,96,2021-08-28
SMSE_B22_5_GE12_204_15,128,SMSE,GE12,4,100,2021-09-24
SMSE_B22_5_GE12_204_15,129,SMSE,GE12,1,101,2021-10-01
SMSE_B22_5_GE12_204_15,130,SMSE,GE12,2,103,2021-11-12
SMSE_B22_5_GE12_204_15,131,SMSE,GE12,1,104,2021-12-03
SMSE_B22_5_GE12_204_15,132,SMSE,GE12,1,105,2022-01-07
SMSE_B22_5_GE12_204_15,139,SMSE,GE12,6,112,2022-08-26
SMSE_B22_5_GE12_204_15,140,SMSE,GE12,2,113,2022-09-16
SMSE_B22_5_GE12_204_15,141,SMSE,GE12,1,114,2022-10-07
SMSE_B22_5_GE12_204_15,142,SMSE,GE12,2,116,2022-11-18
SMSE_B22_5_GE12_204_15,150,SMSE,GE12,4,120,2023-07-28
SMSE_B22_5_GE12_204_15,151,SMSE,GE12,3,123,2023-08-07
SMSE_B22_5_GE12_204_15,152,SMSE,GE12,2,125,2023-09-30
SMSE_B22_5_GE16_204_20,41,SMSE,GE16,1,1,2014-06-23
SMSE_B22_5_GE16_204_20,42,SMSE,GE16,0,1,2014-07-21
SMSE_B22_5_GE16_204_20,43,SMSE,GE16,1,2,2014-08-28
SMSE_B22_5_GE16_204_20,44,SMSE,GE16,0,2,2014-09-23
SMSE_B22_5_GE16_204_20,45,SMSE,GE16,2,4,2014-10-24
SMSE_B22_5_GE16_204_20,46,SMSE,GE16,1,5,2014-11-08
SMSE_B22_5_GE16_204_20,47,SMSE,GE16,0,5,2014-12-27
SMSE_B22_5_GE16_204_20,48,SMSE,GE16,3,8,2015-01-24
SMSE_B22_5_GE16_204_20,49,SMSE,GE16,2,10,2015-02-27
SMSE_B22_5_GE16_204_20,50,SMSE,GE16,2,12,2015-03-13
SMSE_B22_5_GE16_204_20,55,SMSE,GE16,1,13,2015-08-08
SMSE_B22_5_GE16_204_20,56,SMSE,GE16,4,17,2015-09-28
SMSE_B22_5_GE16_204_20,57,SMSE,GE16,5,22,2015-10-19
SMSE_B22_5_GE16_204_20,58,SMSE,GE16,3,25,2015-11-21
SMSE_B22_5_GE16_204_20,59,SMSE,GE16,2,27,2015-12-12
SMSE_B22_5_GE16_204_20,60,SMSE,GE16,2,29,2016-01-12
SMSE_B22_5_GE16_204_20,68,SMSE,GE16,3,32,2016-09-24
SMSE_B22_5_GE16_204_20,69,SMSE,GE16,5,37,2016-10-28
SMSE_B22_5_GE16_204_20,70,SMSE,GE16,3,40,2016-11-19
SMSE_B22_5_GE16_204_20,75,SMSE,GE16,2,42,2017-04-29
SMSE_B22_5_GE16_204_20,76,SMSE,GE16,1,43,2017-05-13
SMSE_B22_5_GE16_204_20,78,SMSE,GE16,5,49,2017-07-22
SMSE_B22_5_GE16_204_20,77,SMSE,GE16,1,45,2017-06-17
SMSE_B22_5_GE16_204_20,79,SMSE,GE16,2,51,2017-08-12
SMSE_B22_5_GE16_204_20,80,SMSE,GE16,2,53,2017-09-30
SMSE_B22_5_GE16_204_20,89,SMSE,GE16,9,62,2018-06-29
SMSE_B22_5_GE16_204_20,90,SMSE,GE16,2,64,2018-07-27
SMSE_B22_5_GE16_204_20,91,SMSE,GE16,3,67,2018-08-31
SMSE_B22_5_GE16_204_20,92,SMSE,GE16,1,68,2018-09-08
SMSE_B22_5_GE16_204_20,93,SMSE,GE16,1,69,2018-10-27
SMSE_B22_5_GE16_204_20,94,SMSE,GE16,1,70,2018-11-10
SMSE_B22_5_GE16_204_20,101,SMSE,GE16,1,71,2019-06-21
SMSE_B22_5_GE16_204_20,102,SMSE,GE16,5,76,2019-07-26
SMSE_B22_5_GE16_204_20,103,SMSE,GE16,1,77,2019-08-09
SMSE_B22_5_GE16_204_20,107,SMSE,GE16,2,79,2019-12-28
SMSE_B22_5_GE16_204_20,108,SMSE,GE16,2,81,2020-01-24
SMSE_B22_5_GE16_204_20,109,SMSE,GE16,1,82,2020-02-28
SMSE_B22_5_GE16_204_20,111,SMSE,GE16,1,83,2020-04-30
SMSE_B22_5_GE16_204_20,112,SMSE,GE16,1,84,2020-05-22
SMSE_B22_5_GE16_204_20,113,SMSE,GE16,2,86,2020-06-18
SMSE_B22_5_GE16_204_20,116,SMSE,GE16,2,88,2020-09-18
SMSE_B22_5_GE16_204_20,117,SMSE,GE16,4,92,2020-10-23
SMSE_B22_5_GE16_204_20,120,SMSE,GE16,1,93,2021-01-22
SMSE_B22_5_GE16_204_20,121,SMSE,GE16,1,94,2021-02-13
SMSE_B22_5_GE16_204_20,123,SMSE,GE16,3,97,2021-04-22
SMSE_B22_5_GE16_204_20,124,SMSE,GE16,1,98,2021-05-10
SMSE_B22_5_GE16_204_20,126,SMSE,GE16,1,99,2021-07-24
SMSE_B22_5_GE16_204_20,127,SMSE,GE16,2,101,2021-08-23
SMSE_B22_5_GE16_204_20,128,SMSE,GE16,3,104,2021-09-24
SMSE_B22_5_GE16_204_20,129,SMSE,GE16,1,105,2021-10-15
SMSE_B22_5_GE16_204_20,130,SMSE,GE16,2,107,2021-11-20
SMSE_B22_5_GE16_204_20,134,SMSE,GE16,1,108,2022-03-05
SMSE_B22_5_GE16_204_20,138,SMSE,GE16,1,109,2022-07-29
SMSE_B22_5_GE16_204_20,139,SMSE,GE16,4,113,2022-08-20
SMSE_B22_5_GE16_204_20,140,SMSE,GE16,3,116,2022-09-30
SMSE_B22_5_GE16_204_20,141,SMSE,GE16,2,118,2022-10-14
SMSE_B22_5_GE16_204_20,142,SMSE,GE16,1,119,2022-11-04
SMSE_B22_5_GE16_204_20,150,SMSE,GE16,3,122,2023-07-28
SMSE_B22_5_GE16_204_20,151,SMSE,GE16,1,123,2023-08-25
SMSE_B22_5_GE16_204_20,152,SMSE,GE16,2,125,2023-09-15
SMSE_B22_5_GE16_205_20,39,SMSE,GE16,0,0,2014-04-25
SMSE_B22_5_GE16_205_20,42,SMSE,GE16,0,0,2014-07-21
SMSE_B22_5_GE16_205_20,43,SMSE,GE16,1,1,2014-08-28
SMSE_B22_5_GE16_205_20,44,SMSE,GE16,1,2,2014-09-23
SMSE_B22_5_GE16_205_20,46,SMSE,GE16,1,4,2014-11-29
SMSE_B22_5_GE16_205_20,45,SMSE,GE16,1,3,2014-10-24
SMSE_B22_5_GE16_205_20,47,SMSE,GE16,0,4,2014-12-20
SMSE_B22_5_GE16_205_20,48,SMSE,GE16,3,7,2015-01-31
SMSE_B22_5_GE16_205_20,49,SMSE,GE16,2,9,2015-02-27
SMSE_B22_5_GE16_205_20,50,SMSE,GE16,2,11,2015-03-13
SMSE_B22_5_GE16_205_20,52,SMSE,GE16,3,14,2015-05-11
SMSE_B22_5_GE16_205_20,55,SMSE,GE16,1,15,2015-08-08
SMSE_B22_5_GE16_205_20,56,SMSE,GE16,4,19,2015-09-28
SMSE_B22_5_GE16_205_20,57,SMSE,GE16,2,21,2015-10-19
SMSE_B22_5_GE16_205_20,58,SMSE,GE16,4,25,2015-11-04
SMSE_B22_5_GE16_205_20,59,SMSE,GE16,2,27,2015-12-12
SMSE_B22_5_GE16_205_20,60,SMSE,GE16,3,30,2016-01-09
SMSE_B22_5_GE16_205_20,69,SMSE,GE16,6,36,2016-10-28
SMSE_B22_5_GE16_205_20,70,SMSE,GE16,3,39,2016-11-19
SMSE_B22_5_GE16_205_20,71,SMSE,GE16,2,41,2016-12-24
SMSE_B22_5_GE16_205_20,72,SMSE,GE16,2,43,2017-01-07
SMSE_B22_5_GE16_205_20,78,SMSE,GE16,1,44,2017-07-22
SMSE_B22_5_GE16_205_20,79,SMSE,GE16,3,47,2017-08-26
SMSE_B22_5_GE16_205_20,80,SMSE,GE16,3,50,2017-09-30
SMSE_B22_5_GE16_205_20,82,SMSE,GE16,1,51,2017-11-04
SMSE_B22_5_GE16_205_20,86,SMSE,GE16,1,52,2018-03-31
SMSE_B22_5_GE16_205_20,87,SMSE,GE16,1,53,2018-04-13
SMSE_B22_5_GE16_205_20,89,SMSE,GE16,1,54,2018-06-23
SMSE_B22_5_GE16_205_20,90,SMSE,GE16,7,61,2018-07-27
SMSE_B22_5_GE16_205_20,91,SMSE,GE16,3,64,2018-08-31
SMSE_B22_5_GE16_205_20,92,SMSE,GE16,2,66,2018-09-29
SMSE_B22_5_GE16_205_20,93,SMSE,GE16,2,68,2018-10-20
SMSE_B22_5_GE16_205_20,94,SMSE,GE16,3,71,2018-11-24
SMSE_B22_5_GE16_205_20,95,SMSE,GE16,1,72,2018-12-15
SMSE_B22_5_GE16_205_20,96,SMSE,GE16,2,74,2019-01-18
SMSE_B22_5_GE16_205_20,103,SMSE,GE16,1,75,2019-08-30
SMSE_B22_5_GE16_205_20,104,SMSE,GE16,4,80,2019-09-20
SMSE_B22_5_GE16_205_20,105,SMSE,GE16,2,81,2019-10-04
SMSE_B22_5_GE16_205_20,106,SMSE,GE16,4,85,2019-11-08
SMSE_B22_5_GE16_205_20,107,SMSE,GE16,3,88,2019-12-21
SMSE_B22_5_GE16_205_20,116,SMSE,GE16,2,90,2020-09-18
SMSE_B22_5_GE16_205_20,117,SMSE,GE16,4,94,2020-10-28
SMSE_B22_5_GE16_205_20,118,SMSE,GE16,1,95,2020-11-20
SMSE_B22_5_GE16_205_20,119,SMSE,GE16,3,98,2020-12-24
SMSE_B22_5_GE16_205_20,127,SMSE,GE16,1,99,2021-08-28
SMSE_B22_5_GE16_205_20,128,SMSE,GE16,5,104,2021-09-10
SMSE_B22_5_GE16_205_20,129,SMSE,GE16,2,106,2021-10-29
SMSE_B22_5_GE16_205_20,130,SMSE,GE16,3,109,2021-11-20
SMSE_B22_5_GE16_205_20,131,SMSE,GE16,1,110,2021-12-24
SMSE_B22_5_GE16_205_20,139,SMSE,GE16,1,111,2022-08-20
SMSE_B22_5_GE16_205_20,140,SMSE,GE16,6,117,2022-09-30
SMSE_B22_5_GE16_205_20,141,SMSE,GE16,2,119,2022-10-14
SMSE_B22_5_GE16_205_20,149,SMSE,GE16,2,122,2023-06-30
SMSE_B22_5_GE16_205_20,150,SMSE,GE16,3,124,2023-07-28
SMSE_B22_5_GE16_205_20,151,SMSE,GE16,4,128,2023-08-25
SMSE_B22_5_GE16_205_20,152,SMSE,GE16,1,129,2023-09-22
SMSE_B22_5_GE16_205_21,39,SMSE,GE16,0,0,2014-04-25
SMSE_B22_5_GE16_205_21,41,SMSE,GE16,1,1,2014-06-23
SMSE_B22_5_GE16_205_21,42,SMSE,GE16,0,1,2014-07-21
SMSE_B22_5_GE16_205_21,43,SMSE,GE16,1,2,2014-08-28
SMSE_B22_5_GE16_205_21,44,SMSE,GE16,1,3,2014-09-23
SMSE_B22_5_GE16_205_21,45,SMSE,GE16,2,5,2014-10-24
SMSE_B22_5_GE16_205_21,46,SMSE,GE16,1,6,2014-11-15
SMSE_B22_5_GE16_205_21,47,SMSE,GE16,0,6,2014-12-13
SMSE_B22_5_GE16_205_21,48,SMSE,GE16,2,8,2015-01-24
SMSE_B22_5_GE16_205_21,49,SMSE,GE16,3,11,2015-02-27
SMSE_B22_5_GE16_205_21,50,SMSE,GE16,1,12,2015-03-13
SMSE_B22_5_GE16_205_21,55,SMSE,GE16,3,15,2015-08-31
SMSE_B22_5_GE16_205_21,56,SMSE,GE16,4,19,2015-09-28
SMSE_B22_5_GE16_205_21,57,SMSE,GE16,1,20,2015-10-19
SMSE_B22_5_GE16_205_21,58,SMSE,GE16,3,23,2015-11-21
SMSE_B22_5_GE16_205_21,59,SMSE,GE16,1,24,2015-12-12
SMSE_B22_5_GE16_205_21,60,SMSE,GE16,1,25,2016-01-09
SMSE_B22_5_GE16_205_21,67,SMSE,GE16,4,29,2016-08-27
SMSE_B22_5_GE16_205_21,68,SMSE,GE16,4,33,2016-09-24
SMSE_B22_5_GE16_205_21,69,SMSE,GE16,3,36,2016-10-28
SMSE_B22_5_GE16_205_21,70,SMSE,GE16,2,38,2016-11-12
SMSE_B22_5_GE16_205_21,71,SMSE,GE16,2,40,2016-12-03
SMSE_B22_5_GE16_205_21,72,SMSE,GE16,3,43,2017-01-18
SMSE_B22_5_GE16_205_21,73,SMSE,GE16,1,44,2017-02-04
SMSE_B22_5_GE16_205_21,74,SMSE,GE16,1,45,2017-03-11
SMSE_B22_5_GE16_205_21,78,SMSE,GE16,1,46,2017-07-22
SMSE_B22_5_GE16_205_21,79,SMSE,GE16,8,54,2017-08-19
SMSE_B22_5_GE16_205_21,80,SMSE,GE16,2,56,2017-09-16
SMSE_B22_5_GE16_205_21,83,SMSE,GE16,1,57,2017-12-22
SMSE_B22_5_GE16_205_21,84,SMSE,GE16,1,58,2018-01-26
SMSE_B22_5_GE16_205_21,89,SMSE,GE16,3,61,2018-06-29
SMSE_B22_5_GE16_205_21,90,SMSE,GE16,4,65,2018-07-27
SMSE_B22_5_GE16_205_21,91,SMSE,GE16,4,69,2018-08-31
SMSE_B22_5_GE16_205_21,92,SMSE,GE16,2,71,2018-09-29
SMSE_B22_5_GE16_205_21,101,SMSE,GE16,1,72,2019-06-28
SMSE_B22_5_GE16_205_21,102,SMSE,GE16,6,78,2019-07-26
SMSE_B22_5_GE16_205_21,103,SMSE,GE16,3,81,2019-08-30
SMSE_B22_5_GE16_205_21,104,SMSE,GE16,2,83,2019-09-20
SMSE_B22_5_GE16_205_21,105,SMSE,GE16,1,84,2019-10-04
SMSE_B22_5_GE16_205_21,106,SMSE,GE16,3,87,2019-11-15
SMSE_B22_5_GE16_205_21,116,SMSE,GE16,4,91,2020-09-18
SMSE_B22_5_GE16_205_21,117,SMSE,GE16,3,94,2020-10-16
SMSE_B22_5_GE16_205_21,118,SMSE,GE16,2,96,2020-11-12
SMSE_B22_5_GE16_205_21,122,SMSE,GE16,1,97,2021-03-24
SMSE_B22_5_GE16_205_21,123,SMSE,GE16,2,99,2021-04-22
SMSE_B22_5_GE16_205_21,125,SMSE,GE16,1,100,2021-06-26
SMSE_B22_5_GE16_205_21,126,SMSE,GE16,1,101,2021-07-16
SMSE_B22_5_GE16_205_21,127,SMSE,GE16,4,105,2021-08-23
SMSE_B22_5_GE16_205_21,128,SMSE,GE16,2,107,2021-09-24
SMSE_B22_5_GE16_205_21,129,SMSE,GE16,2,109,2021-10-23
SMSE_B22_5_GE16_205_21,130,SMSE,GE16,2,111,2021-11-26
SMSE_B22_5_GE16_205_21,131,SMSE,GE16,1,112,2021-12-03
SMSE_B22_5_GE16_205_21,139,SMSE,GE16,7,120,2022-08-20
SMSE_B22_5_GE16_205_21,138,SMSE,GE16,1,116,2022-07-29
SMSE_B22_5_GE16_205_21,140,SMSE,GE16,3,123,2022-09-30
SMSE_B22_5_GE16_205_21,141,SMSE,GE16,1,124,2022-10-14
SMSE_B22_5_GE16_205_21,143,SMSE,GE16,1,125,2022-12-02
SMSE_B22_5_GE16_205_21,144,SMSE,GE16,2,127,2023-01-20
SMSE_B22_5_GE16_205_21,150,SMSE,GE16,4,134,2023-07-14
SMSE_B22_5_GE16_205_21,149,SMSE,GE16,3,131,2023-06-30
SMSE_B22_5_GE16_205_21,151,SMSE,GE16,2,136,2023-08-07
SMSE_B22_5_GE16_205_21,152,SMSE,GE16,3,139,2023-09-30
SMSE_B22_1_GE09_25_18,39,SMSE,GE09,1,1,2014-04-15
SMSE_B22_1_GE09_25_18,41,SMSE,GE09,2,3,2014-06-03
SMSE_B22_1_GE09_25_18,44,SMSE,GE09,2,5,2014-09-25
SMSE_B22_1_GE09_25_18,45,SMSE,GE09,2,7,2014-10-28
SMSE_B22_1_GE09_25_18,46,SMSE,GE09,3,10,2014-11-24
SMSE_B22_1_GE09_25_18,47,SMSE,GE09,1,11,2014-12-08
SMSE_B22_1_GE09_25_18,48,SMSE,GE09,1,12,2015-01-09
SMSE_B22_1_GE09_25_18,49,SMSE,GE09,2,14,2015-02-16
SMSE_B22_1_GE09_25_18,50,SMSE,GE09,1,15,2015-03-23
SMSE_B22_1_GE09_25_18,51,SMSE,GE09,1,16,2015-04-06
SMSE_B22_1_GE09_25_18,52,SMSE,GE09,2,18,2015-05-04
SMSE_B22_1_GE09_25_18,53,SMSE,GE09,2,20,2015-06-01
SMSE_B22_1_GE09_25_18,54,SMSE,GE09,1,21,2015-07-06
SMSE_B22_1_GE09_25_18,55,SMSE,GE09,2,23,2015-08-31
SMSE_B22_1_GE09_25_18,56,SMSE,GE09,1,24,2015-09-14
SMSE_B22_1_GE09_25_18,57,SMSE,GE09,3,27,2015-10-20
SMSE_B22_1_GE09_25_18,58,SMSE,GE09,4,32,2015-11-23
SMSE_B22_1_GE09_25_18,59,SMSE,GE09,2,33,2015-12-14
SMSE_B22_1_GE09_25_18,60,SMSE,GE09,1,34,2016-01-11
SMSE_B22_1_GE09_25_18,61,SMSE,GE09,1,35,2016-02-01
SMSE_B22_1_GE09_25_18,68,SMSE,GE09,1,36,2016-09-26
SMSE_B22_1_GE09_25_18,69,SMSE,GE09,1,37,2016-10-10
SMSE_B22_1_GE09_25_18,71,SMSE,GE09,4,41,2016-12-26
SMSE_B22_1_GE09_25_18,72,SMSE,GE09,3,44,2017-01-23
SMSE_B22_1_GE09_25_18,73,SMSE,GE09,1,45,2017-02-13
SMSE_B22_1_GE09_25_18,74,SMSE,GE09,2,47,2017-03-20
SMSE_B22_1_GE09_25_18,78,SMSE,GE09,1,48,2017-07-17
SMSE_B22_1_GE09_25_18,79,SMSE,GE09,2,50,2017-08-28
SMSE_B22_1_GE09_25_18,80,SMSE,GE09,2,52,2017-09-11
SMSE_B22_1_GE09_25_18,81,SMSE,GE09,2,54,2017-10-02
SMSE_B22_1_GE09_25_18,82,SMSE,GE09,2,56,2017-11-13
SMSE_B22_1_GE09_25_18,83,SMSE,GE09,2,58,2017-12-08
SMSE_B22_1_GE09_25_18,84,SMSE,GE09,2,60,2018-01-22
SMSE_B22_1_GE09_25_18,85,SMSE,GE09,2,62,2018-02-19
SMSE_B22_1_GE09_25_18,86,SMSE,GE09,1,63,2018-03-12
SMSE_B22_1_GE09_25_18,87,SMSE,GE09,1,64,2018-04-23
SMSE_B22_1_GE09_25_18,91,SMSE,GE09,1,65,2018-08-20
SMSE_B22_1_GE09_25_18,93,SMSE,GE09,5,72,2018-10-29
SMSE_B22_1_GE09_25_18,92,SMSE,GE09,1,67,2018-09-24
SMSE_B22_1_GE09_25_18,94,SMSE,GE09,1,71,2018-11-05
SMSE_B22_1_GE09_25_18,95,SMSE,GE09,3,75,2018-12-03
SMSE_B22_1_GE09_25_18,96,SMSE,GE09,3,78,2019-01-14
SMSE_B22_1_GE09_25_18,97,SMSE,GE09,2,80,2019-02-25
SMSE_B22_1_GE09_25_18,99,SMSE,GE09,1,81,2019-04-01
SMSE_B22_1_GE09_25_18,100,SMSE,GE09,1,82,2019-05-13
SMSE_B22_1_GE09_25_18,105,SMSE,GE09,1,83,2019-10-14
SMSE_B22_1_GE09_25_18,106,SMSE,GE09,3,86,2019-11-11
SMSE_B22_1_GE09_25_18,107,SMSE,GE09,3,89,2019-12-23
SMSE_B22_1_GE09_25_18,108,SMSE,GE09,1,90,2020-01-13
SMSE_B22_1_GE09_25_18,117,SMSE,GE09,2,92,2020-10-26
SMSE_B22_1_GE09_25_18,118,SMSE,GE09,3,96,2020-11-23
SMSE_B22_1_GE09_25_18,119,SMSE,GE09,3,98,2020-12-21
SMSE_B22_1_GE09_25_18,120,SMSE,GE09,1,99,2021-01-11
SMSE_B22_1_GE09_25_18,121,SMSE,GE09,1,100,2021-02-01
SMSE_B22_1_GE09_25_18,127,SMSE,GE09,1,101,2021-08-16
SMSE_B22_1_GE09_25_18,130,SMSE,GE09,4,106,2021-11-08
SMSE_B22_1_GE09_25_18,129,SMSE,GE09,1,103,2021-10-25
SMSE_B22_1_GE09_25_18,131,SMSE,GE09,3,109,2021-12-20
SMSE_B22_1_GE09_25_18,132,SMSE,GE09,1,110,2022-01-03
SMSE_B22_1_GE09_25_18,133,SMSE,GE09,1,111,2022-02-07
SMSE_B22_1_GE09_25_18,141,SMSE,GE09,1,112,2022-10-24
SMSE_B22_1_GE09_25_18,142,SMSE,GE09,2,114,2022-11-14
SMSE_B22_1_GE09_25_18,143,SMSE,GE09,3,117,2022-12-19
SMSE_B22_1_GE09_25_18,144,SMSE,GE09,1,118,2023-01-02
SMSE_B22_1_GE09_25_18,145,SMSE,GE09,1,119,2023-02-06
SMSE_B22_1_GE09_25_18,146,SMSE,GE09,1,120,2023-03-06
SMSE_B22_1_GE09_25_18,153,SMSE,GE09,1,121,2023-10-09
SMSE_B22_1_GE09_25_18,154,SMSE,GE09,4,125,2023-11-06
SMSE_B22_1_GE09_25_18,155,SMSE,GE09,2,127,2023-12-04
SMSE_B22_1_GE09_26_19,39,SMSE,GE09,2,2,2014-04-30
SMSE_B22_1_GE09_26_19,41,SMSE,GE09,2,4,2014-06-11
SMSE_B22_1_GE09_26_19,42,SMSE,GE09,2,6,2014-07-25
SMSE_B22_1_GE09_26_19,43,SMSE,GE09,2,8,2014-08-05
SMSE_B22_1_GE09_26_19,44,SMSE,GE09,2,10,2014-09-25
SMSE_B22_1_GE09_26_19,45,SMSE,GE09,2,12,2014-10-28
SMSE_B22_1_GE09_26_19,50,SMSE,GE09,1,13,2015-03-09
SMSE_B22_1_GE09_26_19,51,SMSE,GE09,4,17,2015-04-27
SMSE_B22_1_GE09_26_19,52,SMSE,GE09,2,19,2015-05-25
SMSE_B22_1_GE09_26_19,53,SMSE,GE09,2,21,2015-06-15
SMSE_B22_1_GE09_26_19,54,SMSE,GE09,2,23,2015-07-06
SMSE_B22_1_GE09_26_19,55,SMSE,GE09,4,27,2015-08-31
SMSE_B22_1_GE09_26_19,56,SMSE,GE09,2,29,2015-09-14
SMSE_B22_1_GE09_26_19,57,SMSE,GE09,3,32,2015-10-20
SMSE_B22_1_GE09_26_19,58,SMSE,GE09,3,35,2015-11-09
SMSE_B22_1_GE09_26_19,59,SMSE,GE09,2,37,2015-12-14
SMSE_B22_1_GE09_26_19,60,SMSE,GE09,1,38,2016-01-11
SMSE_B22_1_GE09_26_19,68,SMSE,GE09,2,40,2016-09-26
SMSE_B22_1_GE09_26_19,69,SMSE,GE09,3,43,2016-10-24
SMSE_B22_1_GE09_26_19,70,SMSE,GE09,4,47,2016-11-21
SMSE_B22_1_GE09_26_19,71,SMSE,GE09,3,50,2016-12-26
SMSE_B22_1_GE09_26_19,72,SMSE,GE09,1,51,2017-01-02
SMSE_B22_1_GE09_26_19,76,SMSE,GE09,1,52,2017-05-15
SMSE_B22_1_GE09_26_19,77,SMSE,GE09,1,53,2017-06-06
SMSE_B22_1_GE09_26_19,79,SMSE,GE09,5,58,2017-08-28
SMSE_B22_1_GE09_26_19,80,SMSE,GE09,4,62,2017-09-25
SMSE_B22_1_GE09_26_19,81,SMSE,GE09,1,63,2017-10-02
SMSE_B22_1_GE09_26_19,82,SMSE,GE09,3,66,2017-11-27
SMSE_B22_1_GE09_26_19,85,SMSE,GE09,1,67,2018-02-12
SMSE_B22_1_GE09_26_19,86,SMSE,GE09,2,69,2018-03-19
SMSE_B22_1_GE09_26_19,91,SMSE,GE09,1,70,2018-08-20
SMSE_B22_1_GE09_26_19,92,SMSE,GE09,5,75,2018-09-10
SMSE_B22_1_GE09_26_19,93,SMSE,GE09,5,80,2018-10-29
SMSE_B22_1_GE09_26_19,94,SMSE,GE09,2,82,2018-11-19
SMSE_B22_1_GE09_26_19,96,SMSE,GE09,2,84,2019-01-21
SMSE_B22_1_GE09_26_19,97,SMSE,GE09,1,85,2019-02-11
SMSE_B22_1_GE09_26_19,98,SMSE,GE09,1,86,2019-03-18
SMSE_B22_1_GE09_26_19,99,SMSE,GE09,1,87,2019-04-15
SMSE_B22_1_GE09_26_19,103,SMSE,GE09,1,88,2019-08-26
SMSE_B22_1_GE09_26_19,104,SMSE,GE09,4,92,2019-09-23
SMSE_B22_1_GE09_26_19,105,SMSE,GE09,2,94,2019-10-14
SMSE_B22_1_GE09_26_19,106,SMSE,GE09,1,95,2019-11-11
SMSE_B22_1_GE09_26_19,107,SMSE,GE09,4,99,2019-12-23
SMSE_B22_1_GE09_26_19,117,SMSE,GE09,2,101,2020-10-12
SMSE_B22_1_GE09_26_19,118,SMSE,GE09,5,106,2020-11-30
SMSE_B22_1_GE09_26_19,119,SMSE,GE09,2,108,2020-12-28
SMSE_B22_1_GE09_26_19,124,SMSE,GE09,1,109,2021-05-03
SMSE_B22_1_GE09_26_19,125,SMSE,GE09,2,111,2021-06-14
SMSE_B22_1_GE09_26_19,126,SMSE,GE09,1,112,2021-07-05
SMSE_B22_1_GE09_26_19,127,SMSE,GE09,1,113,2021-08-24
SMSE_B22_1_GE09_26_19,128,SMSE,GE09,5,118,2021-09-27
SMSE_B22_1_GE09_26_19,129,SMSE,GE09,1,119,2021-10-11
SMSE_B22_1_GE09_26_19,130,SMSE,GE09,4,123,2021-11-22
SMSE_B22_1_GE09_26_19,131,SMSE,GE09,1,124,2021-12-13
SMSE_B22_1_GE09_26_19,139,SMSE,GE09,1,125,2022-08-29
SMSE_B22_1_GE09_26_19,140,SMSE,GE09,8,133,2022-09-26
SMSE_B22_1_GE09_26_19,141,SMSE,GE09,3,136,2022-10-31
SMSE_B22_1_GE09_26_19,142,SMSE,GE09,1,137,2022-11-07
SMSE_B22_1_GE09_26_19,143,SMSE,GE09,1,138,2022-12-05
SMSE_B22_1_GE09_26_19,146,SMSE,GE09,1,139,2023-03-27
SMSE_B22_1_GE09_26_19,147,SMSE,GE09,1,140,2023-04-25
SMSE_B22_1_GE09_26_19,148,SMSE,GE09,1,141,2023-05-15
SMSE_B22_1_GE09_26_19,151,SMSE,GE09,5,147,2023-08-28
SMSE_B22_1_GE09_26_19,150,SMSE,GE09,1,143,2023-07-24
SMSE_B22_1_GE09_26_19,152,SMSE,GE09,1,148,2023-09-04
SMSE_B22_1_GE09_26_19,153,SMSE,GE09,1,149,2023-10-23
SMSE_B22_1_GE09_26_19,155,SMSE,GE09,1,150,2023-12-04
SMSE_B22_1_GE09_27_18,39,SMSE,GE09,2,2,2014-04-23
SMSE_B22_1_GE09_27_18,42,SMSE,GE09,2,4,2014-07-25
SMSE_B22_1_GE09_27_18,43,SMSE,GE09,3,7,2014-08-27
SMSE_B22_1_GE09_27_18,44,SMSE,GE09,2,10,2014-09-25
SMSE_B22_1_GE09_27_18,45,SMSE,GE09,3,12,2014-10-28
SMSE_B22_1_GE09_27_18,46,SMSE,GE09,2,14,2014-11-03
SMSE_B22_1_GE09_27_18,47,SMSE,GE09,1,15,2014-12-08
SMSE_B22_1_GE09_27_18,48,SMSE,GE09,2,17,2015-01-26
SMSE_B22_1_GE09_27_18,52,SMSE,GE09,1,18,2015-05-25
SMSE_B22_1_GE09_27_18,56,SMSE,GE09,2,20,2015-09-14
SMSE_B22_1_GE09_27_18,57,SMSE,GE09,5,25,2015-10-20
SMSE_B22_1_GE09_27_18,58,SMSE,GE09,1,26,2015-11-16
SMSE_B22_1_GE09_27_18,59,SMSE,GE09,4,30,2015-12-29
SMSE_B22_1_GE09_27_18,60,SMSE,GE09,1,31,2016-01-11
SMSE_B22_1_GE09_27_18,69,SMSE,GE09,1,32,2016-10-10
SMSE_B22_1_GE09_27_18,70,SMSE,GE09,5,37,2016-11-21
SMSE_B22_1_GE09_27_18,71,SMSE,GE09,3,40,2016-12-26
SMSE_B22_1_GE09_27_18,72,SMSE,GE09,2,42,2017-01-23
SMSE_B22_1_GE09_27_18,77,SMSE,GE09,1,43,2017-06-19
SMSE_B22_1_GE09_27_18,78,SMSE,GE09,2,45,2017-07-24
SMSE_B22_1_GE09_27_18,79,SMSE,GE09,3,48,2017-08-28
SMSE_B22_1_GE09_27_18,80,SMSE,GE09,3,51,2017-09-25
SMSE_B22_1_GE09_27_18,81,SMSE,GE09,1,52,2017-10-03
SMSE_B22_1_GE09_27_18,82,SMSE,GE09,3,55,2017-11-27
SMSE_B22_1_GE09_27_18,83,SMSE,GE09,1,56,2017-12-08
SMSE_B22_1_GE09_27_18,91,SMSE,GE09,5,61,2018-08-27
SMSE_B22_1_GE09_27_18,92,SMSE,GE09,3,64,2018-09-10
SMSE_B22_1_GE09_27_18,93,SMSE,GE09,5,69,2018-10-29
SMSE_B22_1_GE09_27_18,94,SMSE,GE09,1,70,2018-11-19
SMSE_B22_1_GE09_27_18,95,SMSE,GE09,1,71,2018-12-03
SMSE_B22_1_GE09_27_18,96,SMSE,GE09,1,72,2019-01-02
SMSE_B22_1_GE09_27_18,104,SMSE,GE09,3,77,2019-09-23
SMSE_B22_1_GE09_27_18,103,SMSE,GE09,1,74,2019-08-26
SMSE_B22_1_GE09_27_18,105,SMSE,GE09,2,78,2019-10-14
SMSE_B22_1_GE09_27_18,106,SMSE,GE09,3,81,2019-11-25
SMSE_B22_1_GE09_27_18,107,SMSE,GE09,1,82,2019-12-02
SMSE_B22_1_GE09_27_18,108,SMSE,GE09,1,83,2020-01-06
SMSE_B22_1_GE09_27_18,117,SMSE,GE09,1,84,2020-10-19
SMSE_B22_1_GE09_27_18,118,SMSE,GE09,5,89,2020-11-09
SMSE_B22_1_GE09_27_18,119,SMSE,GE09,2,91,2020-12-21
SMSE_B22_1_GE09_27_18,120,SMSE,GE09,1,92,2021-01-04
SMSE_B22_1_GE09_27_18,121,SMSE,GE09,2,94,2021-02-22
SMSE_B22_1_GE09_27_18,129,SMSE,GE09,4,101,2021-10-11
SMSE_B22_1_GE09_27_18,128,SMSE,GE09,2,99,2021-09-27
SMSE_B22_1_GE09_27_18,130,SMSE,GE09,3,103,2021-11-08
SMSE_B22_1_GE09_27_18,131,SMSE,GE09,2,105,2021-12-20
SMSE_B22_1_GE09_27_18,132,SMSE,GE09,2,107,2022-01-24
SMSE_B22_1_GE09_27_18,133,SMSE,GE09,1,108,2022-02-14
SMSE_B22_1_GE09_27_18,140,SMSE,GE09,1,109,2022-09-26
SMSE_B22_1_GE09_27_18,141,SMSE,GE09,4,113,2022-10-31
SMSE_B22_1_GE09_27_18,142,SMSE,GE09,3,116,2022-11-14
SMSE_B22_1_GE09_27_18,143,SMSE,GE09,1,117,2022-12-05
SMSE_B22_1_GE09_27_18,144,SMSE,GE09,1,118,2023-01-09
SMSE_B22_1_GE09_27_18,152,SMSE,GE09,2,121,2023-09-11
SMSE_B22_1_GE09_27_18,151,SMSE,GE09,1,120,2023-08-28
SMSE_B22_1_GE09_27_18,153,SMSE,GE09,1,122,2023-10-02
SMSE_B22_1_GE09_27_18,154,SMSE,GE09,1,123,2023-11-06
SMSE_B22_1_GE09_27_18,155,SMSE,GE09,1,124,2023-12-04
SMSE_B22_1_GE06_30_5,39,SMSE,GE06,0,0,2014-04-07
SMSE_B22_1_GE06_30_5,42,SMSE,GE06,1,1,2014-07-24
SMSE_B22_1_GE06_30_5,43,SMSE,GE06,2,3,2014-08-27
SMSE_B22_1_GE06_30_5,44,SMSE,GE06,2,5,2014-09-25
SMSE_B22_1_GE06_30_5,45,SMSE,GE06,2,7,2014-10-21
SMSE_B22_1_GE06_30_5,46,SMSE,GE06,2,9,2014-11-10
SMSE_B22_1_GE06_30_5,47,SMSE,GE06,0,9,2014-12-22
SMSE_B22_1_GE06_30_5,48,SMSE,GE06,2,11,2015-01-12
SMSE_B22_1_GE06_30_5,49,SMSE,GE06,2,13,2015-02-16
SMSE_B22_1_GE06_30_5,50,SMSE,GE06,2,15,2015-03-09
SMSE_B22_1_GE06_30_5,51,SMSE,GE06,1,16,2015-04-06
SMSE_B22_1_GE06_30_5,52,SMSE,GE06,2,18,2015-05-04
SMSE_B22_1_GE06_30_5,53,SMSE,GE06,1,19,2015-06-01
SMSE_B22_1_GE06_30_5,54,SMSE,GE06,1,20,2015-07-06
SMSE_B22_1_GE06_30_5,55,SMSE,GE06,2,22,2015-08-31
SMSE_B22_1_GE06_30_5,56,SMSE,GE06,2,24,2015-09-14
SMSE_B22_1_GE06_30_5,57,SMSE,GE06,3,27,2015-10-21
SMSE_B22_1_GE06_30_5,58,SMSE,GE06,3,30,2015-11-23
SMSE_B22_1_GE06_30_5,59,SMSE,GE06,4,34,2015-12-29
SMSE_B22_1_GE06_30_5,68,SMSE,GE06,4,38,2016-09-26
SMSE_B22_1_GE06_30_5,69,SMSE,GE06,3,41,2016-10-24
SMSE_B22_1_GE06_30_5,70,SMSE,GE06,3,44,2016-11-21
SMSE_B22_1_GE06_30_5,71,SMSE,GE06,1,45,2016-12-05
SMSE_B22_1_GE06_30_5,78,SMSE,GE06,3,48,2017-07-24
SMSE_B22_1_GE06_30_5,79,SMSE,GE06,4,52,2017-08-28
SMSE_B22_1_GE06_30_5,80,SMSE,GE06,1,53,2017-09-25
SMSE_B22_1_GE06_30_5,83,SMSE,GE06,1,54,2017-12-26
SMSE_B22_1_GE06_30_5,84,SMSE,GE06,1,55,2018-01-15
SMSE_B22_1_GE06_30_5,85,SMSE,GE06,1,56,2018-02-19
SMSE_B22_1_GE06_30_5,86,SMSE,GE06,1,57,2018-03-19
SMSE_B22_1_GE06_30_5,88,SMSE,GE06,2,59,2018-05-21
SMSE_B22_1_GE06_30_5,89,SMSE,GE06,5,64,2018-06-25
SMSE_B22_1_GE06_30_5,90,SMSE,GE06,3,67,2018-07-31
SMSE_B22_1_GE06_30_5,91,SMSE,GE06,1,68,2018-08-20
SMSE_B22_1_GE06_30_5,94,SMSE,GE06,1,69,2018-11-05
SMSE_B22_1_GE06_30_5,95,SMSE,GE06,2,71,2018-12-24
SMSE_B22_1_GE06_30_5,96,SMSE,GE06,1,72,2019-01-28
SMSE_B22_1_GE06_30_5,99,SMSE,GE06,3,75,2019-04-29
SMSE_B22_1_GE06_30_5,100,SMSE,GE06,2,77,2019-05-27
SMSE_B22_1_GE06_30_5,101,SMSE,GE06,3,80,2019-06-17
SMSE_B22_1_GE06_30_5,102,SMSE,GE06,2,82,2019-07-22
SMSE_B22_1_GE06_30_5,103,SMSE,GE06,2,84,2019-08-26
SMSE_B22_1_GE06_30_5,111,SMSE,GE06,3,87,2020-04-27
SMSE_B22_1_GE06_30_5,112,SMSE,GE06,2,89,2020-05-26
SMSE_B22_1_GE06_30_5,113,SMSE,GE06,2,91,2020-06-02
SMSE_B22_1_GE06_30_5,114,SMSE,GE06,1,92,2020-07-06
SMSE_B22_1_GE06_30_5,115,SMSE,GE06,2,94,2020-08-18
SMSE_B22_1_GE06_30_5,116,SMSE,GE06,1,95,2020-09-07
SMSE_B22_1_GE06_30_5,118,SMSE,GE06,1,96,2020-11-23
SMSE_B22_1_GE06_30_5,119,SMSE,GE06,1,97,2020-12-07
SMSE_B22_1_GE06_30_5,121,SMSE,GE06,2,99,2021-02-22
SMSE_B22_1_GE06_30_5,122,SMSE,GE06,2,101,2021-03-22
SMSE_B22_1_GE06_30_5,123,SMSE,GE06,3,104,2021-04-26
SMSE_B22_1_GE06_30_5,125,SMSE,GE06,1,105,2021-06-02
SMSE_B22_1_GE06_30_5,132,SMSE,GE06,1,106,2022-01-10
SMSE_B22_1_GE06_30_5,134,SMSE,GE06,1,107,2022-03-28
SMSE_B22_1_GE06_30_5,135,SMSE,GE06,1,108,2022-04-18
SMSE_B22_1_GE06_30_5,136,SMSE,GE06,2,110,2022-05-18
SMSE_B22_1_GE06_30_5,137,SMSE,GE06,1,111,2022-06-15
SMSE_B22_1_GE06_30_5,139,SMSE,GE06,1,112,2022-08-29
SMSE_B22_1_GE06_30_5,140,SMSE,GE06,1,113,2022-09-12
SMSE_B22_1_GE06_30_5,142,SMSE,GE06,1,114,2022-11-21
SMSE_B22_1_GE06_30_5,143,SMSE,GE06,1,115,2022-12-19
SMSE_B22_1_GE06_30_5,144,SMSE,GE06,2,117,2023-01-30
SMSE_B22_1_GE06_30_5,145,SMSE,GE06,1,118,2023-02-06
SMSE_B22_1_GE06_30_5,146,SMSE,GE06,2,120,2023-03-27
SMSE_B22_1_GE06_30_5,147,SMSE,GE06,1,121,2023-04-10
SMSE_B22_1_GE06_30_5,150,SMSE,GE06,1,122,2023-07-24
SMSE_B22_1_GE06_30_5,151,SMSE,GE06,2,124,2023-08-14
SMSE_B22_1_GE12_30_8,41,SMSE,GE12,2,2,2014-06-25
SMSE_B22_1_GE12_30_8,42,SMSE,GE12,1,3,2014-07-03
SMSE_B22_1_GE12_30_8,43,SMSE,GE12,5,8,2014-08-27
SMSE_B22_1_GE12_30_8,44,SMSE,GE12,4,12,2014-09-20
SMSE_B22_1_GE12_30_8,45,SMSE,GE12,2,14,2014-10-04
SMSE_B22_1_GE12_30_8,46,SMSE,GE12,2,16,2014-11-10
SMSE_B22_1_GE12_30_8,47,SMSE,GE12,3,19,2014-12-22
SMSE_B22_1_GE12_30_8,48,SMSE,GE12,1,20,2015-01-12
SMSE_B22_1_GE12_30_8,49,SMSE,GE12,2,22,2015-02-09
SMSE_B22_1_GE12_30_8,50,SMSE,GE12,1,23,2015-03-09
SMSE_B22_1_GE12_30_8,56,SMSE,GE12,1,24,2015-09-14
SMSE_B22_1_GE12_30_8,57,SMSE,GE12,4,28,2015-10-21
SMSE_B22_1_GE12_30_8,58,SMSE,GE12,5,33,2015-11-09
SMSE_B22_1_GE12_30_8,59,SMSE,GE12,4,37,2015-12-29
SMSE_B22_1_GE12_30_8,60,SMSE,GE12,2,39,2016-01-18
SMSE_B22_1_GE12_30_8,61,SMSE,GE12,2,41,2016-02-15
SMSE_B22_1_GE12_30_8,70,SMSE,GE12,6,47,2016-11-21
SMSE_B22_1_GE12_30_8,71,SMSE,GE12,1,48,2016-12-05
SMSE_B22_1_GE12_30_8,76,SMSE,GE12,3,51,2017-05-30
SMSE_B22_1_GE12_30_8,77,SMSE,GE12,2,53,2017-06-29
SMSE_B22_1_GE12_30_8,78,SMSE,GE12,1,54,2017-07-10
SMSE_B22_1_GE12_30_8,79,SMSE,GE12,1,55,2017-08-07
SMSE_B22_1_GE12_30_8,80,SMSE,GE12,2,57,2017-09-25
SMSE_B22_1_GE12_30_8,81,SMSE,GE12,2,59,2017-10-02
SMSE_B22_1_GE12_30_8,82,SMSE,GE12,1,60,2017-11-06
SMSE_B22_1_GE12_30_8,90,SMSE,GE12,6,67,2018-07-23
SMSE_B22_1_GE12_30_8,89,SMSE,GE12,1,64,2018-06-25
SMSE_B22_1_GE12_30_8,91,SMSE,GE12,4,71,2018-08-27
SMSE_B22_1_GE12_30_8,92,SMSE,GE12,3,74,2018-09-17
SMSE_B22_1_GE12_30_8,93,SMSE,GE12,2,76,2018-10-08
SMSE_B22_1_GE12_30_8,94,SMSE,GE12,2,78,2018-11-12
SMSE_B22_1_GE12_30_8,104,SMSE,GE12,2,82,2019-09-09
SMSE_B22_1_GE12_30_8,103,SMSE,GE12,1,80,2019-08-26
SMSE_B22_1_GE12_30_8,105,SMSE,GE12,2,83,2019-10-14
SMSE_B22_1_GE12_30_8,108,SMSE,GE12,1,84,2020-01-27
SMSE_B22_1_GE12_30_8,109,SMSE,GE12,1,85,2020-02-26
SMSE_B22_1_GE12_30_8,110,SMSE,GE12,1,86,2020-03-09
SMSE_B22_1_GE12_30_8,111,SMSE,GE12,2,88,2020-04-20
SMSE_B22_1_GE12_30_8,112,SMSE,GE12,1,89,2020-05-18
SMSE_B22_1_GE12_30_8,115,SMSE,GE12,2,91,2020-08-24
SMSE_B22_1_GE12_30_8,116,SMSE,GE12,2,93,2020-09-21
SMSE_B22_1_GE12_30_8,117,SMSE,GE12,2,95,2020-10-12
SMSE_B22_1_GE12_30_8,123,SMSE,GE12,1,96,2021-04-12
SMSE_B22_1_GE12_30_8,124,SMSE,GE12,3,99,2021-05-25
SMSE_B22_1_GE12_30_8,125,SMSE,GE12,2,101,2021-06-14
SMSE_B22_1_GE12_30_8,126,SMSE,GE12,1,102,2021-07-26
SMSE_B22_1_GE12_30_8,127,SMSE,GE12,1,103,2021-08-24
SMSE_B22_1_GE12_30_8,129,SMSE,GE12,1,104,2021-10-25
SMSE_B22_1_GE12_30_8,138,SMSE,GE12,2,107,2022-07-25
SMSE_B22_1_GE12_30_8,137,SMSE,GE12,1,106,2022-06-28
SMSE_B22_1_GE12_30_8,139,SMSE,GE12,4,111,2022-08-29
SMSE_B22_1_GE12_30_8,140,SMSE,GE12,1,112,2022-09-12
SMSE_B22_1_GE12_30_8,148,SMSE,GE12,1,113,2023-05-22
SMSE_B22_1_GE12_30_8,149,SMSE,GE12,2,116,2023-06-26
SMSE_B22_1_GE12_30_8,150,SMSE,GE12,3,118,2023-07-03
SMSE_B22_1_GE12_30_8,155,SMSE,GE12,1,119,2023-12-04
SMSE_B22_1_GE12_30_9,41,SMSE,GE12,1,1,2014-06-25
SMSE_B22_1_GE12_30_9,43,SMSE,GE12,4,5,2014-08-19
SMSE_B22_1_GE12_30_9,44,SMSE,GE12,4,9,2014-09-06
SMSE_B22_1_GE12_30_9,45,SMSE,GE12,4,13,2014-10-28
SMSE_B22_1_GE12_30_9,46,SMSE,GE12,1,14,2014-11-14
SMSE_B22_1_GE12_30_9,47,SMSE,GE12,2,16,2014-12-22
SMSE_B22_1_GE12_30_9,48,SMSE,GE12,3,19,2015-01-09
SMSE_B22_1_GE12_30_9,49,SMSE,GE12,1,20,2015-02-16
SMSE_B22_1_GE12_30_9,50,SMSE,GE12,1,21,2015-03-09
SMSE_B22_1_GE12_30_9,51,SMSE,GE12,1,22,2015-04-06
SMSE_B22_1_GE12_30_9,52,SMSE,GE12,1,23,2015-05-04
SMSE_B22_1_GE12_30_9,55,SMSE,GE12,3,30,2015-08-31
SMSE_B22_1_GE12_30_9,56,SMSE,GE12,6,32,2015-09-14
SMSE_B22_1_GE12_30_9,57,SMSE,GE12,4,36,2015-10-21
SMSE_B22_1_GE12_30_9,58,SMSE,GE12,3,39,2015-11-23
SMSE_B22_1_GE12_30_9,59,SMSE,GE12,3,42,2015-12-29
SMSE_B22_1_GE12_30_9,60,SMSE,GE12,2,44,2016-01-18
SMSE_B22_1_GE12_30_9,68,SMSE,GE12,2,46,2016-09-26
SMSE_B22_1_GE12_30_9,69,SMSE,GE12,5,51,2016-10-24
SMSE_B22_1_GE12_30_9,70,SMSE,GE12,1,52,2016-11-07
SMSE_B22_1_GE12_30_9,74,SMSE,GE12,1,53,2017-03-27
SMSE_B22_1_GE12_30_9,75,SMSE,GE12,1,54,2017-04-10
SMSE_B22_1_GE12_30_9,76,SMSE,GE12,3,57,2017-05-30
SMSE_B22_1_GE12_30_9,77,SMSE,GE12,1,58,2017-06-19
SMSE_B22_1_GE12_30_9,78,SMSE,GE12,2,60,2017-07-24
SMSE_B22_1_GE12_30_9,79,SMSE,GE12,4,64,2017-08-28
SMSE_B22_1_GE12_30_9,80,SMSE,GE12,2,66,2017-09-25
SMSE_B22_1_GE12_30_9,87,SMSE,GE12,1,67,2018-04-09
SMSE_B22_1_GE12_30_9,90,SMSE,GE12,8,75,2018-07-30
SMSE_B22_1_GE12_30_9,91,SMSE,GE12,3,78,2018-08-27
SMSE_B22_1_GE12_30_9,92,SMSE,GE12,1,79,2018-09-01
SMSE_B22_1_GE12_30_9,97,SMSE,GE12,1,80,2019-02-25
SMSE_B22_1_GE12_30_9,98,SMSE,GE12,1,81,2019-03-04
SMSE_B22_1_GE12_30_9,100,SMSE,GE12,1,82,2019-05-06
SMSE_B22_1_GE12_30_9,101,SMSE,GE12,2,84,2019-06-10
SMSE_B22_1_GE12_30_9,105,SMSE,GE12,3,87,2019-10-22
SMSE_B22_1_GE12_30_9,106,SMSE,GE12,2,89,2019-11-18
SMSE_B22_1_GE12_30_9,107,SMSE,GE12,2,91,2019-12-30
SMSE_B22_1_GE12_30_9,108,SMSE,GE12,1,92,2020-01-13
SMSE_B22_1_GE12_30_9,109,SMSE,GE12,1,93,2020-02-03
SMSE_B22_1_GE12_30_9,110,SMSE,GE12,2,95,2020-03-03
SMSE_B22_1_GE12_30_9,111,SMSE,GE12,1,96,2020-04-06
SMSE_B22_1_GE12_30_9,112,SMSE,GE12,1,97,2020-05-04
SMSE_B22_1_GE12_30_9,117,SMSE,GE12,1,98,2020-10-19
SMSE_B22_1_GE12_30_9,118,SMSE,GE12,1,99,2020-11-02
SMSE_B22_1_GE12_30_9,122,SMSE,GE12,2,101,2021-03-29
SMSE_B22_1_GE12_30_9,123,SMSE,GE12,1,102,2021-04-12
SMSE_B22_1_GE12_30_9,124,SMSE,GE12,3,105,2021-05-25
SMSE_B22_1_GE12_30_9,125,SMSE,GE12,2,107,2021-06-21
SMSE_B22_1_GE12_30_9,126,SMSE,GE12,2,109,2021-07-19
SMSE_B22_1_GE12_30_9,127,SMSE,GE12,1,110,2021-08-02
SMSE_B22_1_GE12_30_9,128,SMSE,GE12,3,113,2021-09-27
SMSE_B22_1_GE12_30_9,129,SMSE,GE12,1,114,2021-10-11
SMSE_B22_1_GE12_30_9,130,SMSE,GE12,1,115,2021-11-08
SMSE_B22_1_GE12_30_9,138,SMSE,GE12,2,117,2022-07-25
SMSE_B22_1_GE12_30_9,139,SMSE,GE12,4,121,2022-08-29
SMSE_B22_1_GE12_30_9,140,SMSE,GE12,2,123,2022-09-19
SMSE_B22_1_GE12_30_9,141,SMSE,GE12,1,124,2022-10-24
SMSE_B22_1_GE12_30_9,142,SMSE,GE12,1,125,2022-11-21
SMSE_B22_1_GE12_30_9,143,SMSE,GE12,2,127,2022-12-19
SMSE_B22_1_GE12_30_9,144,SMSE,GE12,1,128,2023-01-23
SMSE_B22_1_GE12_30_9,145,SMSE,GE12,1,129,2023-02-27
SMSE_B22_1_GE12_30_9,146,SMSE,GE12,1,130,2023-03-13
SMSE_B22_1_GE12_30_9,148,SMSE,GE12,1,131,2023-05-29
SMSE_B22_1_GE12_30_9,149,SMSE,GE12,1,132,2023-06-26
SMSE_B22_1_GE12_30_9,153,SMSE,GE12,1,133,2023-10-23
SMSE_B22_1_GE12_30_9,154,SMSE,GE12,1,134,2023-11-20
SMSE_B22_1_GE12_30_9,155,SMSE,GE12,1,135,2023-12-04
SMSE_B22_1_GE06_31_4,42,SMSE,GE06,2,2,2014-07-24
SMSE_B22_1_GE06_31_4,43,SMSE,GE06,3,5,2014-08-30
SMSE_B22_1_GE06_31_4,44,SMSE,GE06,2,7,2014-09-03
SMSE_B22_1_GE06_31_4,45,SMSE,GE06,2,9,2014-10-21
SMSE_B22_1_GE06_31_4,46,SMSE,GE06,1,10,2014-11-14
SMSE_B22_1_GE06_31_4,47,SMSE,GE06,0,10,2014-12-29
SMSE_B22_1_GE06_31_4,48,SMSE,GE06,2,12,2015-01-19
SMSE_B22_1_GE06_31_4,49,SMSE,GE06,2,14,2015-02-16
SMSE_B22_1_GE06_31_4,50,SMSE,GE06,2,16,2015-03-09
SMSE_B22_1_GE06_31_4,51,SMSE,GE06,2,18,2015-04-06
SMSE_B22_1_GE06_31_4,52,SMSE,GE06,1,19,2015-05-04
SMSE_B22_1_GE06_31_4,53,SMSE,GE06,1,20,2015-06-01
SMSE_B22_1_GE06_31_4,54,SMSE,GE06,1,21,2015-07-06
SMSE_B22_1_GE06_31_4,55,SMSE,GE06,5,26,2015-08-31
SMSE_B22_1_GE06_31_4,56,SMSE,GE06,2,28,2015-09-14
SMSE_B22_1_GE06_31_4,57,SMSE,GE06,4,32,2015-10-21
SMSE_B22_1_GE06_31_4,58,SMSE,GE06,3,35,2015-11-16
SMSE_B22_1_GE06_31_4,59,SMSE,GE06,2,37,2015-12-14
SMSE_B22_1_GE06_31_4,60,SMSE,GE06,2,39,2016-01-11
SMSE_B22_1_GE06_31_4,67,SMSE,GE06,2,41,2016-08-30
SMSE_B22_1_GE06_31_4,68,SMSE,GE06,5,46,2016-09-26
SMSE_B22_1_GE06_31_4,69,SMSE,GE06,3,49,2016-10-24
SMSE_B22_1_GE06_31_4,70,SMSE,GE06,1,50,2016-11-07
SMSE_B22_1_GE06_31_4,76,SMSE,GE06,3,53,2017-05-30
SMSE_B22_1_GE06_31_4,77,SMSE,GE06,3,56,2017-06-29
SMSE_B22_1_GE06_31_4,78,SMSE,GE06,2,58,2017-07-24
SMSE_B22_1_GE06_31_4,79,SMSE,GE06,3,61,2017-08-14
SMSE_B22_1_GE06_31_4,80,SMSE,GE06,1,62,2017-09-25
SMSE_B22_1_GE06_31_4,84,SMSE,GE06,1,63,2018-01-15
SMSE_B22_1_GE06_31_4,85,SMSE,GE06,1,64,2018-02-05
SMSE_B22_1_GE06_31_4,86,SMSE,GE06,2,66,2018-03-19
SMSE_B22_1_GE06_31_4,87,SMSE,GE06,2,68,2018-04-16
SMSE_B22_1_GE06_31_4,88,SMSE,GE06,4,72,2018-05-28
SMSE_B22_1_GE06_31_4,89,SMSE,GE06,2,74,2018-06-25
SMSE_B22_1_GE06_31_4,90,SMSE,GE06,2,76,2018-07-23
SMSE_B22_1_GE06_31_4,91,SMSE,GE06,2,78,2018-08-20
SMSE_B22_1_GE06_31_4,93,SMSE,GE06,1,79,2018-10-29
SMSE_B22_1_GE06_31_4,94,SMSE,GE06,1,80,2018-11-12
SMSE_B22_1_GE06_31_4,95,SMSE,GE06,2,82,2018-12-10
SMSE_B22_1_GE06_31_4,96,SMSE,GE06,2,84,2019-01-21
SMSE_B22_1_GE06_31_4,97,SMSE,GE06,2,86,2019-02-25
SMSE_B22_1_GE06_31_4,98,SMSE,GE06,1,87,2019-03-11
SMSE_B22_1_GE06_31_4,99,SMSE,GE06,2,89,2019-04-15
SMSE_B22_1_GE06_31_4,100,SMSE,GE06,2,91,2019-05-20
SMSE_B22_1_GE06_31_4,101,SMSE,GE06,1,92,2019-06-10
SMSE_B22_1_GE06_31_4,102,SMSE,GE06,2,94,2019-07-22
SMSE_B22_1_GE06_31_4,103,SMSE,GE06,1,95,2019-08-12
SMSE_B22_1_GE06_31_4,104,SMSE,GE06,2,97,2019-09-16
SMSE_B22_1_GE06_31_4,105,SMSE,GE06,2,99,2019-10-14
SMSE_B22_1_GE06_31_4,106,SMSE,GE06,3,102,2019-11-25
SMSE_B22_1_GE06_31_4,107,SMSE,GE06,2,104,2019-12-30
SMSE_B22_1_GE06_31_4,108,SMSE,GE06,1,105,2020-01-27
SMSE_B22_1_GE06_31_4,109,SMSE,GE06,1,106,2020-02-10
SMSE_B22_1_GE06_31_4,110,SMSE,GE06,1,107,2020-03-09
SMSE_B22_1_GE06_31_4,116,SMSE,GE06,1,108,2020-09-21
SMSE_B22_1_GE06_31_4,117,SMSE,GE06,3,111,2020-10-26
SMSE_B22_1_GE06_31_4,118,SMSE,GE06,2,113,2020-11-09
SMSE_B22_1_GE06_31_4,123,SMSE,GE06,1,114,2021-04-19
SMSE_B22_1_GE06_31_4,124,SMSE,GE06,1,115,2021-05-17
SMSE_B22_1_GE06_31_4,127,SMSE,GE06,2,117,2021-08-24
SMSE_B22_1_GE06_31_4,128,SMSE,GE06,3,120,2021-09-27
SMSE_B22_1_GE06_31_4,129,SMSE,GE06,1,121,2021-10-18
SMSE_B22_1_GE06_31_4,130,SMSE,GE06,1,122,2021-11-08
SMSE_B22_1_GE06_31_4,135,SMSE,GE06,1,123,2022-04-04
SMSE_B22_1_GE06_31_4,136,SMSE,GE06,2,125,2022-05-24
SMSE_B22_1_GE06_31_4,137,SMSE,GE06,3,128,2022-06-28
SMSE_B22_1_GE06_31_4,138,SMSE,GE06,2,130,2022-07-25
SMSE_B22_1_GE06_31_4,139,SMSE,GE06,2,132,2022-08-01
SMSE_B22_1_GE06_31_4,140,SMSE,GE06,2,134,2022-09-26
SMSE_B22_1_GE06_31_4,147,SMSE,GE06,1,135,2023-04-25
SMSE_B22_1_GE06_31_4,148,SMSE,GE06,4,141,2023-05-29
SMSE_B22_1_GE06_31_4,149,SMSE,GE06,4,143,2023-06-26
SMSE_B22_1_GE06_31_4,150,SMSE,GE06,1,144,2023-07-10
SMSE_B22_1_GE06_31_4,151,SMSE,GE06,1,145,2023-08-28
SMSE_B22_1_GE06_31_4,152,SMSE,GE06,2,147,2023-09-18
SMSE_B22_1_GE06_31_5,39,SMSE,GE06,0,0,2014-04-30
SMSE_B22_1_GE06_31_5,40,SMSE,GE06,0,0,2014-05-13
SMSE_B22_1_GE06_31_5,43,SMSE,GE06,1,1,2014-08-30
SMSE_B22_1_GE06_31_5,44,SMSE,GE06,2,3,2014-09-25
SMSE_B22_1_GE06_31_5,45,SMSE,GE06,2,5,2014-10-29
SMSE_B22_1_GE06_31_5,46,SMSE,GE06,2,7,2014-11-10
SMSE_B22_1_GE06_31_5,47,SMSE,GE06,0,7,2014-12-22
SMSE_B22_1_GE06_31_5,48,SMSE,GE06,2,9,2015-01-12
SMSE_B22_1_GE06_31_5,49,SMSE,GE06,2,11,2015-02-16
SMSE_B22_1_GE06_31_5,50,SMSE,GE06,3,14,2015-03-09
SMSE_B22_1_GE06_31_5,51,SMSE,GE06,1,15,2015-04-06
SMSE_B22_1_GE06_31_5,52,SMSE,GE06,2,17,2015-05-04
SMSE_B22_1_GE06_31_5,53,SMSE,GE06,1,18,2015-06-01
SMSE_B22_1_GE06_31_5,54,SMSE,GE06,2,20,2015-07-06
SMSE_B22_1_GE06_31_5,55,SMSE,GE06,4,24,2015-08-31
SMSE_B22_1_GE06_31_5,56,SMSE,GE06,2,26,2015-09-14
SMSE_B22_1_GE06_31_5,57,SMSE,GE06,4,30,2015-10-21
SMSE_B22_1_GE06_31_5,58,SMSE,GE06,1,31,2015-11-16
SMSE_B22_1_GE06_31_5,59,SMSE,GE06,5,36,2015-12-29
SMSE_B22_1_GE06_31_5,60,SMSE,GE06,1,37,2016-01-11
SMSE_B22_1_GE06_31_5,68,SMSE,GE06,5,42,2016-09-26
SMSE_B22_1_GE06_31_5,69,SMSE,GE06,3,45,2016-10-10
SMSE_B22_1_GE06_31_5,70,SMSE,GE06,3,48,2016-11-14
SMSE_B22_1_GE06_31_5,71,SMSE,GE06,3,51,2016-12-26
SMSE_B22_1_GE06_31_5,79,SMSE,GE06,5,56,2017-08-28
SMSE_B22_1_GE06_31_5,80,SMSE,GE06,3,59,2017-09-25
SMSE_B22_1_GE06_31_5,81,SMSE,GE06,2,61,2017-10-16
SMSE_B22_1_GE06_31_5,90,SMSE,GE06,4,65,2018-07-31
SMSE_B22_1_GE06_31_5,91,SMSE,GE06,3,68,2018-08-27
SMSE_B22_1_GE06_31_5,92,SMSE,GE06,3,71,2018-09-24
SMSE_B22_1_GE06_31_5,93,SMSE,GE06,1,72,2018-10-08
SMSE_B22_1_GE06_31_5,96,SMSE,GE06,1,73,2019-01-21
SMSE_B22_1_GE06_31_5,97,SMSE,GE06,1,74,2019-02-11
SMSE_B22_1_GE06_31_5,98,SMSE,GE06,1,75,2019-03-18
SMSE_B22_1_GE06_31_5,101,SMSE,GE06,1,76,2019-06-24
SMSE_B22_1_GE06_31_5,102,SMSE,GE06,3,79,2019-07-22
SMSE_B22_1_GE06_31_5,103,SMSE,GE06,3,82,2019-08-19
SMSE_B22_1_GE06_31_5,104,SMSE,GE06,2,84,2019-09-02
SMSE_B22_1_GE06_31_5,115,SMSE,GE06,4,88,2020-08-31
SMSE_B22_1_GE06_31_5,116,SMSE,GE06,4,92,2020-09-14
SMSE_B22_1_GE06_31_5,117,SMSE,GE06,2,94,2020-10-12
SMSE_B22_1_GE06_31_5,118,SMSE,GE06,1,95,2020-11-02
SMSE_B22_1_GE06_31_5,126,SMSE,GE06,1,96,2021-07-05
SMSE_B22_1_GE06_31_5,127,SMSE,GE06,2,98,2021-08-24
SMSE_B22_1_GE06_31_5,128,SMSE,GE06,2,100,2021-09-20
SMSE_B22_1_GE06_31_5,129,SMSE,GE06,2,103,2021-10-18
SMSE_B22_1_GE06_31_5,130,SMSE,GE06,2,104,2021-11-08
SMSE_B22_1_GE06_31_5,134,SMSE,GE06,1,105,2022-03-14
SMSE_B22_1_GE06_31_5,135,SMSE,GE06,1,106,2022-04-04
SMSE_B22_1_GE06_31_5,139,SMSE,GE06,5,112,2022-08-22
SMSE_B22_1_GE06_31_5,138,SMSE,GE06,1,108,2022-07-25
SMSE_B22_1_GE06_31_5,140,SMSE,GE06,3,115,2022-09-12
SMSE_B22_1_GE06_31_5,141,SMSE,GE06,2,117,2022-10-10
SMSE_B22_1_GE06_31_5,146,SMSE,GE06,1,118,2023-03-13
SMSE_B22_1_GE06_31_5,147,SMSE,GE06,1,119,2023-04-03
SMSE_B22_1_GE06_31_5,149,SMSE,GE06,1,120,2023-06-26
SMSE_B22_1_GE06_31_5,150,SMSE,GE06,4,124,2023-07-17
SMSE_B22_1_GE06_31_5,151,SMSE,GE06,3,127,2023-08-14
SMSE_B22_1_GE06_31_5,152,SMSE,GE06,1,128,2023-09-04
SMSE_B22_1_GE16_37_13,41,SMSE,GE16,0,0,2014-06-25
SMSE_B22_1_GE16_37_13,43,SMSE,GE16,1,1,2014-08-19
SMSE_B22_1_GE16_37_13,44,SMSE,GE16,2,3,2014-09-30
SMSE_B22_1_GE16_37_13,45,SMSE,GE16,1,4,2014-10-06
SMSE_B22_1_GE16_37_13,46,SMSE,GE16,2,6,2014-11-07
SMSE_B22_1_GE16_37_13,47,SMSE,GE16,1,7,2014-12-01
SMSE_B22_1_GE16_37_13,48,SMSE,GE16,1,8,2015-01-12
SMSE_B22_1_GE16_37_13,49,SMSE,GE16,2,10,2015-02-16
SMSE_B22_1_GE16_37_13,50,SMSE,GE16,2,12,2015-03-09
SMSE_B22_1_GE16_37_13,51,SMSE,GE16,2,14,2015-04-20
SMSE_B22_1_GE16_37_13,55,SMSE,GE16,1,15,2015-08-18
SMSE_B22_1_GE16_37_13,56,SMSE,GE16,7,22,2015-09-21
SMSE_B22_1_GE16_37_13,57,SMSE,GE16,1,23,2015-10-01
SMSE_B22_1_GE16_37_13,58,SMSE,GE16,1,24,2015-11-23
SMSE_B22_1_GE16_37_13,59,SMSE,GE16,3,27,2015-12-14
SMSE_B22_1_GE16_37_13,60,SMSE,GE16,2,29,2016-01-11
SMSE_B22_1_GE16_37_13,61,SMSE,GE16,1,30,2016-02-15
SMSE_B22_1_GE16_37_13,69,SMSE,GE16,1,31,2016-10-10
SMSE_B22_1_GE16_37_13,70,SMSE,GE16,5,36,2016-11-14
SMSE_B22_1_GE16_37_13,76,SMSE,GE16,3,39,2017-05-30
SMSE_B22_1_GE16_37_13,77,SMSE,GE16,2,41,2017-06-19
SMSE_B22_1_GE16_37_13,78,SMSE,GE16,3,44,2017-07-24
SMSE_B22_1_GE16_37_13,79,SMSE,GE16,1,45,2017-08-07
SMSE_B22_1_GE16_37_13,80,SMSE,GE16,1,46,2017-09-25
SMSE_B22_1_GE16_37_13,88,SMSE,GE16,7,53,2018-05-21
SMSE_B22_1_GE16_37_13,89,SMSE,GE16,3,56,2018-06-09
SMSE_B22_1_GE16_37_13,90,SMSE,GE16,3,59,2018-07-31
SMSE_B22_1_GE16_37_13,91,SMSE,GE16,1,60,2018-08-13
SMSE_B22_1_GE16_37_13,92,SMSE,GE16,3,63,2018-09-17
SMSE_B22_1_GE16_37_13,93,SMSE,GE16,3,66,2018-10-29
SMSE_B22_1_GE16_37_13,94,SMSE,GE16,1,67,2018-11-12
SMSE_B22_1_GE16_37_13,95,SMSE,GE16,1,68,2018-12-10
SMSE_B22_1_GE16_37_13,102,SMSE,GE16,1,69,2019-07-15
SMSE_B22_1_GE16_37_13,103,SMSE,GE16,3,72,2019-08-26
SMSE_B22_1_GE16_37_13,107,SMSE,GE16,1,73,2019-12-23
SMSE_B22_1_GE16_37_13,109,SMSE,GE16,1,74,2020-02-10
SMSE_B22_1_GE16_37_13,110,SMSE,GE16,1,75,2020-03-03
SMSE_B22_1_GE16_37_13,111,SMSE,GE16,1,76,2020-04-06
SMSE_B22_1_GE16_37_13,112,SMSE,GE16,1,77,2020-05-26
SMSE_B22_1_GE16_37_13,113,SMSE,GE16,1,78,2020-06-15
SMSE_B22_1_GE16_37_13,115,SMSE,GE16,1,79,2020-08-31
SMSE_B22_1_GE16_37_13,119,SMSE,GE16,1,80,2020-12-28
SMSE_B22_1_GE16_37_13,120,SMSE,GE16,2,82,2021-01-18
SMSE_B22_1_GE16_37_13,121,SMSE,GE16,1,83,2021-02-08
SMSE_B22_1_GE16_37_13,122,SMSE,GE16,2,85,2021-03-22
SMSE_B22_1_GE16_37_13,123,SMSE,GE16,2,87,2021-04-26
SMSE_B22_1_GE16_37_13,124,SMSE,GE16,2,89,2021-05-17
SMSE_B22_1_GE16_37_13,125,SMSE,GE16,2,91,2021-06-21
SMSE_B22_1_GE16_37_13,126,SMSE,GE16,1,92,2021-07-05
SMSE_B22_1_GE16_37_13,127,SMSE,GE16,2,94,2021-08-30
SMSE_B22_1_GE16_37_13,128,SMSE,GE16,1,95,2021-09-06
SMSE_B22_1_GE16_37_13,136,SMSE,GE16,1,96,2022-05-24
SMSE_B22_1_GE16_37_13,137,SMSE,GE16,1,97,2022-06-28
SMSE_B22_1_GE16_37_13,138,SMSE,GE16,2,99,2022-07-11
SMSE_B22_1_GE16_37_13,139,SMSE,GE16,3,102,2022-08-29
SMSE_B22_1_GE16_37_13,140,SMSE,GE16,2,104,2022-09-19
SMSE_B22_1_GE16_37_13,141,SMSE,GE16,1,105,2022-10-24
SMSE_B22_1_GE16_37_13,142,SMSE,GE16,1,106,2022-11-21
SMSE_B22_1_GE16_37_13,143,SMSE,GE16,1,107,2022-12-05
SMSE_B22_1_GE16_37_13,148,SMSE,GE16,1,108,2023-05-29
SMSE_B22_1_GE16_37_13,149,SMSE,GE16,1,109,2023-06-26
SMSE_B22_1_GE16_37_13,150,SMSE,GE16,1,110,2023-07-24
SMSE_B22_1_GE16_37_13,151,SMSE,GE16,2,112,2023-08-21
SMSE_B22_1_GE16_37_13,152,SMSE,GE16,3,115,2023-09-25
SMSE_B22_1_GE16_37_14,39,SMSE,GE16,0,0,2014-04-30
SMSE_B22_1_GE16_37_14,40,SMSE,GE16,0,0,2014-05-13
SMSE_B22_1_GE16_37_14,41,SMSE,GE16,1,1,2014-06-03
SMSE_B22_1_GE16_37_14,42,SMSE,GE16,1,2,2014-07-05
SMSE_B22_1_GE16_37_14,43,SMSE,GE16,1,3,2014-08-19
SMSE_B22_1_GE16_37_14,44,SMSE,GE16,1,4,2014-09-08
SMSE_B22_1_GE16_37_14,45,SMSE,GE16,1,5,2014-10-21
SMSE_B22_1_GE16_37_14,46,SMSE,GE16,1,6,2014-11-07
SMSE_B22_1_GE16_37_14,47,SMSE,GE16,2,8,2014-12-05
SMSE_B22_1_GE16_37_14,48,SMSE,GE16,2,10,2015-01-12
SMSE_B22_1_GE16_37_14,49,SMSE,GE16,2,12,2015-02-16
SMSE_B22_1_GE16_37_14,50,SMSE,GE16,2,14,2015-03-09
SMSE_B22_1_GE16_37_14,51,SMSE,GE16,1,15,2015-04-20
SMSE_B22_1_GE16_37_14,55,SMSE,GE16,1,16,2015-08-18
SMSE_B22_1_GE16_37_14,56,SMSE,GE16,6,22,2015-09-21
SMSE_B22_1_GE16_37_14,57,SMSE,GE16,2,24,2015-10-12
SMSE_B22_1_GE16_37_14,58,SMSE,GE16,3,27,2015-11-23
SMSE_B22_1_GE16_37_14,59,SMSE,GE16,4,31,2015-12-14
SMSE_B22_1_GE16_37_14,60,SMSE,GE16,1,32,2016-01-11
SMSE_B22_1_GE16_37_14,68,SMSE,GE16,1,33,2016-09-19
SMSE_B22_1_GE16_37_14,69,SMSE,GE16,4,37,2016-10-24
SMSE_B22_1_GE16_37_14,70,SMSE,GE16,4,41,2016-11-14
SMSE_B22_1_GE16_37_14,71,SMSE,GE16,2,43,2016-12-19
SMSE_B22_1_GE16_37_14,72,SMSE,GE16,4,47,2017-01-31
SMSE_B22_1_GE16_37_14,73,SMSE,GE16,1,48,2017-02-06
SMSE_B22_1_GE16_37_14,75,SMSE,GE16,1,49,2017-04-17
SMSE_B22_1_GE16_37_14,76,SMSE,GE16,1,50,2017-05-15
SMSE_B22_1_GE16_37_14,77,SMSE,GE16,1,51,2017-06-06
SMSE_B22_1_GE16_37_14,78,SMSE,GE16,4,55,2017-07-24
SMSE_B22_1_GE16_37_14,79,SMSE,GE16,3,58,2017-08-21
SMSE_B22_1_GE16_37_14,80,SMSE,GE16,2,60,2017-09-18
SMSE_B22_1_GE16_37_14,81,SMSE,GE16,3,63,2017-10-30
SMSE_B22_1_GE16_37_14,82,SMSE,GE16,1,64,2017-11-13
SMSE_B22_1_GE16_37_14,83,SMSE,GE16,2,66,2017-12-26
SMSE_B22_1_GE16_37_14,84,SMSE,GE16,1,67,2018-01-08
SMSE_B22_1_GE16_37_14,85,SMSE,GE16,1,68,2018-02-26
SMSE_B22_1_GE16_37_14,91,SMSE,GE16,7,75,2018-08-27
SMSE_B22_1_GE16_37_14,92,SMSE,GE16,4,79,2018-09-17
SMSE_B22_1_GE16_37_14,93,SMSE,GE16,3,82,2018-10-29
SMSE_B22_1_GE16_37_14,96,SMSE,GE16,1,83,2019-01-08
SMSE_B22_1_GE16_37_14,95,SMSE,GE16,2,85,2018-12-10
SMSE_B22_1_GE16_37_14,94,SMSE,GE16,1,86,2018-11-12
SMSE_B22_1_GE16_37_14,97,SMSE,GE16,2,88,2019-02-25
SMSE_B22_1_GE16_37_14,102,SMSE,GE16,2,90,2019-07-29
SMSE_B22_1_GE16_37_14,103,SMSE,GE16,3,93,2019-08-26
SMSE_B22_1_GE16_37_14,104,SMSE,GE16,3,96,2019-09-09
SMSE_B22_1_GE16_37_14,105,SMSE,GE16,1,97,2019-10-21
SMSE_B22_1_GE16_37_14,106,SMSE,GE16,1,98,2019-11-18
SMSE_B22_1_GE16_37_14,115,SMSE,GE16,2,101,2020-08-31
SMSE_B22_1_GE16_37_14,116,SMSE,GE16,4,104,2020-09-28
SMSE_B22_1_GE16_37_14,117,SMSE,GE16,2,106,2020-10-12
SMSE_B22_1_GE16_37_14,118,SMSE,GE16,4,110,2020-11-30
SMSE_B22_1_GE16_37_14,119,SMSE,GE16,1,111,2020-12-14
SMSE_B22_1_GE16_37_14,127,SMSE,GE16,4,115,2021-08-30
SMSE_B22_1_GE16_37_14,128,SMSE,GE16,3,118,2021-09-20
SMSE_B22_1_GE16_37_14,129,SMSE,GE16,3,121,2021-10-25
SMSE_B22_1_GE16_37_14,130,SMSE,GE16,2,123,2021-11-15
SMSE_B22_1_GE16_37_14,131,SMSE,GE16,1,124,2021-12-06
SMSE_B22_1_GE16_37_14,139,SMSE,GE16,3,128,2022-08-29
SMSE_B22_1_GE16_37_14,138,SMSE,GE16,1,126,2022-07-25
SMSE_B22_1_GE16_37_14,140,SMSE,GE16,5,133,2022-09-19
SMSE_B22_1_GE16_37_14,141,SMSE,GE16,2,135,2022-10-24
SMSE_B22_1_GE16_37_14,142,SMSE,GE16,1,136,2022-11-14
SMSE_B22_1_GE16_37_14,143,SMSE,GE16,1,137,2022-12-05
SMSE_B22_1_GE16_37_14,150,SMSE,GE16,6,144,2023-07-24
SMSE_B22_1_GE16_37_14,149,SMSE,GE16,1,139,2023-06-26
SMSE_B22_1_GE16_37_14,151,SMSE,GE16,1,145,2023-08-08
SMSE_B22_1_GE16_37_14,152,SMSE,GE16,2,147,2023-09-18
SMSE_B22_1_GE16_37_15,39,SMSE,GE16,0,0,2014-04-15
SMSE_B22_1_GE16_37_15,40,SMSE,GE16,0,0,2014-05-10
SMSE_B22_1_GE16_37_15,41,SMSE,GE16,1,1,2014-06-03
SMSE_B22_1_GE16_37_15,42,SMSE,GE16,1,2,2014-07-05
SMSE_B22_1_GE16_37_15,43,SMSE,GE16,1,3,2014-08-19
SMSE_B22_1_GE16_37_15,44,SMSE,GE16,3,6,2014-09-30
SMSE_B22_1_GE16_37_15,45,SMSE,GE16,1,7,2014-10-06
SMSE_B22_1_GE16_37_15,46,SMSE,GE16,2,9,2014-11-10
SMSE_B22_1_GE16_37_15,47,SMSE,GE16,2,11,2014-12-15
SMSE_B22_1_GE16_37_15,48,SMSE,GE16,1,12,2015-01-12
SMSE_B22_1_GE16_37_15,49,SMSE,GE16,1,13,2015-02-16
SMSE_B22_1_GE16_37_15,50,SMSE,GE16,2,15,2015-03-09
SMSE_B22_1_GE16_37_15,52,SMSE,GE16,1,16,2015-05-11
SMSE_B22_1_GE16_37_15,51,SMSE,GE16,2,18,2015-04-20
SMSE_B22_1_GE16_37_15,55,SMSE,GE16,4,22,2015-08-31
SMSE_B22_1_GE16_37_15,56,SMSE,GE16,6,28,2015-09-21
SMSE_B22_1_GE16_37_15,57,SMSE,GE16,1,29,2015-10-12
SMSE_B22_1_GE16_37_15,58,SMSE,GE16,5,34,2015-11-23
SMSE_B22_1_GE16_37_15,59,SMSE,GE16,3,37,2015-12-29
SMSE_B22_1_GE16_37_15,60,SMSE,GE16,1,38,2016-01-18
SMSE_B22_1_GE16_37_15,68,SMSE,GE16,1,39,2016-09-19
SMSE_B22_1_GE16_37_15,69,SMSE,GE16,5,44,2016-10-24
SMSE_B22_1_GE16_37_15,70,SMSE,GE16,2,46,2016-11-15
SMSE_B22_1_GE16_37_15,71,SMSE,GE16,3,49,2016-12-19
SMSE_B22_1_GE16_37_15,74,SMSE,GE16,1,50,2017-03-13
SMSE_B22_1_GE16_37_15,75,SMSE,GE16,1,51,2017-04-03
SMSE_B22_1_GE16_37_15,76,SMSE,GE16,4,55,2017-05-30
SMSE_B22_1_GE16_37_15,77,SMSE,GE16,1,56,2017-06-19
SMSE_B22_1_GE16_37_15,78,SMSE,GE16,3,59,2017-07-17
SMSE_B22_1_GE16_37_15,79,SMSE,GE16,4,63,2017-08-28
SMSE_B22_1_GE16_37_15,80,SMSE,GE16,2,65,2017-09-25
SMSE_B22_1_GE16_37_15,81,SMSE,GE16,2,67,2017-10-23
SMSE_B22_1_GE16_37_15,90,SMSE,GE16,6,76,2018-07-31
SMSE_B22_1_GE16_37_15,89,SMSE,GE16,3,72,2018-06-25
SMSE_B22_1_GE16_37_15,91,SMSE,GE16,3,79,2018-08-27
SMSE_B22_1_GE16_37_15,92,SMSE,GE16,2,81,2018-09-17
SMSE_B22_1_GE16_37_15,93,SMSE,GE16,2,83,2018-10-22
SMSE_B22_1_GE16_37_15,94,SMSE,GE16,2,85,2018-11-19
SMSE_B22_1_GE16_37_15,95,SMSE,GE16,2,87,2018-12-10
SMSE_B22_1_GE16_37_15,96,SMSE,GE16,2,89,2019-01-28
SMSE_B22_1_GE16_37_15,97,SMSE,GE16,1,90,2019-02-18
SMSE_B22_1_GE16_37_15,102,SMSE,GE16,1,91,2019-07-29
SMSE_B22_1_GE16_37_15,103,SMSE,GE16,2,93,2019-08-19
SMSE_B22_1_GE16_37_15,105,SMSE,GE16,1,94,2019-10-14
SMSE_B22_1_GE16_37_15,106,SMSE,GE16,2,96,2019-11-25
SMSE_B22_1_GE16_37_15,107,SMSE,GE16,2,98,2019-12-09
SMSE_B22_1_GE16_37_15,108,SMSE,GE16,2,100,2020-01-20
SMSE_B22_1_GE16_37_15,109,SMSE,GE16,1,101,2020-02-10
SMSE_B22_1_GE16_37_15,110,SMSE,GE16,2,103,2020-03-16
SMSE_B22_1_GE16_37_15,111,SMSE,GE16,1,104,2020-04-13
SMSE_B22_1_GE16_37_15,116,SMSE,GE16,2,106,2020-09-21
SMSE_B22_1_GE16_37_15,117,SMSE,GE16,1,107,2020-10-05
SMSE_B22_1_GE16_37_15,121,SMSE,GE16,1,108,2021-02-08
SMSE_B22_1_GE16_37_15,122,SMSE,GE16,3,111,2021-03-22
SMSE_B22_1_GE16_37_15,123,SMSE,GE16,2,113,2021-04-26
SMSE_B22_1_GE16_37_15,124,SMSE,GE16,1,114,2021-05-17
SMSE_B22_1_GE16_37_15,125,SMSE,GE16,3,117,2021-06-21
SMSE_B22_1_GE16_37_15,126,SMSE,GE16,2,119,2021-07-26
SMSE_B22_1_GE16_37_15,127,SMSE,GE16,2,121,2021-08-24
SMSE_B22_1_GE16_37_15,128,SMSE,GE16,1,122,2021-09-06
SMSE_B22_1_GE16_37_15,129,SMSE,GE16,1,123,2021-10-04
SMSE_B22_1_GE16_37_15,136,SMSE,GE16,1,124,2022-05-18
SMSE_B22_1_GE16_37_15,137,SMSE,GE16,5,129,2022-06-21
SMSE_B22_1_GE16_37_15,138,SMSE,GE16,2,131,2022-07-25
SMSE_B22_1_GE16_37_15,139,SMSE,GE16,4,135,2022-08-29
SMSE_B22_1_GE16_37_15,140,SMSE,GE16,1,136,2022-09-19
SMSE_B22_1_GE16_37_15,141,SMSE,GE16,2,138,2022-10-17
SMSE_B22_1_GE16_37_15,142,SMSE,GE16,1,139,2022-11-07
SMSE_B22_1_GE16_37_15,144,SMSE,GE16,1,140,2023-01-23
SMSE_B22_1_GE16_37_15,148,SMSE,GE16,1,141,2023-05-15
SMSE_B22_1_GE16_37_15,149,SMSE,GE16,6,147,2023-06-12
SMSE_B22_1_GE16_37_15,150,SMSE,GE16,3,150,2023-07-24
SMSE_B22_2_GE03_40_3,39,SMSE,GE03,0,0,2014-04-30
SMSE_B22_2_GE03_40_3,40,SMSE,GE03,1,1,2014-05-21
SMSE_B22_2_GE03_40_3,41,SMSE,GE03,1,2,2014-06-03
SMSE_B22_2_GE03_40_3,42,SMSE,GE03,1,3,2014-07-07
SMSE_B22_2_GE03_40_3,43,SMSE,GE03,1,4,2014-08-27
SMSE_B22_2_GE03_40_3,44,SMSE,GE03,1,5,2014-09-29
SMSE_B22_2_GE03_40_3,45,SMSE,GE03,1,7,2014-10-24
SMSE_B22_2_GE03_40_3,46,SMSE,GE03,1,7,2014-11-18
SMSE_B22_2_GE03_40_3,47,SMSE,GE03,0,7,2014-12-23
SMSE_B22_2_GE03_40_3,48,SMSE,GE03,2,9,2015-01-27
SMSE_B22_2_GE03_40_3,49,SMSE,GE03,1,10,2015-02-10
SMSE_B22_2_GE03_40_3,50,SMSE,GE03,4,14,2015-03-10
SMSE_B22_2_GE03_40_3,51,SMSE,GE03,1,15,2015-04-07
SMSE_B22_2_GE03_40_3,52,SMSE,GE03,3,18,2015-05-05
SMSE_B22_2_GE03_40_3,53,SMSE,GE03,1,19,2015-06-03
SMSE_B22_2_GE03_40_3,56,SMSE,GE03,3,23,2015-09-23
SMSE_B22_2_GE03_40_3,55,SMSE,GE03,1,21,2015-08-11
SMSE_B22_2_GE03_40_3,57,SMSE,GE03,3,26,2015-10-28
SMSE_B22_2_GE03_40_3,58,SMSE,GE03,4,30,2015-11-17
SMSE_B22_2_GE03_40_3,59,SMSE,GE03,3,33,2015-12-22
SMSE_B22_2_GE03_40_3,60,SMSE,GE03,2,35,2016-01-19
SMSE_B22_2_GE03_40_3,68,SMSE,GE03,2,38,2016-09-29
SMSE_B22_2_GE03_40_3,69,SMSE,GE03,4,41,2016-10-18
SMSE_B22_2_GE03_40_3,70,SMSE,GE03,2,43,2016-11-15
SMSE_B22_2_GE03_40_3,73,SMSE,GE03,1,44,2017-02-27
SMSE_B22_2_GE03_40_3,74,SMSE,GE03,1,45,2017-03-21
SMSE_B22_2_GE03_40_3,75,SMSE,GE03,2,47,2017-04-26
SMSE_B22_2_GE03_40_3,76,SMSE,GE03,2,49,2017-05-13
SMSE_B22_2_GE03_40_3,77,SMSE,GE03,2,51,2017-06-13
SMSE_B22_2_GE03_40_3,78,SMSE,GE03,2,53,2017-07-18
SMSE_B22_2_GE03_40_3,79,SMSE,GE03,4,57,2017-08-29
SMSE_B22_2_GE03_40_3,80,SMSE,GE03,2,59,2017-09-26
SMSE_B22_2_GE03_40_3,81,SMSE,GE03,2,61,2017-10-24
SMSE_B22_2_GE03_40_3,82,SMSE,GE03,2,63,2017-11-21
SMSE_B22_2_GE03_40_3,83,SMSE,GE03,2,65,2017-12-27
SMSE_B22_2_GE03_40_3,84,SMSE,GE03,2,67,2018-01-30
SMSE_B22_2_GE03_40_3,85,SMSE,GE03,1,68,2018-02-27
SMSE_B22_2_GE03_40_3,91,SMSE,GE03,6,75,2018-08-21
SMSE_B22_2_GE03_40_3,90,SMSE,GE03,1,70,2018-07-24
SMSE_B22_2_GE03_40_3,92,SMSE,GE03,4,79,2018-09-18
SMSE_B22_2_GE03_40_3,93,SMSE,GE03,3,82,2018-10-23
SMSE_B22_2_GE03_40_3,94,SMSE,GE03,2,84,2018-11-13
SMSE_B22_2_GE03_40_3,95,SMSE,GE03,2,86,2018-12-12
SMSE_B22_2_GE03_40_3,96,SMSE,GE03,1,87,2019-01-09
SMSE_B22_2_GE03_40_3,102,SMSE,GE03,1,88,2019-07-23
SMSE_B22_2_GE03_40_3,103,SMSE,GE03,4,93,2019-08-27
SMSE_B22_2_GE03_40_3,104,SMSE,GE03,4,96,2019-09-17
SMSE_B22_2_GE03_40_3,105,SMSE,GE03,3,99,2019-10-22
SMSE_B22_2_GE03_40_3,106,SMSE,GE03,2,101,2019-11-26
SMSE_B22_2_GE03_40_3,107,SMSE,GE03,3,104,2019-12-31
SMSE_B22_2_GE03_40_3,117,SMSE,GE03,3,107,2020-10-27
SMSE_B22_2_GE03_40_3,118,SMSE,GE03,1,108,2020-11-17
SMSE_B22_2_GE03_40_3,122,SMSE,GE03,1,109,2021-03-23
SMSE_B22_2_GE03_40_3,123,SMSE,GE03,2,111,2021-04-26
SMSE_B22_2_GE03_40_3,124,SMSE,GE03,2,113,2021-05-18
SMSE_B22_2_GE03_40_3,125,SMSE,GE03,2,115,2021-06-15
SMSE_B22_2_GE03_40_3,126,SMSE,GE03,3,118,2021-07-21
SMSE_B22_2_GE03_40_3,127,SMSE,GE03,2,120,2021-08-18
SMSE_B22_2_GE03_40_3,128,SMSE,GE03,2,122,2021-09-14
SMSE_B22_2_GE03_40_3,129,SMSE,GE03,2,124,2021-10-26
SMSE_B22_2_GE03_40_3,138,SMSE,GE03,7,132,2022-07-26
SMSE_B22_2_GE03_40_3,137,SMSE,GE03,1,128,2022-06-29
SMSE_B22_2_GE03_40_3,139,SMSE,GE03,4,136,2022-08-23
SMSE_B22_2_GE03_40_3,140,SMSE,GE03,2,138,2022-09-20
SMSE_B22_2_GE03_40_3,141,SMSE,GE03,2,140,2022-10-25
SMSE_B22_2_GE03_40_3,142,SMSE,GE03,2,142,2022-11-23
SMSE_B22_2_GE03_40_3,143,SMSE,GE03,2,144,2022-12-27
SMSE_B22_2_GE03_40_3,144,SMSE,GE03,1,145,2023-01-02
SMSE_B22_2_GE03_40_3,145,SMSE,GE03,2,147,2023-02-14
SMSE_B22_2_GE03_40_3,150,SMSE,GE03,4,152,2023-07-25
SMSE_B22_2_GE03_40_3,149,SMSE,GE03,1,149,2023-06-27
SMSE_B22_2_GE03_40_3,151,SMSE,GE03,1,153,2023-08-22
SMSE_B22_2_GE03_40_3,152,SMSE,GE03,2,155,2023-09-12
SMSE_B22_2_GE03_40_3,153,SMSE,GE03,3,158,2023-10-17
SMSE_B22_2_GE03_40_3,154,SMSE,GE03,3,161,2023-11-14
SMSE_B22_2_GE03_40_3,155,SMSE,GE03,1,162,2023-12-12
SMSE_B22_2_GE03_40_4,39,SMSE,GE03,0,0,2014-04-30
SMSE_B22_2_GE03_40_4,41,SMSE,GE03,1,1,2014-06-11
SMSE_B22_2_GE03_40_4,42,SMSE,GE03,1,2,2014-07-07
SMSE_B22_2_GE03_40_4,43,SMSE,GE03,1,3,2014-08-09
SMSE_B22_2_GE03_40_4,44,SMSE,GE03,2,5,2014-09-08
SMSE_B22_2_GE03_40_4,45,SMSE,GE03,1,6,2014-10-14
SMSE_B22_2_GE03_40_4,46,SMSE,GE03,1,7,2014-11-11
SMSE_B22_2_GE03_40_4,47,SMSE,GE03,0,7,2014-12-22
SMSE_B22_2_GE03_40_4,48,SMSE,GE03,2,9,2015-01-20
SMSE_B22_2_GE03_40_4,50,SMSE,GE03,4,13,2015-03-10
SMSE_B22_2_GE03_40_4,51,SMSE,GE03,2,15,2015-04-07
SMSE_B22_2_GE03_40_4,52,SMSE,GE03,2,17,2015-05-05
SMSE_B22_2_GE03_40_4,53,SMSE,GE03,1,18,2015-06-03
SMSE_B22_2_GE03_40_4,55,SMSE,GE03,1,19,2015-08-11
SMSE_B22_2_GE03_40_4,56,SMSE,GE03,3,22,2015-09-23
SMSE_B22_2_GE03_40_4,57,SMSE,GE03,3,25,2015-10-28
SMSE_B22_2_GE03_40_4,58,SMSE,GE03,3,28,2015-11-17
SMSE_B22_2_GE03_40_4,59,SMSE,GE03,3,31,2015-12-22
SMSE_B22_2_GE03_40_4,60,SMSE,GE03,2,33,2016-01-19
SMSE_B22_2_GE03_40_4,68,SMSE,GE03,4,37,2016-09-27
SMSE_B22_2_GE03_40_4,69,SMSE,GE03,3,41,2016-10-25
SMSE_B22_2_GE03_40_4,70,SMSE,GE03,3,43,2016-11-15
SMSE_B22_2_GE03_40_4,71,SMSE,GE03,2,45,2016-12-14
SMSE_B22_2_GE03_40_4,72,SMSE,GE03,1,46,2017-01-11
SMSE_B22_2_GE03_40_4,73,SMSE,GE03,1,47,2017-02-07
SMSE_B22_2_GE03_40_4,75,SMSE,GE03,2,49,2017-04-26
SMSE_B22_2_GE03_40_4,76,SMSE,GE03,2,51,2017-05-23
SMSE_B22_2_GE03_40_4,77,SMSE,GE03,2,53,2017-06-30
SMSE_B22_2_GE03_40_4,78,SMSE,GE03,2,55,2017-07-18
SMSE_B22_2_GE03_40_4,79,SMSE,GE03,2,57,2017-08-15
SMSE_B22_2_GE03_40_4,80,SMSE,GE03,3,60,2017-09-26
SMSE_B22_2_GE03_40_4,81,SMSE,GE03,1,61,2017-10-03
SMSE_B22_2_GE03_40_4,82,SMSE,GE03,1,62,2017-11-07
SMSE_B22_2_GE03_40_4,84,SMSE,GE03,1,63,2018-01-09
SMSE_B22_2_GE03_40_4,85,SMSE,GE03,2,65,2018-02-27
SMSE_B22_2_GE03_40_4,86,SMSE,GE03,1,66,2018-03-06
SMSE_B22_2_GE03_40_4,87,SMSE,GE03,1,67,2018-04-24
SMSE_B22_2_GE03_40_4,88,SMSE,GE03,2,69,2018-05-22
SMSE_B22_2_GE03_40_4,89,SMSE,GE03,2,71,2018-06-26
SMSE_B22_2_GE03_40_4,90,SMSE,GE03,3,74,2018-07-24
SMSE_B22_2_GE03_40_4,91,SMSE,GE03,3,77,2018-08-21
SMSE_B22_2_GE03_40_4,92,SMSE,GE03,3,80,2018-09-25
SMSE_B22_2_GE03_40_4,93,SMSE,GE03,2,82,2018-10-23
SMSE_B22_2_GE03_40_4,94,SMSE,GE03,1,83,2018-11-06
SMSE_B22_2_GE03_40_4,95,SMSE,GE03,2,85,2018-12-18
SMSE_B22_2_GE03_40_4,96,SMSE,GE03,2,87,2019-01-22
SMSE_B22_2_GE03_40_4,97,SMSE,GE03,1,88,2019-02-26
SMSE_B22_2_GE03_40_4,102,SMSE,GE03,1,89,2019-07-23
SMSE_B22_2_GE03_40_4,103,SMSE,GE03,3,92,2019-08-20
SMSE_B22_2_GE03_40_4,104,SMSE,GE03,2,94,2019-09-17
SMSE_B22_2_GE03_40_4,105,SMSE,GE03,2,96,2019-10-22
SMSE_B22_2_GE03_40_4,106,SMSE,GE03,2,98,2019-11-04
SMSE_B22_2_GE03_40_4,108,SMSE,GE03,1,99,2020-01-14
SMSE_B22_2_GE03_40_4,109,SMSE,GE03,1,100,2020-02-04
SMSE_B22_2_GE03_40_4,110,SMSE,GE03,1,101,2020-03-04
SMSE_B22_2_GE03_40_4,115,SMSE,GE03,1,102,2020-08-25
SMSE_B22_2_GE03_40_4,116,SMSE,GE03,2,104,2020-09-29
SMSE_B22_2_GE03_40_4,122,SMSE,GE03,2,106,2021-03-23
SMSE_B22_2_GE03_40_4,123,SMSE,GE03,2,108,2021-04-26
SMSE_B22_2_GE03_40_4,124,SMSE,GE03,2,110,2021-05-17
SMSE_B22_2_GE03_40_4,125,SMSE,GE03,2,112,2021-06-22
SMSE_B22_2_GE03_40_4,126,SMSE,GE03,2,114,2021-07-21
SMSE_B22_2_GE03_40_4,127,SMSE,GE03,2,116,2021-08-25
SMSE_B22_2_GE03_40_4,128,SMSE,GE03,2,118,2021-09-21
SMSE_B22_2_GE03_40_4,129,SMSE,GE03,1,119,2021-10-19
SMSE_B22_2_GE03_40_4,137,SMSE,GE03,6,126,2022-06-29
SMSE_B22_2_GE03_40_4,136,SMSE,GE03,1,122,2022-05-24
SMSE_B22_2_GE03_40_4,138,SMSE,GE03,3,129,2022-07-26
SMSE_B22_2_GE03_40_4,139,SMSE,GE03,2,131,2022-08-23
SMSE_B22_2_GE03_40_4,140,SMSE,GE03,1,132,2022-09-13
SMSE_B22_2_GE03_40_4,141,SMSE,GE03,2,134,2022-10-18
SMSE_B22_2_GE03_40_4,142,SMSE,GE03,1,135,2022-11-01
SMSE_B22_2_GE03_40_4,149,SMSE,GE03,4,141,2023-06-27
SMSE_B22_2_GE03_40_4,148,SMSE,GE03,1,137,2023-05-09
SMSE_B22_2_GE03_40_4,150,SMSE,GE03,2,142,2023-07-11
SMSE_B22_2_GE03_40_4,151,SMSE,GE03,1,143,2023-08-29
SMSE_B22_2_GE03_40_4,152,SMSE,GE03,1,144,2023-09-12
SMSE_B22_2_GE03_40_4,153,SMSE,GE03,2,146,2023-10-17
SMSE_B22_2_GE03_40_4,154,SMSE,GE03,1,147,2023-11-14
SMSE_B22_2_GE03_40_4,155,SMSE,GE03,1,148,2023-12-12
SMSE_B22_2_GE03_41_3,41,SMSE,GE03,1,1,2014-06-18
SMSE_B22_2_GE03_41_3,42,SMSE,GE03,1,2,2014-07-07
SMSE_B22_2_GE03_41_3,43,SMSE,GE03,1,3,2014-08-09
SMSE_B22_2_GE03_41_3,44,SMSE,GE03,1,4,2014-09-06
SMSE_B22_2_GE03_41_3,45,SMSE,GE03,1,5,2014-10-09
SMSE_B22_2_GE03_41_3,46,SMSE,GE03,1,6,2014-11-18
SMSE_B22_2_GE03_41_3,47,SMSE,GE03,0,6,2014-12-22
SMSE_B22_2_GE03_41_3,48,SMSE,GE03,2,8,2015-01-27
SMSE_B22_2_GE03_41_3,49,SMSE,GE03,3,11,2015-02-10
SMSE_B22_2_GE03_41_3,51,SMSE,GE03,1,12,2015-04-07
SMSE_B22_2_GE03_41_3,56,SMSE,GE03,4,17,2015-09-23
SMSE_B22_2_GE03_41_3,55,SMSE,GE03,1,14,2015-08-11
SMSE_B22_2_GE03_41_3,57,SMSE,GE03,5,22,2015-10-28
SMSE_B22_2_GE03_41_3,58,SMSE,GE03,2,25,2015-11-24
SMSE_B22_2_GE03_41_3,59,SMSE,GE03,4,28,2015-12-22
SMSE_B22_2_GE03_41_3,60,SMSE,GE03,1,29,2016-01-12
SMSE_B22_2_GE03_41_3,68,SMSE,GE03,3,32,2016-09-27
SMSE_B22_2_GE03_41_3,69,SMSE,GE03,4,36,2016-10-25
SMSE_B22_2_GE03_41_3,70,SMSE,GE03,2,38,2016-11-15
SMSE_B22_2_GE03_41_3,71,SMSE,GE03,2,40,2016-12-14
SMSE_B22_2_GE03_41_3,75,SMSE,GE03,1,41,2017-04-11
SMSE_B22_2_GE03_41_3,76,SMSE,GE03,2,43,2017-05-09
SMSE_B22_2_GE03_41_3,77,SMSE,GE03,3,46,2017-06-30
SMSE_B22_2_GE03_41_3,78,SMSE,GE03,2,48,2017-07-18
SMSE_B22_2_GE03_41_3,79,SMSE,GE03,3,51,2017-08-22
SMSE_B22_2_GE03_41_3,80,SMSE,GE03,2,53,2017-09-26
SMSE_B22_2_GE03_41_3,81,SMSE,GE03,2,55,2017-10-17
SMSE_B22_2_GE03_41_3,82,SMSE,GE03,3,58,2017-11-30
SMSE_B22_2_GE03_41_3,84,SMSE,GE03,1,59,2018-01-23
SMSE_B22_2_GE03_41_3,85,SMSE,GE03,1,60,2018-02-27
SMSE_B22_2_GE03_41_3,90,SMSE,GE03,2,66,2018-07-31
SMSE_B22_2_GE03_41_3,91,SMSE,GE03,7,69,2018-08-21
SMSE_B22_2_GE03_41_3,92,SMSE,GE03,3,72,2018-09-18
SMSE_B22_2_GE03_41_3,93,SMSE,GE03,4,76,2018-10-23
SMSE_B22_2_GE03_41_3,94,SMSE,GE03,1,77,2018-11-06
SMSE_B22_2_GE03_41_3,95,SMSE,GE03,2,79,2018-12-12
SMSE_B22_2_GE03_41_3,96,SMSE,GE03,1,80,2019-01-09
SMSE_B22_2_GE03_41_3,97,SMSE,GE03,1,81,2019-02-19
SMSE_B22_2_GE03_41_3,103,SMSE,GE03,1,82,2019-08-20
SMSE_B22_2_GE03_41_3,104,SMSE,GE03,4,86,2019-09-17
SMSE_B22_2_GE03_41_3,105,SMSE,GE03,4,90,2019-10-22
SMSE_B22_2_GE03_41_3,106,SMSE,GE03,2,92,2019-11-19
SMSE_B22_2_GE03_41_3,107,SMSE,GE03,4,96,2019-12-31
SMSE_B22_2_GE03_41_3,108,SMSE,GE03,1,97,2020-01-21
SMSE_B22_2_GE03_41_3,117,SMSE,GE03,3,101,2020-10-27
SMSE_B22_2_GE03_41_3,118,SMSE,GE03,4,104,2020-11-24
SMSE_B22_2_GE03_41_3,124,SMSE,GE03,1,105,2021-05-25
SMSE_B22_2_GE03_41_3,125,SMSE,GE03,2,107,2021-06-22
SMSE_B22_2_GE03_41_3,127,SMSE,GE03,5,112,2021-08-25
SMSE_B22_2_GE03_41_3,128,SMSE,GE03,3,115,2021-09-28
SMSE_B22_2_GE03_41_3,129,SMSE,GE03,1,116,2021-10-26
SMSE_B22_2_GE03_41_3,130,SMSE,GE03,2,118,2021-11-16
SMSE_B22_2_GE03_41_3,131,SMSE,GE03,1,119,2021-12-14
SMSE_B22_2_GE03_41_3,139,SMSE,GE03,7,127,2022-08-23
SMSE_B22_2_GE03_41_3,138,SMSE,GE03,1,123,2022-07-26
SMSE_B22_2_GE03_41_3,140,SMSE,GE03,2,129,2022-09-20
SMSE_B22_2_GE03_41_3,141,SMSE,GE03,3,132,2022-10-24
SMSE_B22_2_GE03_41_3,142,SMSE,GE03,2,134,2022-11-23
SMSE_B22_2_GE03_41_3,143,SMSE,GE03,1,135,2022-12-27
SMSE_B22_2_GE03_41_3,144,SMSE,GE03,2,137,2023-01-24
SMSE_B22_2_GE03_41_3,145,SMSE,GE03,1,138,2023-02-07
SMSE_B22_2_GE03_41_3,146,SMSE,GE03,1,139,2023-03-07
SMSE_B22_2_GE03_41_3,147,SMSE,GE03,1,140,2023-04-03
SMSE_B22_2_GE03_41_3,150,SMSE,GE03,4,145,2023-07-25
SMSE_B22_2_GE03_41_3,151,SMSE,GE03,3,147,2023-08-15
SMSE_B22_2_GE03_41_3,152,SMSE,GE03,1,148,2023-09-12
SMSE_B22_2_GE03_41_3,153,SMSE,GE03,3,151,2023-10-17
SMSE_B22_2_GE03_41_3,154,SMSE,GE03,1,152,2023-11-14
SMSE_B22_2_GE03_41_3,155,SMSE,GE03,1,153,2023-12-12
SMSE_B22_2_GE02_42_20,43,SMSE,GE02,1,1,2014-08-11
SMSE_B22_2_GE02_42_20,44,SMSE,GE02,2,3,2014-09-30
SMSE_B22_2_GE02_42_20,45,SMSE,GE02,3,6,2014-10-09
SMSE_B22_2_GE02_42_20,46,SMSE,GE02,2,8,2014-11-04
SMSE_B22_2_GE02_42_20,47,SMSE,GE02,0,8,2014-12-23
SMSE_B22_2_GE02_42_20,48,SMSE,GE02,2,10,2015-01-20
SMSE_B22_2_GE02_42_20,49,SMSE,GE02,3,13,2015-02-24
SMSE_B22_2_GE02_42_20,50,SMSE,GE02,3,16,2015-03-24
SMSE_B22_2_GE02_42_20,51,SMSE,GE02,1,17,2015-04-07
SMSE_B22_2_GE02_42_20,52,SMSE,GE02,2,19,2015-05-05
SMSE_B22_2_GE02_42_20,53,SMSE,GE02,1,20,2015-06-03
SMSE_B22_2_GE02_42_20,54,SMSE,GE02,1,21,2015-07-07
SMSE_B22_2_GE02_42_20,55,SMSE,GE02,1,22,2015-08-25
SMSE_B22_2_GE02_42_20,56,SMSE,GE02,2,24,2015-09-08
SMSE_B22_2_GE02_42_20,57,SMSE,GE02,4,28,2015-10-28
SMSE_B22_2_GE02_42_20,58,SMSE,GE02,2,30,2015-11-24
SMSE_B22_2_GE02_42_20,59,SMSE,GE02,4,34,2015-12-22
SMSE_B22_2_GE02_42_20,60,SMSE,GE02,3,37,2016-01-19
SMSE_B22_2_GE02_42_20,61,SMSE,GE02,2,39,2016-02-10
SMSE_B22_2_GE02_42_20,68,SMSE,GE02,1,40,2016-09-27
SMSE_B22_2_GE02_42_20,69,SMSE,GE02,6,46,2016-10-25
SMSE_B22_2_GE02_42_20,70,SMSE,GE02,3,49,2016-11-15
SMSE_B22_2_GE02_42_20,71,SMSE,GE02,3,52,2016-12-14
SMSE_B22_2_GE02_42_20,72,SMSE,GE02,1,53,2017-01-03
SMSE_B22_2_GE02_42_20,76,SMSE,GE02,1,54,2017-05-03
SMSE_B22_2_GE02_42_20,77,SMSE,GE02,3,57,2017-06-13
SMSE_B22_2_GE02_42_20,78,SMSE,GE02,1,58,2017-07-11
SMSE_B22_2_GE02_42_20,79,SMSE,GE02,5,63,2017-08-29
SMSE_B22_2_GE02_42_20,80,SMSE,GE02,1,64,2017-09-12
SMSE_B22_2_GE02_42_20,81,SMSE,GE02,2,66,2017-10-10
SMSE_B22_2_GE02_42_20,82,SMSE,GE02,1,67,2017-11-07
SMSE_B22_2_GE02_42_20,84,SMSE,GE02,1,68,2018-01-30
SMSE_B22_2_GE02_42_20,85,SMSE,GE02,2,70,2018-02-27
SMSE_B22_2_GE02_42_20,86,SMSE,GE02,1,71,2018-03-27
SMSE_B22_2_GE02_42_20,90,SMSE,GE02,6,78,2018-07-31
SMSE_B22_2_GE02_42_20,91,SMSE,GE02,4,81,2018-08-21
SMSE_B22_2_GE02_42_20,92,SMSE,GE02,1,82,2018-09-25
SMSE_B22_2_GE02_42_20,93,SMSE,GE02,1,83,2018-10-31
SMSE_B22_2_GE02_42_20,94,SMSE,GE02,1,84,2018-11-21
SMSE_B22_2_GE02_42_20,95,SMSE,GE02,2,86,2018-12-12
SMSE_B22_2_GE02_42_20,96,SMSE,GE02,3,89,2019-01-15
SMSE_B22_2_GE02_42_20,97,SMSE,GE02,1,90,2019-02-06
SMSE_B22_2_GE02_42_20,98,SMSE,GE02,2,92,2019-03-19
SMSE_B22_2_GE02_42_20,101,SMSE,GE02,1,93,2019-06-25
SMSE_B22_2_GE02_42_20,102,SMSE,GE02,1,94,2019-07-16
SMSE_B22_2_GE02_42_20,103,SMSE,GE02,1,95,2019-08-06
SMSE_B22_2_GE02_42_20,104,SMSE,GE02,2,97,2019-09-24
SMSE_B22_2_GE02_42_20,105,SMSE,GE02,2,99,2019-10-22
SMSE_B22_2_GE02_42_20,106,SMSE,GE02,2,101,2019-11-04
SMSE_B22_2_GE02_42_20,107,SMSE,GE02,4,105,2019-12-24
SMSE_B22_2_GE02_42_20,108,SMSE,GE02,2,107,2020-01-28
SMSE_B22_2_GE02_42_20,109,SMSE,GE02,1,108,2020-02-18
SMSE_B22_2_GE02_42_20,119,SMSE,GE02,1,109,2020-12-01
SMSE_B22_2_GE02_42_20,118,SMSE,GE02,1,110,2020-11-24
SMSE_B22_2_GE02_42_20,123,SMSE,GE02,2,112,2021-04-06
SMSE_B22_2_GE02_42_20,124,SMSE,GE02,3,115,2021-05-18
SMSE_B22_2_GE02_42_20,125,SMSE,GE02,2,117,2021-06-15
SMSE_B22_2_GE02_42_20,126,SMSE,GE02,3,120,2021-07-21
SMSE_B22_2_GE02_42_20,127,SMSE,GE02,2,122,2021-08-25
SMSE_B22_2_GE02_42_20,128,SMSE,GE02,2,124,2021-09-28
SMSE_B22_2_GE02_42_20,129,SMSE,GE02,1,125,2021-10-26
SMSE_B22_2_GE02_42_20,137,SMSE,GE02,1,126,2022-06-29
SMSE_B22_2_GE02_42_20,138,SMSE,GE02,6,132,2022-07-19
SMSE_B22_2_GE02_42_20,139,SMSE,GE02,3,135,2022-08-23
SMSE_B22_2_GE02_42_20,140,SMSE,GE02,2,137,2022-09-20
SMSE_B22_2_GE02_42_20,141,SMSE,GE02,3,140,2022-10-25
SMSE_B22_2_GE02_42_20,142,SMSE,GE02,1,141,2022-11-15
SMSE_B22_2_GE02_42_20,143,SMSE,GE02,1,142,2022-12-06
SMSE_B22_2_GE02_42_20,144,SMSE,GE02,2,144,2023-01-24
SMSE_B22_2_GE02_42_20,145,SMSE,GE02,1,145,2023-02-21
SMSE_B22_2_GE02_42_20,150,SMSE,GE02,1,146,2023-07-25
SMSE_B22_2_GE02_42_20,151,SMSE,GE02,1,147,2023-08-29
SMSE_B22_1_GE02_4_8,41,SMSE,GE02,2,2,2014-06-23
SMSE_B22_1_GE02_4_8,42,SMSE,GE02,2,4,2014-07-23
SMSE_B22_1_GE02_4_8,43,SMSE,GE02,2,6,2014-08-30
SMSE_B22_1_GE02_4_8,44,SMSE,GE02,2,8,2014-09-30
SMSE_B22_1_GE02_4_8,45,SMSE,GE02,2,10,2014-10-21
SMSE_B22_1_GE02_4_8,46,SMSE,GE02,1,11,2014-11-10
SMSE_B22_1_GE02_4_8,47,SMSE,GE02,0,11,2014-12-29
SMSE_B22_1_GE02_4_8,48,SMSE,GE02,2,13,2015-01-19
SMSE_B22_1_GE02_4_8,49,SMSE,GE02,1,14,2015-02-02
SMSE_B22_1_GE02_4_8,50,SMSE,GE02,3,17,2015-03-30
SMSE_B22_1_GE02_4_8,51,SMSE,GE02,3,20,2015-04-27
SMSE_B22_1_GE02_4_8,52,SMSE,GE02,1,21,2015-05-04
SMSE_B22_1_GE02_4_8,55,SMSE,GE02,1,22,2015-08-24
SMSE_B22_1_GE02_4_8,56,SMSE,GE02,1,23,2015-09-07
SMSE_B22_1_GE02_4_8,57,SMSE,GE02,1,24,2015-10-05
SMSE_B22_1_GE02_4_8,58,SMSE,GE02,1,25,2015-11-02
SMSE_B22_1_GE02_4_8,59,SMSE,GE02,6,31,2015-12-21
SMSE_B22_1_GE02_4_8,60,SMSE,GE02,1,32,2016-01-04
SMSE_B22_1_GE02_4_8,61,SMSE,GE02,3,35,2016-02-09
SMSE_B22_1_GE02_4_8,68,SMSE,GE02,2,38,2016-09-26
SMSE_B22_1_GE02_4_8,69,SMSE,GE02,5,42,2016-10-17
SMSE_B22_1_GE02_4_8,70,SMSE,GE02,3,45,2016-11-14
SMSE_B22_1_GE02_4_8,75,SMSE,GE02,1,46,2017-04-17
SMSE_B22_1_GE02_4_8,76,SMSE,GE02,3,49,2017-05-22
SMSE_B22_1_GE02_4_8,77,SMSE,GE02,3,52,2017-06-29
SMSE_B22_1_GE02_4_8,78,SMSE,GE02,1,53,2017-07-17
SMSE_B22_1_GE02_4_8,79,SMSE,GE02,3,56,2017-08-14
SMSE_B22_1_GE02_4_8,83,SMSE,GE02,1,57,2017-12-18
SMSE_B22_1_GE02_4_8,84,SMSE,GE02,2,59,2018-01-22
SMSE_B22_1_GE02_4_8,85,SMSE,GE02,2,61,2018-02-26
SMSE_B22_1_GE02_4_8,86,SMSE,GE02,2,63,2018-03-26
SMSE_B22_1_GE02_4_8,87,SMSE,GE02,3,66,2018-04-30
SMSE_B22_1_GE02_4_8,88,SMSE,GE02,3,69,2018-05-28
SMSE_B22_1_GE02_4_8,89,SMSE,GE02,2,71,2018-06-25
SMSE_B22_1_GE02_4_8,90,SMSE,GE02,2,73,2018-07-23
SMSE_B22_1_GE02_4_8,91,SMSE,GE02,1,74,2018-08-06
SMSE_B22_1_GE02_4_8,92,SMSE,GE02,1,75,2018-09-01
SMSE_B22_1_GE02_4_8,93,SMSE,GE02,2,77,2018-10-29
SMSE_B22_1_GE02_4_8,94,SMSE,GE02,2,79,2018-11-12
SMSE_B22_1_GE02_4_8,95,SMSE,GE02,2,81,2018-12-03
SMSE_B22_1_GE02_4_8,96,SMSE,GE02,2,83,2019-01-14
SMSE_B22_1_GE02_4_8,97,SMSE,GE02,1,84,2019-02-18
SMSE_B22_1_GE02_4_8,98,SMSE,GE02,1,85,2019-03-04
SMSE_B22_1_GE02_4_9,39,SMSE,GE02,0,0,2014-04-23
SMSE_B22_1_GE02_4_9,42,SMSE,GE02,2,2,2014-07-23
SMSE_B22_1_GE02_4_9,43,SMSE,GE02,2,6,2014-08-30
SMSE_B22_1_GE02_4_9,44,SMSE,GE02,2,6,2014-09-29
SMSE_B22_1_GE02_4_9,45,SMSE,GE02,1,7,2014-10-01
SMSE_B22_1_GE02_4_9,46,SMSE,GE02,2,9,2014-11-17
SMSE_B22_1_GE02_4_9,47,SMSE,GE02,0,9,2014-12-29
SMSE_B22_1_GE02_4_9,48,SMSE,GE02,1,10,2015-01-05
SMSE_B22_1_GE02_4_9,49,SMSE,GE02,2,12,2015-02-02
SMSE_B22_1_GE02_4_9,50,SMSE,GE02,5,17,2015-03-30
SMSE_B22_1_GE02_4_9,51,SMSE,GE02,2,19,2015-04-27
SMSE_B22_1_GE02_4_9,52,SMSE,GE02,1,20,2015-05-04
SMSE_B22_1_GE02_4_9,53,SMSE,GE02,1,21,2015-06-01
SMSE_B22_1_GE02_4_9,55,SMSE,GE02,1,22,2015-08-24
SMSE_B22_1_GE02_4_9,56,SMSE,GE02,1,23,2015-09-07
SMSE_B22_1_GE02_4_9,57,SMSE,GE02,1,24,2015-10-05
SMSE_B22_1_GE02_4_9,58,SMSE,GE02,3,27,2015-11-02
SMSE_B22_1_GE02_4_9,59,SMSE,GE02,7,34,2015-12-21
SMSE_B22_1_GE02_4_9,60,SMSE,GE02,1,35,2016-01-04
SMSE_B22_1_GE02_4_9,61,SMSE,GE02,1,36,2016-02-09
SMSE_B22_1_GE02_4_9,68,SMSE,GE02,2,38,2016-09-26
SMSE_B22_1_GE02_4_9,69,SMSE,GE02,5,43,2016-10-17
SMSE_B22_1_GE02_4_9,70,SMSE,GE02,4,47,2016-11-14
SMSE_B22_1_GE02_4_9,71,SMSE,GE02,3,50,2016-12-13
SMSE_B22_1_GE02_4_9,72,SMSE,GE02,1,51,2017-01-02
SMSE_B22_1_GE02_4_9,75,SMSE,GE02,1,52,2017-04-17
SMSE_B22_1_GE02_4_9,76,SMSE,GE02,2,54,2017-05-22
SMSE_B22_1_GE02_4_9,77,SMSE,GE02,2,57,2017-06-29
SMSE_B22_1_GE02_4_9,78,SMSE,GE02,4,60,2017-07-08
SMSE_B22_1_GE02_4_9,79,SMSE,GE02,3,63,2017-08-28
SMSE_B22_1_GE02_4_9,80,SMSE,GE02,1,64,2017-09-18
SMSE_B22_1_GE02_4_9,81,SMSE,GE02,3,67,2017-10-30
SMSE_B22_1_GE02_4_9,82,SMSE,GE02,2,69,2017-11-20
SMSE_B22_1_GE02_4_9,83,SMSE,GE02,1,70,2017-12-04
SMSE_B22_1_GE02_4_9,84,SMSE,GE02,1,71,2018-01-22
SMSE_B22_1_GE02_4_9,85,SMSE,GE02,1,72,2018-02-12
SMSE_B22_1_GE02_4_9,86,SMSE,GE02,1,73,2018-03-05
SMSE_B22_1_GE02_4_9,90,SMSE,GE02,2,77,2018-07-30
SMSE_B22_1_GE02_4_9,91,SMSE,GE02,7,82,2018-08-20
SMSE_B22_1_GE02_4_9,92,SMSE,GE02,3,85,2018-09-17
SMSE_B22_1_GE02_4_9,93,SMSE,GE02,1,86,2018-10-22
SMSE_B22_1_GE02_4_9,94,SMSE,GE02,1,87,2018-11-19
SMSE_B22_1_GE02_4_9,95,SMSE,GE02,2,89,2018-12-10
SMSE_B22_1_GE02_4_9,96,SMSE,GE02,2,91,2019-01-14
SMSE_B22_1_GE02_4_9,97,SMSE,GE02,2,93,2019-02-11
SMSE_B22_1_GE02_4_9,98,SMSE,GE02,2,95,2019-03-25
SMSE_B22_1_GE02_4_9,101,SMSE,GE02,2,97,2019-06-17
SMSE_B22_1_GE02_4_9,102,SMSE,GE02,4,101,2019-07-22
SMSE_B22_1_GE02_4_9,103,SMSE,GE02,3,104,2019-08-12
SMSE_B22_1_GE02_4_9,104,SMSE,GE02,2,106,2019-09-02
SMSE_B22_1_GE02_4_9,105,SMSE,GE02,1,107,2019-10-07
SMSE_B22_1_GE02_4_9,106,SMSE,GE02,1,108,2019-11-18
SMSE_B22_1_GE02_4_9,107,SMSE,GE02,2,110,2019-12-30
SMSE_B22_1_GE02_4_9,108,SMSE,GE02,2,112,2020-01-27
SMSE_B22_1_GE02_4_9,109,SMSE,GE02,1,113,2020-02-18
SMSE_B22_1_GE02_4_9,115,SMSE,GE02,2,115,2020-08-31
SMSE_B22_1_GE02_4_9,116,SMSE,GE02,5,120,2020-09-28
SMSE_B22_1_GE02_4_9,117,SMSE,GE02,1,121,2020-10-12
SMSE_B22_1_GE02_4_9,122,SMSE,GE02,1,122,2021-03-22
SMSE_B22_1_GE02_4_9,123,SMSE,GE02,2,124,2021-04-19
SMSE_B22_1_GE02_4_9,124,SMSE,GE02,3,127,2021-05-31
SMSE_B22_1_GE02_4_9,125,SMSE,GE02,2,129,2021-06-21
SMSE_B22_1_GE02_4_9,126,SMSE,GE02,2,131,2021-07-19
SMSE_B22_1_GE02_4_9,127,SMSE,GE02,2,133,2021-08-24
SMSE_B22_1_GE02_4_9,128,SMSE,GE02,1,134,2021-09-06
SMSE_B22_1_GE02_4_9,129,SMSE,GE02,1,135,2021-10-04
SMSE_B22_1_GE02_4_9,136,SMSE,GE02,7,143,2022-05-31
SMSE_B22_1_GE02_4_9,135,SMSE,GE02,1,139,2022-04-25
SMSE_B22_1_GE02_4_9,137,SMSE,GE02,3,146,2022-06-15
SMSE_B22_1_GE02_4_9,138,SMSE,GE02,3,149,2022-07-25
SMSE_B22_1_GE02_4_9,139,SMSE,GE02,2,151,2022-08-22
SMSE_B22_1_GE02_4_9,140,SMSE,GE02,2,153,2022-09-05
SMSE_B22_1_GE02_4_9,141,SMSE,GE02,1,154,2022-10-03
SMSE_B22_1_GE02_4_9,147,SMSE,GE02,1,155,2023-04-25
SMSE_B22_1_GE02_4_9,148,SMSE,GE02,6,161,2023-05-22
SMSE_B22_1_GE02_4_9,149,SMSE,GE02,1,162,2023-06-12
SMSE_B22_1_GE02_4_9,153,SMSE,GE02,1,163,2023-10-23
SMSE_B22_1_GE02_4_9,154,SMSE,GE02,2,165,2023-11-27
SMSE_B22_1_GE02_4_9,155,SMSE,GE02,1,166,2023-12-04
SMSE_B22_2_GE06_56_13,39,SMSE,GE06,1,1,2014-04-16
SMSE_B22_2_GE06_56_13,44,SMSE,GE06,3,4,2014-09-29
SMSE_B22_2_GE06_56_13,45,SMSE,GE06,3,7,2014-10-21
SMSE_B22_2_GE06_56_13,46,SMSE,GE06,1,8,2014-11-11
SMSE_B22_2_GE06_56_13,47,SMSE,GE06,2,10,2014-12-23
SMSE_B22_2_GE06_56_13,48,SMSE,GE06,2,12,2015-01-27
SMSE_B22_2_GE06_56_13,49,SMSE,GE06,3,15,2015-02-03
SMSE_B22_2_GE06_56_13,50,SMSE,GE06,1,16,2015-03-04
SMSE_B22_2_GE06_56_13,51,SMSE,GE06,1,17,2015-04-07
SMSE_B22_2_GE06_56_13,52,SMSE,GE06,1,18,2015-05-25
SMSE_B22_2_GE06_56_13,55,SMSE,GE06,2,20,2015-08-26
SMSE_B22_2_GE06_56_13,56,SMSE,GE06,2,22,2015-09-01
SMSE_B22_2_GE06_56_13,57,SMSE,GE06,5,27,2015-10-28
SMSE_B22_2_GE06_56_13,58,SMSE,GE06,1,28,2015-11-10
SMSE_B22_2_GE06_56_13,59,SMSE,GE06,3,31,2015-12-15
SMSE_B22_2_GE06_56_13,60,SMSE,GE06,1,32,2016-01-05
SMSE_B22_2_GE06_56_13,61,SMSE,GE06,1,33,2016-02-02
SMSE_B22_2_GE06_56_13,68,SMSE,GE06,2,35,2016-09-28
SMSE_B22_2_GE06_56_13,69,SMSE,GE06,2,38,2016-10-25
SMSE_B22_2_GE06_56_13,70,SMSE,GE06,1,37,2016-11-02
SMSE_B22_2_GE06_56_13,71,SMSE,GE06,3,41,2016-12-14
SMSE_B22_2_GE06_56_13,72,SMSE,GE06,2,43,2017-01-09
SMSE_B22_2_GE06_56_13,73,SMSE,GE06,1,44,2017-02-07
SMSE_B22_2_GE06_56_13,80,SMSE,GE06,1,45,2017-09-12
SMSE_B22_2_GE06_56_13,81,SMSE,GE06,2,47,2017-10-17
SMSE_B22_2_GE06_56_13,82,SMSE,GE06,3,50,2017-11-30
SMSE_B22_2_GE06_56_13,87,SMSE,GE06,1,51,2018-04-24
SMSE_B22_2_GE06_56_13,88,SMSE,GE06,1,52,2018-05-15
SMSE_B22_2_GE06_56_13,89,SMSE,GE06,2,54,2018-06-26
SMSE_B22_2_GE06_56_13,90,SMSE,GE06,1,55,2018-07-24
SMSE_B22_2_GE06_56_13,91,SMSE,GE06,2,57,2018-08-21
SMSE_B22_2_GE06_56_13,92,SMSE,GE06,4,61,2018-09-18
SMSE_B22_2_GE06_56_13,93,SMSE,GE06,2,63,2018-10-23
SMSE_B22_2_GE06_56_13,94,SMSE,GE06,1,64,2018-11-13
SMSE_B22_2_GE06_56_13,103,SMSE,GE06,4,69,2019-08-27
SMSE_B22_2_GE06_56_13,102,SMSE,GE06,1,67,2019-07-30
SMSE_B22_2_GE06_56_13,104,SMSE,GE06,3,72,2019-09-24
SMSE_B22_2_GE06_56_13,105,SMSE,GE06,1,73,2019-10-08
SMSE_B22_2_GE06_56_13,106,SMSE,GE06,3,76,2019-11-25
SMSE_B22_2_GE06_56_13,107,SMSE,GE06,1,77,2019-12-10
SMSE_B22_2_GE06_56_13,116,SMSE,GE06,3,80,2020-09-22
SMSE_B22_2_GE06_56_13,117,SMSE,GE06,3,83,2020-10-27
SMSE_B22_2_GE06_56_13,118,SMSE,GE06,2,85,2020-11-17
SMSE_B22_2_GE06_56_13,119,SMSE,GE06,2,87,2020-12-22
SMSE_B22_2_GE06_56_13,125,SMSE,GE06,1,88,2021-06-09
SMSE_B22_2_GE06_56_13,127,SMSE,GE06,3,91,2021-08-25
SMSE_B22_2_GE06_56_13,128,SMSE,GE06,3,94,2021-09-21
SMSE_B22_2_GE06_56_13,129,SMSE,GE06,2,96,2021-10-26
SMSE_B22_2_GE06_56_13,130,SMSE,GE06,2,98,2021-11-23
SMSE_B22_2_GE06_56_13,131,SMSE,GE06,1,99,2021-12-07
SMSE_B22_2_GE06_56_13,139,SMSE,GE06,3,102,2022-08-30
SMSE_B22_2_GE06_56_13,140,SMSE,GE06,4,106,2022-09-27
SMSE_B22_2_GE06_56_13,141,SMSE,GE06,2,108,2022-10-18
SMSE_B22_2_GE06_56_13,149,SMSE,GE06,1,109,2023-06-27
SMSE_B22_2_GE06_56_13,150,SMSE,GE06,3,112,2023-07-18
SMSE_B22_2_GE06_56_13,151,SMSE,GE06,3,115,2023-08-29
SMSE_B22_2_GE06_56_13,152,SMSE,GE06,1,116,2023-09-12
SMSE_B22_2_GE09_56_14,40,SMSE,GE09,2,2,2014-05-21
SMSE_B22_2_GE09_56_14,41,SMSE,GE09,2,4,2014-06-26
SMSE_B22_2_GE09_56_14,42,SMSE,GE09,1,5,2014-07-08
SMSE_B22_2_GE09_56_14,43,SMSE,GE09,3,8,2014-08-19
SMSE_B22_2_GE09_56_14,44,SMSE,GE09,2,10,2014-09-09
SMSE_B22_2_GE09_56_14,45,SMSE,GE09,2,12,2014-10-07
SMSE_B22_2_GE09_56_14,46,SMSE,GE09,1,13,2014-11-11
SMSE_B22_2_GE09_56_14,47,SMSE,GE09,0,13,2014-12-30
SMSE_B22_2_GE09_56_14,48,SMSE,GE09,2,15,2015-01-06
SMSE_B22_2_GE09_56_14,50,SMSE,GE09,2,17,2015-03-24
SMSE_B22_2_GE09_56_14,51,SMSE,GE09,1,18,2015-04-07
SMSE_B22_2_GE09_56_14,52,SMSE,GE09,1,19,2015-05-05
SMSE_B22_2_GE09_56_14,53,SMSE,GE09,1,20,2015-06-03
SMSE_B22_2_GE09_56_14,54,SMSE,GE09,1,21,2015-07-21
SMSE_B22_2_GE09_56_14,56,SMSE,GE09,3,25,2015-09-01
SMSE_B22_2_GE09_56_14,55,SMSE,GE09,1,24,2015-08-04
SMSE_B22_2_GE09_56_14,57,SMSE,GE09,5,30,2015-10-28
SMSE_B22_2_GE09_56_14,58,SMSE,GE09,1,31,2015-11-10
SMSE_B22_2_GE09_56_14,59,SMSE,GE09,3,34,2015-12-15
SMSE_B22_2_GE09_56_14,60,SMSE,GE09,3,37,2016-01-05
SMSE_B22_2_GE09_56_14,61,SMSE,GE09,2,39,2016-02-23
SMSE_B22_2_GE09_56_14,69,SMSE,GE09,1,40,2016-10-18
SMSE_B22_2_GE09_56_14,70,SMSE,GE09,1,41,2016-11-15
SMSE_B22_2_GE09_56_14,71,SMSE,GE09,2,43,2016-12-14
SMSE_B22_2_GE09_56_14,72,SMSE,GE09,3,46,2017-01-09
SMSE_B22_2_GE09_56_14,73,SMSE,GE09,1,47,2017-02-07
SMSE_B22_2_GE09_56_14,77,SMSE,GE09,1,48,2017-06-12
SMSE_B22_2_GE09_56_14,78,SMSE,GE09,3,51,2017-07-18
SMSE_B22_2_GE09_56_14,79,SMSE,GE09,2,53,2017-08-15
SMSE_B22_2_GE09_56_14,80,SMSE,GE09,2,55,2017-09-26
SMSE_B22_2_GE09_56_14,81,SMSE,GE09,2,57,2017-10-17
SMSE_B22_2_GE09_56_14,82,SMSE,GE09,3,60,2017-11-21
SMSE_B22_2_GE09_56_14,83,SMSE,GE09,1,61,2017-12-11
SMSE_B22_2_GE09_56_14,84,SMSE,GE09,2,63,2018-01-23
SMSE_B22_2_GE09_56_14,91,SMSE,GE09,1,64,2018-08-28
SMSE_B22_2_GE09_56_14,92,SMSE,GE09,1,65,2018-09-18
SMSE_B22_2_GE09_56_14,93,SMSE,GE09,6,71,2018-10-02
SMSE_B22_2_GE09_56_14,94,SMSE,GE09,4,75,2018-11-13
SMSE_B22_2_GE09_56_14,95,SMSE,GE09,3,78,2018-12-18
SMSE_B22_2_GE09_56_14,96,SMSE,GE09,2,80,2019-01-09
SMSE_B22_2_GE09_56_14,105,SMSE,GE09,1,81,2019-10-08
SMSE_B22_2_GE09_56_14,106,SMSE,GE09,3,84,2019-11-19
SMSE_B22_2_GE09_56_14,107,SMSE,GE09,4,88,2019-12-31
SMSE_B22_2_GE09_56_14,108,SMSE,GE09,1,89,2020-01-14
SMSE_B22_2_GE09_56_14,117,SMSE,GE09,1,90,2020-10-27
SMSE_B22_2_GE09_56_14,118,SMSE,GE09,4,94,2020-11-10
SMSE_B22_2_GE09_56_14,119,SMSE,GE09,3,97,2020-12-08
SMSE_B22_2_GE09_56_14,120,SMSE,GE09,3,100,2021-01-19
SMSE_B22_2_GE09_56_14,121,SMSE,GE09,1,101,2021-02-02
SMSE_B22_2_GE09_56_14,129,SMSE,GE09,5,107,2021-10-26
SMSE_B22_2_GE09_56_14,130,SMSE,GE09,2,108,2021-11-30
SMSE_B22_2_GE09_56_14,131,SMSE,GE09,2,110,2021-12-14
SMSE_B22_2_GE09_56_14,132,SMSE,GE09,2,112,2022-01-11
SMSE_B22_2_GE09_56_14,142,SMSE,GE09,5,119,2022-11-15
SMSE_B22_2_GE09_56_14,140,SMSE,GE09,1,114,2022-09-27
SMSE_B22_2_GE09_56_14,141,SMSE,GE09,1,115,2022-10-18
SMSE_B22_2_GE09_56_14,143,SMSE,GE09,1,120,2022-12-13
SMSE_B22_2_GE09_56_14,144,SMSE,GE09,1,121,2023-01-03
SMSE_B22_2_GE09_56_14,151,SMSE,GE09,1,122,2023-08-29
SMSE_B22_2_GE09_56_14,152,SMSE,GE09,3,125,2023-09-26
SMSE_B22_2_GE12_56_3,43,SMSE,GE12,2,2,2014-08-12
SMSE_B22_2_GE12_56_3,44,SMSE,GE12,2,4,2014-09-29
SMSE_B22_2_GE12_56_3,45,SMSE,GE12,0,4,2014-10-21
SMSE_B22_2_GE12_56_3,46,SMSE,GE12,1,5,2014-11-11
SMSE_B22_2_GE12_56_3,47,SMSE,GE12,0,5,2014-12-23
SMSE_B22_2_GE12_56_3,48,SMSE,GE12,3,8,2015-01-27
SMSE_B22_2_GE12_56_3,55,SMSE,GE12,1,9,2015-08-25
SMSE_B22_2_GE12_56_3,56,SMSE,GE12,3,14,2015-09-01
SMSE_B22_2_GE12_56_3,57,SMSE,GE12,8,20,2015-10-28
SMSE_B22_2_GE12_56_3,58,SMSE,GE12,1,21,2015-11-10
SMSE_B22_2_GE12_56_3,59,SMSE,GE12,5,26,2015-12-15
SMSE_B22_2_GE12_56_3,60,SMSE,GE12,1,27,2016-01-05
SMSE_B22_2_GE12_56_3,61,SMSE,GE12,1,28,2016-02-02
SMSE_B22_2_GE12_56_3,69,SMSE,GE12,4,33,2016-10-25
SMSE_B22_2_GE12_56_3,68,SMSE,GE12,1,30,2016-09-28
SMSE_B22_2_GE12_56_3,70,SMSE,GE12,3,36,2016-11-22
SMSE_B22_2_GE12_56_3,71,SMSE,GE12,1,37,2016-12-14
SMSE_B22_2_GE12_56_3,76,SMSE,GE12,1,38,2017-05-16
SMSE_B22_2_GE12_56_3,77,SMSE,GE12,2,40,2017-06-20
SMSE_B22_2_GE12_56_3,78,SMSE,GE12,1,41,2017-07-18
SMSE_B22_2_GE12_56_3,79,SMSE,GE12,5,46,2017-08-29
SMSE_B22_2_GE12_56_3,80,SMSE,GE12,3,49,2017-09-26
SMSE_B22_2_GE12_56_3,81,SMSE,GE12,1,50,2017-10-17
SMSE_B22_2_GE12_56_3,82,SMSE,GE12,2,52,2017-11-14
SMSE_B22_2_GE12_56_3,90,SMSE,GE12,1,53,2018-07-31
SMSE_B22_2_GE12_56_3,91,SMSE,GE12,7,60,2018-08-28
SMSE_B22_2_GE12_56_3,92,SMSE,GE12,4,64,2018-09-18
SMSE_B22_2_GE12_56_3,93,SMSE,GE12,2,66,2018-10-16
SMSE_B22_2_GE12_56_3,94,SMSE,GE12,2,68,2018-11-27
SMSE_B22_2_GE12_56_3,95,SMSE,GE12,1,69,2018-12-18
SMSE_B22_2_GE12_56_3,97,SMSE,GE12,1,70,2019-02-12
SMSE_B22_2_GE12_56_3,102,SMSE,GE12,1,71,2019-07-30
SMSE_B22_2_GE12_56_3,103,SMSE,GE12,2,73,2019-08-13
SMSE_B22_2_GE12_56_3,104,SMSE,GE12,1,74,2019-09-03
SMSE_B22_2_GE12_56_3,108,SMSE,GE12,1,75,2020-01-28
SMSE_B22_2_GE12_56_3,109,SMSE,GE12,1,76,2020-02-25
SMSE_B22_2_GE12_56_3,110,SMSE,GE12,1,77,2020-03-10
SMSE_B22_2_GE12_56_3,111,SMSE,GE12,2,79,2020-04-28
SMSE_B22_2_GE12_56_3,112,SMSE,GE12,1,80,2020-05-05
SMSE_B22_2_GE12_56_3,113,SMSE,GE12,1,81,2020-06-03
SMSE_B22_2_GE12_56_3,115,SMSE,GE12,1,82,2020-08-10
SMSE_B22_2_GE12_56_3,116,SMSE,GE12,3,85,2020-09-29
SMSE_B22_2_GE12_56_3,117,SMSE,GE12,1,86,2020-10-06
SMSE_B22_2_GE12_56_3,118,SMSE,GE12,3,89,2020-11-17
SMSE_B22_2_GE12_56_3,127,SMSE,GE12,5,95,2021-08-31
SMSE_B22_2_GE12_56_3,128,SMSE,GE12,4,98,2021-09-14
SMSE_B22_2_GE12_56_3,129,SMSE,GE12,1,99,2021-10-12
SMSE_B22_2_GE12_56_3,138,SMSE,GE12,5,104,2022-07-26
SMSE_B22_2_GE12_56_3,139,SMSE,GE12,3,107,2022-08-30
SMSE_B22_2_GE12_56_3,140,SMSE,GE12,1,108,2022-09-13
SMSE_B22_2_GE12_56_3,141,SMSE,GE12,2,110,2022-10-18
SMSE_B22_2_GE12_56_3,142,SMSE,GE12,2,112,2022-11-15
SMSE_B22_2_GE12_56_3,150,SMSE,GE12,4,116,2023-07-25
SMSE_B22_2_GE12_56_3,151,SMSE,GE12,3,119,2023-08-29
SMSE_B22_2_GE12_56_3,152,SMSE,GE12,1,120,2023-09-12
SMSE_B22_2_GE09_57_13,39,SMSE,GE09,0,0,2014-04-16
SMSE_B22_2_GE09_57_13,43,SMSE,GE09,2,2,2014-08-12
SMSE_B22_2_GE09_57_13,44,SMSE,GE09,1,3,2014-09-29
SMSE_B22_2_GE09_57_13,45,SMSE,GE09,2,5,2014-10-07
SMSE_B22_2_GE09_57_13,46,SMSE,GE09,1,6,2014-11-04
SMSE_B22_2_GE09_57_13,47,SMSE,GE09,0,6,2014-12-30
SMSE_B22_2_GE09_57_13,49,SMSE,GE09,4,11,2015-02-24
SMSE_B22_2_GE09_57_13,48,SMSE,GE09,1,8,2015-01-06
SMSE_B22_2_GE09_57_13,50,SMSE,GE09,2,13,2015-03-24
SMSE_B22_2_GE09_57_13,51,SMSE,GE09,1,14,2015-04-07
SMSE_B22_2_GE09_57_13,52,SMSE,GE09,1,15,2015-05-06
SMSE_B22_2_GE09_57_13,53,SMSE,GE09,2,17,2015-06-03
SMSE_B22_2_GE09_57_13,54,SMSE,GE09,2,19,2015-07-21
SMSE_B22_2_GE09_57_13,55,SMSE,GE09,1,20,2015-08-04
SMSE_B22_2_GE09_57_13,56,SMSE,GE09,2,22,2015-09-01
SMSE_B22_2_GE09_57_13,57,SMSE,GE09,4,26,2015-10-03
SMSE_B22_2_GE09_57_13,58,SMSE,GE09,2,28,2015-11-10
SMSE_B22_2_GE09_57_13,59,SMSE,GE09,3,31,2015-12-15
SMSE_B22_2_GE09_57_13,60,SMSE,GE09,3,34,2016-01-05
SMSE_B22_2_GE09_57_13,68,SMSE,GE09,2,36,2016-09-28
SMSE_B22_2_GE09_57_13,69,SMSE,GE09,3,39,2016-10-18
SMSE_B22_2_GE09_57_13,70,SMSE,GE09,4,43,2016-11-22
SMSE_B22_2_GE09_57_13,71,SMSE,GE09,2,45,2016-12-14
SMSE_B22_2_GE09_57_13,72,SMSE,GE09,2,47,2017-01-09
SMSE_B22_2_GE09_57_13,74,SMSE,GE09,2,49,2017-03-21
SMSE_B22_2_GE09_57_13,79,SMSE,GE09,4,53,2017-08-22
SMSE_B22_2_GE09_57_13,80,SMSE,GE09,2,55,2017-09-26
SMSE_B22_2_GE09_57_13,81,SMSE,GE09,2,57,2017-10-17
SMSE_B22_2_GE09_57_13,82,SMSE,GE09,1,58,2017-11-07
SMSE_B22_2_GE09_57_13,86,SMSE,GE09,1,59,2018-03-20
SMSE_B22_2_GE09_57_13,90,SMSE,GE09,5,64,2018-07-31
SMSE_B22_2_GE09_57_13,91,SMSE,GE09,2,66,2018-08-28
SMSE_B22_2_GE09_57_13,92,SMSE,GE09,3,69,2018-09-18
SMSE_B22_2_GE09_57_13,93,SMSE,GE09,3,72,2018-10-31
SMSE_B22_2_GE09_57_13,94,SMSE,GE09,1,73,2018-11-06
SMSE_B22_2_GE09_57_13,96,SMSE,GE09,1,74,2019-01-22
SMSE_B22_2_GE09_57_13,97,SMSE,GE09,1,75,2019-02-12
SMSE_B22_2_GE09_57_13,98,SMSE,GE09,1,76,2019-03-18
SMSE_B22_2_GE09_57_13,103,SMSE,GE09,5,82,2019-08-27
SMSE_B22_2_GE09_57_13,102,SMSE,GE09,1,78,2019-07-23
SMSE_B22_2_GE09_57_13,104,SMSE,GE09,2,84,2019-09-10
SMSE_B22_2_GE09_57_13,105,SMSE,GE09,3,87,2019-10-08
SMSE_B22_2_GE09_57_13,106,SMSE,GE09,1,88,2019-11-12
SMSE_B22_2_GE09_57_13,107,SMSE,GE09,3,91,2019-12-10
SMSE_B22_2_GE09_57_13,116,SMSE,GE09,1,92,2020-09-15
SMSE_B22_2_GE09_57_13,117,SMSE,GE09,3,95,2020-10-20
SMSE_B22_2_GE09_57_13,118,SMSE,GE09,2,97,2020-11-03
SMSE_B22_2_GE09_57_13,119,SMSE,GE09,3,100,2020-12-22
SMSE_B22_2_GE09_57_13,120,SMSE,GE09,2,102,2021-01-26
SMSE_B22_2_GE09_57_13,127,SMSE,GE09,1,103,2021-08-25
SMSE_B22_2_GE09_57_13,128,SMSE,GE09,4,107,2021-09-21
SMSE_B22_2_GE09_57_13,129,SMSE,GE09,3,110,2021-10-26
SMSE_B22_2_GE09_57_13,130,SMSE,GE09,2,112,2021-11-09
SMSE_B22_2_GE09_57_13,131,SMSE,GE09,2,114,2021-12-21
SMSE_B22_2_GE09_57_13,132,SMSE,GE09,1,115,2022-01-04
SMSE_B22_2_GE09_57_13,140,SMSE,GE09,5,121,2022-09-27
SMSE_B22_2_GE09_57_13,139,SMSE,GE09,1,117,2022-08-30
SMSE_B22_2_GE09_57_13,141,SMSE,GE09,4,125,2022-10-18
SMSE_B22_2_GE09_57_13,142,SMSE,GE09,1,126,2022-11-15
SMSE_B22_2_GE09_57_13,150,SMSE,GE09,3,129,2023-07-25
SMSE_B22_2_GE09_57_13,151,SMSE,GE09,3,132,2023-08-29
SMSE_B22_2_GE09_57_13,152,SMSE,GE09,2,134,2023-09-12
SMSE_B22_2_GE12_57_3,40,SMSE,GE12,0,0,2014-05-14
SMSE_B22_2_GE12_57_3,44,SMSE,GE12,2,2,2014-09-10
SMSE_B22_2_GE12_57_3,45,SMSE,GE12,1,3,2014-10-08
SMSE_B22_2_GE12_57_3,46,SMSE,GE12,2,5,2014-11-04
SMSE_B22_2_GE12_57_3,47,SMSE,GE12,0,5,2014-12-23
SMSE_B22_2_GE12_57_3,48,SMSE,GE12,3,8,2015-01-27
SMSE_B22_2_GE12_57_3,49,SMSE,GE12,3,11,2015-02-13
SMSE_B22_2_GE12_57_3,51,SMSE,GE12,1,12,2015-04-07
SMSE_B22_2_GE12_57_3,54,SMSE,GE12,1,13,2015-07-21
SMSE_B22_2_GE12_57_3,55,SMSE,GE12,1,14,2015-08-25
SMSE_B22_2_GE12_57_3,56,SMSE,GE12,1,15,2015-09-01
SMSE_B22_2_GE12_57_3,57,SMSE,GE12,6,21,2015-10-28
SMSE_B22_2_GE12_57_3,58,SMSE,GE12,2,23,2015-11-10
SMSE_B22_2_GE12_57_3,59,SMSE,GE12,3,26,2015-12-15
SMSE_B22_2_GE12_57_3,60,SMSE,GE12,1,27,2016-01-05
SMSE_B22_2_GE12_57_3,61,SMSE,GE12,2,29,2016-02-02
SMSE_B22_2_GE12_57_3,69,SMSE,GE12,3,33,2016-10-18
SMSE_B22_2_GE12_57_3,70,SMSE,GE12,4,36,2016-11-15
SMSE_B22_2_GE12_57_3,71,SMSE,GE12,3,39,2016-12-14
SMSE_B22_2_GE12_57_3,79,SMSE,GE12,2,41,2017-08-29
SMSE_B22_2_GE12_57_3,80,SMSE,GE12,4,45,2017-09-26
SMSE_B22_2_GE12_57_3,81,SMSE,GE12,2,47,2017-10-03
SMSE_B22_2_GE12_57_3,82,SMSE,GE12,1,48,2017-11-14
SMSE_B22_2_GE12_57_3,90,SMSE,GE12,5,53,2018-07-31
SMSE_B22_2_GE12_57_3,91,SMSE,GE12,3,56,2018-08-28
SMSE_B22_2_GE12_57_3,92,SMSE,GE12,3,59,2018-09-18
SMSE_B22_2_GE12_57_3,93,SMSE,GE12,2,61,2018-10-16
SMSE_B22_2_GE12_57_3,94,SMSE,GE12,2,63,2018-11-13
SMSE_B22_2_GE12_57_3,95,SMSE,GE12,2,65,2018-12-26
SMSE_B22_2_GE12_57_3,104,SMSE,GE12,3,68,2019-09-10
SMSE_B22_2_GE12_57_3,105,SMSE,GE12,6,74,2019-10-28
SMSE_B22_2_GE12_57_3,106,SMSE,GE12,3,77,2019-11-19
SMSE_B22_2_GE12_57_3,107,SMSE,GE12,1,78,2019-12-03
SMSE_B22_2_GE12_57_3,116,SMSE,GE12,1,79,2020-09-29
SMSE_B22_2_GE12_57_3,117,SMSE,GE12,3,82,2020-10-27
SMSE_B22_2_GE12_57_3,118,SMSE,GE12,3,85,2020-11-10
SMSE_B22_2_GE12_57_3,119,SMSE,GE12,2,87,2020-12-15
SMSE_B22_2_GE12_57_3,127,SMSE,GE12,2,89,2021-08-31
SMSE_B22_2_GE12_57_3,128,SMSE,GE12,4,93,2021-09-21
SMSE_B22_2_GE12_57_3,129,SMSE,GE12,3,96,2021-10-26
SMSE_B22_2_GE12_57_3,130,SMSE,GE12,1,97,2021-11-09
SMSE_B22_2_GE12_57_3,131,SMSE,GE12,1,98,2021-12-07
SMSE_B22_2_GE12_57_3,139,SMSE,GE12,2,100,2022-08-30
SMSE_B22_2_GE12_57_3,140,SMSE,GE12,5,105,2022-09-20
SMSE_B22_2_GE12_57_3,141,SMSE,GE12,1,106,2022-10-04
SMSE_B22_2_GE12_57_3,142,SMSE,GE12,2,108,2022-11-15
SMSE_B22_2_GE12_57_3,150,SMSE,GE12,1,109,2023-07-25
SMSE_B22_2_GE12_57_3,151,SMSE,GE12,4,113,2023-08-09
SMSE_B22_2_GE12_57_3,152,SMSE,GE12,2,115,2023-09-12
SMSE_B22_2_GE12_57_4,43,SMSE,GE12,2,2,2014-08-12
SMSE_B22_2_GE12_57_4,44,SMSE,GE12,2,4,2014-09-29
SMSE_B22_2_GE12_57_4,45,SMSE,GE12,2,6,2014-10-08
SMSE_B22_2_GE12_57_4,46,SMSE,GE12,1,7,2014-11-04
SMSE_B22_2_GE12_57_4,47,SMSE,GE12,0,7,2014-12-02
SMSE_B22_2_GE12_57_4,48,SMSE,GE12,1,8,2015-01-16
SMSE_B22_2_GE12_57_4,49,SMSE,GE12,2,10,2015-02-24
SMSE_B22_2_GE12_57_4,50,SMSE,GE12,0,10,2015-03-04
SMSE_B22_2_GE12_57_4,51,SMSE,GE12,1,11,2015-04-07
SMSE_B22_2_GE12_57_4,54,SMSE,GE12,2,13,2015-07-21
SMSE_B22_2_GE12_57_4,56,SMSE,GE12,3,18,2015-09-01
SMSE_B22_2_GE12_57_4,55,SMSE,GE12,2,16,2015-08-04
SMSE_B22_2_GE12_57_4,57,SMSE,GE12,8,26,2015-10-28
SMSE_B22_2_GE12_57_4,58,SMSE,GE12,1,27,2015-11-10
SMSE_B22_2_GE12_57_4,59,SMSE,GE12,3,30,2015-12-15
SMSE_B22_2_GE12_57_4,60,SMSE,GE12,1,31,2016-01-05
SMSE_B22_2_GE12_57_4,61,SMSE,GE12,2,33,2016-02-02
SMSE_B22_2_GE12_57_4,68,SMSE,GE12,2,35,2016-09-28
SMSE_B22_2_GE12_57_4,69,SMSE,GE12,4,39,2016-10-25
SMSE_B22_2_GE12_57_4,70,SMSE,GE12,2,41,2016-11-15
SMSE_B22_2_GE12_57_4,75,SMSE,GE12,1,42,2017-04-18
SMSE_B22_2_GE12_57_4,76,SMSE,GE12,1,43,2017-05-09
SMSE_B22_2_GE12_57_4,77,SMSE,GE12,2,45,2017-06-12
SMSE_B22_2_GE12_57_4,78,SMSE,GE12,2,47,2017-07-18
SMSE_B22_2_GE12_57_4,79,SMSE,GE12,4,51,2017-08-22
SMSE_B22_2_GE12_57_4,80,SMSE,GE12,3,54,2017-09-12
SMSE_B22_2_GE12_57_4,81,SMSE,GE12,1,55,2017-10-03
SMSE_B22_2_GE12_57_4,90,SMSE,GE12,1,56,2018-07-31
SMSE_B22_2_GE12_57_4,91,SMSE,GE12,7,63,2018-08-28
SMSE_B22_2_GE12_57_4,92,SMSE,GE12,4,67,2018-09-25
SMSE_B22_2_GE12_57_4,93,SMSE,GE12,1,68,2018-10-09
SMSE_B22_2_GE12_57_4,102,SMSE,GE12,1,69,2019-07-30
SMSE_B22_2_GE12_57_4,103,SMSE,GE12,1,70,2019-08-13
SMSE_B22_2_GE12_57_4,105,SMSE,GE12,2,72,2019-10-22
SMSE_B22_2_GE12_57_4,107,SMSE,GE12,1,73,2019-12-31
SMSE_B22_2_GE12_57_4,108,SMSE,GE12,1,74,2020-01-14
SMSE_B22_2_GE12_57_4,109,SMSE,GE12,1,75,2020-02-04
SMSE_B22_2_GE12_57_4,110,SMSE,GE12,2,77,2020-03-24
SMSE_B22_2_GE12_57_4,111,SMSE,GE12,1,78,2020-04-07
SMSE_B22_2_GE12_57_4,112,SMSE,GE12,2,80,2020-05-19
SMSE_B22_2_GE12_57_4,113,SMSE,GE12,1,81,2020-06-09
SMSE_B22_2_GE12_57_4,115,SMSE,GE12,2,83,2020-08-18
SMSE_B22_2_GE12_57_4,116,SMSE,GE12,2,85,2020-09-15
SMSE_B22_2_GE12_57_4,117,SMSE,GE12,2,87,2020-10-27
SMSE_B22_2_GE12_57_4,118,SMSE,GE12,1,88,2020-11-10
SMSE_B22_2_GE12_57_4,119,SMSE,GE12,1,89,2020-12-01
SMSE_B22_2_GE12_57_4,128,SMSE,GE12,5,97,2021-09-14
SMSE_B22_2_GE12_57_4,127,SMSE,GE12,3,94,2021-08-25
SMSE_B22_2_GE12_57_4,129,SMSE,GE12,3,100,2021-10-12
SMSE_B22_2_GE12_57_4,130,SMSE,GE12,2,102,2021-11-16
SMSE_B22_2_GE12_57_4,139,SMSE,GE12,3,106,2022-08-30
SMSE_B22_2_GE12_57_4,140,SMSE,GE12,1,105,2022-09-06
SMSE_B22_2_GE12_57_4,141,SMSE,GE12,1,107,2022-10-11
SMSE_B22_2_GE12_57_4,147,SMSE,GE12,1,108,2023-04-11
SMSE_B22_2_GE12_57_4,148,SMSE,GE12,2,110,2023-05-23
SMSE_B22_2_GE12_57_4,149,SMSE,GE12,2,112,2023-06-20
SMSE_B22_2_GE12_57_4,150,SMSE,GE12,2,114,2023-07-04
SMSE_B22_2_GE12_57_4,151,SMSE,GE12,1,115,2023-08-09
SMSE_B22_2_GE12_57_4,152,SMSE,GE12,1,116,2023-09-26
SMSE_B22_2_GE09_60_5,39,SMSE,GE09,1,1,2014-04-16
SMSE_B22_2_GE09_60_5,40,SMSE,GE09,0,1,2014-05-31
SMSE_B22_2_GE09_60_5,41,SMSE,GE09,2,3,2014-06-26
SMSE_B22_2_GE09_60_5,42,SMSE,GE09,1,4,2014-07-10
SMSE_B22_2_GE09_60_5,43,SMSE,GE09,1,5,2014-08-19
SMSE_B22_2_GE09_60_5,44,SMSE,GE09,2,7,2014-09-30
SMSE_B22_2_GE09_60_5,45,SMSE,GE09,2,9,2014-10-07
SMSE_B22_2_GE09_60_5,46,SMSE,GE09,1,10,2014-11-11
SMSE_B22_2_GE09_60_5,47,SMSE,GE09,0,10,2014-12-23
SMSE_B22_2_GE09_60_5,48,SMSE,GE09,2,12,2015-01-20
SMSE_B22_2_GE09_60_5,49,SMSE,GE09,3,15,2015-02-24
SMSE_B22_2_GE09_60_5,50,SMSE,GE09,2,17,2015-03-31
SMSE_B22_2_GE09_60_5,51,SMSE,GE09,1,18,2015-04-07
SMSE_B22_2_GE09_60_5,52,SMSE,GE09,1,19,2015-05-05
SMSE_B22_2_GE09_60_5,53,SMSE,GE09,1,20,2015-06-03
SMSE_B22_2_GE09_60_5,54,SMSE,GE09,1,21,2015-07-07
SMSE_B22_2_GE09_60_5,55,SMSE,GE09,3,24,2015-08-25
SMSE_B22_2_GE09_60_5,56,SMSE,GE09,1,25,2015-09-01
SMSE_B22_2_GE09_60_5,57,SMSE,GE09,5,30,2015-10-28
SMSE_B22_2_GE09_60_5,58,SMSE,GE09,2,32,2015-11-17
SMSE_B22_2_GE09_60_5,59,SMSE,GE09,4,36,2015-12-22
SMSE_B22_2_GE09_60_5,60,SMSE,GE09,1,37,2016-01-03
SMSE_B22_2_GE09_60_5,61,SMSE,GE09,2,39,2016-02-02
SMSE_B22_2_GE09_60_5,68,SMSE,GE09,4,43,2016-09-28
SMSE_B22_2_GE09_60_5,69,SMSE,GE09,2,45,2016-10-18
SMSE_B22_2_GE09_60_5,70,SMSE,GE09,4,49,2016-11-22
SMSE_B22_2_GE09_60_5,71,SMSE,GE09,2,51,2016-12-06
SMSE_B22_2_GE09_60_5,72,SMSE,GE09,3,54,2017-01-09
SMSE_B22_2_GE09_60_5,73,SMSE,GE09,1,55,2017-02-07
SMSE_B22_2_GE09_60_5,74,SMSE,GE09,1,56,2017-03-07
SMSE_B22_2_GE09_60_5,79,SMSE,GE09,1,57,2017-08-29
SMSE_B22_2_GE09_60_5,80,SMSE,GE09,5,62,2017-09-26
SMSE_B22_2_GE09_60_5,81,SMSE,GE09,3,65,2017-10-24
SMSE_B22_2_GE09_60_5,82,SMSE,GE09,1,66,2017-11-14
SMSE_B22_2_GE09_60_5,90,SMSE,GE09,1,67,2018-07-17
SMSE_B22_2_GE09_60_5,91,SMSE,GE09,2,69,2018-08-07
SMSE_B22_2_GE09_60_5,92,SMSE,GE09,4,73,2018-09-12
SMSE_B22_2_GE09_60_5,93,SMSE,GE09,2,75,2018-10-23
SMSE_B22_2_GE09_60_5,94,SMSE,GE09,1,76,2018-11-06
SMSE_B22_2_GE09_60_5,98,SMSE,GE09,1,77,2019-03-12
SMSE_B22_2_GE09_60_5,102,SMSE,GE09,2,79,2019-07-30
SMSE_B22_2_GE09_60_5,103,SMSE,GE09,3,82,2019-08-27
SMSE_B22_2_GE09_60_5,104,SMSE,GE09,2,84,2019-09-10
SMSE_B22_2_GE09_60_5,105,SMSE,GE09,3,87,2019-10-22
SMSE_B22_2_GE09_60_5,106,SMSE,GE09,2,89,2019-11-19
SMSE_B22_2_GE09_60_5,107,SMSE,GE09,2,91,2019-12-16
SMSE_B22_2_GE09_60_5,116,SMSE,GE09,2,93,2020-09-22
SMSE_B22_2_GE09_60_5,117,SMSE,GE09,4,97,2020-10-27
SMSE_B22_2_GE09_60_5,118,SMSE,GE09,2,99,2020-11-17
SMSE_B22_2_GE09_60_5,119,SMSE,GE09,3,102,2020-12-29
SMSE_B22_2_GE09_60_5,120,SMSE,GE09,1,103,2021-01-12
SMSE_B22_2_GE09_60_5,124,SMSE,GE09,1,104,2021-05-25
SMSE_B22_2_GE09_60_5,127,SMSE,GE09,2,106,2021-08-25
SMSE_B22_2_GE09_60_5,128,SMSE,GE09,4,110,2021-09-14
SMSE_B22_2_GE09_60_5,129,SMSE,GE09,3,113,2021-10-26
SMSE_B22_2_GE09_60_5,130,SMSE,GE09,2,115,2021-11-23
SMSE_B22_2_GE09_60_5,131,SMSE,GE09,1,116,2021-12-14
SMSE_B22_2_GE09_60_5,132,SMSE,GE09,1,117,2022-01-04
SMSE_B22_2_GE09_60_5,139,SMSE,GE09,1,118,2022-08-16
SMSE_B22_2_GE09_60_5,140,SMSE,GE09,5,123,2022-09-20
SMSE_B22_2_GE09_60_5,141,SMSE,GE09,2,126,2022-10-04
SMSE_B22_2_GE09_60_5,142,SMSE,GE09,1,125,2022-11-01
SMSE_B22_2_GE09_60_5,147,SMSE,GE09,1,127,2023-04-11
SMSE_B22_2_GE09_60_5,148,SMSE,GE09,1,128,2023-05-03
SMSE_B22_2_GE09_60_5,149,SMSE,GE09,1,129,2023-06-20
SMSE_B22_2_GE09_60_5,150,SMSE,GE09,4,133,2023-07-25
SMSE_B22_2_GE09_60_5,151,SMSE,GE09,3,136,2023-08-29
SMSE_B22_2_GE09_60_5,152,SMSE,GE09,1,137,2023-09-05
SMSE_B22_2_GE09_61_5,39,SMSE,GE09,0,0,2014-04-24
SMSE_B22_2_GE09_61_5,41,SMSE,GE09,2,2,2014-06-18
SMSE_B22_2_GE09_61_5,42,SMSE,GE09,1,3,2014-07-23
SMSE_B22_2_GE09_61_5,43,SMSE,GE09,2,5,2014-08-19
SMSE_B22_2_GE09_61_5,44,SMSE,GE09,2,7,2014-09-29
SMSE_B22_2_GE09_61_5,45,SMSE,GE09,2,9,2014-10-29
SMSE_B22_2_GE09_61_5,46,SMSE,GE09,1,10,2014-11-11
SMSE_B22_2_GE09_61_5,47,SMSE,GE09,0,10,2014-12-12
SMSE_B22_2_GE09_61_5,48,SMSE,GE09,1,11,2015-01-20
SMSE_B22_2_GE09_61_5,49,SMSE,GE09,2,13,2015-02-24
SMSE_B22_2_GE09_61_5,50,SMSE,GE09,3,16,2015-03-24
SMSE_B22_2_GE09_61_5,52,SMSE,GE09,1,17,2015-05-05
SMSE_B22_2_GE09_61_5,53,SMSE,GE09,1,18,2015-06-03
SMSE_B22_2_GE09_61_5,54,SMSE,GE09,1,19,2015-07-07
SMSE_B22_2_GE09_61_5,55,SMSE,GE09,4,23,2015-08-25
SMSE_B22_2_GE09_61_5,56,SMSE,GE09,1,24,2015-09-01
SMSE_B22_2_GE09_61_5,57,SMSE,GE09,4,28,2015-10-28
SMSE_B22_2_GE09_61_5,58,SMSE,GE09,3,31,2015-11-17
SMSE_B22_2_GE09_61_5,59,SMSE,GE09,3,34,2015-12-15
SMSE_B22_2_GE09_61_5,60,SMSE,GE09,2,36,2016-01-05
SMSE_B22_2_GE09_61_5,61,SMSE,GE09,1,37,2016-02-02
SMSE_B22_2_GE09_61_5,67,SMSE,GE09,1,38,2016-08-30
SMSE_B22_2_GE09_61_5,68,SMSE,GE09,1,39,2016-09-06
SMSE_B22_2_GE09_61_5,69,SMSE,GE09,5,44,2016-10-18
SMSE_B22_2_GE09_61_5,70,SMSE,GE09,3,47,2016-11-22
SMSE_B22_2_GE09_61_5,71,SMSE,GE09,1,48,2016-12-06
SMSE_B22_2_GE09_61_5,72,SMSE,GE09,3,51,2017-01-09
SMSE_B22_2_GE09_61_5,77,SMSE,GE09,2,53,2017-06-20
SMSE_B22_2_GE09_61_5,78,SMSE,GE09,3,56,2017-07-25
SMSE_B22_2_GE09_61_5,79,SMSE,GE09,3,59,2017-08-29
SMSE_B22_2_GE09_61_5,80,SMSE,GE09,2,61,2017-09-26
SMSE_B22_2_GE09_61_5,81,SMSE,GE09,1,62,2017-10-10
SMSE_B22_2_GE09_61_5,88,SMSE,GE09,3,65,2018-05-30
SMSE_B22_2_GE09_61_5,89,SMSE,GE09,2,67,2018-06-26
SMSE_B22_2_GE09_61_5,90,SMSE,GE09,2,69,2018-07-24
SMSE_B22_2_GE09_61_5,91,SMSE,GE09,4,73,2018-08-28
SMSE_B22_2_GE09_61_5,92,SMSE,GE09,2,75,2018-09-12
SMSE_B22_2_GE09_61_5,93,SMSE,GE09,3,78,2018-10-23
SMSE_B22_2_GE09_61_5,94,SMSE,GE09,1,79,2018-11-06
SMSE_B22_2_GE09_61_5,95,SMSE,GE09,2,81,2018-12-18
SMSE_B22_2_GE09_61_5,96,SMSE,GE09,1,82,2019-01-22
SMSE_B22_2_GE09_61_5,97,SMSE,GE09,1,83,2019-02-19
SMSE_B22_2_GE09_61_5,98,SMSE,GE09,1,84,2019-03-26
SMSE_B22_2_GE09_61_5,99,SMSE,GE09,1,85,2019-04-16
SMSE_B22_2_GE09_61_5,102,SMSE,GE09,2,87,2019-07-30
SMSE_B22_2_GE09_61_5,103,SMSE,GE09,3,90,2019-08-20
SMSE_B22_2_GE09_61_5,104,SMSE,GE09,2,92,2019-09-10
SMSE_B22_2_GE09_61_5,105,SMSE,GE09,2,94,2019-10-08
SMSE_B22_2_GE09_61_5,106,SMSE,GE09,2,97,2019-11-19
SMSE_B22_2_GE09_61_5,107,SMSE,GE09,2,98,2019-12-03
SMSE_B22_2_GE09_61_5,111,SMSE,GE09,1,99,2020-04-28
SMSE_B22_2_GE09_61_5,116,SMSE,GE09,2,101,2020-09-29
SMSE_B22_2_GE09_61_5,117,SMSE,GE09,4,105,2020-10-27
SMSE_B22_2_GE09_61_5,118,SMSE,GE09,2,107,2020-11-24
SMSE_B22_2_GE09_61_5,119,SMSE,GE09,3,110,2020-12-22
SMSE_B22_2_GE09_61_5,123,SMSE,GE09,1,111,2021-04-20
SMSE_B22_2_GE09_61_5,124,SMSE,GE09,1,112,2021-05-18
SMSE_B22_2_GE09_61_5,126,SMSE,GE09,1,113,2021-07-21
SMSE_B22_2_GE09_61_5,127,SMSE,GE09,3,116,2021-08-25
SMSE_B22_2_GE09_61_5,128,SMSE,GE09,3,119,2021-09-07
SMSE_B22_2_GE09_61_5,129,SMSE,GE09,2,121,2021-10-12
SMSE_B22_2_GE09_61_5,130,SMSE,GE09,2,123,2021-11-09
SMSE_B22_2_GE09_61_5,131,SMSE,GE09,2,125,2021-12-14
SMSE_B22_2_GE09_61_5,132,SMSE,GE09,2,127,2022-01-11
SMSE_B22_2_GE09_61_5,139,SMSE,GE09,7,136,2022-08-30
SMSE_B22_2_GE09_61_5,138,SMSE,GE09,1,131,2022-07-26
SMSE_B22_2_GE09_61_5,140,SMSE,GE09,3,138,2022-09-27
SMSE_B22_2_GE09_61_5,141,SMSE,GE09,1,139,2022-10-25
SMSE_B22_2_GE09_61_5,142,SMSE,GE09,1,140,2022-11-08
SMSE_B22_2_GE09_61_5,149,SMSE,GE09,1,141,2023-06-20
SMSE_B22_2_GE09_61_5,150,SMSE,GE09,4,145,2023-07-04
SMSE_B22_2_GE09_61_5,151,SMSE,GE09,2,147,2023-08-15
SMSE_B22_2_GE09_61_5,152,SMSE,GE09,1,148,2023-09-05
SMSE_B22_3_GE09_62_29,41,SMSE,GE09,1,1,2014-06-05
SMSE_B22_3_GE09_62_29,42,SMSE,GE09,1,2,2014-07-14
SMSE_B22_3_GE09_62_29,43,SMSE,GE09,4,6,2014-08-23
SMSE_B22_3_GE09_62_29,44,SMSE,GE09,1,7,2014-09-18
SMSE_B22_3_GE09_62_29,45,SMSE,GE09,3,10,2014-10-18
SMSE_B22_3_GE09_62_29,46,SMSE,GE09,1,11,2014-11-05
SMSE_B22_3_GE09_62_29,47,SMSE,GE09,1,12,2014-12-03
SMSE_B22_3_GE09_62_29,49,SMSE,GE09,1,13,2015-02-18
SMSE_B22_3_GE09_62_29,50,SMSE,GE09,3,17,2015-03-05
SMSE_B22_3_GE09_62_29,51,SMSE,GE09,1,16,2015-04-01
SMSE_B22_3_GE09_62_29,52,SMSE,GE09,2,19,2015-05-06
SMSE_B22_3_GE09_62_29,54,SMSE,GE09,6,26,2015-07-27
SMSE_B22_3_GE09_62_29,53,SMSE,GE09,1,21,2015-06-04
SMSE_B22_3_GE09_62_29,55,SMSE,GE09,3,29,2015-08-26
SMSE_B22_3_GE09_62_29,56,SMSE,GE09,4,33,2015-09-23
SMSE_B22_3_GE09_62_29,57,SMSE,GE09,3,36,2015-10-29
SMSE_B22_3_GE09_62_29,58,SMSE,GE09,2,38,2015-11-11
SMSE_B22_3_GE09_62_29,59,SMSE,GE09,3,41,2015-12-16
SMSE_B22_3_GE09_62_29,60,SMSE,GE09,1,42,2016-01-06
SMSE_B22_3_GE09_62_29,61,SMSE,GE09,1,43,2016-02-03
SMSE_B22_3_GE09_62_29,68,SMSE,GE09,2,45,2016-09-29
SMSE_B22_3_GE09_62_29,69,SMSE,GE09,1,46,2016-10-05
SMSE_B22_3_GE09_62_29,70,SMSE,GE09,1,47,2016-11-03
SMSE_B22_3_GE09_62_29,71,SMSE,GE09,5,52,2016-12-21
SMSE_B22_3_GE09_62_29,72,SMSE,GE09,2,54,2017-01-12
SMSE_B22_3_GE09_62_29,76,SMSE,GE09,2,56,2017-05-24
SMSE_B22_3_GE09_62_29,77,SMSE,GE09,3,59,2017-06-21
SMSE_B22_3_GE09_62_29,78,SMSE,GE09,2,61,2017-07-25
SMSE_B22_3_GE09_62_29,79,SMSE,GE09,2,63,2017-08-23
SMSE_B22_3_GE09_62_29,80,SMSE,GE09,2,65,2017-09-20
SMSE_B22_3_GE09_62_29,81,SMSE,GE09,1,66,2017-10-11
SMSE_B22_3_GE09_62_29,90,SMSE,GE09,7,73,2018-07-18
SMSE_B22_3_GE09_62_29,91,SMSE,GE09,4,77,2018-08-23
SMSE_B22_3_GE09_62_29,92,SMSE,GE09,3,80,2018-09-19
SMSE_B22_3_GE09_62_29,93,SMSE,GE09,3,83,2018-10-25
SMSE_B22_3_GE09_62_29,94,SMSE,GE09,1,84,2018-11-15
SMSE_B22_3_GE09_62_29,95,SMSE,GE09,1,85,2018-12-05
SMSE_B22_3_GE09_62_29,103,SMSE,GE09,3,88,2019-08-28
SMSE_B22_3_GE09_62_29,104,SMSE,GE09,2,90,2019-09-04
SMSE_B22_3_GE09_62_29,105,SMSE,GE09,1,91,2019-10-16
SMSE_B22_3_GE09_62_29,108,SMSE,GE09,1,92,2020-01-29
SMSE_B22_3_GE09_62_29,109,SMSE,GE09,1,93,2020-02-19
SMSE_B22_3_GE09_62_29,110,SMSE,GE09,1,94,2020-03-18
SMSE_B22_3_GE09_62_29,111,SMSE,GE09,1,95,2020-04-15
SMSE_B22_3_GE09_62_29,112,SMSE,GE09,1,96,2020-05-28
SMSE_B22_3_GE09_62_29,114,SMSE,GE09,1,97,2020-07-14
SMSE_B22_3_GE09_62_29,115,SMSE,GE09,2,99,2020-08-19
SMSE_B22_3_GE09_62_29,116,SMSE,GE09,4,103,2020-09-30
SMSE_B22_3_GE09_62_29,117,SMSE,GE09,2,105,2020-10-27
SMSE_B22_3_GE09_62_29,118,SMSE,GE09,2,107,2020-11-25
SMSE_B22_3_GE09_62_29,127,SMSE,GE09,4,112,2021-08-26
SMSE_B22_3_GE09_62_29,126,SMSE,GE09,1,109,2021-07-28
SMSE_B22_3_GE09_62_29,128,SMSE,GE09,2,114,2021-09-22
SMSE_B22_3_GE09_62_29,129,SMSE,GE09,2,116,2021-10-27
SMSE_B22_3_GE09_62_29,130,SMSE,GE09,1,117,2021-11-18
SMSE_B22_3_GE09_62_29,131,SMSE,GE09,1,118,2021-12-01
SMSE_B22_3_GE09_62_29,139,SMSE,GE09,5,124,2022-08-24
SMSE_B22_3_GE09_62_29,138,SMSE,GE09,1,120,2022-07-27
SMSE_B22_3_GE09_62_29,140,SMSE,GE09,3,127,2022-09-28
SMSE_B22_3_GE09_62_29,141,SMSE,GE09,1,128,2022-10-26
SMSE_B22_3_GE09_62_29,149,SMSE,GE09,4,132,2023-06-28
SMSE_B22_3_GE09_62_29,150,SMSE,GE09,5,137,2023-07-26
SMSE_B22_3_GE09_62_29,151,SMSE,GE09,1,138,2023-08-23
SMSE_B22_3_GE09_62_29,152,SMSE,GE09,2,140,2023-09-27
SMSE_B22_3_GE09_62_30,41,SMSE,GE09,1,1,2014-06-05
SMSE_B22_3_GE09_62_30,42,SMSE,GE09,1,2,2014-07-14
SMSE_B22_3_GE09_62_30,43,SMSE,GE09,2,4,2014-08-23
SMSE_B22_3_GE09_62_30,44,SMSE,GE09,0,4,2014-09-20
SMSE_B22_3_GE09_62_30,45,SMSE,GE09,1,5,2014-10-18
SMSE_B22_3_GE09_62_30,46,SMSE,GE09,1,6,2014-11-05
SMSE_B22_3_GE09_62_30,47,SMSE,GE09,0,6,2014-12-24
SMSE_B22_3_GE09_62_30,48,SMSE,GE09,2,8,2015-01-21
SMSE_B22_3_GE09_62_30,49,SMSE,GE09,1,9,2015-02-11
SMSE_B22_3_GE09_62_30,51,SMSE,GE09,1,10,2015-04-01
SMSE_B22_3_GE09_62_30,52,SMSE,GE09,2,12,2015-05-27
SMSE_B22_3_GE09_62_30,53,SMSE,GE09,1,13,2015-06-04
SMSE_B22_3_GE09_62_30,54,SMSE,GE09,2,15,2015-07-29
SMSE_B22_3_GE09_62_30,55,SMSE,GE09,3,18,2015-08-26
SMSE_B22_3_GE09_62_30,56,SMSE,GE09,4,22,2015-09-23
SMSE_B22_3_GE09_62_30,57,SMSE,GE09,5,27,2015-10-29
SMSE_B22_3_GE09_62_30,58,SMSE,GE09,1,28,2015-11-11
SMSE_B22_3_GE09_62_30,59,SMSE,GE09,1,29,2015-12-03
SMSE_B22_3_GE09_62_30,60,SMSE,GE09,3,32,2016-01-06
SMSE_B22_3_GE09_62_30,61,SMSE,GE09,1,33,2016-02-03
SMSE_B22_3_GE09_62_30,68,SMSE,GE09,3,36,2016-09-29
SMSE_B22_3_GE09_62_30,69,SMSE,GE09,6,43,2016-10-26
SMSE_B22_3_GE09_62_30,70,SMSE,GE09,1,41,2016-11-03
SMSE_B22_3_GE09_62_30,71,SMSE,GE09,5,48,2016-12-21
SMSE_B22_3_GE09_62_30,72,SMSE,GE09,2,50,2017-01-04
SMSE_B22_3_GE09_62_30,73,SMSE,GE09,1,51,2017-02-01
SMSE_B22_3_GE09_62_30,79,SMSE,GE09,3,55,2017-08-23
SMSE_B22_3_GE09_62_30,80,SMSE,GE09,6,60,2017-09-27
SMSE_B22_3_GE09_62_30,81,SMSE,GE09,1,61,2017-10-11
SMSE_B22_3_GE09_62_30,82,SMSE,GE09,1,62,2017-11-01
SMSE_B22_3_GE09_62_30,90,SMSE,GE09,2,64,2018-07-25
SMSE_B22_3_GE09_62_30,91,SMSE,GE09,5,69,2018-08-23
SMSE_B22_3_GE09_62_30,92,SMSE,GE09,3,72,2018-09-19
SMSE_B22_3_GE09_62_30,93,SMSE,GE09,2,74,2018-10-25
SMSE_B22_3_GE09_62_30,94,SMSE,GE09,2,76,2018-11-15
SMSE_B22_3_GE09_62_30,99,SMSE,GE09,1,77,2019-04-18
SMSE_B22_3_GE09_62_30,100,SMSE,GE09,1,78,2019-05-08
SMSE_B22_3_GE09_62_30,102,SMSE,GE09,1,79,2019-07-24
SMSE_B22_3_GE09_62_30,103,SMSE,GE09,4,83,2019-08-28
SMSE_B22_3_GE09_62_30,104,SMSE,GE09,3,86,2019-09-25
SMSE_B22_3_GE09_62_30,105,SMSE,GE09,2,88,2019-10-09
SMSE_B22_3_GE09_62_30,106,SMSE,GE09,1,89,2019-11-13
SMSE_B22_3_GE09_62_30,115,SMSE,GE09,2,91,2020-08-26
SMSE_B22_3_GE09_62_30,116,SMSE,GE09,5,96,2020-09-30
SMSE_B22_3_GE09_62_30,117,SMSE,GE09,2,98,2020-10-22
SMSE_B22_3_GE09_62_30,118,SMSE,GE09,2,100,2020-11-18
SMSE_B22_3_GE09_62_30,119,SMSE,GE09,1,101,2020-12-02
SMSE_B22_3_GE09_62_30,127,SMSE,GE09,2,103,2021-08-26
SMSE_B22_3_GE09_62_30,128,SMSE,GE09,5,108,2021-09-29
SMSE_B22_3_GE09_62_30,129,SMSE,GE09,2,110,2021-10-27
SMSE_B22_3_GE09_62_30,130,SMSE,GE09,2,112,2021-11-18
SMSE_B22_3_GE09_62_30,131,SMSE,GE09,2,114,2021-12-08
SMSE_B22_3_GE09_62_30,132,SMSE,GE09,1,115,2022-01-05
SMSE_B22_3_GE09_62_30,139,SMSE,GE09,4,119,2022-08-24
SMSE_B22_3_GE09_62_30,140,SMSE,GE09,3,122,2022-09-28
SMSE_B22_3_GE09_62_30,141,SMSE,GE09,2,124,2022-10-26
SMSE_B22_3_GE09_62_30,142,SMSE,GE09,1,125,2022-11-09
SMSE_B22_3_GE09_62_30,149,SMSE,GE09,1,126,2023-06-28
SMSE_B22_3_GE09_62_30,150,SMSE,GE09,4,130,2023-07-26
SMSE_B22_3_GE09_62_30,151,SMSE,GE09,1,131,2023-08-23
SMSE_B22_3_GE09_62_30,152,SMSE,GE09,3,134,2023-09-27
SMSE_B22_3_GE09_62_31,42,SMSE,GE09,1,1,2014-07-14
SMSE_B22_3_GE09_62_31,43,SMSE,GE09,2,3,2014-08-23
SMSE_B22_3_GE09_62_31,44,SMSE,GE09,0,3,2014-09-20
SMSE_B22_3_GE09_62_31,45,SMSE,GE09,1,4,2014-10-18
SMSE_B22_3_GE09_62_31,46,SMSE,GE09,1,5,2014-11-05
SMSE_B22_3_GE09_62_31,47,SMSE,GE09,0,5,2014-12-24
SMSE_B22_3_GE09_62_31,48,SMSE,GE09,2,7,2015-01-28
SMSE_B22_3_GE09_62_31,49,SMSE,GE09,1,8,2015-02-11
SMSE_B22_3_GE09_62_31,50,SMSE,GE09,3,11,2015-03-18
SMSE_B22_3_GE09_62_31,51,SMSE,GE09,1,12,2015-04-01
SMSE_B22_3_GE09_62_31,52,SMSE,GE09,2,14,2015-05-27
SMSE_B22_3_GE09_62_31,53,SMSE,GE09,1,15,2015-06-04
SMSE_B22_3_GE09_62_31,54,SMSE,GE09,2,17,2015-07-29
SMSE_B22_3_GE09_62_31,55,SMSE,GE09,1,18,2015-08-05
SMSE_B22_3_GE09_62_31,56,SMSE,GE09,4,22,2015-09-23
SMSE_B22_3_GE09_62_31,57,SMSE,GE09,3,25,2015-10-29
SMSE_B22_3_GE09_62_31,58,SMSE,GE09,2,27,2015-11-11
SMSE_B22_3_GE09_62_31,59,SMSE,GE09,3,30,2015-12-16
SMSE_B22_3_GE09_62_31,60,SMSE,GE09,1,31,2016-01-06
SMSE_B22_3_GE09_62_31,68,SMSE,GE09,1,32,2016-09-29
SMSE_B22_3_GE09_62_31,69,SMSE,GE09,2,34,2016-10-26
SMSE_B22_3_GE09_62_31,70,SMSE,GE09,1,35,2016-11-03
SMSE_B22_3_GE09_62_31,71,SMSE,GE09,4,39,2016-12-21
SMSE_B22_3_GE09_62_31,72,SMSE,GE09,2,41,2017-01-12
SMSE_B22_3_GE09_62_31,73,SMSE,GE09,1,42,2017-02-22
SMSE_B22_3_GE09_62_31,74,SMSE,GE09,1,43,2017-03-01
SMSE_B22_3_GE09_62_31,78,SMSE,GE09,2,45,2017-07-19
SMSE_B22_3_GE09_62_31,79,SMSE,GE09,2,47,2017-08-09
SMSE_B22_3_GE09_62_31,80,SMSE,GE09,4,51,2017-09-27
SMSE_B22_3_GE09_62_31,86,SMSE,GE09,2,53,2018-03-28
SMSE_B22_3_GE09_62_31,87,SMSE,GE09,1,54,2018-04-11
SMSE_B22_3_GE09_62_31,90,SMSE,GE09,3,57,2018-07-25
SMSE_B22_3_GE09_62_31,91,SMSE,GE09,5,62,2018-08-23
SMSE_B22_3_GE09_62_31,92,SMSE,GE09,3,65,2018-09-19
SMSE_B22_3_GE09_62_31,93,SMSE,GE09,3,68,2018-10-31
SMSE_B22_3_GE09_62_31,94,SMSE,GE09,2,70,2018-11-15
SMSE_B22_3_GE09_62_31,95,SMSE,GE09,2,72,2018-12-19
SMSE_B22_3_GE09_62_31,96,SMSE,GE09,1,73,2019-01-10
SMSE_B22_3_GE09_62_31,104,SMSE,GE09,5,78,2019-09-25
SMSE_B22_3_GE09_62_31,105,SMSE,GE09,3,81,2019-10-16
SMSE_B22_3_GE09_62_31,106,SMSE,GE09,2,83,2019-11-20
SMSE_B22_3_GE09_62_31,107,SMSE,GE09,3,86,2019-12-17
SMSE_B22_3_GE09_62_31,116,SMSE,GE09,2,88,2020-09-30
SMSE_B22_3_GE09_62_31,117,SMSE,GE09,4,92,2020-10-27
SMSE_B22_3_GE09_62_31,118,SMSE,GE09,2,94,2020-11-25
SMSE_B22_3_GE09_62_31,119,SMSE,GE09,2,96,2020-12-16
SMSE_B22_3_GE09_62_31,120,SMSE,GE09,1,97,2021-01-06
SMSE_B22_3_GE09_62_31,124,SMSE,GE09,1,98,2021-05-19
SMSE_B22_3_GE09_62_31,125,SMSE,GE09,1,99,2021-06-10
SMSE_B22_3_GE09_62_31,128,SMSE,GE09,5,105,2021-09-22
SMSE_B22_3_GE09_62_31,127,SMSE,GE09,1,101,2021-08-26
SMSE_B22_3_GE09_62_31,129,SMSE,GE09,2,107,2021-10-27
SMSE_B22_3_GE09_62_31,130,SMSE,GE09,2,109,2021-11-18
SMSE_B22_3_GE09_62_31,131,SMSE,GE09,2,111,2021-12-15
SMSE_B22_3_GE09_62_31,140,SMSE,GE09,6,118,2022-09-28
SMSE_B22_3_GE09_62_31,139,SMSE,GE09,1,113,2022-08-24
SMSE_B22_3_GE09_62_31,141,SMSE,GE09,1,119,2022-10-12
SMSE_B22_3_GE09_62_31,147,SMSE,GE09,2,121,2023-04-27
SMSE_B22_3_GE09_62_31,148,SMSE,GE09,1,122,2023-05-10
SMSE_B22_3_GE09_62_31,149,SMSE,GE09,3,125,2023-06-22
SMSE_B22_3_GE09_62_31,150,SMSE,GE09,3,128,2023-07-26
SMSE_B22_3_GE09_62_31,151,SMSE,GE09,1,129,2023-08-23
SMSE_B22_2_GE09_62_5,39,SMSE,GE09,0,0,2014-04-16
SMSE_B22_2_GE09_62_5,40,SMSE,GE09,0,0,2014-05-31
SMSE_B22_2_GE09_62_5,41,SMSE,GE09,1,1,2014-06-12
SMSE_B22_2_GE09_62_5,42,SMSE,GE09,0,1,2014-07-23
SMSE_B22_2_GE09_62_5,43,SMSE,GE09,0,1,2014-08-19
SMSE_B22_2_GE09_62_5,44,SMSE,GE09,3,4,2014-09-29
SMSE_B22_2_GE09_62_5,45,SMSE,GE09,1,5,2014-10-07
SMSE_B22_2_GE09_62_5,46,SMSE,GE09,1,6,2014-11-11
SMSE_B22_2_GE09_62_5,47,SMSE,GE09,0,6,2014-12-12
SMSE_B22_2_GE09_62_5,48,SMSE,GE09,1,7,2015-01-13
SMSE_B22_2_GE09_62_5,49,SMSE,GE09,2,9,2015-02-03
SMSE_B22_2_GE09_62_5,50,SMSE,GE09,3,12,2015-03-24
SMSE_B22_2_GE09_62_5,52,SMSE,GE09,2,14,2015-05-05
SMSE_B22_2_GE09_62_5,53,SMSE,GE09,1,15,2015-06-03
SMSE_B22_2_GE09_62_5,54,SMSE,GE09,3,18,2015-07-07
SMSE_B22_2_GE09_62_5,55,SMSE,GE09,2,20,2015-08-04
SMSE_B22_2_GE09_62_5,56,SMSE,GE09,3,23,2015-09-01
SMSE_B22_2_GE09_62_5,57,SMSE,GE09,4,27,2015-10-28
SMSE_B22_2_GE09_62_5,58,SMSE,GE09,1,28,2015-11-03
SMSE_B22_2_GE09_62_5,59,SMSE,GE09,4,32,2015-12-15
SMSE_B22_2_GE09_62_5,60,SMSE,GE09,2,34,2016-01-05
SMSE_B22_2_GE09_62_5,61,SMSE,GE09,1,35,2016-02-02
SMSE_B22_2_GE09_62_5,62,SMSE,GE09,2,37,2016-03-01
SMSE_B22_2_GE09_62_5,68,SMSE,GE09,6,43,2016-09-28
SMSE_B22_2_GE09_62_5,69,SMSE,GE09,3,46,2016-10-11
SMSE_B22_2_GE09_62_5,70,SMSE,GE09,3,49,2016-11-15
SMSE_B22_2_GE09_62_5,71,SMSE,GE09,2,51,2016-12-06
SMSE_B22_2_GE09_62_5,72,SMSE,GE09,4,55,2017-01-24
SMSE_B22_2_GE09_62_5,73,SMSE,GE09,1,56,2017-02-07
SMSE_B22_2_GE09_62_5,74,SMSE,GE09,2,58,2017-03-07
SMSE_B22_2_GE09_62_5,75,SMSE,GE09,1,59,2017-04-04
SMSE_B22_2_GE09_62_5,76,SMSE,GE09,1,60,2017-05-09
SMSE_B22_2_GE09_62_5,79,SMSE,GE09,2,62,2017-08-29
SMSE_B22_2_GE09_62_5,80,SMSE,GE09,4,66,2017-09-26
SMSE_B22_2_GE09_62_5,81,SMSE,GE09,1,67,2017-10-24
SMSE_B22_2_GE09_62_5,82,SMSE,GE09,3,70,2017-11-30
SMSE_B22_2_GE09_62_5,83,SMSE,GE09,2,72,2017-12-27
SMSE_B22_2_GE09_62_5,84,SMSE,GE09,1,73,2018-01-03
SMSE_B22_2_GE09_62_5,90,SMSE,GE09,1,74,2018-07-31
SMSE_B22_2_GE09_62_5,91,SMSE,GE09,3,77,2018-08-28
SMSE_B22_2_GE09_62_5,92,SMSE,GE09,2,79,2018-09-12
SMSE_B22_2_GE09_62_5,93,SMSE,GE09,4,83,2018-10-31
SMSE_B22_2_GE09_62_5,94,SMSE,GE09,1,84,2018-11-13
SMSE_B22_2_GE09_62_5,95,SMSE,GE09,3,87,2018-12-18
SMSE_B22_2_GE09_62_5,102,SMSE,GE09,1,88,2019-07-23
SMSE_B22_2_GE09_62_5,103,SMSE,GE09,3,91,2019-08-27
SMSE_B22_2_GE09_62_5,104,SMSE,GE09,2,93,2019-09-10
SMSE_B22_2_GE09_62_5,105,SMSE,GE09,3,96,2019-10-22
SMSE_B22_2_GE09_62_5,106,SMSE,GE09,2,98,2019-11-12
SMSE_B22_2_GE09_62_5,107,SMSE,GE09,3,101,2019-12-16
SMSE_B22_2_GE09_62_5,108,SMSE,GE09,2,103,2020-01-28
SMSE_B22_2_GE09_62_5,117,SMSE,GE09,5,108,2020-10-13
SMSE_B22_2_GE09_62_5,118,SMSE,GE09,4,112,2020-11-24
SMSE_B22_2_GE09_62_5,119,SMSE,GE09,3,115,2020-12-29
SMSE_B22_2_GE09_62_5,120,SMSE,GE09,1,116,2021-01-12
SMSE_B22_2_GE09_62_5,121,SMSE,GE09,2,118,2021-02-16
SMSE_B22_2_GE09_62_5,122,SMSE,GE09,1,119,2021-03-02
SMSE_B22_2_GE09_62_5,128,SMSE,GE09,1,120,2021-09-28
SMSE_B22_2_GE09_62_5,129,SMSE,GE09,2,123,2021-10-26
SMSE_B22_2_GE09_62_5,130,SMSE,GE09,3,125,2021-11-23
SMSE_B22_2_GE09_62_5,131,SMSE,GE09,2,127,2021-12-28
SMSE_B22_2_GE09_62_5,132,SMSE,GE09,2,129,2022-01-04
SMSE_B22_2_GE09_62_5,133,SMSE,GE09,2,131,2022-02-15
SMSE_B22_2_GE09_62_5,139,SMSE,GE09,1,132,2022-08-30
SMSE_B22_2_GE09_62_5,140,SMSE,GE09,3,135,2022-09-27
SMSE_B22_2_GE09_62_5,141,SMSE,GE09,3,138,2022-10-25
SMSE_B22_2_GE09_62_5,142,SMSE,GE09,1,139,2022-11-15
SMSE_B22_2_GE09_62_5,143,SMSE,GE09,1,140,2022-12-06
SMSE_B22_2_GE09_62_5,144,SMSE,GE09,1,141,2023-01-10
SMSE_B22_2_GE09_62_5,150,SMSE,GE09,2,143,2023-07-25
SMSE_B22_2_GE09_62_5,151,SMSE,GE09,3,146,2023-08-29
SMSE_B22_2_GE09_62_5,152,SMSE,GE09,1,147,2023-09-05
SMSE_B22_3_GE12_65_29,41,SMSE,GE12,1,1,2014-06-05
SMSE_B22_3_GE12_65_29,43,SMSE,GE12,1,2,2014-08-23
SMSE_B22_3_GE12_65_29,44,SMSE,GE12,1,3,2014-09-19
SMSE_B22_3_GE12_65_29,45,SMSE,GE12,1,4,2014-10-20
SMSE_B22_3_GE12_65_29,46,SMSE,GE12,1,5,2014-11-19
SMSE_B22_3_GE12_65_29,47,SMSE,GE12,0,5,2014-12-10
SMSE_B22_3_GE12_65_29,48,SMSE,GE12,1,6,2015-01-07
SMSE_B22_3_GE12_65_29,49,SMSE,GE12,2,8,2015-02-11
SMSE_B22_3_GE12_65_29,50,SMSE,GE12,1,9,2015-03-05
SMSE_B22_3_GE12_65_29,51,SMSE,GE12,1,10,2015-04-01
SMSE_B22_3_GE12_65_29,52,SMSE,GE12,3,13,2015-05-06
SMSE_B22_3_GE12_65_29,53,SMSE,GE12,3,16,2015-06-04
SMSE_B22_3_GE12_65_29,54,SMSE,GE12,1,17,2015-07-01
SMSE_B22_3_GE12_65_29,55,SMSE,GE12,3,20,2015-08-12
SMSE_B22_3_GE12_65_29,56,SMSE,GE12,7,27,2015-09-25
SMSE_B22_3_GE12_65_29,57,SMSE,GE12,2,29,2015-10-29
SMSE_B22_3_GE12_65_29,58,SMSE,GE12,1,30,2015-11-18
SMSE_B22_3_GE12_65_29,59,SMSE,GE12,2,32,2015-12-16
SMSE_B22_3_GE12_65_29,60,SMSE,GE12,1,33,2016-01-06
SMSE_B22_3_GE12_65_29,69,SMSE,GE12,4,38,2016-10-12
SMSE_B22_3_GE12_65_29,68,SMSE,GE12,1,35,2016-09-29
SMSE_B22_3_GE12_65_29,70,SMSE,GE12,3,41,2016-11-16
SMSE_B22_3_GE12_65_29,71,SMSE,GE12,1,42,2016-12-07
SMSE_B22_3_GE12_65_29,77,SMSE,GE12,1,43,2017-06-14
SMSE_B22_3_GE12_65_29,78,SMSE,GE12,1,44,2017-07-19
SMSE_B22_3_GE12_65_29,79,SMSE,GE12,4,48,2017-08-23
SMSE_B22_3_GE12_65_29,80,SMSE,GE12,2,50,2017-09-13
SMSE_B22_3_GE12_65_29,86,SMSE,GE12,1,51,2018-03-21
SMSE_B22_3_GE12_65_29,87,SMSE,GE12,1,52,2018-04-04
SMSE_B22_3_GE12_65_29,89,SMSE,GE12,2,54,2018-06-28
SMSE_B22_3_GE12_65_29,90,SMSE,GE12,4,58,2018-07-25
SMSE_B22_3_GE12_65_29,91,SMSE,GE12,4,62,2018-08-23
SMSE_B22_3_GE12_65_29,92,SMSE,GE12,2,64,2018-09-19
SMSE_B22_3_GE12_65_29,93,SMSE,GE12,1,65,2018-10-03
SMSE_B22_3_GE12_65_29,94,SMSE,GE12,2,67,2018-11-15
SMSE_B22_3_GE12_65_29,95,SMSE,GE12,2,69,2018-12-19
SMSE_B22_3_GE12_65_29,97,SMSE,GE12,1,70,2019-02-07
SMSE_B22_3_GE12_65_29,104,SMSE,GE12,6,77,2019-09-18
SMSE_B22_3_GE12_65_29,103,SMSE,GE12,1,72,2019-08-28
SMSE_B22_3_GE12_65_29,105,SMSE,GE12,2,79,2019-10-09
SMSE_B22_3_GE12_65_29,114,SMSE,GE12,1,80,2020-07-28
SMSE_B22_3_GE12_65_29,115,SMSE,GE12,2,82,2020-08-26
SMSE_B22_3_GE12_65_29,116,SMSE,GE12,3,85,2020-09-23
SMSE_B22_3_GE12_65_29,117,SMSE,GE12,3,88,2020-10-27
SMSE_B22_3_GE12_65_29,126,SMSE,GE12,1,89,2021-07-22
SMSE_B22_3_GE12_65_29,127,SMSE,GE12,4,94,2021-08-26
SMSE_B22_3_GE12_65_29,128,SMSE,GE12,4,97,2021-09-29
SMSE_B22_3_GE12_65_29,129,SMSE,GE12,2,99,2021-10-06
SMSE_B22_3_GE12_65_29,130,SMSE,GE12,2,101,2021-11-10
SMSE_B22_3_GE12_65_29,131,SMSE,GE12,1,102,2021-12-01
SMSE_B22_3_GE12_65_29,139,SMSE,GE12,1,103,2022-08-31
SMSE_B22_3_GE12_65_29,140,SMSE,GE12,5,108,2022-09-21
SMSE_B22_3_GE12_65_29,141,SMSE,GE12,2,110,2022-10-12
SMSE_B22_3_GE12_65_29,142,SMSE,GE12,1,111,2022-11-09
SMSE_B22_3_GE12_65_29,149,SMSE,GE12,1,112,2023-06-28
SMSE_B22_3_GE12_65_29,150,SMSE,GE12,2,114,2023-07-26
SMSE_B22_3_GE12_65_29,151,SMSE,GE12,3,117,2023-08-10
SMSE_B22_3_GE12_65_29,152,SMSE,GE12,2,119,2023-09-20
SMSE_B22_3_GE06_70_24,43,SMSE,GE06,2,2,2014-08-27
SMSE_B22_3_GE06_70_24,44,SMSE,GE06,0,2,2014-09-19
SMSE_B22_3_GE06_70_24,45,SMSE,GE06,1,3,2014-10-31
SMSE_B22_3_GE06_70_24,46,SMSE,GE06,1,4,2014-11-09
SMSE_B22_3_GE06_70_24,47,SMSE,GE06,0,4,2014-12-24
SMSE_B22_3_GE06_70_24,48,SMSE,GE06,2,6,2015-01-07
SMSE_B22_3_GE06_70_24,49,SMSE,GE06,2,8,2015-02-25
SMSE_B22_3_GE06_70_24,50,SMSE,GE06,1,9,2015-03-05
SMSE_B22_3_GE06_70_24,51,SMSE,GE06,2,11,2015-04-22
SMSE_B22_3_GE06_70_24,52,SMSE,GE06,1,12,2015-05-06
SMSE_B22_3_GE06_70_24,53,SMSE,GE06,2,14,2015-06-04
SMSE_B22_3_GE06_70_24,54,SMSE,GE06,3,17,2015-07-29
SMSE_B22_3_GE06_70_24,55,SMSE,GE06,3,20,2015-08-26
SMSE_B22_3_GE06_70_24,56,SMSE,GE06,1,21,2015-09-16
SMSE_B22_3_GE06_70_24,57,SMSE,GE06,4,25,2015-10-29
SMSE_B22_3_GE06_70_24,58,SMSE,GE06,2,27,2015-11-18
SMSE_B22_3_GE06_70_24,59,SMSE,GE06,3,30,2015-12-16
SMSE_B22_3_GE06_70_24,60,SMSE,GE06,2,32,2016-01-20
SMSE_B22_3_GE06_70_24,68,SMSE,GE06,5,37,2016-09-21
SMSE_B22_3_GE06_70_24,69,SMSE,GE06,4,41,2016-10-26
SMSE_B22_3_GE06_70_24,70,SMSE,GE06,3,44,2016-11-16
SMSE_B22_3_GE06_70_24,71,SMSE,GE06,2,46,2016-12-15
SMSE_B22_3_GE06_70_24,72,SMSE,GE06,1,47,2017-01-12
SMSE_B22_3_GE06_70_24,78,SMSE,GE06,3,50,2017-07-19
SMSE_B22_3_GE06_70_24,79,SMSE,GE06,2,52,2017-08-16
SMSE_B22_3_GE06_70_24,80,SMSE,GE06,2,54,2017-09-13
SMSE_B22_3_GE06_70_24,81,SMSE,GE06,2,56,2017-10-18
SMSE_B22_3_GE06_70_24,82,SMSE,GE06,1,57,2017-11-01
SMSE_B22_3_GE06_70_24,85,SMSE,GE06,1,58,2018-02-28
SMSE_B22_3_GE06_70_24,86,SMSE,GE06,1,59,2018-03-07
SMSE_B22_3_GE06_70_24,87,SMSE,GE06,2,61,2018-04-25
SMSE_B22_3_GE06_70_24,88,SMSE,GE06,2,63,2018-05-31
SMSE_B22_3_GE06_70_24,89,SMSE,GE06,2,65,2018-06-28
SMSE_B22_3_GE06_70_24,90,SMSE,GE06,2,67,2018-07-25
SMSE_B22_3_GE06_70_24,91,SMSE,GE06,3,70,2018-08-29
SMSE_B22_3_GE06_70_24,92,SMSE,GE06,2,72,2018-09-13
SMSE_B22_3_GE06_70_24,93,SMSE,GE06,3,75,2018-10-17
SMSE_B22_3_GE06_70_24,94,SMSE,GE06,2,77,2018-11-22
SMSE_B22_3_GE06_70_24,95,SMSE,GE06,1,78,2018-12-27
SMSE_B22_3_GE06_70_24,96,SMSE,GE06,2,80,2019-01-30
SMSE_B22_3_GE06_70_24,97,SMSE,GE06,1,81,2019-02-27
SMSE_B22_3_GE06_70_24,98,SMSE,GE06,1,82,2019-03-27
SMSE_B22_3_GE06_70_24,102,SMSE,GE06,1,83,2019-07-24
SMSE_B22_3_GE06_70_24,103,SMSE,GE06,3,86,2019-08-28
SMSE_B22_3_GE06_70_24,104,SMSE,GE06,4,90,2019-09-25
SMSE_B22_3_GE06_70_24,105,SMSE,GE06,2,92,2019-10-16
SMSE_B22_3_GE06_70_24,106,SMSE,GE06,2,94,2019-11-20
SMSE_B22_3_GE06_70_24,107,SMSE,GE06,1,95,2019-12-11
SMSE_B22_3_GE06_70_24,108,SMSE,GE06,2,97,2020-01-22
SMSE_B22_3_GE06_70_24,116,SMSE,GE06,3,100,2020-09-23
SMSE_B22_3_GE06_70_24,117,SMSE,GE06,2,102,2020-10-14
SMSE_B22_3_GE06_70_24,118,SMSE,GE06,2,104,2020-11-11
SMSE_B22_3_GE06_70_24,119,SMSE,GE06,1,105,2020-12-02
SMSE_B22_3_GE06_70_24,124,SMSE,GE06,1,106,2021-05-19
SMSE_B22_3_GE06_70_24,125,SMSE,GE06,1,107,2021-06-16
SMSE_B22_3_GE06_70_24,126,SMSE,GE06,2,109,2021-07-14
SMSE_B22_3_GE06_70_24,127,SMSE,GE06,3,112,2021-08-19
SMSE_B22_3_GE06_70_24,128,SMSE,GE06,2,114,2021-09-15
SMSE_B22_3_GE06_70_24,129,SMSE,GE06,3,117,2021-10-21
SMSE_B22_3_GE06_70_24,130,SMSE,GE06,1,118,2021-11-06
SMSE_B22_3_GE06_70_24,138,SMSE,GE06,3,123,2022-07-27
SMSE_B22_3_GE06_70_24,137,SMSE,GE06,2,121,2022-06-30
SMSE_B22_3_GE06_70_24,139,SMSE,GE06,3,126,2022-08-18
SMSE_B22_3_GE06_70_24,140,SMSE,GE06,2,128,2022-09-07
SMSE_B22_3_GE06_70_24,141,SMSE,GE06,1,129,2022-10-05
SMSE_B22_3_GE06_70_24,147,SMSE,GE06,1,130,2023-04-27
SMSE_B22_3_GE06_70_24,148,SMSE,GE06,2,132,2023-05-31
SMSE_B22_3_GE06_70_24,149,SMSE,GE06,3,135,2023-06-28
SMSE_B22_3_GE06_70_24,150,SMSE,GE06,2,137,2023-07-26
SMSE_B22_3_GE06_70_24,151,SMSE,GE06,1,138,2023-08-23
SMSE_B22_3_GE06_70_24,152,SMSE,GE06,1,139,2023-09-27
SMSE_B22_3_GE06_71_23,40,SMSE,GE06,1,1,2014-05-26
SMSE_B22_3_GE06_71_23,41,SMSE,GE06,1,2,2014-06-05
SMSE_B22_3_GE06_71_23,42,SMSE,GE06,1,3,2014-07-15
SMSE_B22_3_GE06_71_23,43,SMSE,GE06,0,3,2014-08-27
SMSE_B22_3_GE06_71_23,44,SMSE,GE06,1,4,2014-09-19
SMSE_B22_3_GE06_71_23,45,SMSE,GE06,1,5,2014-10-20
SMSE_B22_3_GE06_71_23,46,SMSE,GE06,1,6,2014-11-12
SMSE_B22_3_GE06_71_23,47,SMSE,GE06,0,6,2014-12-31
SMSE_B22_3_GE06_71_23,48,SMSE,GE06,1,7,2015-01-07
SMSE_B22_3_GE06_71_23,49,SMSE,GE06,2,9,2015-02-11
SMSE_B22_3_GE06_71_23,50,SMSE,GE06,2,11,2015-03-05
SMSE_B22_3_GE06_71_23,51,SMSE,GE06,1,12,2015-04-01
SMSE_B22_3_GE06_71_23,52,SMSE,GE06,2,14,2015-05-06
SMSE_B22_3_GE06_71_23,53,SMSE,GE06,2,16,2015-06-04
SMSE_B22_3_GE06_71_23,54,SMSE,GE06,5,21,2015-07-29
SMSE_B22_3_GE06_71_23,55,SMSE,GE06,1,22,2015-08-12
SMSE_B22_3_GE06_71_23,56,SMSE,GE06,3,25,2015-09-16
SMSE_B22_3_GE06_71_23,57,SMSE,GE06,5,30,2015-10-29
SMSE_B22_3_GE06_71_23,58,SMSE,GE06,3,33,2015-11-18
SMSE_B22_3_GE06_71_23,59,SMSE,GE06,2,35,2015-12-16
SMSE_B22_3_GE06_71_23,60,SMSE,GE06,1,36,2016-01-06
SMSE_B22_3_GE06_71_23,67,SMSE,GE06,4,40,2016-08-24
SMSE_B22_3_GE06_71_23,68,SMSE,GE06,4,44,2016-09-21
SMSE_B22_3_GE06_71_23,69,SMSE,GE06,4,48,2016-10-19
SMSE_B22_3_GE06_71_23,70,SMSE,GE06,3,51,2016-11-16
SMSE_B22_3_GE06_71_23,71,SMSE,GE06,1,52,2016-12-07
SMSE_B22_3_GE06_71_23,75,SMSE,GE06,2,54,2017-04-12
SMSE_B22_3_GE06_71_23,76,SMSE,GE06,2,56,2017-05-17
SMSE_B22_3_GE06_71_23,77,SMSE,GE06,2,58,2017-06-21
SMSE_B22_3_GE06_71_23,78,SMSE,GE06,3,61,2017-07-12
SMSE_B22_3_GE06_71_23,79,SMSE,GE06,3,64,2017-08-16
SMSE_B22_3_GE06_71_23,83,SMSE,GE06,1,65,2017-12-20
SMSE_B22_3_GE06_71_23,84,SMSE,GE06,2,67,2018-01-31
SMSE_B22_3_GE06_71_23,85,SMSE,GE06,1,68,2018-02-21
SMSE_B22_3_GE06_71_23,86,SMSE,GE06,2,70,2018-03-21
SMSE_B22_3_GE06_71_23,87,SMSE,GE06,3,73,2018-04-24
SMSE_B22_3_GE06_71_23,88,SMSE,GE06,4,77,2018-05-31
SMSE_B22_3_GE06_71_23,89,SMSE,GE06,2,79,2018-06-20
SMSE_B22_3_GE06_71_23,90,SMSE,GE06,1,80,2018-07-04
SMSE_B22_3_GE06_71_23,93,SMSE,GE06,1,81,2018-10-25
SMSE_B22_3_GE06_71_23,94,SMSE,GE06,2,83,2018-11-15
SMSE_B22_3_GE06_71_23,95,SMSE,GE06,2,85,2018-12-19
SMSE_B22_3_GE06_71_23,96,SMSE,GE06,2,87,2019-01-16
SMSE_B22_3_GE06_71_23,97,SMSE,GE06,3,90,2019-02-27
SMSE_B22_3_GE06_71_23,98,SMSE,GE06,1,91,2019-03-20
SMSE_B22_3_GE06_71_23,99,SMSE,GE06,2,93,2019-04-23
SMSE_B22_3_GE06_71_23,100,SMSE,GE06,1,94,2019-05-15
SMSE_B22_3_GE06_71_23,101,SMSE,GE06,1,95,2019-06-12
SMSE_B22_3_GE06_71_23,102,SMSE,GE06,1,96,2019-07-24
SMSE_B22_3_GE06_71_23,103,SMSE,GE06,2,98,2019-08-28
SMSE_B22_3_GE06_71_23,104,SMSE,GE06,2,100,2019-09-11
SMSE_B22_3_GE06_71_23,105,SMSE,GE06,2,102,2019-10-16
SMSE_B22_3_GE06_71_23,106,SMSE,GE06,4,106,2019-11-27
SMSE_B22_3_GE06_71_23,107,SMSE,GE06,1,107,2019-12-17
SMSE_B22_3_GE06_71_23,108,SMSE,GE06,2,109,2020-01-29
SMSE_B22_3_GE06_71_23,109,SMSE,GE06,1,110,2020-02-19
SMSE_B22_3_GE06_71_23,110,SMSE,GE06,1,111,2020-03-18
SMSE_B22_3_GE06_71_23,116,SMSE,GE06,2,113,2020-09-16
SMSE_B22_3_GE06_71_23,117,SMSE,GE06,3,116,2020-10-21
SMSE_B22_3_GE06_71_23,118,SMSE,GE06,1,117,2020-11-11
SMSE_B22_3_GE06_71_23,123,SMSE,GE06,1,118,2021-04-07
SMSE_B22_3_GE06_71_23,124,SMSE,GE06,2,120,2021-05-04
SMSE_B22_3_GE06_71_23,125,SMSE,GE06,3,123,2021-06-23
SMSE_B22_3_GE06_71_23,126,SMSE,GE06,1,124,2021-07-07
SMSE_B22_3_GE06_71_23,127,SMSE,GE06,3,127,2021-08-19
SMSE_B22_3_GE06_71_23,128,SMSE,GE06,1,128,2021-09-15
SMSE_B22_3_GE06_71_23,133,SMSE,GE06,2,130,2022-02-23
SMSE_B22_3_GE06_71_23,135,SMSE,GE06,1,131,2022-04-13
SMSE_B22_3_GE06_71_23,136,SMSE,GE06,5,136,2022-05-26
SMSE_B22_3_GE06_71_23,137,SMSE,GE06,3,139,2022-06-30
SMSE_B22_3_GE06_71_23,138,SMSE,GE06,1,140,2022-07-20
SMSE_B22_3_GE06_71_23,139,SMSE,GE06,3,143,2022-08-18
SMSE_B22_3_GE06_71_23,140,SMSE,GE06,2,145,2022-09-21
SMSE_B22_3_GE06_71_23,142,SMSE,GE06,1,146,2022-11-09
SMSE_B22_3_GE06_71_23,143,SMSE,GE06,1,147,2022-12-15
SMSE_B22_3_GE06_71_23,144,SMSE,GE06,2,149,2023-01-25
SMSE_B22_3_GE06_71_23,145,SMSE,GE06,1,150,2023-02-01
SMSE_B22_3_GE06_71_23,146,SMSE,GE06,1,151,2023-03-01
SMSE_B22_3_GE06_71_23,148,SMSE,GE06,1,152,2023-05-17
SMSE_B22_3_GE06_71_23,149,SMSE,GE06,3,155,2023-06-28
SMSE_B22_3_GE06_71_23,150,SMSE,GE06,1,156,2023-07-26
SMSE_B22_3_GE06_71_23,151,SMSE,GE06,1,157,2023-08-16
SMSE_B22_3_GE06_71_23,152,SMSE,GE06,2,159,2023-09-27
SMSE_B22_3_GE06_71_24,41,SMSE,GE06,2,2,2014-06-05
SMSE_B22_3_GE06_71_24,44,SMSE,GE06,1,3,2014-09-19
SMSE_B22_3_GE06_71_24,45,SMSE,GE06,1,4,2014-10-20
SMSE_B22_3_GE06_71_24,46,SMSE,GE06,1,5,2014-11-12
SMSE_B22_3_GE06_71_24,49,SMSE,GE06,2,7,2015-02-11
SMSE_B22_3_GE06_71_24,50,SMSE,GE06,1,8,2015-03-05
SMSE_B22_3_GE06_71_24,51,SMSE,GE06,2,11,2015-04-22
SMSE_B22_3_GE06_71_24,52,SMSE,GE06,2,12,2015-05-06
SMSE_B22_3_GE06_71_24,53,SMSE,GE06,2,14,2015-06-04
SMSE_B22_3_GE06_71_24,54,SMSE,GE06,4,18,2015-07-29
SMSE_B22_3_GE06_71_24,55,SMSE,GE06,2,20,2015-08-12
SMSE_B22_3_GE06_71_24,56,SMSE,GE06,3,23,2015-09-16
SMSE_B22_3_GE06_71_24,57,SMSE,GE06,4,27,2015-10-29
SMSE_B22_3_GE06_71_24,58,SMSE,GE06,3,30,2015-11-18
SMSE_B22_3_GE06_71_24,59,SMSE,GE06,2,32,2015-12-16
SMSE_B22_3_GE06_71_24,60,SMSE,GE06,1,33,2016-01-20
SMSE_B22_3_GE06_71_24,67,SMSE,GE06,2,35,2016-08-24
SMSE_B22_3_GE06_71_24,68,SMSE,GE06,3,38,2016-09-15
SMSE_B22_3_GE06_71_24,69,SMSE,GE06,5,43,2016-10-26
SMSE_B22_3_GE06_71_24,70,SMSE,GE06,3,46,2016-11-16
SMSE_B22_3_GE06_71_24,71,SMSE,GE06,2,48,2016-12-15
SMSE_B22_3_GE06_71_24,74,SMSE,GE06,2,50,2017-03-24
SMSE_B22_3_GE06_71_24,75,SMSE,GE06,1,51,2017-04-04
SMSE_B22_3_GE06_71_24,76,SMSE,GE06,1,52,2017-05-04
SMSE_B22_3_GE06_71_24,77,SMSE,GE06,2,54,2017-06-03
SMSE_B22_3_GE06_71_24,78,SMSE,GE06,4,58,2017-07-19
SMSE_B22_3_GE06_71_24,79,SMSE,GE06,3,61,2017-08-23
SMSE_B22_3_GE06_71_24,80,SMSE,GE06,2,63,2017-09-27
SMSE_B22_3_GE06_71_24,83,SMSE,GE06,1,64,2017-12-20
SMSE_B22_3_GE06_71_24,84,SMSE,GE06,2,66,2018-01-24
SMSE_B22_3_GE06_71_24,85,SMSE,GE06,1,67,2018-02-14
SMSE_B22_3_GE06_71_24,88,SMSE,GE06,6,73,2018-05-31
SMSE_B22_3_GE06_71_24,89,SMSE,GE06,3,76,2018-06-28
SMSE_B22_3_GE06_71_24,90,SMSE,GE06,2,78,2018-07-25
SMSE_B22_3_GE06_71_24,91,SMSE,GE06,1,79,2018-08-08
SMSE_B22_3_GE06_71_24,92,SMSE,GE06,1,80,2018-09-05
SMSE_B22_3_GE06_71_24,94,SMSE,GE06,1,81,2018-11-22
SMSE_B22_3_GE06_71_24,95,SMSE,GE06,2,83,2018-12-19
SMSE_B22_3_GE06_71_24,98,SMSE,GE06,1,84,2019-03-20
SMSE_B22_3_GE06_71_24,99,SMSE,GE06,4,88,2019-04-23
SMSE_B22_3_GE06_71_24,100,SMSE,GE06,3,91,2019-05-28
SMSE_B22_3_GE06_71_24,101,SMSE,GE06,2,93,2019-06-19
SMSE_B22_3_GE06_71_24,102,SMSE,GE06,2,95,2019-07-24
SMSE_B22_3_GE06_71_24,105,SMSE,GE06,2,97,2019-10-16
SMSE_B22_3_GE06_71_24,106,SMSE,GE06,1,98,2019-11-06
SMSE_B22_3_GE06_71_24,107,SMSE,GE06,1,99,2019-12-17
SMSE_B22_3_GE06_71_24,111,SMSE,GE06,4,103,2020-04-28
SMSE_B22_3_GE06_71_24,112,SMSE,GE06,2,105,2020-05-20
SMSE_B22_3_GE06_71_24,118,SMSE,GE06,2,107,2020-11-18
SMSE_B22_3_GE06_71_24,119,SMSE,GE06,3,110,2020-12-30
SMSE_B22_3_GE06_71_24,120,SMSE,GE06,2,112,2021-01-20
SMSE_B22_3_GE06_71_24,121,SMSE,GE06,1,113,2021-02-10
SMSE_B22_3_GE06_71_24,122,SMSE,GE06,2,115,2021-03-17
SMSE_B22_3_GE06_71_24,123,SMSE,GE06,1,116,2021-04-14
SMSE_B22_3_GE06_71_24,124,SMSE,GE06,1,117,2021-05-04
SMSE_B22_3_GE06_71_24,130,SMSE,GE06,1,118,2021-11-03
SMSE_B22_3_GE06_71_24,129,SMSE,GE06,1,119,2021-10-27
SMSE_B22_3_GE06_71_24,134,SMSE,GE06,1,120,2022-03-09
SMSE_B22_3_GE06_71_24,135,SMSE,GE06,2,122,2022-04-20
SMSE_B22_3_GE06_71_24,136,SMSE,GE06,2,124,2022-05-20
SMSE_B22_3_GE06_71_24,137,SMSE,GE06,2,126,2022-06-17
SMSE_B22_3_GE06_71_24,138,SMSE,GE06,3,129,2022-07-27
SMSE_B22_3_GE06_71_24,139,SMSE,GE06,1,130,2022-08-10
SMSE_B22_3_GE06_71_24,140,SMSE,GE06,1,131,2022-09-07
SMSE_B22_3_GE06_71_24,141,SMSE,GE06,2,133,2022-10-19
SMSE_B22_3_GE06_71_24,142,SMSE,GE06,2,135,2022-11-24
SMSE_B22_3_GE06_71_24,143,SMSE,GE06,2,137,2022-12-28
SMSE_B22_3_GE06_71_24,144,SMSE,GE06,1,138,2023-01-04
SMSE_B22_3_GE06_71_24,145,SMSE,GE06,1,139,2023-02-22
SMSE_B22_3_GE06_71_24,148,SMSE,GE06,2,141,2023-05-17
SMSE_B22_3_GE06_71_24,149,SMSE,GE06,3,144,2023-06-28
SMSE_B22_3_GE06_71_24,150,SMSE,GE06,2,147,2023-07-26
SMSE_B22_3_GE06_71_24,151,SMSE,GE06,2,148,2023-08-16
SMSE_B22_3_GE06_71_24,152,SMSE,GE06,3,151,2023-09-27
SMSE_B22_2_GE16_75_3,39,SMSE,GE16,0,0,2014-04-24
SMSE_B22_2_GE16_75_3,40,SMSE,GE16,0,0,2014-05-17
SMSE_B22_2_GE16_75_3,41,SMSE,GE16,1,1,2014-06-26
SMSE_B22_2_GE16_75_3,42,SMSE,GE16,1,2,2014-07-12
SMSE_B22_2_GE16_75_3,43,SMSE,GE16,1,3,2014-08-15
SMSE_B22_2_GE16_75_3,45,SMSE,GE16,1,5,2014-10-13
SMSE_B22_2_GE16_75_3,44,SMSE,GE16,1,4,2014-09-12
SMSE_B22_2_GE16_75_3,46,SMSE,GE16,1,6,2014-11-18
SMSE_B22_2_GE16_75_3,47,SMSE,GE16,3,9,2014-12-30
SMSE_B22_2_GE16_75_3,48,SMSE,GE16,1,10,2015-01-13
SMSE_B22_2_GE16_75_3,55,SMSE,GE16,1,11,2015-08-19
SMSE_B22_2_GE16_75_3,56,SMSE,GE16,3,14,2015-09-15
SMSE_B22_2_GE16_75_3,57,SMSE,GE16,5,19,2015-10-13
SMSE_B22_2_GE16_75_3,59,SMSE,GE16,3,22,2015-12-15
SMSE_B22_2_GE16_75_3,68,SMSE,GE16,2,24,2016-09-28
SMSE_B22_2_GE16_75_3,69,SMSE,GE16,2,26,2016-10-25
SMSE_B22_2_GE16_75_3,70,SMSE,GE16,4,30,2016-11-22
SMSE_B22_2_GE16_75_3,72,SMSE,GE16,1,31,2017-01-24
SMSE_B22_2_GE16_75_3,76,SMSE,GE16,3,34,2017-05-31
SMSE_B22_2_GE16_75_3,77,SMSE,GE16,2,36,2017-06-20
SMSE_B22_2_GE16_75_3,78,SMSE,GE16,3,39,2017-07-25
SMSE_B22_2_GE16_75_3,79,SMSE,GE16,2,41,2017-08-22
SMSE_B22_2_GE16_75_3,80,SMSE,GE16,1,42,2017-09-05
SMSE_B22_2_GE16_75_3,88,SMSE,GE16,1,43,2018-05-30
SMSE_B22_2_GE16_75_3,89,SMSE,GE16,7,50,2018-06-26
SMSE_B22_2_GE16_75_3,90,SMSE,GE16,4,54,2018-07-24
SMSE_B22_2_GE16_75_3,91,SMSE,GE16,3,57,2018-08-28
SMSE_B22_2_GE16_75_3,92,SMSE,GE16,2,59,2018-09-18
SMSE_B22_2_GE16_75_3,93,SMSE,GE16,2,61,2018-10-22
SMSE_B22_2_GE16_75_3,94,SMSE,GE16,1,62,2018-11-27
SMSE_B22_2_GE16_75_3,95,SMSE,GE16,1,63,2018-12-18
SMSE_B22_2_GE16_75_3,103,SMSE,GE16,4,67,2019-08-27
SMSE_B22_2_GE16_75_3,104,SMSE,GE16,2,69,2019-09-10
SMSE_B22_2_GE16_75_3,108,SMSE,GE16,1,70,2020-01-14
SMSE_B22_2_GE16_75_3,109,SMSE,GE16,1,71,2020-02-04
SMSE_B22_2_GE16_75_3,110,SMSE,GE16,2,73,2020-03-10
SMSE_B22_2_GE16_75_3,111,SMSE,GE16,1,74,2020-04-14
SMSE_B22_2_GE16_75_3,115,SMSE,GE16,2,76,2020-08-25
SMSE_B22_2_GE16_75_3,116,SMSE,GE16,3,79,2020-09-22
SMSE_B22_2_GE16_75_3,117,SMSE,GE16,1,80,2020-10-06
SMSE_B22_2_GE16_75_3,121,SMSE,GE16,1,81,2021-02-23
SMSE_B22_2_GE16_75_3,122,SMSE,GE16,1,82,2021-03-23
SMSE_B22_2_GE16_75_3,123,SMSE,GE16,3,85,2021-04-22
SMSE_B22_2_GE16_75_3,126,SMSE,GE16,3,88,2021-07-26
SMSE_B22_2_GE16_75_3,127,SMSE,GE16,2,90,2021-08-31
SMSE_B22_2_GE16_75_3,128,SMSE,GE16,3,93,2021-09-28
SMSE_B22_2_GE16_75_3,129,SMSE,GE16,2,95,2021-10-26
SMSE_B22_2_GE16_75_3,130,SMSE,GE16,2,97,2021-11-30
SMSE_B22_2_GE16_75_3,140,SMSE,GE16,4,104,2022-09-27
SMSE_B22_2_GE16_75_3,139,SMSE,GE16,3,101,2022-08-30
SMSE_B22_2_GE16_75_3,141,SMSE,GE16,2,106,2022-10-11
SMSE_B22_2_GE16_75_3,142,SMSE,GE16,2,108,2022-11-08
SMSE_B22_2_GE16_75_3,150,SMSE,GE16,2,110,2023-07-25
SMSE_B22_2_GE16_75_3,152,SMSE,GE16,7,117,2023-09-26
SMSE_B22_2_GE16_76_5,41,SMSE,GE16,2,2,2014-06-12
SMSE_B22_2_GE16_76_5,43,SMSE,GE16,1,3,2014-08-27
SMSE_B22_2_GE16_76_5,44,SMSE,GE16,1,4,2014-09-12
SMSE_B22_2_GE16_76_5,45,SMSE,GE16,2,6,2014-10-21
SMSE_B22_2_GE16_76_5,46,SMSE,GE16,2,8,2014-11-18
SMSE_B22_2_GE16_76_5,47,SMSE,GE16,3,11,2014-12-30
SMSE_B22_2_GE16_76_5,48,SMSE,GE16,1,12,2015-01-13
SMSE_B22_2_GE16_76_5,49,SMSE,GE16,2,14,2015-02-13
SMSE_B22_2_GE16_76_5,50,SMSE,GE16,2,16,2015-03-31
SMSE_B22_2_GE16_76_5,55,SMSE,GE16,3,20,2015-08-19
SMSE_B22_2_GE16_76_5,56,SMSE,GE16,6,25,2015-09-15
SMSE_B22_2_GE16_76_5,57,SMSE,GE16,1,26,2015-10-13
SMSE_B22_2_GE16_76_5,58,SMSE,GE16,6,32,2015-11-17
SMSE_B22_2_GE16_76_5,59,SMSE,GE16,2,34,2015-12-15
SMSE_B22_2_GE16_76_5,60,SMSE,GE16,1,35,2016-01-19
SMSE_B22_2_GE16_76_5,61,SMSE,GE16,1,36,2016-02-16
SMSE_B22_2_GE16_76_5,67,SMSE,GE16,2,39,2016-08-23
SMSE_B22_2_GE16_76_5,66,SMSE,GE16,1,38,2016-07-27
SMSE_B22_2_GE16_76_5,68,SMSE,GE16,2,41,2016-09-20
SMSE_B22_2_GE16_76_5,69,SMSE,GE16,3,44,2016-10-25
SMSE_B22_2_GE16_76_5,70,SMSE,GE16,4,48,2016-11-15
SMSE_B22_2_GE16_76_5,71,SMSE,GE16,1,49,2016-12-06
SMSE_B22_2_GE16_76_5,75,SMSE,GE16,1,50,2017-04-18
SMSE_B22_2_GE16_76_5,76,SMSE,GE16,2,52,2017-05-31
SMSE_B22_2_GE16_76_5,77,SMSE,GE16,2,54,2017-06-20
SMSE_B22_2_GE16_76_5,78,SMSE,GE16,4,58,2017-07-25
SMSE_B22_2_GE16_76_5,79,SMSE,GE16,3,61,2017-08-22
SMSE_B22_2_GE16_76_5,80,SMSE,GE16,2,63,2017-09-26
SMSE_B22_2_GE16_76_5,81,SMSE,GE16,1,64,2017-10-03
SMSE_B22_2_GE16_76_5,82,SMSE,GE16,3,67,2017-11-21
SMSE_B22_2_GE16_76_5,90,SMSE,GE16,10,77,2018-07-24
SMSE_B22_2_GE16_76_5,91,SMSE,GE16,3,80,2018-08-28
SMSE_B22_2_GE16_76_5,92,SMSE,GE16,3,83,2018-09-25
SMSE_B22_2_GE16_76_5,93,SMSE,GE16,2,85,2018-10-31
SMSE_B22_2_GE16_76_5,101,SMSE,GE16,1,86,2019-06-25
SMSE_B22_2_GE16_76_5,102,SMSE,GE16,3,89,2019-07-23
SMSE_B22_2_GE16_76_5,103,SMSE,GE16,5,94,2019-08-27
SMSE_B22_2_GE16_76_5,104,SMSE,GE16,1,95,2019-09-24
SMSE_B22_2_GE16_76_5,110,SMSE,GE16,1,96,2020-03-17
SMSE_B22_2_GE16_76_5,114,SMSE,GE16,1,97,2020-07-27
SMSE_B22_2_GE16_76_5,115,SMSE,GE16,4,101,2020-08-18
SMSE_B22_2_GE16_76_5,116,SMSE,GE16,5,106,2020-09-22
SMSE_B22_2_GE16_76_5,117,SMSE,GE16,3,109,2020-10-20
SMSE_B22_2_GE16_76_5,118,SMSE,GE16,1,110,2020-11-10
SMSE_B22_2_GE16_76_5,126,SMSE,GE16,2,113,2021-07-27
SMSE_B22_2_GE16_76_5,127,SMSE,GE16,6,118,2021-08-31
SMSE_B22_2_GE16_76_5,128,SMSE,GE16,2,120,2021-09-21
SMSE_B22_2_GE16_76_5,129,SMSE,GE16,2,122,2021-10-19
SMSE_B22_2_GE16_76_5,130,SMSE,GE16,1,123,2021-11-02
SMSE_B22_2_GE16_76_5,138,SMSE,GE16,4,127,2022-07-26
SMSE_B22_2_GE16_76_5,139,SMSE,GE16,5,132,2022-08-30
SMSE_B22_2_GE16_76_5,140,SMSE,GE16,2,134,2022-09-27
SMSE_B22_2_GE16_76_5,141,SMSE,GE16,1,135,2022-10-18
SMSE_B22_2_GE16_76_5,142,SMSE,GE16,1,136,2022-11-01
SMSE_B22_2_GE16_76_5,150,SMSE,GE16,6,144,2023-07-04
SMSE_B22_2_GE16_76_5,149,SMSE,GE16,1,138,2023-06-13
SMSE_B22_2_GE16_76_5,152,SMSE,GE16,5,148,2023-09-26
SMSE_B22_3_GE02_77_28,40,SMSE,GE02,1,1,2014-05-24
SMSE_B22_3_GE02_77_28,41,SMSE,GE02,1,2,2014-06-07
SMSE_B22_3_GE02_77_28,42,SMSE,GE02,1,3,2014-07-15
SMSE_B22_3_GE02_77_28,43,SMSE,GE02,1,4,2014-08-23
SMSE_B22_3_GE02_77_28,44,SMSE,GE02,0,4,2014-09-19
SMSE_B22_3_GE02_77_28,45,SMSE,GE02,2,6,2014-10-20
SMSE_B22_3_GE02_77_28,46,SMSE,GE02,1,7,2014-11-05
SMSE_B22_3_GE02_77_28,47,SMSE,GE02,0,7,2014-12-17
SMSE_B22_3_GE02_77_28,48,SMSE,GE02,1,8,2015-01-28
SMSE_B22_3_GE02_77_28,49,SMSE,GE02,1,9,2015-02-04
SMSE_B22_3_GE02_77_28,50,SMSE,GE02,1,10,2015-03-05
SMSE_B22_3_GE02_77_28,51,SMSE,GE02,2,12,2015-04-08
SMSE_B22_3_GE02_77_28,52,SMSE,GE02,1,13,2015-05-06
SMSE_B22_3_GE02_77_28,53,SMSE,GE02,1,14,2015-06-04
SMSE_B22_3_GE02_77_28,54,SMSE,GE02,3,17,2015-07-29
SMSE_B22_3_GE02_77_28,55,SMSE,GE02,2,20,2015-08-26
SMSE_B22_3_GE02_77_28,56,SMSE,GE02,4,23,2015-09-16
SMSE_B22_3_GE02_77_28,57,SMSE,GE02,1,24,2015-10-22
SMSE_B22_3_GE02_77_28,58,SMSE,GE02,2,26,2015-11-18
SMSE_B22_3_GE02_77_28,59,SMSE,GE02,3,29,2015-12-16
SMSE_B22_3_GE02_77_28,60,SMSE,GE02,2,31,2016-01-20
SMSE_B22_3_GE02_77_28,61,SMSE,GE02,1,32,2016-02-11
SMSE_B22_3_GE02_77_28,69,SMSE,GE02,1,33,2016-10-12
SMSE_B22_3_GE02_77_28,70,SMSE,GE02,2,35,2016-11-16
SMSE_B22_3_GE02_77_28,71,SMSE,GE02,3,38,2016-12-07
SMSE_B22_3_GE02_77_28,72,SMSE,GE02,1,39,2017-01-03
SMSE_B22_3_GE02_77_28,75,SMSE,GE02,1,40,2017-04-12
SMSE_B22_3_GE02_77_28,76,SMSE,GE02,1,41,2017-05-04
SMSE_B22_3_GE02_77_28,77,SMSE,GE02,4,45,2017-06-21
SMSE_B22_3_GE02_77_28,78,SMSE,GE02,1,46,2017-07-25
SMSE_B22_3_GE02_77_28,83,SMSE,GE02,2,48,2017-12-27
SMSE_B22_3_GE02_77_28,84,SMSE,GE02,2,50,2018-01-24
SMSE_B22_3_GE02_77_28,85,SMSE,GE02,2,52,2018-02-21
SMSE_B22_3_GE02_77_28,86,SMSE,GE02,2,54,2018-03-21
SMSE_B22_3_GE02_77_28,87,SMSE,GE02,3,57,2018-04-18
SMSE_B22_3_GE02_77_28,88,SMSE,GE02,4,61,2018-05-31
SMSE_B22_3_GE02_77_28,89,SMSE,GE02,1,62,2018-06-28
SMSE_B22_3_GE02_77_28,90,SMSE,GE02,2,64,2018-07-11
SMSE_B22_3_GE02_77_28,91,SMSE,GE02,2,66,2018-08-29
SMSE_B22_3_GE02_77_28,92,SMSE,GE02,2,68,2018-09-26
SMSE_B22_3_GE02_77_28,96,SMSE,GE02,6,74,2019-01-16
SMSE_B22_3_GE02_77_28,97,SMSE,GE02,3,77,2019-02-27
SMSE_B22_3_GE02_77_28,98,SMSE,GE02,2,79,2019-03-27
SMSE_B22_3_GE02_77_28,99,SMSE,GE02,2,81,2019-04-23
SMSE_B22_3_GE02_77_28,100,SMSE,GE02,1,82,2019-05-02
SMSE_B22_3_GE02_77_28,101,SMSE,GE02,2,84,2019-06-19
SMSE_B22_3_GE02_77_28,103,SMSE,GE02,2,86,2019-08-28
SMSE_B22_3_GE02_77_28,104,SMSE,GE02,3,89,2019-09-25
SMSE_B22_3_GE02_77_28,107,SMSE,GE02,3,92,2019-12-26
SMSE_B22_3_GE02_77_28,108,SMSE,GE02,2,94,2020-01-29
SMSE_B22_3_GE02_77_28,109,SMSE,GE02,2,96,2020-02-26
SMSE_B22_3_GE02_77_28,110,SMSE,GE02,1,97,2020-03-18
SMSE_B22_3_GE02_77_28,111,SMSE,GE02,2,99,2020-04-21
SMSE_B22_3_GE02_77_28,118,SMSE,GE02,4,103,2020-11-11
SMSE_B22_3_GE02_77_28,122,SMSE,GE02,1,104,2021-03-10
SMSE_B22_3_GE02_77_28,125,SMSE,GE02,1,105,2021-06-30
SMSE_B22_3_GE02_77_28,126,SMSE,GE02,1,106,2021-07-22
SMSE_B22_3_GE02_77_28,127,SMSE,GE02,1,107,2021-08-04
SMSE_B22_3_GE02_77_28,128,SMSE,GE02,2,109,2021-09-15
SMSE_B22_3_GE02_77_28,133,SMSE,GE02,1,110,2022-02-23
SMSE_B22_3_GE02_77_28,134,SMSE,GE02,1,111,2022-03-09
SMSE_B22_3_GE02_77_28,135,SMSE,GE02,1,112,2022-04-06
SMSE_B22_3_GE02_77_28,136,SMSE,GE02,2,114,2022-05-26
SMSE_B22_3_GE02_77_28,137,SMSE,GE02,3,117,2022-06-17
SMSE_B22_3_GE02_77_28,138,SMSE,GE02,3,120,2022-07-20
SMSE_B22_3_GE02_77_28,139,SMSE,GE02,2,122,2022-08-24
SMSE_B22_3_GE02_77_28,140,SMSE,GE02,1,123,2022-09-07
SMSE_B22_3_GE02_77_28,143,SMSE,GE02,1,124,2022-12-28
SMSE_B22_3_GE02_77_28,149,SMSE,GE02,3,129,2023-06-28
SMSE_B22_3_GE02_77_28,148,SMSE,GE02,1,126,2023-05-10
SMSE_B22_3_GE02_77_28,150,SMSE,GE02,2,130,2023-07-20
SMSE_B22_3_GE02_77_28,151,SMSE,GE02,4,134,2023-08-16
SMSE_B22_3_GE02_77_28,152,SMSE,GE02,2,136,2023-09-27
SMSE_B22_3_GE02_77_29,40,SMSE,GE02,1,1,2014-05-26
SMSE_B22_3_GE02_77_29,41,SMSE,GE02,1,2,2014-06-05
SMSE_B22_3_GE02_77_29,42,SMSE,GE02,1,3,2014-07-15
SMSE_B22_3_GE02_77_29,43,SMSE,GE02,1,4,2014-08-23
SMSE_B22_3_GE02_77_29,44,SMSE,GE02,0,4,2014-09-19
SMSE_B22_3_GE02_77_29,45,SMSE,GE02,2,6,2014-10-20
SMSE_B22_3_GE02_77_29,46,SMSE,GE02,1,7,2014-11-12
SMSE_B22_3_GE02_77_29,47,SMSE,GE02,0,7,2014-12-31
SMSE_B22_3_GE02_77_29,48,SMSE,GE02,2,9,2015-01-28
SMSE_B22_3_GE02_77_29,49,SMSE,GE02,2,11,2015-02-25
SMSE_B22_3_GE02_77_29,51,SMSE,GE02,1,12,2015-04-01
SMSE_B22_3_GE02_77_29,54,SMSE,GE02,1,13,2015-07-01
SMSE_B22_3_GE02_77_29,55,SMSE,GE02,5,18,2015-08-26
SMSE_B22_3_GE02_77_29,56,SMSE,GE02,4,22,2015-09-16
SMSE_B22_3_GE02_77_29,57,SMSE,GE02,5,27,2015-10-22
SMSE_B22_3_GE02_77_29,58,SMSE,GE02,1,28,2015-11-18
SMSE_B22_3_GE02_77_29,59,SMSE,GE02,4,32,2015-12-16
SMSE_B22_3_GE02_77_29,60,SMSE,GE02,1,33,2016-01-20
SMSE_B22_3_GE02_77_29,67,SMSE,GE02,1,34,2016-08-10
SMSE_B22_3_GE02_77_29,68,SMSE,GE02,6,40,2016-09-29
SMSE_B22_3_GE02_77_29,69,SMSE,GE02,3,43,2016-10-26
SMSE_B22_3_GE02_77_29,70,SMSE,GE02,3,46,2016-11-03
SMSE_B22_3_GE02_77_29,71,SMSE,GE02,1,47,2016-12-07
SMSE_B22_3_GE02_77_29,74,SMSE,GE02,1,48,2017-03-14
SMSE_B22_3_GE02_77_29,75,SMSE,GE02,2,50,2017-04-12
SMSE_B22_3_GE02_77_29,76,SMSE,GE02,2,52,2017-05-10
SMSE_B22_3_GE02_77_29,77,SMSE,GE02,1,53,2017-06-08
SMSE_B22_3_GE02_77_29,78,SMSE,GE02,4,58,2017-07-25
SMSE_B22_3_GE02_77_29,79,SMSE,GE02,2,59,2017-08-23
SMSE_B22_3_GE02_77_29,80,SMSE,GE02,1,60,2017-09-20
SMSE_B22_3_GE02_77_29,81,SMSE,GE02,3,63,2017-10-25
SMSE_B22_3_GE02_77_29,82,SMSE,GE02,2,65,2017-11-22
SMSE_B22_3_GE02_77_29,83,SMSE,GE02,2,67,2017-12-27
SMSE_B22_3_GE02_77_29,84,SMSE,GE02,2,69,2018-01-31
SMSE_B22_3_GE02_77_29,85,SMSE,GE02,2,71,2018-02-21
SMSE_B22_3_GE02_77_29,86,SMSE,GE02,2,73,2018-03-21
SMSE_B22_3_GE02_77_29,88,SMSE,GE02,1,74,2018-05-16
SMSE_B22_3_GE02_77_29,89,SMSE,GE02,5,79,2018-06-28
SMSE_B22_3_GE02_77_29,90,SMSE,GE02,3,82,2018-07-25
SMSE_B22_3_GE02_77_29,91,SMSE,GE02,1,83,2018-08-15
SMSE_B22_3_GE02_77_29,93,SMSE,GE02,2,85,2018-10-25
SMSE_B22_3_GE02_77_29,94,SMSE,GE02,3,88,2018-11-15
SMSE_B22_3_GE02_77_29,95,SMSE,GE02,2,90,2018-12-13
SMSE_B22_3_GE02_77_29,96,SMSE,GE02,2,92,2019-01-10
SMSE_B22_3_GE02_77_29,97,SMSE,GE02,2,94,2019-02-13
SMSE_B22_3_GE02_77_29,98,SMSE,GE02,2,96,2019-03-28
SMSE_B22_3_GE02_77_29,99,SMSE,GE02,1,97,2019-04-10
SMSE_B22_3_GE02_77_29,101,SMSE,GE02,2,99,2019-06-19
SMSE_B22_3_GE02_77_29,102,SMSE,GE02,2,101,2019-07-10
SMSE_B22_3_GE02_77_29,103,SMSE,GE02,3,104,2019-08-21
SMSE_B22_3_GE02_77_29,104,SMSE,GE02,1,105,2019-09-25
SMSE_B22_3_GE02_77_29,105,SMSE,GE02,1,106,2019-10-16
SMSE_B22_3_GE02_77_29,106,SMSE,GE02,2,108,2019-11-20
SMSE_B22_3_GE02_77_29,107,SMSE,GE02,3,111,2019-12-26
SMSE_B22_3_GE02_77_29,108,SMSE,GE02,1,112,2020-01-08
SMSE_B22_3_GE02_77_29,109,SMSE,GE02,2,114,2020-02-19
SMSE_B22_3_GE02_77_29,117,SMSE,GE02,4,119,2020-10-07
SMSE_B22_3_GE02_77_29,116,SMSE,GE02,1,116,2020-09-23
SMSE_B22_3_GE02_77_29,118,SMSE,GE02,4,123,2020-11-25
SMSE_B22_3_GE02_77_29,119,SMSE,GE02,2,125,2020-12-23
SMSE_B22_3_GE02_77_29,120,SMSE,GE02,2,127,2021-01-27
SMSE_B22_3_GE02_77_29,121,SMSE,GE02,1,128,2021-02-10
SMSE_B22_3_GE02_77_29,122,SMSE,GE02,2,130,2021-03-17
SMSE_B22_3_GE02_77_29,123,SMSE,GE02,2,132,2021-04-14
SMSE_B22_3_GE02_77_29,124,SMSE,GE02,1,133,2021-05-04
SMSE_B22_3_GE02_77_29,125,SMSE,GE02,1,134,2021-06-16
SMSE_B22_3_GE02_77_29,129,SMSE,GE02,4,139,2021-10-27
SMSE_B22_3_GE02_77_29,128,SMSE,GE02,1,136,2021-09-22
SMSE_B22_3_GE02_77_29,130,SMSE,GE02,1,140,2021-11-10
SMSE_B22_3_GE02_77_29,131,SMSE,GE02,3,143,2021-12-22
SMSE_B22_3_GE02_77_29,134,SMSE,GE02,1,144,2022-03-23
SMSE_B22_3_GE02_77_29,135,SMSE,GE02,2,146,2022-04-27
SMSE_B22_3_GE02_77_29,136,SMSE,GE02,2,148,2022-05-13
SMSE_B22_3_GE02_77_29,137,SMSE,GE02,2,150,2022-06-24
SMSE_B22_3_GE02_77_29,138,SMSE,GE02,1,151,2022-07-27
SMSE_B22_3_GE02_77_29,139,SMSE,GE02,4,155,2022-08-10
SMSE_B22_3_GE02_77_29,140,SMSE,GE02,2,157,2022-09-14
SMSE_B22_3_GE02_77_29,145,SMSE,GE02,1,158,2023-02-22
SMSE_B22_3_GE02_77_29,146,SMSE,GE02,1,159,2023-03-14
SMSE_B22_3_GE02_77_29,147,SMSE,GE02,1,160,2023-04-18
SMSE_B22_3_GE02_77_29,148,SMSE,GE02,2,162,2023-05-24
SMSE_B22_3_GE02_77_29,149,SMSE,GE02,5,167,2023-06-14
SMSE_B22_3_GE02_77_29,150,SMSE,GE02,4,171,2023-07-26
SMSE_B22_3_GE02_77_29,152,SMSE,GE02,3,174,2023-09-27
SMSE_B22_3_GE02_77_30,39,SMSE,GE02,0,0,2014-04-08
SMSE_B22_3_GE02_77_30,40,SMSE,GE02,1,1,2014-05-24
SMSE_B22_3_GE02_77_30,41,SMSE,GE02,1,2,2014-06-14
SMSE_B22_3_GE02_77_30,42,SMSE,GE02,1,3,2014-07-15
SMSE_B22_3_GE02_77_30,43,SMSE,GE02,1,4,2014-08-23
SMSE_B22_3_GE02_77_30,44,SMSE,GE02,0,4,2014-09-19
SMSE_B22_3_GE02_77_30,45,SMSE,GE02,1,5,2014-10-31
SMSE_B22_3_GE02_77_30,46,SMSE,GE02,0,5,2014-11-05
SMSE_B22_3_GE02_77_30,47,SMSE,GE02,1,6,2014-12-31
SMSE_B22_3_GE02_77_30,48,SMSE,GE02,2,8,2015-01-28
SMSE_B22_3_GE02_77_30,49,SMSE,GE02,3,11,2015-02-25
SMSE_B22_3_GE02_77_30,50,SMSE,GE02,1,12,2015-03-11
SMSE_B22_3_GE02_77_30,55,SMSE,GE02,1,13,2015-08-26
SMSE_B22_3_GE02_77_30,56,SMSE,GE02,1,14,2015-09-16
SMSE_B22_3_GE02_77_30,54,SMSE,GE02,1,15,2015-07-22
SMSE_B22_3_GE02_77_30,57,SMSE,GE02,5,20,2015-10-22
SMSE_B22_3_GE02_77_30,58,SMSE,GE02,6,26,2015-11-18
SMSE_B22_3_GE02_77_30,59,SMSE,GE02,4,30,2015-12-16
SMSE_B22_3_GE02_77_30,60,SMSE,GE02,1,31,2016-01-20
SMSE_B22_3_GE02_77_30,68,SMSE,GE02,3,34,2016-09-29
SMSE_B22_3_GE02_77_30,69,SMSE,GE02,6,40,2016-10-26
SMSE_B22_3_GE02_77_30,70,SMSE,GE02,3,43,2016-11-16
SMSE_B22_3_GE02_77_30,71,SMSE,GE02,2,45,2016-12-15
SMSE_B22_3_GE02_77_30,73,SMSE,GE02,1,46,2017-02-22
SMSE_B22_3_GE02_77_30,74,SMSE,GE02,2,48,2017-03-27
SMSE_B22_3_GE02_77_30,75,SMSE,GE02,2,50,2017-04-12
SMSE_B22_3_GE02_77_30,76,SMSE,GE02,1,51,2017-05-10
SMSE_B22_3_GE02_77_30,77,SMSE,GE02,1,52,2017-06-03
SMSE_B22_3_GE02_77_30,78,SMSE,GE02,1,53,2017-07-12
SMSE_B22_3_GE02_77_30,79,SMSE,GE02,7,60,2017-08-23
SMSE_B22_3_GE02_77_30,80,SMSE,GE02,3,63,2017-09-27
SMSE_B22_3_GE02_77_30,81,SMSE,GE02,1,64,2017-10-18
SMSE_B22_3_GE02_77_30,83,SMSE,GE02,2,66,2017-12-27
SMSE_B22_3_GE02_77_30,84,SMSE,GE02,2,68,2018-01-24
SMSE_B22_3_GE02_77_30,85,SMSE,GE02,2,70,2018-02-28
SMSE_B22_3_GE02_77_30,86,SMSE,GE02,1,71,2018-03-21
SMSE_B22_3_GE02_77_30,87,SMSE,GE02,1,72,2018-04-04
SMSE_B22_3_GE02_77_30,90,SMSE,GE02,1,73,2018-07-25
SMSE_B22_3_GE02_77_30,91,SMSE,GE02,8,81,2018-08-23
SMSE_B22_3_GE02_77_30,92,SMSE,GE02,3,84,2018-09-26
SMSE_B22_3_GE02_77_30,93,SMSE,GE02,3,87,2018-10-25
SMSE_B22_3_GE02_77_30,94,SMSE,GE02,2,89,2018-11-08
SMSE_B22_3_GE02_77_30,95,SMSE,GE02,2,91,2018-12-27
SMSE_B22_3_GE02_77_30,96,SMSE,GE02,1,92,2019-01-10
SMSE_B22_3_GE02_77_30,100,SMSE,GE02,1,93,2019-05-07
SMSE_B22_3_GE02_77_30,103,SMSE,GE02,1,94,2019-08-28
SMSE_B22_3_GE02_77_30,104,SMSE,GE02,5,99,2019-09-18
SMSE_B22_3_GE02_77_30,106,SMSE,GE02,1,100,2019-11-27
SMSE_B22_3_GE02_77_30,107,SMSE,GE02,1,101,2019-12-26
SMSE_B22_3_GE02_77_30,108,SMSE,GE02,1,102,2020-01-08
SMSE_B22_3_GE02_77_30,109,SMSE,GE02,3,105,2020-02-26
SMSE_B22_3_GE02_77_30,110,SMSE,GE02,1,106,2020-03-18
SMSE_B22_3_GE02_77_30,111,SMSE,GE02,1,107,2020-04-08
SMSE_B22_3_GE02_77_30,112,SMSE,GE02,1,108,2020-05-13
SMSE_B22_3_GE02_77_30,115,SMSE,GE02,1,109,2020-08-19
SMSE_B22_3_GE02_77_30,116,SMSE,GE02,4,113,2020-09-23
SMSE_B22_3_GE02_77_30,117,SMSE,GE02,3,116,2020-10-21
SMSE_B22_3_GE02_77_30,118,SMSE,GE02,1,117,2020-11-04
SMSE_B22_3_GE02_77_30,120,SMSE,GE02,2,119,2021-01-20
SMSE_B22_3_GE02_77_30,122,SMSE,GE02,1,120,2021-03-03
SMSE_B22_3_GE02_77_30,121,SMSE,GE02,1,121,2021-02-24
SMSE_B22_3_GE02_77_30,123,SMSE,GE02,2,123,2021-04-14
SMSE_B22_3_GE02_77_30,126,SMSE,GE02,1,124,2021-07-28
SMSE_B22_3_GE02_77_30,127,SMSE,GE02,3,127,2021-08-26
SMSE_B22_3_GE02_77_30,128,SMSE,GE02,4,132,2021-09-29
SMSE_B22_3_GE02_77_30,129,SMSE,GE02,1,131,2021-10-21
SMSE_B22_3_GE02_77_30,133,SMSE,GE02,1,133,2022-02-23
SMSE_B22_3_GE02_77_30,134,SMSE,GE02,1,134,2022-03-09
SMSE_B22_3_GE02_77_30,135,SMSE,GE02,1,135,2022-04-06
SMSE_B22_3_GE02_77_30,136,SMSE,GE02,1,136,2022-05-07
SMSE_B22_3_GE02_77_30,137,SMSE,GE02,2,138,2022-06-30
SMSE_B22_3_GE02_77_30,138,SMSE,GE02,5,143,2022-07-27
SMSE_B22_3_GE02_77_30,139,SMSE,GE02,2,145,2022-08-24
SMSE_B22_3_GE02_77_30,143,SMSE,GE02,1,146,2022-12-28
SMSE_B22_3_GE02_77_30,144,SMSE,GE02,1,147,2023-01-04
SMSE_B22_3_GE02_77_30,145,SMSE,GE02,1,148,2023-02-01
SMSE_B22_3_GE02_77_30,148,SMSE,GE02,4,153,2023-05-24
SMSE_B22_3_GE02_77_30,147,SMSE,GE02,1,150,2023-04-27
SMSE_B22_3_GE02_77_30,149,SMSE,GE02,3,156,2023-06-14
SMSE_B22_3_GE02_77_30,150,SMSE,GE02,3,159,2023-07-26
SMSE_B22_3_GE02_77_30,151,SMSE,GE02,1,160,2023-08-10
SMSE_B22_3_GE16_82_19,40,SMSE,GE16,1,1,2014-05-26
SMSE_B22_3_GE16_82_19,41,SMSE,GE16,0,1,2014-06-07
SMSE_B22_3_GE16_82_19,42,SMSE,GE16,0,1,2014-07-16
SMSE_B22_3_GE16_82_19,43,SMSE,GE16,1,2,2014-08-27
SMSE_B22_3_GE16_82_19,44,SMSE,GE16,2,4,2014-09-24
SMSE_B22_3_GE16_82_19,45,SMSE,GE16,2,6,2014-10-21
SMSE_B22_3_GE16_82_19,46,SMSE,GE16,1,7,2014-11-12
SMSE_B22_3_GE16_82_19,47,SMSE,GE16,2,9,2014-12-24
SMSE_B22_3_GE16_82_19,48,SMSE,GE16,1,10,2015-01-14
SMSE_B22_3_GE16_82_19,49,SMSE,GE16,2,12,2015-02-25
SMSE_B22_3_GE16_82_19,50,SMSE,GE16,1,13,2015-03-05
SMSE_B22_3_GE16_82_19,51,SMSE,GE16,2,15,2015-04-01
SMSE_B22_3_GE16_82_19,52,SMSE,GE16,1,16,2015-05-06
SMSE_B22_3_GE16_82_19,54,SMSE,GE16,1,17,2015-07-22
SMSE_B22_3_GE16_82_19,55,SMSE,GE16,6,23,2015-08-26
SMSE_B22_3_GE16_82_19,56,SMSE,GE16,1,24,2015-09-16
SMSE_B22_3_GE16_82_19,57,SMSE,GE16,5,29,2015-10-22
SMSE_B22_3_GE16_82_19,58,SMSE,GE16,1,30,2015-11-18
SMSE_B22_3_GE16_82_19,59,SMSE,GE16,2,32,2015-12-23
SMSE_B22_3_GE16_82_19,60,SMSE,GE16,1,33,2016-01-13
SMSE_B22_3_GE16_82_19,67,SMSE,GE16,1,34,2016-08-24
SMSE_B22_3_GE16_82_19,68,SMSE,GE16,3,37,2016-09-15
SMSE_B22_3_GE16_82_19,69,SMSE,GE16,4,41,2016-10-26
SMSE_B22_3_GE16_82_19,74,SMSE,GE16,1,42,2017-03-14
SMSE_B22_3_GE16_82_19,75,SMSE,GE16,2,44,2017-04-04
SMSE_B22_3_GE16_82_19,76,SMSE,GE16,3,47,2017-05-24
SMSE_B22_3_GE16_82_19,77,SMSE,GE16,2,49,2017-06-21
SMSE_B22_3_GE16_82_19,78,SMSE,GE16,3,52,2017-07-19
SMSE_B22_3_GE16_82_19,79,SMSE,GE16,2,54,2017-08-23
SMSE_B22_3_GE16_82_19,85,SMSE,GE16,1,55,2018-02-14
SMSE_B22_3_GE16_82_19,88,SMSE,GE16,8,65,2018-05-31
SMSE_B22_3_GE16_82_19,87,SMSE,GE16,2,58,2018-04-25
SMSE_B22_3_GE16_82_19,89,SMSE,GE16,2,67,2018-06-28
SMSE_B22_3_GE16_82_19,90,SMSE,GE16,1,68,2018-07-18
SMSE_B22_3_GE16_82_19,91,SMSE,GE16,3,71,2018-08-29
SMSE_B22_3_GE16_82_19,92,SMSE,GE16,3,74,2018-09-26
SMSE_B22_3_GE16_82_19,93,SMSE,GE16,2,76,2018-10-25
SMSE_B22_3_GE16_82_19,94,SMSE,GE16,1,77,2018-11-28
SMSE_B22_3_GE16_82_19,95,SMSE,GE16,1,78,2018-12-19
SMSE_B22_3_GE16_82_19,100,SMSE,GE16,3,82,2019-05-28
SMSE_B22_3_GE16_82_19,99,SMSE,GE16,1,80,2019-04-18
SMSE_B22_3_GE16_82_19,101,SMSE,GE16,2,84,2019-06-26
SMSE_B22_3_GE16_82_19,102,SMSE,GE16,2,86,2019-07-24
SMSE_B22_3_GE16_82_19,103,SMSE,GE16,1,87,2019-08-07
SMSE_B22_3_GE16_82_19,105,SMSE,GE16,2,89,2019-10-16
SMSE_B22_3_GE16_82_19,106,SMSE,GE16,2,91,2019-11-27
SMSE_B22_3_GE16_82_19,107,SMSE,GE16,1,92,2019-12-17
SMSE_B22_3_GE16_82_19,108,SMSE,GE16,2,94,2020-01-22
SMSE_B22_3_GE16_82_19,109,SMSE,GE16,1,95,2020-02-12
SMSE_B22_3_GE16_82_19,110,SMSE,GE16,1,96,2020-03-26
SMSE_B22_3_GE16_82_19,116,SMSE,GE16,1,97,2020-09-30
SMSE_B22_3_GE16_82_19,117,SMSE,GE16,2,99,2020-10-14
SMSE_B22_3_GE16_82_19,119,SMSE,GE16,1,100,2020-12-16
SMSE_B22_3_GE16_82_19,122,SMSE,GE16,1,101,2021-03-17
SMSE_B22_3_GE16_82_19,123,SMSE,GE16,2,103,2021-04-21
SMSE_B22_3_GE16_82_19,124,SMSE,GE16,2,105,2021-05-27
SMSE_B22_3_GE16_82_19,125,SMSE,GE16,2,107,2021-06-23
SMSE_B22_3_GE16_82_19,126,SMSE,GE16,2,109,2021-07-22
SMSE_B22_3_GE16_82_19,127,SMSE,GE16,2,111,2021-08-19
SMSE_B22_3_GE16_82_19,128,SMSE,GE16,1,112,2021-09-01
SMSE_B22_3_GE16_82_19,129,SMSE,GE16,1,113,2021-10-13
SMSE_B22_3_GE16_82_19,130,SMSE,GE16,2,115,2021-11-03
SMSE_B22_3_GE16_82_19,131,SMSE,GE16,1,116,2021-12-01
SMSE_B22_3_GE16_82_19,137,SMSE,GE16,4,120,2022-06-30
SMSE_B22_3_GE16_82_19,138,SMSE,GE16,4,125,2022-07-27
SMSE_B22_3_GE16_82_19,139,SMSE,GE16,2,126,2022-08-18
SMSE_B22_3_GE16_82_19,140,SMSE,GE16,3,129,2022-09-28
SMSE_B22_3_GE16_82_19,141,SMSE,GE16,1,130,2022-10-19
SMSE_B22_3_GE16_82_19,142,SMSE,GE16,1,131,2022-11-02
SMSE_B22_3_GE16_82_19,143,SMSE,GE16,1,132,2022-12-07
SMSE_B22_3_GE16_82_19,144,SMSE,GE16,1,133,2023-01-04
SMSE_B22_3_GE16_82_19,150,SMSE,GE16,6,140,2023-07-26
SMSE_B22_3_GE16_82_19,149,SMSE,GE16,1,136,2023-06-28
SMSE_B22_3_GE16_82_19,151,SMSE,GE16,1,141,2023-08-10
SMSE_B22_3_GE16_82_20,39,SMSE,GE16,0,0,2014-04-16
SMSE_B22_3_GE16_82_20,42,SMSE,GE16,1,1,2014-07-16
SMSE_B22_3_GE16_82_20,43,SMSE,GE16,0,1,2014-08-25
SMSE_B22_3_GE16_82_20,44,SMSE,GE16,1,2,2014-09-24
SMSE_B22_3_GE16_82_20,45,SMSE,GE16,2,4,2014-10-21
SMSE_B22_3_GE16_82_20,46,SMSE,GE16,2,6,2014-11-19
SMSE_B22_3_GE16_82_20,47,SMSE,GE16,2,8,2014-12-24
SMSE_B22_3_GE16_82_20,48,SMSE,GE16,2,10,2015-01-21
SMSE_B22_3_GE16_82_20,49,SMSE,GE16,1,11,2015-02-04
SMSE_B22_3_GE16_82_20,50,SMSE,GE16,1,12,2015-03-05
SMSE_B22_3_GE16_82_20,51,SMSE,GE16,2,14,2015-04-01
SMSE_B22_3_GE16_82_20,55,SMSE,GE16,3,17,2015-08-26
SMSE_B22_3_GE16_82_20,56,SMSE,GE16,4,21,2015-09-16
SMSE_B22_3_GE16_82_20,57,SMSE,GE16,2,23,2015-10-22
SMSE_B22_3_GE16_82_20,58,SMSE,GE16,3,26,2015-11-18
SMSE_B22_3_GE16_82_20,59,SMSE,GE16,3,29,2015-12-23
SMSE_B22_3_GE16_82_20,60,SMSE,GE16,0,29,2016-01-13
SMSE_B22_3_GE16_82_20,67,SMSE,GE16,2,31,2016-08-24
SMSE_B22_3_GE16_82_20,68,SMSE,GE16,5,36,2016-09-29
SMSE_B22_3_GE16_82_20,69,SMSE,GE16,3,39,2016-10-26
SMSE_B22_3_GE16_82_20,70,SMSE,GE16,1,40,2016-11-16
SMSE_B22_3_GE16_82_20,71,SMSE,GE16,3,43,2016-12-15
SMSE_B22_3_GE16_82_20,72,SMSE,GE16,1,44,2017-01-04
SMSE_B22_3_GE16_82_20,73,SMSE,GE16,1,45,2017-02-08
SMSE_B22_3_GE16_82_20,78,SMSE,GE16,4,49,2017-07-19
SMSE_B22_3_GE16_82_20,79,SMSE,GE16,4,53,2017-08-23
SMSE_B22_3_GE16_82_20,80,SMSE,GE16,2,55,2017-09-13
SMSE_B22_3_GE16_82_20,82,SMSE,GE16,3,58,2017-11-30
SMSE_B22_3_GE16_82_20,88,SMSE,GE16,2,60,2018-05-31
SMSE_B22_3_GE16_82_20,89,SMSE,GE16,5,65,2018-06-28
SMSE_B22_3_GE16_82_20,90,SMSE,GE16,3,68,2018-07-25
SMSE_B22_3_GE16_82_20,91,SMSE,GE16,3,71,2018-08-23
SMSE_B22_3_GE16_82_20,92,SMSE,GE16,1,72,2018-09-13
SMSE_B22_3_GE16_82_20,93,SMSE,GE16,1,73,2018-10-03
SMSE_B22_3_GE16_82_20,101,SMSE,GE16,3,76,2019-06-19
SMSE_B22_3_GE16_82_20,102,SMSE,GE16,6,82,2019-07-31
SMSE_B22_3_GE16_82_20,103,SMSE,GE16,3,85,2019-08-28
SMSE_B22_3_GE16_82_20,104,SMSE,GE16,2,87,2019-09-25
SMSE_B22_3_GE16_82_20,105,SMSE,GE16,2,89,2019-10-30
SMSE_B22_3_GE16_82_20,106,SMSE,GE16,1,90,2019-11-13
SMSE_B22_3_GE16_82_20,107,SMSE,GE16,1,91,2019-12-04
SMSE_B22_3_GE16_82_20,108,SMSE,GE16,1,92,2020-01-02
SMSE_B22_3_GE16_82_20,116,SMSE,GE16,4,96,2020-09-23
SMSE_B22_3_GE16_82_20,117,SMSE,GE16,2,98,2020-10-14
SMSE_B22_3_GE16_82_20,118,SMSE,GE16,1,99,2020-11-04
SMSE_B22_3_GE16_82_20,123,SMSE,GE16,1,100,2021-04-26
SMSE_B22_3_GE16_82_20,126,SMSE,GE16,3,103,2021-07-14
SMSE_B22_3_GE16_82_20,127,SMSE,GE16,4,107,2021-08-19
SMSE_B22_3_GE16_82_20,128,SMSE,GE16,2,109,2021-09-15
SMSE_B22_3_GE16_82_20,129,SMSE,GE16,2,111,2021-10-21
SMSE_B22_3_GE16_82_20,130,SMSE,GE16,2,113,2021-11-18
SMSE_B22_3_GE16_82_20,131,SMSE,GE16,1,114,2021-12-01
SMSE_B22_3_GE16_82_20,132,SMSE,GE16,1,115,2022-01-05
SMSE_B22_3_GE16_82_20,133,SMSE,GE16,1,116,2022-02-03
SMSE_B22_3_GE16_82_20,139,SMSE,GE16,5,125,2022-08-31
SMSE_B22_3_GE16_82_20,138,SMSE,GE16,4,121,2022-07-27
SMSE_B22_3_GE16_82_20,140,SMSE,GE16,2,127,2022-09-28
SMSE_B22_3_GE16_82_20,141,SMSE,GE16,1,128,2022-10-12
SMSE_B22_3_GE16_82_20,142,SMSE,GE16,2,130,2022-11-16
SMSE_B22_3_GE16_82_20,143,SMSE,GE16,1,131,2022-12-07
SMSE_B22_3_GE16_82_20,144,SMSE,GE16,1,132,2023-01-11
SMSE_B22_3_GE16_82_20,150,SMSE,GE16,4,136,2023-07-26
SMSE_B22_3_GE16_82_20,151,SMSE,GE16,2,138,2023-08-10
SMSE_B22_3_GE16_82_20,152,SMSE,GE16,3,141,2023-09-27
SMSE_B22_3_GE16_82_21,40,SMSE,GE16,1,1,2014-05-26
SMSE_B22_3_GE16_82_21,41,SMSE,GE16,1,2,2014-06-07
SMSE_B22_3_GE16_82_21,42,SMSE,GE16,1,3,2014-07-16
SMSE_B22_3_GE16_82_21,43,SMSE,GE16,1,4,2014-08-25
SMSE_B22_3_GE16_82_21,44,SMSE,GE16,1,5,2014-09-24
SMSE_B22_3_GE16_82_21,45,SMSE,GE16,1,6,2014-10-31
SMSE_B22_3_GE16_82_21,46,SMSE,GE16,1,7,2014-11-05
SMSE_B22_3_GE16_82_21,47,SMSE,GE16,0,7,2014-12-24
SMSE_B22_3_GE16_82_21,48,SMSE,GE16,1,8,2015-01-21
SMSE_B22_3_GE16_82_21,54,SMSE,GE16,1,9,2015-07-08
SMSE_B22_3_GE16_82_21,55,SMSE,GE16,5,14,2015-08-26
SMSE_B22_3_GE16_82_21,56,SMSE,GE16,4,18,2015-09-16
SMSE_B22_3_GE16_82_21,57,SMSE,GE16,3,21,2015-10-22
SMSE_B22_3_GE16_82_21,58,SMSE,GE16,3,24,2015-11-25
SMSE_B22_3_GE16_82_21,59,SMSE,GE16,1,25,2015-12-23
SMSE_B22_3_GE16_82_21,67,SMSE,GE16,3,28,2016-08-31
SMSE_B22_3_GE16_82_21,68,SMSE,GE16,4,32,2016-09-29
SMSE_B22_3_GE16_82_21,69,SMSE,GE16,2,34,2016-10-26
SMSE_B22_3_GE16_82_21,70,SMSE,GE16,1,35,2016-11-03
SMSE_B22_3_GE16_82_21,71,SMSE,GE16,4,39,2016-12-15
SMSE_B22_3_GE16_82_21,72,SMSE,GE16,1,40,2017-01-04
SMSE_B22_3_GE16_82_21,73,SMSE,GE16,2,42,2017-02-08
SMSE_B22_3_GE16_82_21,74,SMSE,GE16,1,43,2017-03-14
SMSE_B22_3_GE16_82_21,75,SMSE,GE16,1,44,2017-04-04
SMSE_B22_3_GE16_82_21,76,SMSE,GE16,1,45,2017-05-04
SMSE_B22_3_GE16_82_21,78,SMSE,GE16,2,47,2017-07-19
SMSE_B22_3_GE16_82_21,79,SMSE,GE16,6,53,2017-08-23
SMSE_B22_3_GE16_82_21,80,SMSE,GE16,2,55,2017-09-20
SMSE_B22_3_GE16_82_21,81,SMSE,GE16,1,56,2017-10-04
SMSE_B22_3_GE16_82_21,82,SMSE,GE16,1,57,2017-11-01
SMSE_B22_3_GE16_82_21,90,SMSE,GE16,2,59,2018-07-25
SMSE_B22_3_GE16_82_21,91,SMSE,GE16,4,63,2018-08-23
SMSE_B22_3_GE16_82_21,92,SMSE,GE16,3,66,2018-09-26
SMSE_B22_3_GE16_82_21,93,SMSE,GE16,2,68,2018-10-17
SMSE_B22_3_GE16_82_21,94,SMSE,GE16,1,69,2018-11-08
SMSE_B22_3_GE16_82_21,102,SMSE,GE16,3,72,2019-07-24
SMSE_B22_3_GE16_82_21,103,SMSE,GE16,4,76,2019-08-28
SMSE_B22_3_GE16_82_21,104,SMSE,GE16,2,78,2019-09-25
SMSE_B22_3_GE16_82_21,105,SMSE,GE16,2,80,2019-10-16
SMSE_B22_3_GE16_82_21,106,SMSE,GE16,1,81,2019-11-13
SMSE_B22_3_GE16_82_21,115,SMSE,GE16,1,82,2020-08-26
SMSE_B22_3_GE16_82_21,116,SMSE,GE16,5,87,2020-09-23
SMSE_B22_3_GE16_82_21,117,SMSE,GE16,2,89,2020-10-21
SMSE_B22_3_GE16_82_21,118,SMSE,GE16,3,92,2020-11-18
SMSE_B22_3_GE16_82_21,119,SMSE,GE16,1,93,2020-12-10
SMSE_B22_3_GE16_82_21,120,SMSE,GE16,1,94,2021-01-06
SMSE_B22_3_GE16_82_21,127,SMSE,GE16,3,97,2021-08-26
SMSE_B22_3_GE16_82_21,128,SMSE,GE16,4,101,2021-09-29
SMSE_B22_3_GE16_82_21,129,SMSE,GE16,3,104,2021-10-27
SMSE_B22_3_GE16_82_21,130,SMSE,GE16,1,105,2021-11-10
SMSE_B22_3_GE16_82_21,131,SMSE,GE16,2,107,2021-12-15
SMSE_B22_3_GE16_82_21,132,SMSE,GE16,1,108,2022-01-05
SMSE_B22_3_GE16_82_21,140,SMSE,GE16,7,116,2022-09-21
SMSE_B22_3_GE16_82_21,139,SMSE,GE16,1,110,2022-08-31
SMSE_B22_3_GE16_82_21,141,SMSE,GE16,1,117,2022-10-05
SMSE_B22_3_GE16_82_21,142,SMSE,GE16,2,119,2022-11-24
SMSE_B22_3_GE16_82_21,151,SMSE,GE16,5,126,2023-08-16
SMSE_B22_3_GE16_82_21,149,SMSE,GE16,1,121,2023-06-28
SMSE_B22_3_GE16_82_21,150,SMSE,GE16,1,122,2023-07-26
SMSE_B22_3_GE16_82_21,152,SMSE,GE16,2,128,2023-09-20
SMSE_B22_3_GE02_85_30,39,SMSE,GE02,0,1,2014-04-16
SMSE_B22_3_GE02_85_30,41,SMSE,GE02,1,2,2014-06-28
SMSE_B22_3_GE02_85_30,40,SMSE,GE02,1,2,2014-05-24
SMSE_B22_3_GE02_85_30,42,SMSE,GE02,1,3,2014-07-16
SMSE_B22_3_GE02_85_30,43,SMSE,GE02,1,4,2014-08-25
SMSE_B22_3_GE02_85_30,44,SMSE,GE02,0,4,2014-09-20
SMSE_B22_3_GE02_85_30,45,SMSE,GE02,2,6,2014-10-21
SMSE_B22_3_GE02_85_30,47,SMSE,GE02,0,7,2014-12-03
SMSE_B22_3_GE02_85_30,46,SMSE,GE02,1,7,2014-11-05
SMSE_B22_3_GE02_85_30,48,SMSE,GE02,4,11,2015-01-14
SMSE_B22_3_GE02_85_30,49,SMSE,GE02,2,13,2015-02-18
SMSE_B22_3_GE02_85_30,51,SMSE,GE02,5,19,2015-04-29
SMSE_B22_3_GE02_85_30,50,SMSE,GE02,1,15,2015-03-11
SMSE_B22_3_GE02_85_30,52,SMSE,GE02,2,21,2015-05-20
SMSE_B22_3_GE02_85_30,53,SMSE,GE02,1,22,2015-06-24
SMSE_B22_3_GE02_85_30,55,SMSE,GE02,1,23,2015-08-20
SMSE_B22_3_GE02_85_30,56,SMSE,GE02,1,24,2015-09-09
SMSE_B22_3_GE02_85_30,57,SMSE,GE02,3,27,2015-10-15
SMSE_B22_3_GE02_85_30,58,SMSE,GE02,3,30,2015-11-04
SMSE_B22_3_GE02_85_30,59,SMSE,GE02,4,34,2015-12-23
SMSE_B22_3_GE02_85_30,60,SMSE,GE02,2,36,2016-01-13
SMSE_B22_3_GE02_85_30,61,SMSE,GE02,1,37,2016-02-11
SMSE_B22_3_GE02_85_30,69,SMSE,GE02,2,40,2016-10-19
SMSE_B22_3_GE02_85_30,68,SMSE,GE02,1,39,2016-09-29
SMSE_B22_3_GE02_85_30,70,SMSE,GE02,4,44,2016-11-23
SMSE_B22_3_GE02_85_30,71,SMSE,GE02,1,45,2016-12-07
SMSE_B22_3_GE02_85_30,75,SMSE,GE02,3,48,2017-04-27
SMSE_B22_3_GE02_85_30,76,SMSE,GE02,2,50,2017-05-24
SMSE_B22_3_GE02_85_30,77,SMSE,GE02,2,52,2017-06-21
SMSE_B22_3_GE02_85_30,78,SMSE,GE02,3,55,2017-07-19
SMSE_B22_3_GE02_85_30,79,SMSE,GE02,2,57,2017-08-23
SMSE_B22_3_GE02_85_30,82,SMSE,GE02,2,59,2017-11-22
SMSE_B22_3_GE02_85_30,83,SMSE,GE02,1,60,2017-12-13
SMSE_B22_3_GE02_85_30,84,SMSE,GE02,2,62,2018-01-24
SMSE_B22_3_GE02_85_30,85,SMSE,GE02,1,63,2018-02-21
SMSE_B22_3_GE02_85_30,86,SMSE,GE02,2,66,2018-03-28
SMSE_B22_3_GE02_85_30,87,SMSE,GE02,1,65,2018-04-04
SMSE_B22_3_GE02_85_30,88,SMSE,GE02,5,71,2018-05-23
SMSE_B22_3_GE02_85_30,89,SMSE,GE02,3,74,2018-06-20
SMSE_B22_3_GE02_85_30,90,SMSE,GE02,3,77,2018-07-25
SMSE_B22_3_GE02_85_30,91,SMSE,GE02,3,80,2018-08-29
SMSE_B22_3_GE02_85_30,92,SMSE,GE02,2,82,2018-09-26
SMSE_B22_3_GE02_85_30,93,SMSE,GE02,2,84,2018-10-25
SMSE_B22_3_GE02_85_30,94,SMSE,GE02,2,86,2018-11-22
SMSE_B22_3_GE02_85_30,95,SMSE,GE02,2,88,2018-12-19
SMSE_B22_3_GE02_85_30,96,SMSE,GE02,3,91,2019-01-23
SMSE_B22_3_GE02_85_30,97,SMSE,GE02,2,93,2019-02-27
SMSE_B22_3_GE02_85_30,98,SMSE,GE02,1,94,2019-03-27
SMSE_B22_3_GE02_85_30,99,SMSE,GE02,1,95,2019-04-04
SMSE_B22_3_GE02_85_30,103,SMSE,GE02,1,96,2019-08-28
SMSE_B22_3_GE02_85_30,104,SMSE,GE02,3,99,2019-09-25
SMSE_B22_3_GE02_85_30,105,SMSE,GE02,3,102,2019-10-09
SMSE_B22_3_GE02_85_30,106,SMSE,GE02,1,103,2019-11-20
SMSE_B22_3_GE02_85_30,107,SMSE,GE02,4,107,2019-12-26
SMSE_B22_3_GE02_85_30,108,SMSE,GE02,2,109,2020-01-29
SMSE_B22_3_GE02_85_30,109,SMSE,GE02,1,110,2020-02-12
SMSE_B22_3_GE02_85_30,110,SMSE,GE02,1,111,2020-03-11
SMSE_B22_3_GE02_85_30,111,SMSE,GE02,1,112,2020-04-01
SMSE_B22_3_GE02_85_30,117,SMSE,GE02,1,113,2020-10-27
SMSE_B22_3_GE02_85_30,118,SMSE,GE02,1,114,2020-11-04
SMSE_B22_3_GE02_85_30,121,SMSE,GE02,1,115,2021-02-24
SMSE_B22_3_GE02_85_30,122,SMSE,GE02,1,116,2021-03-10
SMSE_B22_3_GE02_85_30,123,SMSE,GE02,3,119,2021-04-26
SMSE_B22_3_GE02_85_30,124,SMSE,GE02,2,121,2021-05-27
SMSE_B22_3_GE02_85_30,125,SMSE,GE02,3,124,2021-06-30
SMSE_B22_3_GE02_85_30,126,SMSE,GE02,1,125,2021-07-14
SMSE_B22_3_GE02_85_30,127,SMSE,GE02,2,127,2021-08-12
SMSE_B22_3_GE02_85_30,128,SMSE,GE02,1,128,2021-09-15
SMSE_B22_3_GE02_85_30,135,SMSE,GE02,1,129,2022-04-13
SMSE_B22_3_GE02_85_30,136,SMSE,GE02,5,134,2022-05-25
SMSE_B22_3_GE02_85_30,138,SMSE,GE02,1,135,2022-07-20
SMSE_B22_3_GE02_85_30,137,SMSE,GE02,3,138,2022-06-30
SMSE_B22_3_GE02_85_30,139,SMSE,GE02,2,140,2022-08-03
SMSE_B22_3_GE02_85_30,140,SMSE,GE02,1,141,2022-09-07
SMSE_B22_3_GE02_85_30,141,SMSE,GE02,2,143,2022-10-19
SMSE_B22_3_GE02_85_30,142,SMSE,GE02,2,145,2022-11-16
SMSE_B22_3_GE02_85_30,143,SMSE,GE02,1,146,2022-12-15
SMSE_B22_3_GE02_85_30,144,SMSE,GE02,1,147,2023-01-11
SMSE_B22_3_GE02_85_30,148,SMSE,GE02,1,148,2023-05-10
SMSE_B22_3_GE02_85_30,147,SMSE,GE02,1,149,2023-04-27
SMSE_B22_3_GE02_85_30,150,SMSE,GE02,2,151,2023-07-20
SMSE_B22_3_GE02_85_30,151,SMSE,GE02,2,153,2023-08-10
SMSE_B22_3_GE02_85_30,152,SMSE,GE02,3,156,2023-09-20
SMSE_B22_3_GE03_86_14,41,SMSE,GE03,1,1,2014-06-04
SMSE_B22_3_GE03_86_14,43,SMSE,GE03,0,1,2014-08-16
SMSE_B22_3_GE03_86_14,44,SMSE,GE03,1,2,2014-09-13
SMSE_B22_3_GE03_86_14,45,SMSE,GE03,1,3,2014-10-30
SMSE_B22_3_GE03_86_14,46,SMSE,GE03,1,4,2014-11-12
SMSE_B22_3_GE03_86_14,47,SMSE,GE03,0,4,2014-12-24
SMSE_B22_3_GE03_86_14,48,SMSE,GE03,3,7,2015-01-28
SMSE_B22_3_GE03_86_14,49,SMSE,GE03,1,8,2015-02-04
SMSE_B22_3_GE03_86_14,50,SMSE,GE03,2,10,2015-03-11
SMSE_B22_3_GE03_86_14,51,SMSE,GE03,2,12,2015-04-08
SMSE_B22_3_GE03_86_14,52,SMSE,GE03,1,13,2015-05-13
SMSE_B22_3_GE03_86_14,53,SMSE,GE03,2,15,2015-06-24
SMSE_B22_3_GE03_86_14,54,SMSE,GE03,1,16,2015-07-08
SMSE_B22_3_GE03_86_14,55,SMSE,GE03,4,20,2015-08-20
SMSE_B22_3_GE03_86_14,56,SMSE,GE03,1,21,2015-09-09
SMSE_B22_3_GE03_86_14,57,SMSE,GE03,4,25,2015-10-15
SMSE_B22_3_GE03_86_14,58,SMSE,GE03,3,28,2015-11-25
SMSE_B22_3_GE03_86_14,59,SMSE,GE03,2,30,2015-12-10
SMSE_B22_3_GE03_86_14,60,SMSE,GE03,1,31,2016-01-13
SMSE_B22_3_GE03_86_14,66,SMSE,GE03,1,32,2016-07-21
SMSE_B22_3_GE03_86_14,67,SMSE,GE03,3,35,2016-08-10
SMSE_B22_3_GE03_86_14,68,SMSE,GE03,4,39,2016-09-15
SMSE_B22_3_GE03_86_14,69,SMSE,GE03,2,41,2016-10-19
SMSE_B22_3_GE03_86_14,70,SMSE,GE03,2,43,2016-11-23
SMSE_B22_3_GE03_86_14,72,SMSE,GE03,2,45,2017-01-16
SMSE_B22_3_GE03_86_14,73,SMSE,GE03,1,46,2017-02-08
SMSE_B22_3_GE03_86_14,75,SMSE,GE03,2,48,2017-04-27
SMSE_B22_3_GE03_86_14,76,SMSE,GE03,2,50,2017-05-24
SMSE_B22_3_GE03_86_14,77,SMSE,GE03,1,51,2017-06-08
SMSE_B22_3_GE03_86_14,78,SMSE,GE03,3,54,2017-07-19
SMSE_B22_3_GE03_86_14,79,SMSE,GE03,2,56,2017-08-09
SMSE_B22_3_GE03_86_14,80,SMSE,GE03,2,58,2017-09-27
SMSE_B22_3_GE03_86_14,81,SMSE,GE03,1,59,2017-10-11
SMSE_B22_3_GE03_86_14,82,SMSE,GE03,1,60,2017-11-01
SMSE_B22_3_GE03_86_14,83,SMSE,GE03,2,62,2017-12-20
SMSE_B22_3_GE03_86_14,84,SMSE,GE03,2,64,2018-01-10
SMSE_B22_3_GE03_86_14,85,SMSE,GE03,2,66,2018-02-28
SMSE_B22_3_GE03_86_14,86,SMSE,GE03,2,68,2018-03-28
SMSE_B22_3_GE03_86_14,87,SMSE,GE03,2,70,2018-04-11
SMSE_B22_3_GE03_86_14,88,SMSE,GE03,3,73,2018-05-31
SMSE_B22_3_GE03_86_14,89,SMSE,GE03,1,74,2018-06-20
SMSE_B22_3_GE03_86_14,90,SMSE,GE03,2,76,2018-07-25
SMSE_B22_3_GE03_86_14,91,SMSE,GE03,2,78,2018-08-23
SMSE_B22_3_GE03_86_14,92,SMSE,GE03,3,81,2018-09-19
SMSE_B22_3_GE03_86_14,93,SMSE,GE03,2,83,2018-10-17
SMSE_B22_3_GE03_86_14,94,SMSE,GE03,2,85,2018-11-28
SMSE_B22_3_GE03_86_14,95,SMSE,GE03,2,87,2018-12-27
SMSE_B22_3_GE03_86_14,96,SMSE,GE03,1,88,2019-01-10
SMSE_B22_3_GE03_86_14,97,SMSE,GE03,2,90,2019-02-27
SMSE_B22_3_GE03_86_14,98,SMSE,GE03,1,91,2019-03-20
SMSE_B22_3_GE03_86_14,99,SMSE,GE03,1,92,2019-04-10
SMSE_B22_3_GE03_86_14,102,SMSE,GE03,3,95,2019-07-31
SMSE_B22_3_GE03_86_14,103,SMSE,GE03,3,98,2019-08-21
SMSE_B22_3_GE03_86_14,104,SMSE,GE03,3,101,2019-09-25
SMSE_B22_3_GE03_86_14,105,SMSE,GE03,2,103,2019-10-09
SMSE_B22_3_GE03_86_14,106,SMSE,GE03,2,105,2019-11-20
SMSE_B22_3_GE03_86_14,108,SMSE,GE03,1,106,2020-01-15
SMSE_B22_3_GE03_86_14,109,SMSE,GE03,1,107,2020-02-05
SMSE_B22_3_GE03_86_14,110,SMSE,GE03,1,108,2020-03-11
SMSE_B22_3_GE03_86_14,115,SMSE,GE03,2,110,2020-08-19
SMSE_B22_3_GE03_86_14,116,SMSE,GE03,3,113,2020-09-16
SMSE_B22_3_GE03_86_14,117,SMSE,GE03,2,115,2020-10-07
SMSE_B22_3_GE03_86_14,118,SMSE,GE03,1,116,2020-11-04
SMSE_B22_3_GE03_86_14,121,SMSE,GE03,1,117,2021-02-24
SMSE_B22_3_GE03_86_14,122,SMSE,GE03,1,118,2021-03-23
SMSE_B22_3_GE03_86_14,123,SMSE,GE03,1,119,2021-04-14
SMSE_B22_3_GE03_86_14,124,SMSE,GE03,2,121,2021-05-19
SMSE_B22_3_GE03_86_14,125,SMSE,GE03,2,123,2021-06-16
SMSE_B22_3_GE03_86_14,126,SMSE,GE03,2,125,2021-07-22
SMSE_B22_3_GE03_86_14,127,SMSE,GE03,2,127,2021-08-12
SMSE_B22_3_GE03_86_14,128,SMSE,GE03,2,129,2021-09-08
SMSE_B22_3_GE03_86_14,133,SMSE,GE03,1,130,2022-02-16
SMSE_B22_3_GE03_86_14,134,SMSE,GE03,2,132,2022-03-23
SMSE_B22_3_GE03_86_14,135,SMSE,GE03,1,133,2022-04-06
SMSE_B22_3_GE03_86_14,136,SMSE,GE03,2,135,2022-05-20
SMSE_B22_3_GE03_86_14,137,SMSE,GE03,3,138,2022-06-17
SMSE_B22_3_GE03_86_14,138,SMSE,GE03,3,141,2022-07-27
SMSE_B22_3_GE03_86_14,139,SMSE,GE03,2,143,2022-08-31
SMSE_B22_3_GE03_86_14,140,SMSE,GE03,1,144,2022-09-07
SMSE_B22_3_GE03_86_14,141,SMSE,GE03,2,146,2022-10-12
SMSE_B22_3_GE03_86_14,142,SMSE,GE03,1,147,2022-11-16
SMSE_B22_3_GE03_86_14,143,SMSE,GE03,1,148,2022-12-15
SMSE_B22_3_GE03_86_14,144,SMSE,GE03,3,151,2023-01-25
SMSE_B22_3_GE03_86_14,145,SMSE,GE03,1,152,2023-02-01
SMSE_B22_3_GE03_86_14,146,SMSE,GE03,2,154,2023-03-23
SMSE_B22_3_GE03_86_14,148,SMSE,GE03,3,158,2023-05-31
SMSE_B22_3_GE03_86_14,147,SMSE,GE03,1,156,2023-04-12
SMSE_B22_3_GE03_86_14,149,SMSE,GE03,3,161,2023-06-28
SMSE_B22_3_GE03_86_14,150,SMSE,GE03,1,162,2023-07-26
SMSE_B22_3_GE03_86_14,151,SMSE,GE03,1,163,2023-08-03
SMSE_B22_3_GE03_86_14,152,SMSE,GE03,3,166,2023-09-27
SMSE_B22_3_GE03_86_15,39,SMSE,GE03,0,0,2014-04-06
SMSE_B22_3_GE03_86_15,40,SMSE,GE03,1,1,2014-05-24
SMSE_B22_3_GE03_86_15,41,SMSE,GE03,1,2,2014-06-04
SMSE_B22_3_GE03_86_15,43,SMSE,GE03,2,4,2014-08-29
SMSE_B22_3_GE03_86_15,44,SMSE,GE03,0,4,2014-09-13
SMSE_B22_3_GE03_86_15,45,SMSE,GE03,1,5,2014-10-22
SMSE_B22_3_GE03_86_15,46,SMSE,GE03,1,6,2014-11-19
SMSE_B22_3_GE03_86_15,47,SMSE,GE03,0,6,2014-12-03
SMSE_B22_3_GE03_86_15,48,SMSE,GE03,3,9,2015-01-14
SMSE_B22_3_GE03_86_15,50,SMSE,GE03,3,13,2015-03-11
SMSE_B22_3_GE03_86_15,49,SMSE,GE03,1,11,2015-02-04
SMSE_B22_3_GE03_86_15,51,SMSE,GE03,3,16,2015-04-08
SMSE_B22_3_GE03_86_15,52,SMSE,GE03,1,17,2015-05-27
SMSE_B22_3_GE03_86_15,53,SMSE,GE03,1,18,2015-06-24
SMSE_B22_3_GE03_86_15,54,SMSE,GE03,1,20,2015-07-29
SMSE_B22_3_GE03_86_15,55,SMSE,GE03,2,21,2015-08-20
SMSE_B22_3_GE03_86_15,56,SMSE,GE03,2,23,2015-09-09
SMSE_B22_3_GE03_86_15,57,SMSE,GE03,5,28,2015-10-15
SMSE_B22_3_GE03_86_15,58,SMSE,GE03,3,31,2015-11-25
SMSE_B22_3_GE03_86_15,59,SMSE,GE03,1,32,2015-12-10
SMSE_B22_3_GE03_86_15,60,SMSE,GE03,2,34,2016-01-13
SMSE_B22_3_GE03_86_15,66,SMSE,GE03,2,36,2016-07-21
SMSE_B22_3_GE03_86_15,67,SMSE,GE03,4,40,2016-08-31
SMSE_B22_3_GE03_86_15,68,SMSE,GE03,3,43,2016-09-21
SMSE_B22_3_GE03_86_15,69,SMSE,GE03,3,46,2016-10-19
SMSE_B22_3_GE03_86_15,73,SMSE,GE03,1,47,2017-02-08
SMSE_B22_3_GE03_86_15,74,SMSE,GE03,2,49,2017-03-14
SMSE_B22_3_GE03_86_15,75,SMSE,GE03,3,52,2017-04-27
SMSE_B22_3_GE03_86_15,76,SMSE,GE03,1,53,2017-05-10
SMSE_B22_3_GE03_86_15,77,SMSE,GE03,4,57,2017-06-21
SMSE_B22_3_GE03_86_15,78,SMSE,GE03,2,59,2017-07-12
SMSE_B22_3_GE03_86_15,79,SMSE,GE03,3,62,2017-08-23
SMSE_B22_3_GE03_86_15,80,SMSE,GE03,1,63,2017-09-06
SMSE_B22_3_GE03_86_15,81,SMSE,GE03,1,64,2017-10-18
SMSE_B22_3_GE03_86_15,82,SMSE,GE03,2,66,2017-11-22
SMSE_B22_3_GE03_86_15,83,SMSE,GE03,2,68,2017-12-20
SMSE_B22_3_GE03_86_15,84,SMSE,GE03,2,70,2018-01-17
SMSE_B22_3_GE03_86_15,85,SMSE,GE03,2,72,2018-02-21
SMSE_B22_3_GE03_86_15,86,SMSE,GE03,3,75,2018-03-28
SMSE_B22_3_GE03_86_15,87,SMSE,GE03,2,77,2018-04-25
SMSE_B22_3_GE03_86_15,88,SMSE,GE03,2,79,2018-05-23
SMSE_B22_3_GE03_86_15,89,SMSE,GE03,2,81,2018-06-20
SMSE_B22_3_GE03_86_15,90,SMSE,GE03,3,84,2018-07-25
SMSE_B22_3_GE03_86_15,91,SMSE,GE03,2,86,2018-08-23
SMSE_B22_3_GE03_86_15,92,SMSE,GE03,3,89,2018-09-26
SMSE_B22_3_GE03_86_15,93,SMSE,GE03,2,91,2018-10-25
SMSE_B22_3_GE03_86_15,94,SMSE,GE03,2,93,2018-11-22
SMSE_B22_3_GE03_86_15,95,SMSE,GE03,2,95,2018-12-13
SMSE_B22_3_GE03_86_15,96,SMSE,GE03,2,97,2019-01-23
SMSE_B22_3_GE03_86_15,97,SMSE,GE03,2,99,2019-02-27
SMSE_B22_3_GE03_86_15,98,SMSE,GE03,1,100,2019-03-20
SMSE_B22_3_GE03_86_15,99,SMSE,GE03,1,101,2019-04-10
SMSE_B22_3_GE03_86_15,100,SMSE,GE03,1,102,2019-05-22
SMSE_B22_3_GE03_86_15,102,SMSE,GE03,3,107,2019-07-31
SMSE_B22_3_GE03_86_15,101,SMSE,GE03,1,104,2019-06-26
SMSE_B22_3_GE03_86_15,103,SMSE,GE03,3,109,2019-08-21
SMSE_B22_3_GE03_86_15,104,SMSE,GE03,3,112,2019-09-18
SMSE_B22_3_GE03_86_15,105,SMSE,GE03,2,114,2019-10-23
SMSE_B22_3_GE03_86_15,106,SMSE,GE03,2,116,2019-11-20
SMSE_B22_3_GE03_86_15,107,SMSE,GE03,2,118,2019-12-17
SMSE_B22_3_GE03_86_15,108,SMSE,GE03,2,120,2020-01-29
SMSE_B22_3_GE03_86_15,109,SMSE,GE03,1,121,2020-02-26
SMSE_B22_3_GE03_86_15,110,SMSE,GE03,1,122,2020-03-26
SMSE_B22_3_GE03_86_15,115,SMSE,GE03,2,124,2020-08-19
SMSE_B22_3_GE03_86_15,116,SMSE,GE03,3,127,2020-09-23
SMSE_B22_3_GE03_86_15,119,SMSE,GE03,2,129,2020-12-23
SMSE_B22_3_GE03_86_15,120,SMSE,GE03,1,130,2021-01-13
SMSE_B22_3_GE03_86_15,121,SMSE,GE03,1,131,2021-02-03
SMSE_B22_3_GE03_86_15,122,SMSE,GE03,3,134,2021-03-23
SMSE_B22_3_GE03_86_15,123,SMSE,GE03,2,136,2021-04-21
SMSE_B22_3_GE03_86_15,124,SMSE,GE03,2,138,2021-05-19
SMSE_B22_3_GE03_86_15,125,SMSE,GE03,1,139,2021-06-16
SMSE_B22_3_GE03_86_15,126,SMSE,GE03,2,141,2021-07-14
SMSE_B22_3_GE03_86_15,127,SMSE,GE03,2,143,2021-08-12
SMSE_B22_3_GE03_86_15,131,SMSE,GE03,1,144,2021-12-29
SMSE_B22_3_GE03_86_15,132,SMSE,GE03,1,145,2022-01-12
SMSE_B22_3_GE03_86_15,133,SMSE,GE03,2,147,2022-02-03
SMSE_B22_3_GE03_86_15,134,SMSE,GE03,2,149,2022-03-26
SMSE_B22_3_GE03_86_15,135,SMSE,GE03,3,152,2022-04-20
SMSE_B22_3_GE03_86_15,136,SMSE,GE03,2,154,2022-05-20
SMSE_B22_3_GE03_86_15,137,SMSE,GE03,2,156,2022-06-17
SMSE_B22_3_GE03_86_15,138,SMSE,GE03,2,158,2022-07-20
SMSE_B22_3_GE03_86_15,139,SMSE,GE03,2,160,2022-08-10
SMSE_B22_3_GE03_86_15,140,SMSE,GE03,2,162,2022-09-21
SMSE_B22_3_GE03_86_15,141,SMSE,GE03,2,164,2022-10-26
SMSE_B22_3_GE03_86_15,142,SMSE,GE03,2,166,2022-11-16
SMSE_B22_3_GE03_86_15,143,SMSE,GE03,2,168,2022-12-15
SMSE_B22_3_GE03_86_15,144,SMSE,GE03,2,170,2023-01-18
SMSE_B22_3_GE03_86_15,145,SMSE,GE03,3,173,2023-02-22
SMSE_B22_3_GE03_86_15,146,SMSE,GE03,1,174,2023-03-08
SMSE_B22_3_GE03_86_15,147,SMSE,GE03,2,176,2023-04-27
SMSE_B22_3_GE03_86_15,148,SMSE,GE03,1,177,2023-05-10
SMSE_B22_3_GE03_86_15,149,SMSE,GE03,3,180,2023-06-28
SMSE_B22_3_GE03_86_15,150,SMSE,GE03,2,182,2023-07-26
SMSE_B22_3_GE03_86_15,151,SMSE,GE03,1,183,2023-08-10
SMSE_B22_3_GE03_86_15,152,SMSE,GE03,3,186,2023-09-27
SMSE_B22_3_GE02_86_29,40,SMSE,GE02,1,1,2014-05-24
SMSE_B22_3_GE02_86_29,41,SMSE,GE02,1,3,2014-06-12
SMSE_B22_3_GE02_86_29,42,SMSE,GE02,1,2,2014-07-18
SMSE_B22_3_GE02_86_29,43,SMSE,GE02,0,3,2014-08-25
SMSE_B22_3_GE02_86_29,44,SMSE,GE02,1,4,2014-09-13
SMSE_B22_3_GE02_86_29,45,SMSE,GE02,2,6,2014-10-21
SMSE_B22_3_GE02_86_29,46,SMSE,GE02,1,7,2014-11-05
SMSE_B22_3_GE02_86_29,47,SMSE,GE02,0,7,2014-12-24
SMSE_B22_3_GE02_86_29,48,SMSE,GE02,2,9,2015-01-22
SMSE_B22_3_GE02_86_29,49,SMSE,GE02,2,11,2015-02-25
SMSE_B22_3_GE02_86_29,50,SMSE,GE02,3,14,2015-03-29
SMSE_B22_3_GE02_86_29,51,SMSE,GE02,2,16,2015-04-29
SMSE_B22_3_GE02_86_29,52,SMSE,GE02,3,19,2015-05-20
SMSE_B22_3_GE02_86_29,53,SMSE,GE02,1,20,2015-06-04
SMSE_B22_3_GE02_86_29,56,SMSE,GE02,1,21,2015-09-09
SMSE_B22_3_GE02_86_29,55,SMSE,GE02,1,22,2015-08-20
SMSE_B22_3_GE02_86_29,57,SMSE,GE02,2,24,2015-10-15
SMSE_B22_3_GE02_86_29,58,SMSE,GE02,4,28,2015-11-25
SMSE_B22_3_GE02_86_29,59,SMSE,GE02,2,30,2015-12-10
SMSE_B22_3_GE02_86_29,60,SMSE,GE02,4,34,2016-01-13
SMSE_B22_3_GE02_86_29,61,SMSE,GE02,1,35,2016-02-11
SMSE_B22_3_GE02_86_29,62,SMSE,GE02,2,37,2016-03-08
SMSE_B22_3_GE02_86_29,69,SMSE,GE02,1,38,2016-10-19
SMSE_B22_3_GE02_86_29,70,SMSE,GE02,2,40,2016-11-03
SMSE_B22_3_GE02_86_29,71,SMSE,GE02,2,42,2016-12-07
SMSE_B22_3_GE02_86_29,72,SMSE,GE02,1,43,2017-01-04
SMSE_B22_3_GE02_86_29,75,SMSE,GE02,1,44,2017-04-27
SMSE_B22_3_GE02_86_29,76,SMSE,GE02,2,46,2017-05-24
SMSE_B22_3_GE02_86_29,77,SMSE,GE02,2,48,2017-06-14
SMSE_B22_3_GE02_86_29,78,SMSE,GE02,3,51,2017-07-19
SMSE_B22_3_GE02_86_29,79,SMSE,GE02,1,52,2017-08-16
SMSE_B22_3_GE02_86_29,84,SMSE,GE02,2,54,2018-01-24
SMSE_B22_3_GE02_86_29,85,SMSE,GE02,2,56,2018-02-28
SMSE_B22_3_GE02_86_29,86,SMSE,GE02,2,58,2018-03-28
SMSE_B22_3_GE02_86_29,87,SMSE,GE02,2,60,2018-04-18
SMSE_B22_3_GE02_86_29,88,SMSE,GE02,4,64,2018-05-31
SMSE_B22_3_GE02_86_29,89,SMSE,GE02,3,67,2018-06-28
SMSE_B22_3_GE02_86_29,90,SMSE,GE02,1,68,2018-07-11
SMSE_B22_3_GE02_86_29,91,SMSE,GE02,4,72,2018-08-29
SMSE_B22_3_GE02_86_29,92,SMSE,GE02,1,73,2018-09-26
SMSE_B22_3_GE02_86_29,93,SMSE,GE02,2,75,2018-10-25
SMSE_B22_3_GE02_86_29,94,SMSE,GE02,2,77,2018-11-22
SMSE_B22_3_GE02_86_29,95,SMSE,GE02,3,80,2018-12-27
SMSE_B22_3_GE02_86_29,96,SMSE,GE02,2,82,2019-01-23
SMSE_B22_3_GE02_86_29,97,SMSE,GE02,2,84,2019-02-20
SMSE_B22_3_GE02_86_29,98,SMSE,GE02,1,85,2019-03-06
SMSE_B22_3_GE02_86_29,104,SMSE,GE02,1,86,2019-09-25
SMSE_B22_3_GE02_86_29,105,SMSE,GE02,4,90,2019-10-30
SMSE_B22_3_GE02_86_29,106,SMSE,GE02,4,94,2019-11-27
SMSE_B22_3_GE02_86_29,107,SMSE,GE02,1,95,2019-12-04
SMSE_B22_3_GE02_86_29,108,SMSE,GE02,2,97,2020-01-29
SMSE_B22_3_GE02_86_29,109,SMSE,GE02,1,98,2020-02-12
SMSE_B22_3_GE02_86_29,110,SMSE,GE02,1,99,2020-03-11
SMSE_B22_3_GE02_86_29,111,SMSE,GE02,2,101,2020-04-21
SMSE_B22_3_GE02_86_29,118,SMSE,GE02,2,104,2020-11-04
SMSE_B22_3_GE02_86_29,117,SMSE,GE02,1,103,2020-10-27
SMSE_B22_3_GE02_86_29,119,SMSE,GE02,3,107,2020-12-16
SMSE_B22_3_GE02_86_29,123,SMSE,GE02,2,109,2021-04-14
SMSE_B22_3_GE02_86_29,124,SMSE,GE02,3,112,2021-05-27
SMSE_B22_3_GE02_86_29,125,SMSE,GE02,2,114,2021-06-23
SMSE_B22_3_GE02_86_29,126,SMSE,GE02,2,116,2021-07-22
SMSE_B22_3_GE02_86_29,127,SMSE,GE02,2,118,2021-08-19
SMSE_B22_3_GE02_86_29,128,SMSE,GE02,2,120,2021-09-22
SMSE_B22_3_GE02_86_29,129,SMSE,GE02,2,122,2021-10-13
SMSE_B22_3_GE02_86_29,130,SMSE,GE02,1,123,2021-11-18
SMSE_B22_3_GE02_86_29,131,SMSE,GE02,1,124,2021-12-01
SMSE_B22_3_GE02_86_29,139,SMSE,GE02,7,132,2022-08-31
SMSE_B22_3_GE02_86_29,138,SMSE,GE02,1,128,2022-07-27
SMSE_B22_3_GE02_86_29,140,SMSE,GE02,3,135,2022-09-28
SMSE_B22_3_GE02_86_29,141,SMSE,GE02,2,137,2022-10-26
SMSE_B22_3_GE02_86_29,142,SMSE,GE02,1,138,2022-11-16
SMSE_B22_3_GE02_86_29,143,SMSE,GE02,2,140,2022-12-15
SMSE_B22_3_GE02_86_29,144,SMSE,GE02,2,142,2023-01-11
SMSE_B22_3_GE02_86_29,145,SMSE,GE02,1,143,2023-02-01
SMSE_B22_3_GE02_86_29,146,SMSE,GE02,2,145,2023-03-23
SMSE_B22_3_GE02_86_29,147,SMSE,GE02,1,146,2023-04-12
SMSE_B22_3_GE02_86_31,39,SMSE,GE02,0,0,2014-04-24
SMSE_B22_3_GE02_86_31,40,SMSE,GE02,1,1,2014-05-24
SMSE_B22_3_GE02_86_31,41,SMSE,GE02,1,2,2014-06-12
SMSE_B22_3_GE02_86_31,42,SMSE,GE02,1,3,2014-07-16
SMSE_B22_3_GE02_86_31,43,SMSE,GE02,1,4,2014-08-25
SMSE_B22_3_GE02_86_31,44,SMSE,GE02,0,4,2014-09-20
SMSE_B22_3_GE02_86_31,45,SMSE,GE02,2,6,2014-10-22
SMSE_B22_3_GE02_86_31,46,SMSE,GE02,1,7,2014-11-27
SMSE_B22_3_GE02_86_31,47,SMSE,GE02,0,7,2014-12-24
SMSE_B22_3_GE02_86_31,48,SMSE,GE02,2,9,2015-01-14
SMSE_B22_3_GE02_86_31,49,SMSE,GE02,1,10,2015-02-04
SMSE_B22_3_GE02_86_31,50,SMSE,GE02,1,11,2015-03-11
SMSE_B22_3_GE02_86_31,51,SMSE,GE02,1,12,2015-04-08
SMSE_B22_3_GE02_86_31,53,SMSE,GE02,1,13,2015-06-24
SMSE_B22_3_GE02_86_31,52,SMSE,GE02,1,14,2015-05-20
SMSE_B22_3_GE02_86_31,55,SMSE,GE02,1,15,2015-08-20
SMSE_B22_3_GE02_86_31,54,SMSE,GE02,1,16,2015-07-29
SMSE_B22_3_GE02_86_31,56,SMSE,GE02,3,19,2015-09-09
SMSE_B22_3_GE02_86_31,57,SMSE,GE02,5,25,2015-10-15
SMSE_B22_3_GE02_86_31,58,SMSE,GE02,3,28,2015-11-25
SMSE_B22_3_GE02_86_31,59,SMSE,GE02,4,31,2015-12-23
SMSE_B22_3_GE02_86_31,60,SMSE,GE02,2,33,2016-01-13
SMSE_B22_3_GE02_86_31,67,SMSE,GE02,5,38,2016-08-31
SMSE_B22_3_GE02_86_31,68,SMSE,GE02,4,42,2016-09-29
SMSE_B22_3_GE02_86_31,69,SMSE,GE02,2,44,2016-10-19
SMSE_B22_3_GE02_86_31,70,SMSE,GE02,1,45,2016-11-03
SMSE_B22_3_GE02_86_31,73,SMSE,GE02,2,47,2017-02-22
SMSE_B22_3_GE02_86_31,74,SMSE,GE02,2,49,2017-03-30
SMSE_B22_3_GE02_86_31,75,SMSE,GE02,1,50,2017-04-12
SMSE_B22_3_GE02_86_31,76,SMSE,GE02,1,51,2017-05-24
SMSE_B22_3_GE02_86_31,77,SMSE,GE02,3,54,2017-06-21
SMSE_B22_3_GE02_86_31,78,SMSE,GE02,4,58,2017-07-19
SMSE_B22_3_GE02_86_31,79,SMSE,GE02,2,60,2017-08-16
SMSE_B22_3_GE02_86_31,80,SMSE,GE02,1,61,2017-09-13
SMSE_B22_3_GE02_86_31,82,SMSE,GE02,2,63,2017-11-15
SMSE_B22_3_GE02_86_31,83,SMSE,GE02,2,65,2017-12-20
SMSE_B22_3_GE02_86_31,84,SMSE,GE02,2,67,2018-01-04
SMSE_B22_3_GE02_86_31,88,SMSE,GE02,7,74,2018-05-31
SMSE_B22_3_GE02_86_31,89,SMSE,GE02,3,77,2018-06-28
SMSE_B22_3_GE02_86_31,90,SMSE,GE02,1,78,2018-07-11
SMSE_B22_3_GE02_86_31,91,SMSE,GE02,1,79,2018-08-29
SMSE_B22_3_GE02_86_31,92,SMSE,GE02,3,82,2018-09-26
SMSE_B22_3_GE02_86_31,93,SMSE,GE02,3,85,2018-10-31
SMSE_B22_3_GE02_86_31,94,SMSE,GE02,2,87,2018-11-08
SMSE_B22_3_GE02_86_31,95,SMSE,GE02,2,89,2018-12-13
SMSE_B22_3_GE02_86_31,96,SMSE,GE02,2,91,2019-01-23
SMSE_B22_3_GE02_86_31,98,SMSE,GE02,2,93,2019-03-20
SMSE_B22_3_GE02_86_31,99,SMSE,GE02,2,95,2019-04-10
SMSE_B22_3_GE02_86_31,102,SMSE,GE02,2,97,2019-07-31
SMSE_B22_3_GE02_86_31,103,SMSE,GE02,1,98,2019-08-07
SMSE_B22_3_GE02_86_31,104,SMSE,GE02,4,102,2019-09-25
SMSE_B22_3_GE02_86_31,105,SMSE,GE02,2,104,2019-10-16
SMSE_B22_3_GE02_86_31,106,SMSE,GE02,3,107,2019-11-27
SMSE_B22_3_GE02_86_31,107,SMSE,GE02,3,110,2019-12-26
SMSE_B22_3_GE02_86_31,108,SMSE,GE02,2,112,2020-01-15
SMSE_B22_3_GE02_86_31,116,SMSE,GE02,1,113,2020-09-23
SMSE_B22_3_GE02_86_31,117,SMSE,GE02,3,116,2020-10-21
SMSE_B22_3_GE02_86_31,118,SMSE,GE02,2,118,2020-11-25
SMSE_B22_3_GE02_86_31,121,SMSE,GE02,1,119,2021-02-17
SMSE_B22_3_GE02_86_31,122,SMSE,GE02,1,120,2021-03-10
SMSE_B22_3_GE02_86_31,123,SMSE,GE02,2,122,2021-04-26
SMSE_B22_3_GE02_86_31,124,SMSE,GE02,2,124,2021-05-19
SMSE_B22_3_GE02_86_31,126,SMSE,GE02,3,128,2021-07-22
SMSE_B22_3_GE02_86_31,125,SMSE,GE02,1,126,2021-06-16
SMSE_B22_3_GE02_86_31,127,SMSE,GE02,3,131,2021-08-19
SMSE_B22_3_GE02_86_31,128,SMSE,GE02,2,133,2021-09-08
SMSE_B22_3_GE02_86_31,136,SMSE,GE02,4,137,2022-05-20
SMSE_B22_3_GE02_86_31,137,SMSE,GE02,6,143,2022-06-17
SMSE_B22_3_GE02_86_31,138,SMSE,GE02,2,145,2022-07-06
SMSE_B22_3_GE02_86_31,139,SMSE,GE02,3,148,2022-08-10
SMSE_B22_3_GE02_86_31,140,SMSE,GE02,2,150,2022-09-14
SMSE_B22_3_GE02_86_31,141,SMSE,GE02,2,152,2022-10-05
SMSE_B22_3_GE02_86_31,142,SMSE,GE02,2,154,2022-11-30
SMSE_B22_3_GE02_86_31,143,SMSE,GE02,1,155,2022-12-07
SMSE_B22_3_GE02_86_31,148,SMSE,GE02,1,156,2023-05-17
SMSE_B22_3_GE02_86_31,149,SMSE,GE02,7,164,2023-06-28
SMSE_B22_3_GE02_86_31,150,SMSE,GE02,3,166,2023-07-26
SMSE_B22_3_GE02_86_31,151,SMSE,GE02,1,167,2023-08-10
SMSE_B22_3_GE02_86_31,152,SMSE,GE02,3,170,2023-09-20
SMSE_B22_3_GE03_87_13,40,SMSE,GE03,0,0,2014-05-17
SMSE_B22_3_GE03_87_13,41,SMSE,GE03,1,1,2014-06-04
SMSE_B22_3_GE03_87_13,43,SMSE,GE03,0,1,2014-08-29
SMSE_B22_3_GE03_87_13,44,SMSE,GE03,2,3,2014-09-13
SMSE_B22_3_GE03_87_13,45,SMSE,GE03,1,4,2014-10-30
SMSE_B22_3_GE03_87_13,46,SMSE,GE03,1,5,2014-11-19
SMSE_B22_3_GE03_87_13,47,SMSE,GE03,0,5,2014-12-24
SMSE_B22_3_GE03_87_13,48,SMSE,GE03,2,7,2015-01-14
SMSE_B22_3_GE03_87_13,50,SMSE,GE03,2,10,2015-03-11
SMSE_B22_3_GE03_87_13,49,SMSE,GE03,1,9,2015-02-04
SMSE_B22_3_GE03_87_13,51,SMSE,GE03,2,12,2015-04-08
SMSE_B22_3_GE03_87_13,52,SMSE,GE03,1,13,2015-05-27
SMSE_B22_3_GE03_87_13,55,SMSE,GE03,1,14,2015-08-20
SMSE_B22_3_GE03_87_13,53,SMSE,GE03,1,15,2015-06-24
SMSE_B22_3_GE03_87_13,56,SMSE,GE03,3,18,2015-09-09
SMSE_B22_3_GE03_87_13,57,SMSE,GE03,4,22,2015-10-15
SMSE_B22_3_GE03_87_13,58,SMSE,GE03,4,26,2015-11-25
SMSE_B22_3_GE03_87_13,59,SMSE,GE03,2,28,2015-12-10
SMSE_B22_3_GE03_87_13,60,SMSE,GE03,2,30,2016-01-13
SMSE_B22_3_GE03_87_13,66,SMSE,GE03,1,31,2016-07-21
SMSE_B22_3_GE03_87_13,68,SMSE,GE03,5,36,2016-09-21
SMSE_B22_3_GE03_87_13,69,SMSE,GE03,4,40,2016-10-19
SMSE_B22_3_GE03_87_13,70,SMSE,GE03,2,42,2016-11-23
SMSE_B22_3_GE03_87_13,71,SMSE,GE03,2,44,2016-12-15
SMSE_B22_3_GE03_87_13,72,SMSE,GE03,2,46,2017-01-16
SMSE_B22_3_GE03_87_13,73,SMSE,GE03,1,47,2017-02-08
SMSE_B22_3_GE03_87_13,74,SMSE,GE03,3,50,2017-03-22
SMSE_B22_3_GE03_87_13,75,SMSE,GE03,2,52,2017-04-27
SMSE_B22_3_GE03_87_13,76,SMSE,GE03,1,53,2017-05-17
SMSE_B22_3_GE03_87_13,78,SMSE,GE03,5,58,2017-07-12
SMSE_B22_3_GE03_87_13,79,SMSE,GE03,3,61,2017-08-09
SMSE_B22_3_GE03_87_13,80,SMSE,GE03,3,64,2017-09-27
SMSE_B22_3_GE03_87_13,81,SMSE,GE03,2,66,2017-10-25
SMSE_B22_3_GE03_87_13,82,SMSE,GE03,2,68,2017-11-22
SMSE_B22_3_GE03_87_13,83,SMSE,GE03,1,69,2017-12-13
SMSE_B22_3_GE03_87_13,84,SMSE,GE03,2,71,2018-01-24
SMSE_B22_3_GE03_87_13,85,SMSE,GE03,2,73,2018-02-28
SMSE_B22_3_GE03_87_13,91,SMSE,GE03,3,82,2018-08-08
SMSE_B22_3_GE03_87_13,90,SMSE,GE03,5,80,2018-07-25
SMSE_B22_3_GE03_87_13,89,SMSE,GE03,1,77,2018-06-20
SMSE_B22_3_GE03_87_13,92,SMSE,GE03,4,86,2018-09-26
SMSE_B22_3_GE03_87_13,93,SMSE,GE03,2,88,2018-10-17
SMSE_B22_3_GE03_87_13,94,SMSE,GE03,3,91,2018-11-28
SMSE_B22_3_GE03_87_13,95,SMSE,GE03,1,92,2018-12-13
SMSE_B22_3_GE03_87_13,96,SMSE,GE03,2,94,2019-01-23
SMSE_B22_3_GE03_87_13,97,SMSE,GE03,1,95,2019-02-20
SMSE_B22_3_GE03_87_13,98,SMSE,GE03,1,96,2019-03-13
SMSE_B22_3_GE03_87_13,102,SMSE,GE03,3,99,2019-07-31
SMSE_B22_3_GE03_87_13,103,SMSE,GE03,4,103,2019-08-28
SMSE_B22_3_GE03_87_13,104,SMSE,GE03,2,105,2019-09-11
SMSE_B22_3_GE03_87_13,105,SMSE,GE03,2,107,2019-10-09
SMSE_B22_3_GE03_87_13,106,SMSE,GE03,2,109,2019-11-20
SMSE_B22_3_GE03_87_13,107,SMSE,GE03,2,111,2019-12-17
SMSE_B22_3_GE03_87_13,108,SMSE,GE03,1,112,2020-01-15
SMSE_B22_3_GE03_87_13,109,SMSE,GE03,1,113,2020-02-05
SMSE_B22_3_GE03_87_13,110,SMSE,GE03,1,114,2020-03-04
SMSE_B22_3_GE03_87_13,116,SMSE,GE03,6,120,2020-09-16
SMSE_B22_3_GE03_87_13,117,SMSE,GE03,1,121,2020-10-14
SMSE_B22_3_GE03_87_13,118,SMSE,GE03,2,123,2020-11-11
SMSE_B22_3_GE03_87_13,119,SMSE,GE03,1,124,2020-12-02
SMSE_B22_3_GE03_87_13,122,SMSE,GE03,2,126,2021-03-23
SMSE_B22_3_GE03_87_13,123,SMSE,GE03,1,127,2021-04-14
SMSE_B22_3_GE03_87_13,124,SMSE,GE03,1,128,2021-05-19
SMSE_B22_3_GE03_87_13,125,SMSE,GE03,2,130,2021-06-16
SMSE_B22_3_GE03_87_13,126,SMSE,GE03,3,133,2021-07-28
SMSE_B22_3_GE03_87_13,127,SMSE,GE03,3,136,2021-08-26
SMSE_B22_3_GE03_87_13,128,SMSE,GE03,2,138,2021-09-22
SMSE_B22_3_GE03_87_13,129,SMSE,GE03,1,139,2021-10-13
SMSE_B22_3_GE03_87_13,138,SMSE,GE03,6,148,2022-07-27
SMSE_B22_3_GE03_87_13,137,SMSE,GE03,3,145,2022-06-30
SMSE_B22_3_GE03_87_13,139,SMSE,GE03,3,151,2022-08-31
SMSE_B22_3_GE03_87_13,140,SMSE,GE03,1,152,2022-09-21
SMSE_B22_3_GE03_87_13,141,SMSE,GE03,2,154,2022-10-12
SMSE_B22_3_GE03_87_13,142,SMSE,GE03,2,156,2022-11-16
SMSE_B22_3_GE03_87_13,144,SMSE,GE03,1,157,2023-01-18
SMSE_B22_3_GE03_87_13,145,SMSE,GE03,1,158,2023-02-08
SMSE_B22_3_GE03_87_13,150,SMSE,GE03,4,166,2023-07-26
SMSE_B22_3_GE03_87_13,149,SMSE,GE03,4,163,2023-06-28
SMSE_B22_3_GE03_87_13,151,SMSE,GE03,2,170,2023-08-03
SMSE_B22_3_GE03_87_13,152,SMSE,GE03,2,169,2023-09-06
SMSE_B22_3_GE12_90_10,42,SMSE,GE12,1,1,2014-07-18
SMSE_B22_3_GE12_90_10,43,SMSE,GE12,1,2,2014-08-29
SMSE_B22_3_GE12_90_10,44,SMSE,GE12,0,2,2014-09-13
SMSE_B22_3_GE12_90_10,45,SMSE,GE12,2,4,2014-10-30
SMSE_B22_3_GE12_90_10,46,SMSE,GE12,1,5,2014-11-12
SMSE_B22_3_GE12_90_10,47,SMSE,GE12,0,5,2014-12-31
SMSE_B22_3_GE12_90_10,48,SMSE,GE12,2,7,2015-01-28
SMSE_B22_3_GE12_90_10,49,SMSE,GE12,1,8,2015-02-18
SMSE_B22_3_GE12_90_10,55,SMSE,GE12,1,9,2015-08-26
SMSE_B22_3_GE12_90_10,56,SMSE,GE12,1,10,2015-09-09
SMSE_B22_3_GE12_90_10,57,SMSE,GE12,7,17,2015-10-15
SMSE_B22_3_GE12_90_10,58,SMSE,GE12,5,22,2015-11-25
SMSE_B22_3_GE12_90_10,59,SMSE,GE12,1,23,2015-12-10
SMSE_B22_3_GE12_90_10,60,SMSE,GE12,3,26,2016-01-13
SMSE_B22_3_GE12_90_10,68,SMSE,GE12,2,28,2016-09-29
SMSE_B22_3_GE12_90_10,69,SMSE,GE12,5,33,2016-10-19
SMSE_B22_3_GE12_90_10,70,SMSE,GE12,1,34,2016-11-05
SMSE_B22_3_GE12_90_10,74,SMSE,GE12,1,35,2017-03-22
SMSE_B22_3_GE12_90_10,75,SMSE,GE12,1,36,2017-04-27
SMSE_B22_3_GE12_90_10,76,SMSE,GE12,2,38,2017-05-17
SMSE_B22_3_GE12_90_10,77,SMSE,GE12,2,40,2017-06-12
SMSE_B22_3_GE12_90_10,78,SMSE,GE12,2,42,2017-07-12
SMSE_B22_3_GE12_90_10,85,SMSE,GE12,1,43,2018-02-28
SMSE_B22_3_GE12_90_10,86,SMSE,GE12,2,45,2018-03-21
SMSE_B22_3_GE12_90_10,87,SMSE,GE12,2,47,2018-04-18
SMSE_B22_3_GE12_90_10,88,SMSE,GE12,4,51,2018-05-31
SMSE_B22_3_GE12_90_10,89,SMSE,GE12,3,54,2018-06-28
SMSE_B22_3_GE12_90_10,90,SMSE,GE12,2,56,2018-07-25
SMSE_B22_3_GE12_90_10,91,SMSE,GE12,2,58,2018-08-29
SMSE_B22_3_GE12_90_10,92,SMSE,GE12,2,60,2018-09-26
SMSE_B22_3_GE12_90_10,94,SMSE,GE12,1,61,2018-11-22
SMSE_B22_3_GE12_90_10,95,SMSE,GE12,1,62,2018-12-13
SMSE_B22_3_GE12_90_10,96,SMSE,GE12,2,64,2019-01-30
SMSE_B22_3_GE12_90_10,97,SMSE,GE12,3,67,2019-02-20
SMSE_B22_3_GE12_90_10,99,SMSE,GE12,1,68,2019-04-04
SMSE_B22_3_GE12_90_10,100,SMSE,GE12,3,71,2019-05-08
SMSE_B22_3_GE12_90_10,101,SMSE,GE12,1,72,2019-06-12
SMSE_B22_3_GE12_90_10,104,SMSE,GE12,1,73,2019-09-25
SMSE_B22_3_GE12_90_10,105,SMSE,GE12,1,74,2019-10-02
SMSE_B22_3_GE12_90_10,106,SMSE,GE12,3,77,2019-11-27
SMSE_B22_3_GE12_90_10,107,SMSE,GE12,2,79,2019-12-26
SMSE_B22_3_GE12_90_10,108,SMSE,GE12,3,82,2020-01-22
SMSE_B22_3_GE12_90_10,109,SMSE,GE12,1,83,2020-02-05
SMSE_B22_3_GE12_90_10,110,SMSE,GE12,1,84,2020-03-04
SMSE_B22_3_GE12_90_10,111,SMSE,GE12,2,86,2020-04-21
SMSE_B22_3_GE12_90_10,119,SMSE,GE12,2,88,2020-12-30
SMSE_B22_3_GE12_90_10,124,SMSE,GE12,2,90,2021-05-19
SMSE_B22_3_GE12_90_10,126,SMSE,GE12,2,92,2021-07-22
SMSE_B22_3_GE12_90_10,127,SMSE,GE12,2,94,2021-08-19
SMSE_B22_3_GE12_90_10,128,SMSE,GE12,1,95,2021-09-01
SMSE_B22_3_GE12_90_10,129,SMSE,GE12,1,96,2021-10-06
SMSE_B22_3_GE12_90_10,137,SMSE,GE12,3,99,2022-06-30
SMSE_B22_3_GE12_90_10,138,SMSE,GE12,4,103,2022-07-27
SMSE_B22_3_GE12_90_10,139,SMSE,GE12,4,107,2022-08-31
SMSE_B22_3_GE12_90_10,140,SMSE,GE12,1,108,2022-09-21
SMSE_B22_3_GE12_90_10,141,SMSE,GE12,1,109,2022-10-19
SMSE_B22_3_GE12_90_10,142,SMSE,GE12,2,111,2022-11-24
SMSE_B22_3_GE12_90_10,143,SMSE,GE12,1,112,2022-12-21
SMSE_B22_3_GE12_90_10,145,SMSE,GE12,2,114,2023-02-08
SMSE_B22_3_GE12_90_10,151,SMSE,GE12,1,115,2023-08-30
SMSE_B22_3_GE12_90_10,152,SMSE,GE12,4,120,2023-09-06
SMSE_B22_3_GE12_90_10,150,SMSE,GE12,1,117,2023-07-26
SMSE_B22_4_GE03_90_25,41,SMSE,GE03,1,2,2014-06-07
SMSE_B22_4_GE03_90_25,40,SMSE,GE03,1,2,2014-05-28
SMSE_B22_4_GE03_90_25,42,SMSE,GE03,1,3,2014-07-16
SMSE_B22_4_GE03_90_25,45,SMSE,GE03,1,6,2014-10-15
SMSE_B22_4_GE03_90_25,43,SMSE,GE03,1,4,2014-08-25
SMSE_B22_4_GE03_90_25,44,SMSE,GE03,1,5,2014-09-22
SMSE_B22_4_GE03_90_25,46,SMSE,GE03,1,7,2014-11-06
SMSE_B22_4_GE03_90_25,47,SMSE,GE03,0,7,2014-12-26
SMSE_B22_4_GE03_90_25,48,SMSE,GE03,2,9,2015-01-29
SMSE_B22_4_GE03_90_25,49,SMSE,GE03,2,11,2015-02-20
SMSE_B22_4_GE03_90_25,50,SMSE,GE03,2,13,2015-03-19
SMSE_B22_4_GE03_90_25,51,SMSE,GE03,1,14,2015-04-09
SMSE_B22_4_GE03_90_25,52,SMSE,GE03,2,16,2015-05-15
SMSE_B22_4_GE03_90_25,54,SMSE,GE03,1,17,2015-07-30
SMSE_B22_4_GE03_90_25,55,SMSE,GE03,2,19,2015-08-22
SMSE_B22_4_GE03_90_25,56,SMSE,GE03,3,22,2015-09-29
SMSE_B22_4_GE03_90_25,57,SMSE,GE03,2,24,2015-10-29
SMSE_B22_4_GE03_90_25,58,SMSE,GE03,3,27,2015-11-25
SMSE_B22_4_GE03_90_25,59,SMSE,GE03,3,30,2015-12-04
SMSE_B22_4_GE03_90_25,60,SMSE,GE03,1,31,2016-01-07
SMSE_B22_4_GE03_90_25,61,SMSE,GE03,2,33,2016-02-04
SMSE_B22_4_GE03_90_25,68,SMSE,GE03,4,37,2016-09-16
SMSE_B22_4_GE03_90_25,69,SMSE,GE03,1,38,2016-10-13
SMSE_B22_4_GE03_90_25,71,SMSE,GE03,2,41,2016-12-17
SMSE_B22_4_GE03_90_25,70,SMSE,GE03,1,40,2016-11-17
SMSE_B22_4_GE03_90_25,72,SMSE,GE03,3,44,2017-01-17
SMSE_B22_4_GE03_90_25,73,SMSE,GE03,1,45,2017-02-09
SMSE_B22_4_GE03_90_25,74,SMSE,GE03,2,47,2017-03-09
SMSE_B22_4_GE03_90_25,75,SMSE,GE03,2,49,2017-04-27
SMSE_B22_4_GE03_90_25,77,SMSE,GE03,1,50,2017-06-28
SMSE_B22_4_GE03_90_25,78,SMSE,GE03,2,52,2017-07-27
SMSE_B22_4_GE03_90_25,79,SMSE,GE03,2,54,2017-08-24
SMSE_B22_4_GE03_90_25,80,SMSE,GE03,2,56,2017-09-23
SMSE_B22_4_GE03_90_25,81,SMSE,GE03,1,57,2017-10-04
SMSE_B22_4_GE03_90_25,82,SMSE,GE03,2,59,2017-11-23
SMSE_B22_4_GE03_90_25,83,SMSE,GE03,2,61,2017-12-14
SMSE_B22_4_GE03_90_25,84,SMSE,GE03,2,63,2018-01-18
SMSE_B22_4_GE03_90_25,85,SMSE,GE03,1,64,2018-02-08
SMSE_B22_4_GE03_90_25,86,SMSE,GE03,1,65,2018-03-29
SMSE_B22_4_GE03_90_25,87,SMSE,GE03,1,66,2018-04-19
SMSE_B22_4_GE03_90_25,91,SMSE,GE03,7,74,2018-08-24
SMSE_B22_4_GE03_90_25,90,SMSE,GE03,1,68,2018-07-26
SMSE_B22_4_GE03_90_25,92,SMSE,GE03,3,77,2018-09-27
SMSE_B22_4_GE03_90_25,93,SMSE,GE03,2,79,2018-10-26
SMSE_B22_4_GE03_90_25,94,SMSE,GE03,3,82,2018-11-29
SMSE_B22_4_GE03_90_25,95,SMSE,GE03,1,83,2018-12-06
SMSE_B22_4_GE03_90_25,96,SMSE,GE03,3,86,2019-01-31
SMSE_B22_4_GE03_90_25,103,SMSE,GE03,2,88,2019-08-22
SMSE_B22_4_GE03_90_25,104,SMSE,GE03,4,92,2019-09-26
SMSE_B22_4_GE03_90_25,105,SMSE,GE03,1,93,2019-10-17
SMSE_B22_4_GE03_90_25,106,SMSE,GE03,4,97,2019-11-28
SMSE_B22_4_GE03_90_25,116,SMSE,GE03,4,101,2020-09-21
SMSE_B22_4_GE03_90_25,117,SMSE,GE03,3,104,2020-10-28
SMSE_B22_4_GE03_90_25,118,SMSE,GE03,2,106,2020-11-26
SMSE_B22_4_GE03_90_25,119,SMSE,GE03,2,108,2020-12-17
SMSE_B22_4_GE03_90_25,120,SMSE,GE03,1,109,2021-01-07
SMSE_B22_4_GE03_90_25,126,SMSE,GE03,1,110,2021-07-29
SMSE_B22_4_GE03_90_25,127,SMSE,GE03,2,112,2021-08-27
SMSE_B22_4_GE03_90_25,128,SMSE,GE03,4,116,2021-09-23
SMSE_B22_4_GE03_90_25,129,SMSE,GE03,3,119,2021-10-22
SMSE_B22_4_GE03_90_25,130,SMSE,GE03,1,120,2021-11-11
SMSE_B22_4_GE03_90_25,131,SMSE,GE03,2,122,2021-12-02
SMSE_B22_4_GE03_90_25,132,SMSE,GE03,1,123,2022-01-06
SMSE_B22_4_GE03_90_25,139,SMSE,GE03,1,124,2022-08-25
SMSE_B22_4_GE03_90_25,140,SMSE,GE03,4,128,2022-09-22
SMSE_B22_4_GE03_90_25,141,SMSE,GE03,2,130,2022-10-20
SMSE_B22_4_GE03_90_25,142,SMSE,GE03,1,131,2022-11-10
SMSE_B22_4_GE03_90_25,143,SMSE,GE03,1,132,2022-12-01
SMSE_B22_4_GE03_90_25,149,SMSE,GE03,1,133,2023-06-30
SMSE_B22_4_GE03_90_25,150,SMSE,GE03,1,134,2023-07-27
SMSE_B22_4_GE03_90_25,151,SMSE,GE03,3,137,2023-08-18
SMSE_B22_4_GE03_90_25,152,SMSE,GE03,2,139,2023-09-29
SMSE_B22_4_GE03_90_25,153,SMSE,GE03,2,141,2023-10-19
SMSE_B22_4_GE03_90_25,154,SMSE,GE03,1,142,2023-11-16
SMSE_B22_4_GE12_91_20,39,SMSE,GE12,0,0,2014-04-16
SMSE_B22_4_GE12_91_20,40,SMSE,GE12,0,0,2014-05-20
SMSE_B22_4_GE12_91_20,41,SMSE,GE12,1,1,2014-06-07
SMSE_B22_4_GE12_91_20,42,SMSE,GE12,1,2,2014-07-16
SMSE_B22_4_GE12_91_20,43,SMSE,GE12,1,3,2014-08-27
SMSE_B22_4_GE12_91_20,44,SMSE,GE12,1,4,2014-09-22
SMSE_B22_4_GE12_91_20,45,SMSE,GE12,1,6,2014-10-30
SMSE_B22_4_GE12_91_20,46,SMSE,GE12,1,6,2014-11-06
SMSE_B22_4_GE12_91_20,47,SMSE,GE12,0,6,2014-12-26
SMSE_B22_4_GE12_91_20,48,SMSE,GE12,2,8,2015-01-29
SMSE_B22_4_GE12_91_20,49,SMSE,GE12,1,9,2015-02-12
SMSE_B22_4_GE12_91_20,50,SMSE,GE12,1,10,2015-03-06
SMSE_B22_4_GE12_91_20,54,SMSE,GE12,1,11,2015-07-30
SMSE_B22_4_GE12_91_20,52,SMSE,GE12,1,12,2015-05-15
SMSE_B22_4_GE12_91_20,55,SMSE,GE12,3,15,2015-08-22
SMSE_B22_4_GE12_91_20,56,SMSE,GE12,3,18,2015-09-17
SMSE_B22_4_GE12_91_20,57,SMSE,GE12,2,20,2015-10-08
SMSE_B22_4_GE12_91_20,58,SMSE,GE12,3,23,2015-11-25
SMSE_B22_4_GE12_91_20,59,SMSE,GE12,1,24,2015-12-04
SMSE_B22_4_GE12_91_20,60,SMSE,GE12,2,26,2016-01-07
SMSE_B22_4_GE12_91_20,61,SMSE,GE12,2,28,2016-02-04
SMSE_B22_4_GE12_91_20,62,SMSE,GE12,1,29,2016-03-03
SMSE_B22_4_GE12_91_20,68,SMSE,GE12,2,31,2016-09-01
SMSE_B22_4_GE12_91_20,69,SMSE,GE12,1,32,2016-10-20
SMSE_B22_4_GE12_91_20,70,SMSE,GE12,4,36,2016-11-17
SMSE_B22_4_GE12_91_20,71,SMSE,GE12,3,39,2016-12-17
SMSE_B22_4_GE12_91_20,72,SMSE,GE12,1,40,2017-01-05
SMSE_B22_4_GE12_91_20,77,SMSE,GE12,1,41,2017-06-28
SMSE_B22_4_GE12_91_20,78,SMSE,GE12,2,43,2017-07-27
SMSE_B22_4_GE12_91_20,79,SMSE,GE12,1,44,2017-08-24
SMSE_B22_4_GE12_91_20,80,SMSE,GE12,5,49,2017-09-23
SMSE_B22_4_GE12_91_20,82,SMSE,GE12,1,50,2017-11-23
SMSE_B22_4_GE12_91_20,83,SMSE,GE12,1,51,2017-12-14
SMSE_B22_4_GE12_91_20,90,SMSE,GE12,3,54,2018-07-26
SMSE_B22_4_GE12_91_20,91,SMSE,GE12,6,60,2018-08-24
SMSE_B22_4_GE12_91_20,92,SMSE,GE12,4,64,2018-09-27
SMSE_B22_4_GE12_91_20,93,SMSE,GE12,1,65,2018-10-12
SMSE_B22_4_GE12_91_20,94,SMSE,GE12,1,66,2018-11-01
SMSE_B22_4_GE12_91_20,96,SMSE,GE12,1,67,2019-01-11
SMSE_B22_4_GE12_91_20,97,SMSE,GE12,2,69,2019-02-28
SMSE_B22_4_GE12_91_20,103,SMSE,GE12,3,72,2019-08-28
SMSE_B22_4_GE12_91_20,104,SMSE,GE12,4,76,2019-09-26
SMSE_B22_4_GE12_91_20,105,SMSE,GE12,2,78,2019-10-03
SMSE_B22_4_GE12_91_20,106,SMSE,GE12,1,79,2019-11-07
SMSE_B22_4_GE12_91_20,116,SMSE,GE12,4,84,2020-09-24
SMSE_B22_4_GE12_91_20,115,SMSE,GE12,1,81,2020-08-27
SMSE_B22_4_GE12_91_20,117,SMSE,GE12,3,87,2020-10-22
SMSE_B22_4_GE12_91_20,118,SMSE,GE12,2,89,2020-11-05
SMSE_B22_4_GE12_91_20,119,SMSE,GE12,1,90,2020-12-03
SMSE_B22_4_GE12_91_20,128,SMSE,GE12,4,94,2021-09-23
SMSE_B22_4_GE12_91_20,129,SMSE,GE12,3,97,2021-10-22
SMSE_B22_4_GE12_91_20,130,SMSE,GE12,2,99,2021-11-18
SMSE_B22_4_GE12_91_20,131,SMSE,GE12,2,101,2021-12-16
SMSE_B22_4_GE12_91_20,132,SMSE,GE12,1,102,2022-01-06
SMSE_B22_4_GE12_91_20,142,SMSE,GE12,5,108,2022-11-10
SMSE_B22_4_GE12_91_20,141,SMSE,GE12,1,107,2022-10-20
SMSE_B22_4_GE12_91_20,143,SMSE,GE12,1,109,2022-12-01
SMSE_B22_4_GE12_91_20,144,SMSE,GE12,1,110,2023-01-12
SMSE_B22_4_GE16_91_25,42,SMSE,GE16,1,1,2014-07-16
SMSE_B22_4_GE16_91_25,43,SMSE,GE16,1,2,2014-08-29
SMSE_B22_4_GE16_91_25,44,SMSE,GE16,1,3,2014-09-20
SMSE_B22_4_GE16_91_25,45,SMSE,GE16,1,4,2014-10-31
SMSE_B22_4_GE16_91_25,46,SMSE,GE16,1,5,2014-11-13
SMSE_B22_4_GE16_91_25,47,SMSE,GE16,0,5,2014-12-26
SMSE_B22_4_GE16_91_25,48,SMSE,GE16,1,6,2015-01-08
SMSE_B22_4_GE16_91_25,49,SMSE,GE16,1,7,2015-02-12
SMSE_B22_4_GE16_91_25,52,SMSE,GE16,1,8,2015-05-15
SMSE_B22_4_GE16_91_25,54,SMSE,GE16,1,9,2015-07-30
SMSE_B22_4_GE16_91_25,55,SMSE,GE16,2,11,2015-08-22
SMSE_B22_4_GE16_91_25,56,SMSE,GE16,2,13,2015-09-29
SMSE_B22_4_GE16_91_25,57,SMSE,GE16,2,15,2015-10-29
SMSE_B22_4_GE16_91_25,58,SMSE,GE16,3,18,2015-11-25
SMSE_B22_4_GE16_91_25,59,SMSE,GE16,1,19,2015-12-04
SMSE_B22_4_GE16_91_25,60,SMSE,GE16,2,21,2016-01-07
SMSE_B22_4_GE16_91_25,68,SMSE,GE16,4,25,2016-09-22
SMSE_B22_4_GE16_91_25,69,SMSE,GE16,3,28,2016-10-20
SMSE_B22_4_GE16_91_25,70,SMSE,GE16,2,30,2016-11-17
SMSE_B22_4_GE16_91_25,71,SMSE,GE16,2,32,2016-12-08
SMSE_B22_4_GE16_91_25,77,SMSE,GE16,1,33,2017-06-28
SMSE_B22_4_GE16_91_25,78,SMSE,GE16,4,37,2017-07-27
SMSE_B22_4_GE16_91_25,79,SMSE,GE16,4,41,2017-08-24
SMSE_B22_4_GE16_91_25,80,SMSE,GE16,1,42,2017-09-23
SMSE_B22_4_GE16_91_25,89,SMSE,GE16,1,43,2018-06-21
SMSE_B22_4_GE16_91_25,90,SMSE,GE16,4,48,2018-07-19
SMSE_B22_4_GE16_91_25,91,SMSE,GE16,4,51,2018-08-24
SMSE_B22_4_GE16_91_25,92,SMSE,GE16,2,53,2018-09-20
SMSE_B22_4_GE16_91_25,102,SMSE,GE16,5,58,2019-07-25
SMSE_B22_4_GE16_91_25,103,SMSE,GE16,3,61,2019-08-28
SMSE_B22_4_GE16_91_25,104,SMSE,GE16,2,63,2019-09-26
SMSE_B22_4_GE16_91_25,109,SMSE,GE16,1,64,2020-02-27
SMSE_B22_4_GE16_91_25,115,SMSE,GE16,2,71,2020-08-01
SMSE_B22_4_GE16_91_25,116,SMSE,GE16,4,69,2020-09-24
SMSE_B22_4_GE16_91_25,117,SMSE,GE16,2,72,2020-10-28
SMSE_B22_4_GE16_91_25,118,SMSE,GE16,1,73,2020-11-05
SMSE_B22_4_GE16_91_25,126,SMSE,GE16,1,74,2021-07-23
SMSE_B22_4_GE16_91_25,127,SMSE,GE16,5,79,2021-08-27
SMSE_B22_4_GE16_91_25,128,SMSE,GE16,1,80,2021-09-23
SMSE_B22_4_GE16_91_25,129,SMSE,GE16,1,81,2021-10-07
SMSE_B22_4_GE16_91_25,137,SMSE,GE16,2,84,2022-06-25
SMSE_B22_4_GE16_91_25,138,SMSE,GE16,6,89,2022-07-28
SMSE_B22_4_GE16_91_25,139,SMSE,GE16,2,91,2022-08-25
SMSE_B22_4_GE16_91_25,140,SMSE,GE16,1,92,2022-09-08
SMSE_B22_4_GE16_91_25,141,SMSE,GE16,2,94,2022-10-20
SMSE_B22_4_GE16_91_25,149,SMSE,GE16,5,101,2023-06-30
SMSE_B22_4_GE16_91_25,148,SMSE,GE16,1,96,2023-05-19
SMSE_B22_4_GE16_91_25,150,SMSE,GE16,4,104,2023-07-27
SMSE_B22_4_GE16_91_25,152,SMSE,GE16,2,106,2023-09-29
SMSE_B22_4_GE16_91_25,151,SMSE,GE16,1,107,2023-08-18
SMSE_B22_3_GE12_91_9,42,SMSE,GE12,1,1,2014-07-18
SMSE_B22_3_GE12_91_9,43,SMSE,GE12,1,2,2014-08-18
SMSE_B22_3_GE12_91_9,44,SMSE,GE12,0,2,2014-09-22
SMSE_B22_3_GE12_91_9,45,SMSE,GE12,2,4,2014-10-22
SMSE_B22_3_GE12_91_9,46,SMSE,GE12,1,5,2014-11-28
SMSE_B22_3_GE12_91_9,47,SMSE,GE12,0,5,2014-12-03
SMSE_B22_3_GE12_91_9,48,SMSE,GE12,3,8,2015-01-28
SMSE_B22_3_GE12_91_9,49,SMSE,GE12,2,10,2015-02-18
SMSE_B22_3_GE12_91_9,56,SMSE,GE12,1,11,2015-09-09
SMSE_B22_3_GE12_91_9,55,SMSE,GE12,1,12,2015-08-26
SMSE_B22_3_GE12_91_9,57,SMSE,GE12,8,20,2015-10-15
SMSE_B22_3_GE12_91_9,58,SMSE,GE12,4,24,2015-11-25
SMSE_B22_3_GE12_91_9,59,SMSE,GE12,1,25,2015-12-10
SMSE_B22_3_GE12_91_9,60,SMSE,GE12,4,29,2016-01-28
SMSE_B22_3_GE12_91_9,71,SMSE,GE12,5,34,2016-12-21
SMSE_B22_3_GE12_91_9,72,SMSE,GE12,2,36,2017-01-04
SMSE_B22_3_GE12_91_9,75,SMSE,GE12,1,37,2017-04-27
SMSE_B22_3_GE12_91_9,78,SMSE,GE12,1,38,2017-07-12
SMSE_B22_3_GE12_91_9,79,SMSE,GE12,3,41,2017-08-23
SMSE_B22_3_GE12_91_9,81,SMSE,GE12,2,43,2017-10-04
SMSE_B22_3_GE12_91_9,88,SMSE,GE12,1,44,2018-05-16
SMSE_B22_3_GE12_91_9,90,SMSE,GE12,2,46,2018-07-25
SMSE_B22_3_GE12_91_9,91,SMSE,GE12,5,51,2018-08-29
SMSE_B22_3_GE12_91_9,92,SMSE,GE12,5,56,2018-09-26
SMSE_B22_3_GE12_91_9,93,SMSE,GE12,1,57,2018-10-03
SMSE_B22_3_GE12_91_9,94,SMSE,GE12,1,58,2018-11-22
SMSE_B22_3_GE12_91_9,95,SMSE,GE12,1,59,2018-12-13
SMSE_B22_3_GE12_91_9,96,SMSE,GE12,1,60,2019-01-10
SMSE_B22_3_GE12_91_9,98,SMSE,GE12,1,61,2019-03-13
SMSE_B22_3_GE12_91_9,104,SMSE,GE12,8,69,2019-09-25
SMSE_B22_3_GE12_91_9,105,SMSE,GE12,1,70,2019-10-02
SMSE_B22_3_GE12_91_9,106,SMSE,GE12,3,73,2019-11-13
SMSE_B22_3_GE12_91_9,107,SMSE,GE12,1,74,2019-12-11
SMSE_B22_3_GE12_91_9,116,SMSE,GE12,2,76,2020-09-30
SMSE_B22_3_GE12_91_9,117,SMSE,GE12,2,78,2020-10-27
SMSE_B22_3_GE12_91_9,118,SMSE,GE12,2,80,2020-11-18
SMSE_B22_3_GE12_91_9,119,SMSE,GE12,1,81,2020-12-02
SMSE_B22_3_GE12_91_9,127,SMSE,GE12,1,82,2021-08-19
SMSE_B22_3_GE12_91_9,128,SMSE,GE12,4,86,2021-09-29
SMSE_B22_3_GE12_91_9,129,SMSE,GE12,5,91,2021-10-21
SMSE_B22_3_GE12_91_9,130,SMSE,GE12,1,92,2021-11-18
SMSE_B22_3_GE12_91_9,139,SMSE,GE12,1,93,2022-08-31
SMSE_B22_3_GE12_91_9,140,SMSE,GE12,3,96,2022-09-21
SMSE_B22_3_GE12_91_9,141,SMSE,GE12,3,99,2022-10-05
SMSE_B22_3_GE12_91_9,142,SMSE,GE12,1,100,2022-11-02
SMSE_B22_3_GE12_91_9,143,SMSE,GE12,1,101,2022-12-07
SMSE_B22_3_GE12_91_9,150,SMSE,GE12,1,102,2023-07-26
SMSE_B22_3_GE12_91_9,151,SMSE,GE12,3,105,2023-08-30
SMSE_B22_3_GE12_91_9,152,SMSE,GE12,2,107,2023-09-06
SMSE_B22_4_GE03_92_25,41,SMSE,GE03,2,2,2014-06-21
SMSE_B22_4_GE03_92_25,42,SMSE,GE03,1,3,2014-07-16
SMSE_B22_4_GE03_92_25,44,SMSE,GE03,1,4,2014-09-22
SMSE_B22_4_GE03_92_25,45,SMSE,GE03,1,5,2014-10-30
SMSE_B22_4_GE03_92_25,46,SMSE,GE03,1,6,2014-11-13
SMSE_B22_4_GE03_92_25,47,SMSE,GE03,0,6,2014-12-26
SMSE_B22_4_GE03_92_25,48,SMSE,GE03,1,7,2015-01-08
SMSE_B22_4_GE03_92_25,49,SMSE,GE03,3,10,2015-02-12
SMSE_B22_4_GE03_92_25,50,SMSE,GE03,1,11,2015-03-06
SMSE_B22_4_GE03_92_25,51,SMSE,GE03,1,12,2015-04-09
SMSE_B22_4_GE03_92_25,52,SMSE,GE03,1,13,2015-05-15
SMSE_B22_4_GE03_92_25,54,SMSE,GE03,1,14,2015-07-30
SMSE_B22_4_GE03_92_25,55,SMSE,GE03,2,16,2015-08-22
SMSE_B22_4_GE03_92_25,56,SMSE,GE03,4,20,2015-09-17
SMSE_B22_4_GE03_92_25,57,SMSE,GE03,2,22,2015-10-29
SMSE_B22_4_GE03_92_25,58,SMSE,GE03,4,26,2015-11-25
SMSE_B22_4_GE03_92_25,59,SMSE,GE03,1,27,2015-12-04
SMSE_B22_4_GE03_92_25,60,SMSE,GE03,2,29,2016-01-07
SMSE_B22_4_GE03_92_25,61,SMSE,GE03,2,31,2016-02-04
SMSE_B22_4_GE03_92_25,69,SMSE,GE03,3,34,2016-10-20
SMSE_B22_4_GE03_92_25,70,SMSE,GE03,4,38,2016-11-17
SMSE_B22_4_GE03_92_25,71,SMSE,GE03,2,40,2016-12-17
SMSE_B22_4_GE03_92_25,72,SMSE,GE03,1,41,2017-01-05
SMSE_B22_4_GE03_92_25,76,SMSE,GE03,1,42,2017-05-18
SMSE_B22_4_GE03_92_25,77,SMSE,GE03,2,44,2017-06-15
SMSE_B22_4_GE03_92_25,78,SMSE,GE03,3,47,2017-07-20
SMSE_B22_4_GE03_92_25,79,SMSE,GE03,2,49,2017-08-24
SMSE_B22_4_GE03_92_25,80,SMSE,GE03,1,50,2017-09-07
SMSE_B22_4_GE03_92_25,81,SMSE,GE03,1,51,2017-10-12
SMSE_B22_4_GE03_92_25,82,SMSE,GE03,3,54,2017-11-23
SMSE_B22_4_GE03_92_25,83,SMSE,GE03,1,55,2017-12-14
SMSE_B22_4_GE03_92_25,84,SMSE,GE03,1,56,2018-01-25
SMSE_B22_4_GE03_92_25,86,SMSE,GE03,1,57,2018-03-01
SMSE_B22_4_GE03_92_25,87,SMSE,GE03,2,60,2018-04-19
SMSE_B22_4_GE03_92_25,89,SMSE,GE03,4,66,2018-06-29
SMSE_B22_4_GE03_92_25,88,SMSE,GE03,3,63,2018-05-24
SMSE_B22_4_GE03_92_25,90,SMSE,GE03,1,67,2018-07-12
SMSE_B22_4_GE03_92_25,91,SMSE,GE03,4,71,2018-08-30
SMSE_B22_4_GE03_92_25,92,SMSE,GE03,2,73,2018-09-20
SMSE_B22_4_GE03_92_25,93,SMSE,GE03,2,75,2018-10-19
SMSE_B22_4_GE03_92_25,94,SMSE,GE03,2,77,2018-11-23
SMSE_B22_4_GE03_92_25,95,SMSE,GE03,2,79,2018-12-20
SMSE_B22_4_GE03_92_25,96,SMSE,GE03,1,80,2019-01-11
SMSE_B22_4_GE03_92_25,97,SMSE,GE03,2,82,2019-02-21
SMSE_B22_4_GE03_92_25,98,SMSE,GE03,1,83,2019-03-14
SMSE_B22_4_GE03_92_25,99,SMSE,GE03,1,84,2019-04-11
SMSE_B22_4_GE03_92_25,102,SMSE,GE03,1,85,2019-07-11
SMSE_B22_4_GE03_92_25,103,SMSE,GE03,3,88,2019-08-15
SMSE_B22_4_GE03_92_25,104,SMSE,GE03,4,92,2019-09-26
SMSE_B22_4_GE03_92_25,105,SMSE,GE03,1,93,2019-10-10
SMSE_B22_4_GE03_92_25,106,SMSE,GE03,1,94,2019-11-14
SMSE_B22_4_GE03_92_25,107,SMSE,GE03,3,97,2019-12-27
SMSE_B22_4_GE03_92_25,108,SMSE,GE03,2,99,2020-01-23
SMSE_B22_4_GE03_92_25,109,SMSE,GE03,1,100,2020-02-27
SMSE_B22_4_GE03_92_25,111,SMSE,GE03,1,101,2020-04-09
SMSE_B22_4_GE03_92_25,112,SMSE,GE03,1,102,2020-05-14
SMSE_B22_4_GE03_92_25,115,SMSE,GE03,1,103,2020-08-11
SMSE_B22_4_GE03_92_25,116,SMSE,GE03,3,106,2020-09-17
SMSE_B22_4_GE03_92_25,117,SMSE,GE03,3,109,2020-10-22
SMSE_B22_4_GE03_92_25,118,SMSE,GE03,3,112,2020-11-26
SMSE_B22_4_GE03_92_25,119,SMSE,GE03,1,113,2020-12-17
SMSE_B22_4_GE03_92_25,124,SMSE,GE03,1,114,2021-05-27
SMSE_B22_4_GE03_92_25,125,SMSE,GE03,1,115,2021-06-24
SMSE_B22_4_GE03_92_25,126,SMSE,GE03,2,117,2021-07-23
SMSE_B22_4_GE03_92_25,127,SMSE,GE03,4,121,2021-08-27
SMSE_B22_4_GE03_92_25,128,SMSE,GE03,1,122,2021-09-09
SMSE_B22_4_GE03_92_25,129,SMSE,GE03,3,125,2021-10-22
SMSE_B22_4_GE03_92_25,130,SMSE,GE03,2,127,2021-11-25
SMSE_B22_4_GE03_92_25,131,SMSE,GE03,1,128,2021-12-02
SMSE_B22_4_GE03_92_25,137,SMSE,GE03,1,129,2022-06-25
SMSE_B22_4_GE03_92_25,138,SMSE,GE03,3,132,2022-07-21
SMSE_B22_4_GE03_92_25,139,SMSE,GE03,2,135,2022-08-25
SMSE_B22_4_GE03_92_25,140,SMSE,GE03,2,136,2022-09-29
SMSE_B22_4_GE03_92_25,141,SMSE,GE03,1,137,2022-10-13
SMSE_B22_4_GE03_92_25,142,SMSE,GE03,1,138,2022-11-10
SMSE_B22_4_GE03_92_25,143,SMSE,GE03,2,140,2022-12-22
SMSE_B22_4_GE03_92_25,144,SMSE,GE03,1,141,2023-01-12
SMSE_B22_4_GE03_92_25,145,SMSE,GE03,1,142,2023-02-23
SMSE_B22_4_GE03_92_25,148,SMSE,GE03,2,144,2023-05-19
SMSE_B22_4_GE03_92_25,147,SMSE,GE03,1,145,2023-04-28
SMSE_B22_4_GE03_92_25,149,SMSE,GE03,4,149,2023-06-30
SMSE_B22_4_GE03_92_25,150,SMSE,GE03,2,151,2023-07-27
SMSE_B22_4_GE03_92_25,151,SMSE,GE03,2,153,2023-08-18
SMSE_B22_4_GE03_92_25,152,SMSE,GE03,2,155,2023-09-14
SMSE_B22_4_GE03_92_25,153,SMSE,GE03,2,157,2023-10-19
SMSE_B22_4_GE03_92_25,154,SMSE,GE03,1,158,2023-11-02
SMSE_B22_4_GE03_92_25,155,SMSE,GE03,3,161,2023-12-23
SMSE_B22_3_GE12_92_9,43,SMSE,GE12,1,2,2014-08-27
SMSE_B22_3_GE12_92_9,42,SMSE,GE12,1,1,2014-07-18
SMSE_B22_3_GE12_92_9,44,SMSE,GE12,0,2,2014-09-04
SMSE_B22_3_GE12_92_9,45,SMSE,GE12,1,3,2014-10-15
SMSE_B22_3_GE12_92_9,46,SMSE,GE12,1,4,2014-11-12
SMSE_B22_3_GE12_92_9,47,SMSE,GE12,0,4,2014-12-24
SMSE_B22_3_GE12_92_9,48,SMSE,GE12,2,6,2015-01-14
SMSE_B22_3_GE12_92_9,55,SMSE,GE12,1,7,2015-08-26
SMSE_B22_3_GE12_92_9,56,SMSE,GE12,2,11,2015-09-09
SMSE_B22_3_GE12_92_9,57,SMSE,GE12,6,15,2015-10-15
SMSE_B22_3_GE12_92_9,58,SMSE,GE12,2,17,2015-11-25
SMSE_B22_3_GE12_92_9,59,SMSE,GE12,1,18,2015-12-10
SMSE_B22_3_GE12_92_9,60,SMSE,GE12,3,21,2016-01-13
SMSE_B22_3_GE12_92_9,69,SMSE,GE12,1,22,2016-10-19
SMSE_B22_3_GE12_92_9,70,SMSE,GE12,1,23,2016-11-09
SMSE_B22_3_GE12_92_9,71,SMSE,GE12,3,26,2016-12-07
SMSE_B22_3_GE12_92_9,74,SMSE,GE12,2,28,2017-03-22
SMSE_B22_3_GE12_92_9,75,SMSE,GE12,2,30,2017-04-27
SMSE_B22_3_GE12_92_9,76,SMSE,GE12,2,32,2017-05-17
SMSE_B22_3_GE12_92_9,77,SMSE,GE12,1,33,2017-06-03
SMSE_B22_3_GE12_92_9,85,SMSE,GE12,2,36,2018-02-28
SMSE_B22_3_GE12_92_9,86,SMSE,GE12,4,39,2018-03-28
SMSE_B22_3_GE12_92_9,87,SMSE,GE12,3,42,2018-04-25
SMSE_B22_3_GE12_92_9,88,SMSE,GE12,3,45,2018-05-31
SMSE_B22_3_GE12_92_9,89,SMSE,GE12,3,48,2018-06-20
SMSE_B22_3_GE12_92_9,90,SMSE,GE12,2,50,2018-07-18
SMSE_B22_3_GE12_92_9,91,SMSE,GE12,1,51,2018-08-08
SMSE_B22_3_GE12_92_9,92,SMSE,GE12,2,53,2018-09-26
SMSE_B22_3_GE12_92_9,93,SMSE,GE12,2,55,2018-10-25
SMSE_B22_3_GE12_92_9,99,SMSE,GE12,2,58,2019-04-04
SMSE_B22_3_GE12_92_9,97,SMSE,GE12,1,57,2019-02-13
SMSE_B22_3_GE12_92_9,98,SMSE,GE12,1,59,2019-03-20
SMSE_B22_3_GE12_92_9,100,SMSE,GE12,1,60,2019-05-08
SMSE_B22_3_GE12_92_9,101,SMSE,GE12,1,61,2019-06-12
SMSE_B22_3_GE12_92_9,105,SMSE,GE12,1,62,2019-10-16
SMSE_B22_3_GE12_92_9,106,SMSE,GE12,1,63,2019-11-27
SMSE_B22_3_GE12_92_9,107,SMSE,GE12,2,65,2019-12-26
SMSE_B22_3_GE12_92_9,108,SMSE,GE12,1,66,2020-01-02
SMSE_B22_3_GE12_92_9,109,SMSE,GE12,2,68,2020-02-26
SMSE_B22_3_GE12_92_9,119,SMSE,GE12,2,70,2020-12-23
SMSE_B22_3_GE12_92_9,120,SMSE,GE12,1,71,2021-01-06
SMSE_B22_3_GE12_92_9,122,SMSE,GE12,2,73,2021-03-17
SMSE_B22_3_GE12_92_9,123,SMSE,GE12,1,74,2021-04-07
SMSE_B22_3_GE12_92_9,125,SMSE,GE12,1,75,2021-06-23
SMSE_B22_3_GE12_92_9,126,SMSE,GE12,1,76,2021-07-28
SMSE_B22_3_GE12_92_9,127,SMSE,GE12,1,77,2021-08-19
SMSE_B22_3_GE12_92_9,128,SMSE,GE12,1,78,2021-09-29
SMSE_B22_3_GE12_92_9,129,SMSE,GE12,1,79,2021-10-21
SMSE_B22_3_GE12_92_9,130,SMSE,GE12,1,80,2021-11-18
SMSE_B22_3_GE12_92_9,137,SMSE,GE12,1,81,2022-06-30
SMSE_B22_3_GE12_92_9,138,SMSE,GE12,1,82,2022-07-27
SMSE_B22_3_GE12_92_9,139,SMSE,GE12,4,86,2022-08-31
SMSE_B22_3_GE12_92_9,140,SMSE,GE12,2,88,2022-09-21
SMSE_B22_3_GE12_92_9,141,SMSE,GE12,1,89,2022-10-19
SMSE_B22_4_GE16_96_29,41,SMSE,GE16,1,1,2014-06-14
SMSE_B22_4_GE16_96_29,42,SMSE,GE16,1,2,2014-07-17
SMSE_B22_4_GE16_96_29,43,SMSE,GE16,1,3,2014-08-19
SMSE_B22_4_GE16_96_29,44,SMSE,GE16,2,5,2014-09-30
SMSE_B22_4_GE16_96_29,45,SMSE,GE16,4,9,2014-10-22
SMSE_B22_4_GE16_96_29,46,SMSE,GE16,3,12,2014-11-28
SMSE_B22_4_GE16_96_29,47,SMSE,GE16,2,14,2014-12-26
SMSE_B22_4_GE16_96_29,48,SMSE,GE16,2,16,2015-01-29
SMSE_B22_4_GE16_96_29,49,SMSE,GE16,2,18,2015-02-20
SMSE_B22_4_GE16_96_29,50,SMSE,GE16,2,20,2015-03-19
SMSE_B22_4_GE16_96_29,51,SMSE,GE16,1,21,2015-04-02
SMSE_B22_4_GE16_96_29,52,SMSE,GE16,1,22,2015-05-15
SMSE_B22_4_GE16_96_29,54,SMSE,GE16,1,23,2015-07-30
SMSE_B22_4_GE16_96_29,55,SMSE,GE16,2,25,2015-08-29
SMSE_B22_4_GE16_96_29,56,SMSE,GE16,5,30,2015-09-29
SMSE_B22_4_GE16_96_29,57,SMSE,GE16,3,33,2015-10-29
SMSE_B22_4_GE16_96_29,58,SMSE,GE16,1,34,2015-11-26
SMSE_B22_4_GE16_96_29,59,SMSE,GE16,1,35,2015-12-11
SMSE_B22_4_GE16_96_29,60,SMSE,GE16,2,37,2016-01-07
SMSE_B22_4_GE16_96_29,67,SMSE,GE16,1,38,2016-08-20
SMSE_B22_4_GE16_96_29,68,SMSE,GE16,1,39,2016-09-22
SMSE_B22_4_GE16_96_29,69,SMSE,GE16,2,41,2016-10-20
SMSE_B22_4_GE16_96_29,70,SMSE,GE16,1,42,2016-11-05
SMSE_B22_4_GE16_96_29,71,SMSE,GE16,2,44,2016-12-01
SMSE_B22_4_GE16_96_29,72,SMSE,GE16,3,47,2017-01-05
SMSE_B22_4_GE16_96_29,73,SMSE,GE16,2,49,2017-02-09
SMSE_B22_4_GE16_96_29,74,SMSE,GE16,1,50,2017-03-02
SMSE_B22_4_GE16_96_29,78,SMSE,GE16,2,53,2017-07-27
SMSE_B22_4_GE16_96_29,77,SMSE,GE16,1,52,2017-06-15
SMSE_B22_4_GE16_96_29,79,SMSE,GE16,2,55,2017-08-24
SMSE_B22_4_GE16_96_29,80,SMSE,GE16,2,57,2017-09-23
SMSE_B22_4_GE16_96_29,81,SMSE,GE16,3,60,2017-10-26
SMSE_B22_4_GE16_96_29,82,SMSE,GE16,2,62,2017-11-16
SMSE_B22_4_GE16_96_29,83,SMSE,GE16,2,64,2017-12-28
SMSE_B22_4_GE16_96_29,84,SMSE,GE16,1,65,2018-01-05
SMSE_B22_4_GE16_96_29,85,SMSE,GE16,1,66,2018-02-08
SMSE_B22_4_GE16_96_29,91,SMSE,GE16,6,72,2018-08-30
SMSE_B22_4_GE16_96_29,92,SMSE,GE16,4,76,2018-09-27
SMSE_B22_4_GE16_96_29,93,SMSE,GE16,2,78,2018-10-26
SMSE_B22_4_GE16_96_29,94,SMSE,GE16,3,81,2018-11-23
SMSE_B22_4_GE16_96_29,96,SMSE,GE16,1,82,2019-01-31
SMSE_B22_4_GE16_96_29,103,SMSE,GE16,3,85,2019-08-29
SMSE_B22_4_GE16_96_29,104,SMSE,GE16,3,88,2019-09-26
SMSE_B22_4_GE16_96_29,105,SMSE,GE16,2,90,2019-10-17
SMSE_B22_4_GE16_96_29,106,SMSE,GE16,1,91,2019-11-14
SMSE_B22_4_GE16_96_29,115,SMSE,GE16,3,94,2020-08-27
SMSE_B22_4_GE16_96_29,116,SMSE,GE16,3,97,2020-09-17
SMSE_B22_4_GE16_96_29,117,SMSE,GE16,3,100,2020-10-08
SMSE_B22_4_GE16_96_29,118,SMSE,GE16,2,102,2020-11-19
SMSE_B22_4_GE16_96_29,119,SMSE,GE16,2,104,2020-12-11
SMSE_B22_4_GE16_96_29,120,SMSE,GE16,1,105,2021-01-07
SMSE_B22_4_GE16_96_29,128,SMSE,GE16,7,112,2021-09-23
SMSE_B22_4_GE16_96_29,129,SMSE,GE16,3,115,2021-10-28
SMSE_B22_4_GE16_96_29,130,SMSE,GE16,2,117,2021-11-25
SMSE_B22_4_GE16_96_29,131,SMSE,GE16,1,118,2021-12-09
SMSE_B22_4_GE16_96_29,132,SMSE,GE16,1,119,2022-01-06
SMSE_B22_4_GE16_96_29,139,SMSE,GE16,2,121,2022-08-25
SMSE_B22_4_GE16_96_29,140,SMSE,GE16,5,126,2022-09-29
SMSE_B22_4_GE16_96_29,141,SMSE,GE16,2,128,2022-10-27
SMSE_B22_4_GE16_96_29,142,SMSE,GE16,1,129,2022-11-10
SMSE_B22_4_GE16_96_29,143,SMSE,GE16,1,130,2022-12-01
SMSE_B22_4_GE16_96_29,149,SMSE,GE16,1,131,2023-06-30
SMSE_B22_4_GE16_96_29,150,SMSE,GE16,4,135,2023-07-27
SMSE_B22_4_GE16_96_29,151,SMSE,GE16,1,136,2023-08-18
SMSE_B22_4_GE16_96_29,152,SMSE,GE16,2,138,2023-09-29
SMSE_B22_4_GE16_96_29,153,SMSE,GE16,2,140,2023-10-19
SMSE_B22_4_GE16_96_29,154,SMSE,GE16,1,141,2023-11-09
SMSE_B22_4_GE16_96_31,39,SMSE,GE16,0,0,2014-04-16
SMSE_B22_4_GE16_96_31,40,SMSE,GE16,0,0,2014-05-20
SMSE_B22_4_GE16_96_31,41,SMSE,GE16,2,2,2014-06-07
SMSE_B22_4_GE16_96_31,42,SMSE,GE16,1,3,2014-07-16
SMSE_B22_4_GE16_96_31,43,SMSE,GE16,1,4,2014-08-19
SMSE_B22_4_GE16_96_31,44,SMSE,GE16,0,4,2014-09-22
SMSE_B22_4_GE16_96_31,45,SMSE,GE16,2,6,2014-10-30
SMSE_B22_4_GE16_96_31,46,SMSE,GE16,1,7,2014-11-06
SMSE_B22_4_GE16_96_31,47,SMSE,GE16,0,7,2014-12-26
SMSE_B22_4_GE16_96_31,48,SMSE,GE16,1,8,2015-01-08
SMSE_B22_4_GE16_96_31,49,SMSE,GE16,1,9,2015-02-05
SMSE_B22_4_GE16_96_31,50,SMSE,GE16,2,11,2015-03-06
SMSE_B22_4_GE16_96_31,51,SMSE,GE16,1,12,2015-04-02
SMSE_B22_4_GE16_96_31,52,SMSE,GE16,1,13,2015-05-15
SMSE_B22_4_GE16_96_31,54,SMSE,GE16,1,14,2015-07-23
SMSE_B22_4_GE16_96_31,55,SMSE,GE16,3,17,2015-08-29
SMSE_B22_4_GE16_96_31,56,SMSE,GE16,3,20,2015-09-29
SMSE_B22_4_GE16_96_31,57,SMSE,GE16,4,24,2015-10-29
SMSE_B22_4_GE16_96_31,58,SMSE,GE16,2,26,2015-11-26
SMSE_B22_4_GE16_96_31,67,SMSE,GE16,3,29,2016-08-25
SMSE_B22_4_GE16_96_31,68,SMSE,GE16,4,33,2016-09-29
SMSE_B22_4_GE16_96_31,69,SMSE,GE16,2,35,2016-10-27
SMSE_B22_4_GE16_96_31,70,SMSE,GE16,1,36,2016-11-05
SMSE_B22_4_GE16_96_31,71,SMSE,GE16,3,39,2016-12-01
SMSE_B22_4_GE16_96_31,72,SMSE,GE16,2,41,2017-01-05
SMSE_B22_4_GE16_96_31,74,SMSE,GE16,2,43,2017-03-30
SMSE_B22_4_GE16_96_31,77,SMSE,GE16,1,44,2017-06-28
SMSE_B22_4_GE16_96_31,78,SMSE,GE16,2,46,2017-07-27
SMSE_B22_4_GE16_96_31,79,SMSE,GE16,3,49,2017-08-10
SMSE_B22_4_GE16_96_31,80,SMSE,GE16,5,54,2017-09-23
SMSE_B22_4_GE16_96_31,82,SMSE,GE16,1,55,2017-11-02
SMSE_B22_4_GE16_96_31,83,SMSE,GE16,1,56,2017-12-14
SMSE_B22_4_GE16_96_31,90,SMSE,GE16,4,60,2018-07-26
SMSE_B22_4_GE16_96_31,91,SMSE,GE16,6,66,2018-08-30
SMSE_B22_4_GE16_96_31,92,SMSE,GE16,2,68,2018-09-20
SMSE_B22_4_GE16_96_31,93,SMSE,GE16,2,70,2018-10-19
SMSE_B22_4_GE16_96_31,94,SMSE,GE16,2,72,2018-11-16
SMSE_B22_4_GE16_96_31,103,SMSE,GE16,4,76,2019-08-29
SMSE_B22_4_GE16_96_31,104,SMSE,GE16,2,78,2019-09-19
SMSE_B22_4_GE16_96_31,105,SMSE,GE16,1,79,2019-10-03
SMSE_B22_4_GE16_96_31,106,SMSE,GE16,5,84,2019-11-28
SMSE_B22_4_GE16_96_31,115,SMSE,GE16,1,85,2020-08-27
SMSE_B22_4_GE16_96_31,116,SMSE,GE16,3,88,2020-09-24
SMSE_B22_4_GE16_96_31,117,SMSE,GE16,2,90,2020-10-15
SMSE_B22_4_GE16_96_31,118,SMSE,GE16,3,93,2020-11-19
SMSE_B22_4_GE16_96_31,119,SMSE,GE16,2,95,2020-12-30
SMSE_B22_4_GE16_96_31,120,SMSE,GE16,1,96,2021-01-07
SMSE_B22_4_GE16_96_31,128,SMSE,GE16,5,101,2021-09-16
SMSE_B22_4_GE16_96_31,129,SMSE,GE16,4,105,2021-10-28
SMSE_B22_4_GE16_96_31,130,SMSE,GE16,1,106,2021-11-18
SMSE_B22_4_GE16_96_31,131,SMSE,GE16,2,108,2021-12-23
SMSE_B22_4_GE16_96_31,132,SMSE,GE16,1,109,2022-01-06
SMSE_B22_4_GE16_96_31,139,SMSE,GE16,1,110,2022-08-25
SMSE_B22_4_GE16_96_31,140,SMSE,GE16,3,113,2022-09-22
SMSE_B22_4_GE16_96_31,141,SMSE,GE16,1,114,2022-10-27
SMSE_B22_4_GE16_96_31,142,SMSE,GE16,2,116,2022-11-17
SMSE_B22_4_GE16_96_31,143,SMSE,GE16,2,118,2022-12-16
SMSE_B22_4_GE16_96_31,151,SMSE,GE16,1,119,2023-08-11
SMSE_B22_4_GE16_96_31,150,SMSE,GE16,1,120,2023-07-27
SMSE_B22_4_GE16_96_31,152,SMSE,GE16,4,124,2023-09-07
SMSE_B22_4_GE16_96_31,153,SMSE,GE16,2,126,2023-10-19
SMSE_B22_4_GE16_96_31,154,SMSE,GE16,1,127,2023-11-09
TOWE_POGP37_1_GE06_14_13,44,TOWE,GE06,1,1,2016-02-01
TOWE_POGP37_1_GE06_14_13,45,TOWE,GE06,1,2,2016-03-14
TOWE_POGP37_1_GE06_14_13,46,TOWE,GE06,2,4,2016-04-18
TOWE_POGP37_1_GE06_14_13,47,TOWE,GE06,3,7,2016-05-30
TOWE_POGP37_1_GE06_14_13,51,TOWE,GE06,1,8,2016-09-06
TOWE_POGP37_1_GE06_14_13,59,TOWE,GE06,1,9,2017-05-22
TOWE_POGP37_1_GE06_14_13,60,TOWE,GE06,1,10,2017-06-19
TOWE_POGP37_1_GE06_14_13,61,TOWE,GE06,1,11,2017-07-10
TOWE_POGP37_1_GE06_14_13,62,TOWE,GE06,1,12,2017-08-07
TOWE_POGP37_1_GE06_14_13,64,TOWE,GE06,1,13,2017-10-23
TOWE_POGP37_1_GE06_14_13,67,TOWE,GE06,2,15,2018-01-15
TOWE_POGP37_1_GE06_14_13,68,TOWE,GE06,2,17,2018-02-19
TOWE_POGP37_1_GE06_14_13,69,TOWE,GE06,2,19,2018-03-12
TOWE_POGP37_1_GE06_14_13,75,TOWE,GE06,1,20,2018-09-17
TOWE_POGP37_1_GE06_14_13,79,TOWE,GE06,3,23,2019-01-07
TOWE_POGP37_1_GE06_14_13,80,TOWE,GE06,2,26,2019-02-18
TOWE_POGP37_1_GE06_14_13,81,TOWE,GE06,4,29,2019-03-18
TOWE_POGP37_1_GE06_14_13,82,TOWE,GE06,3,32,2019-04-15
TOWE_POGP37_1_GE06_14_13,91,TOWE,GE06,1,33,2020-01-27
TOWE_POGP37_1_GE06_14_13,92,TOWE,GE06,2,35,2020-02-03
TOWE_POGP37_1_GE06_14_13,93,TOWE,GE06,3,38,2020-03-30
TOWE_POGP37_1_GE06_14_13,94,TOWE,GE06,2,40,2020-04-06
TOWE_POGP37_1_GE06_14_13,98,TOWE,GE06,1,41,2020-08-31
TOWE_POGP37_1_GE06_14_13,104,TOWE,GE06,1,42,2021-02-18
TOWE_POGP37_1_GE06_14_13,106,TOWE,GE06,3,45,2021-04-22
TOWE_POGP37_1_GE06_14_13,107,TOWE,GE06,1,46,2021-05-05
TOWE_POGP37_1_GE06_14_13,111,TOWE,GE06,1,47,2021-09-30
TOWE_POGP37_1_GE06_14_13,117,TOWE,GE06,1,48,2022-03-14
TOWE_POGP37_1_GE06_14_13,118,TOWE,GE06,2,50,2022-04-04
TOWE_POGP37_1_GE06_14_13,119,TOWE,GE06,1,51,2022-05-03
TOWE_POGP37_1_GE06_14_13,120,TOWE,GE06,2,53,2022-06-08
TOWE_POGP37_1_GE06_14_13,129,TOWE,GE06,2,55,2023-03-01
TOWE_POGP37_1_GE06_14_13,132,TOWE,GE06,1,56,2023-06-07
TOWE_POGP37_1_GE06_14_13,139,TOWE,GE06,2,58,2024-01-22
TOWE_POGP37_1_GE06_14_13,143,TOWE,GE06,1,59,2024-05-21
TOWE_POGP37_1_GE06_14_13,144,TOWE,GE06,1,60,2024-06-04
TOWE_POGP37_1_GE06_14_13,145,TOWE,GE06,1,61,2024-07-01
TOWE_POGP37_1_GE06_14_14,44,TOWE,GE06,2,2,2016-02-08
TOWE_POGP37_1_GE06_14_14,45,TOWE,GE06,2,4,2016-03-21
TOWE_POGP37_1_GE06_14_14,46,TOWE,GE06,4,8,2016-04-25
TOWE_POGP37_1_GE06_14_14,48,TOWE,GE06,1,9,2016-06-06
TOWE_POGP37_1_GE06_14_14,60,TOWE,GE06,2,11,2017-06-19
TOWE_POGP37_1_GE06_14_14,61,TOWE,GE06,1,12,2017-07-24
TOWE_POGP37_1_GE06_14_14,62,TOWE,GE06,1,13,2017-08-14
TOWE_POGP37_1_GE06_14_14,68,TOWE,GE06,3,16,2018-02-26
TOWE_POGP37_1_GE06_14_14,69,TOWE,GE06,5,21,2018-03-19
TOWE_POGP37_1_GE06_14_14,80,TOWE,GE06,4,25,2019-02-04
TOWE_POGP37_1_GE06_14_14,81,TOWE,GE06,5,30,2019-03-18
TOWE_POGP37_1_GE06_14_14,82,TOWE,GE06,5,35,2019-04-29
TOWE_POGP37_1_GE06_14_14,83,TOWE,GE06,1,36,2019-05-13
TOWE_POGP37_1_GE06_14_14,93,TOWE,GE06,5,42,2020-03-30
TOWE_POGP37_1_GE06_14_14,92,TOWE,GE06,1,38,2020-02-24
TOWE_POGP37_1_GE06_14_14,94,TOWE,GE06,1,43,2020-04-06
TOWE_POGP37_1_GE06_14_14,98,TOWE,GE06,1,44,2020-08-31
TOWE_POGP37_1_GE06_14_14,104,TOWE,GE06,1,45,2021-02-18
TOWE_POGP37_1_GE06_14_14,105,TOWE,GE06,3,48,2021-03-18
TOWE_POGP37_1_GE06_14_14,106,TOWE,GE06,4,52,2021-04-29
TOWE_POGP37_1_GE06_14_14,107,TOWE,GE06,1,53,2021-05-05
TOWE_POGP37_1_GE06_14_14,108,TOWE,GE06,1,54,2021-06-09
TOWE_POGP37_1_GE06_14_14,118,TOWE,GE06,1,55,2022-04-11
TOWE_POGP37_1_GE06_14_14,119,TOWE,GE06,3,58,2022-05-03
TOWE_POGP37_1_GE06_14_14,120,TOWE,GE06,2,60,2022-06-08
TOWE_POGP37_1_GE06_14_14,121,TOWE,GE06,1,61,2022-07-18
TOWE_POGP37_1_GE06_14_14,129,TOWE,GE06,1,62,2023-03-21
TOWE_POGP37_1_GE06_14_14,139,TOWE,GE06,1,63,2024-01-22
TOWE_POGP37_1_GE06_14_14,140,TOWE,GE06,1,64,2024-02-01
TOWE_POGP37_1_GE06_14_14,141,TOWE,GE06,2,66,2024-03-05
TOWE_POGP37_1_GE06_14_14,142,TOWE,GE06,3,69,2024-04-16
TOWE_POGP37_1_GE06_14_14,143,TOWE,GE06,2,71,2024-05-01
TOWE_POGP37_1_GE06_14_14,144,TOWE,GE06,1,72,2024-06-04
TOWE_POGP37_1_GE06_14_15,42,TOWE,GE06,1,1,2015-12-14
TOWE_POGP37_1_GE06_14_15,44,TOWE,GE06,5,6,2016-02-15
TOWE_POGP37_1_GE06_14_15,45,TOWE,GE06,2,8,2016-03-21
TOWE_POGP37_1_GE06_14_15,46,TOWE,GE06,2,10,2016-04-18
TOWE_POGP37_1_GE06_14_15,47,TOWE,GE06,2,12,2016-05-30
TOWE_POGP37_1_GE06_14_15,59,TOWE,GE06,2,14,2017-05-15
TOWE_POGP37_1_GE06_14_15,60,TOWE,GE06,1,15,2017-06-12
TOWE_POGP37_1_GE06_14_15,61,TOWE,GE06,1,16,2017-07-17
TOWE_POGP37_1_GE06_14_15,62,TOWE,GE06,2,18,2017-08-21
TOWE_POGP37_1_GE06_14_15,63,TOWE,GE06,2,20,2017-09-25
TOWE_POGP37_1_GE06_14_15,64,TOWE,GE06,1,21,2017-10-16
TOWE_POGP37_1_GE06_14_15,68,TOWE,GE06,3,25,2018-02-12
TOWE_POGP37_1_GE06_14_15,67,TOWE,GE06,1,23,2018-01-29
TOWE_POGP37_1_GE06_14_15,78,TOWE,GE06,1,26,2018-12-31
TOWE_POGP37_1_GE06_14_15,79,TOWE,GE06,2,28,2019-01-28
TOWE_POGP37_1_GE06_14_15,80,TOWE,GE06,3,31,2019-02-11
TOWE_POGP37_1_GE06_14_15,81,TOWE,GE06,4,35,2019-03-18
TOWE_POGP37_1_GE06_14_15,82,TOWE,GE06,1,36,2019-04-01
TOWE_POGP37_1_GE06_14_15,91,TOWE,GE06,4,40,2020-01-27
TOWE_POGP37_1_GE06_14_15,92,TOWE,GE06,3,43,2020-02-10
TOWE_POGP37_1_GE06_14_15,93,TOWE,GE06,4,47,2020-03-30
TOWE_POGP37_1_GE06_14_15,105,TOWE,GE06,4,51,2021-03-25
TOWE_POGP37_1_GE06_14_15,106,TOWE,GE06,4,55,2021-04-29
TOWE_POGP37_1_GE06_14_15,118,TOWE,GE06,4,60,2022-04-04
TOWE_POGP37_1_GE06_14_15,117,TOWE,GE06,1,57,2022-03-21
TOWE_POGP37_1_GE06_14_15,119,TOWE,GE06,5,65,2022-05-03
TOWE_POGP37_1_GE06_14_15,131,TOWE,GE06,3,68,2023-05-23
TOWE_POGP37_1_GE06_14_15,139,TOWE,GE06,2,70,2024-01-22
TOWE_POGP37_1_GE06_14_15,140,TOWE,GE06,1,71,2024-02-13
TOWE_POGP37_1_GE06_14_15,141,TOWE,GE06,2,73,2024-03-05
TOWE_POGP37_1_GE06_14_15,142,TOWE,GE06,1,74,2024-04-24
TOWE_POGP37_1_GE06_14_15,143,TOWE,GE06,2,76,2024-05-28
TOWE_POGP37_2_GE02_14_18,45,TOWE,GE02,1,1,2016-03-29
TOWE_POGP37_2_GE02_14_18,46,TOWE,GE02,2,3,2016-04-26
TOWE_POGP37_2_GE02_14_18,47,TOWE,GE02,3,6,2016-05-24
TOWE_POGP37_2_GE02_14_18,48,TOWE,GE02,2,8,2016-06-14
TOWE_POGP37_2_GE02_14_18,50,TOWE,GE02,2,10,2016-08-16
TOWE_POGP37_2_GE02_14_18,51,TOWE,GE02,2,12,2016-09-06
TOWE_POGP37_2_GE02_14_18,57,TOWE,GE02,1,13,2017-03-07
TOWE_POGP37_2_GE02_14_18,60,TOWE,GE02,3,16,2017-06-20
TOWE_POGP37_2_GE02_14_18,62,TOWE,GE02,4,20,2017-08-29
TOWE_POGP37_2_GE02_14_18,63,TOWE,GE02,1,21,2017-09-19
TOWE_POGP37_2_GE02_14_18,64,TOWE,GE02,1,22,2017-10-03
TOWE_POGP37_2_GE02_14_18,69,TOWE,GE02,2,24,2018-03-06
TOWE_POGP37_2_GE02_14_18,70,TOWE,GE02,1,25,2018-04-03
TOWE_POGP37_2_GE02_14_18,74,TOWE,GE02,2,27,2018-08-21
TOWE_POGP37_2_GE02_14_18,75,TOWE,GE02,2,29,2018-09-11
TOWE_POGP37_2_GE02_14_18,76,TOWE,GE02,1,30,2018-10-02
TOWE_POGP37_2_GE02_14_18,80,TOWE,GE02,3,33,2019-02-19
TOWE_POGP37_2_GE02_14_18,81,TOWE,GE02,3,36,2019-03-19
TOWE_POGP37_2_GE02_14_18,82,TOWE,GE02,5,41,2019-04-16
TOWE_POGP37_2_GE02_14_18,93,TOWE,GE02,3,44,2020-03-24
TOWE_POGP37_2_GE02_14_18,94,TOWE,GE02,5,49,2020-04-21
TOWE_POGP37_2_GE02_14_18,99,TOWE,GE02,3,52,2020-09-29
TOWE_POGP37_2_GE02_14_18,106,TOWE,GE02,4,56,2021-04-29
TOWE_POGP37_2_GE02_14_18,107,TOWE,GE02,1,57,2021-05-13
TOWE_POGP37_2_GE02_14_18,108,TOWE,GE02,1,58,2021-06-03
TOWE_POGP37_2_GE02_14_18,118,TOWE,GE02,3,67,2022-04-18
TOWE_POGP37_2_GE02_14_18,119,TOWE,GE02,6,65,2022-05-10
TOWE_POGP37_2_GE02_14_18,120,TOWE,GE02,2,69,2022-06-08
TOWE_POGP37_2_GE02_14_18,132,TOWE,GE02,1,70,2023-06-07
TOWE_POGP37_2_GE02_14_18,141,TOWE,GE02,1,71,2024-03-12
TOWE_POGP37_2_GE02_14_18,142,TOWE,GE02,1,72,2024-04-16
TOWE_POGP37_2_GE02_14_18,143,TOWE,GE02,1,73,2024-05-01
TOWE_POGP37_2_GE02_14_18,144,TOWE,GE02,1,74,2024-06-04
TOWE_POGP37_2_GE02_14_19,44,TOWE,GE02,2,2,2016-02-23
TOWE_POGP37_2_GE02_14_19,45,TOWE,GE02,1,3,2016-03-29
TOWE_POGP37_2_GE02_14_19,47,TOWE,GE02,2,7,2016-05-03
TOWE_POGP37_2_GE02_14_19,46,TOWE,GE02,2,6,2016-04-19
TOWE_POGP37_2_GE02_14_19,49,TOWE,GE02,3,10,2016-07-26
TOWE_POGP37_2_GE02_14_19,50,TOWE,GE02,1,11,2016-08-23
TOWE_POGP37_2_GE02_14_19,56,TOWE,GE02,1,12,2017-02-28
TOWE_POGP37_2_GE02_14_19,59,TOWE,GE02,4,16,2017-05-16
TOWE_POGP37_2_GE02_14_19,60,TOWE,GE02,4,22,2017-06-20
TOWE_POGP37_2_GE02_14_19,61,TOWE,GE02,1,20,2017-07-25
TOWE_POGP37_2_GE02_14_19,62,TOWE,GE02,1,21,2017-08-22
TOWE_POGP37_2_GE02_14_19,68,TOWE,GE02,3,25,2018-02-27
TOWE_POGP37_2_GE02_14_19,69,TOWE,GE02,2,27,2018-03-06
TOWE_POGP37_2_GE02_14_19,72,TOWE,GE02,1,28,2018-06-26
TOWE_POGP37_2_GE02_14_19,79,TOWE,GE02,6,34,2019-01-08
TOWE_POGP37_2_GE02_14_19,80,TOWE,GE02,4,38,2019-02-26
TOWE_POGP37_2_GE02_14_19,81,TOWE,GE02,3,41,2019-03-19
TOWE_POGP37_2_GE02_14_19,82,TOWE,GE02,1,42,2019-04-02
TOWE_POGP37_2_GE02_14_19,92,TOWE,GE02,3,49,2020-02-19
TOWE_POGP37_2_GE02_14_19,91,TOWE,GE02,3,46,2020-01-28
TOWE_POGP37_2_GE02_14_19,93,TOWE,GE02,2,50,2020-03-10
TOWE_POGP37_2_GE02_14_19,94,TOWE,GE02,4,54,2020-04-28
TOWE_POGP37_2_GE02_14_19,106,TOWE,GE02,5,61,2021-04-07
TOWE_POGP37_2_GE02_14_19,105,TOWE,GE02,2,57,2021-03-18
TOWE_POGP37_2_GE02_14_19,107,TOWE,GE02,3,64,2021-05-20
TOWE_POGP37_2_GE02_14_19,108,TOWE,GE02,3,67,2021-06-29
TOWE_POGP37_2_GE02_14_19,119,TOWE,GE02,4,72,2022-05-10
TOWE_POGP37_2_GE02_14_19,118,TOWE,GE02,1,70,2022-04-26
TOWE_POGP37_2_GE02_14_19,120,TOWE,GE02,3,75,2022-06-08
TOWE_POGP37_2_GE02_14_19,121,TOWE,GE02,2,77,2022-07-19
TOWE_POGP37_2_GE02_14_19,130,TOWE,GE02,2,79,2023-04-12
TOWE_POGP37_2_GE02_14_19,132,TOWE,GE02,1,80,2023-06-07
TOWE_POGP37_2_GE02_14_19,141,TOWE,GE02,3,84,2024-03-12
TOWE_POGP37_2_GE02_14_19,140,TOWE,GE02,1,82,2024-02-13
TOWE_POGP37_2_GE02_14_19,142,TOWE,GE02,1,85,2024-04-16
TOWE_POGP37_2_GE02_14_19,143,TOWE,GE02,1,86,2024-05-28
TOWE_POGP37_2_GE16_14_23,45,TOWE,GE16,1,1,2016-03-01
TOWE_POGP37_2_GE16_14_23,46,TOWE,GE16,1,2,2016-04-05
TOWE_POGP37_2_GE16_14_23,47,TOWE,GE16,9,11,2016-05-24
TOWE_POGP37_2_GE16_14_23,48,TOWE,GE16,2,13,2016-06-14
TOWE_POGP37_2_GE16_14_23,60,TOWE,GE16,1,14,2017-06-27
TOWE_POGP37_2_GE16_14_23,61,TOWE,GE16,1,15,2017-07-25
TOWE_POGP37_2_GE16_14_23,62,TOWE,GE16,2,17,2017-08-29
TOWE_POGP37_2_GE16_14_23,63,TOWE,GE16,1,18,2017-09-12
TOWE_POGP37_2_GE16_14_23,64,TOWE,GE16,1,19,2017-10-03
TOWE_POGP37_2_GE16_14_23,67,TOWE,GE16,2,21,2018-01-30
TOWE_POGP37_2_GE16_14_23,68,TOWE,GE16,2,23,2018-02-27
TOWE_POGP37_2_GE16_14_23,69,TOWE,GE16,2,25,2018-03-13
TOWE_POGP37_2_GE16_14_23,80,TOWE,GE16,5,31,2019-02-26
TOWE_POGP37_2_GE16_14_23,81,TOWE,GE16,4,34,2019-03-12
TOWE_POGP37_2_GE16_14_23,82,TOWE,GE16,2,36,2019-04-02
TOWE_POGP37_2_GE16_14_23,93,TOWE,GE16,4,40,2020-03-17
TOWE_POGP37_2_GE16_14_23,94,TOWE,GE16,2,42,2020-04-07
TOWE_POGP37_2_GE16_14_23,105,TOWE,GE16,1,43,2021-03-18
TOWE_POGP37_2_GE16_14_23,111,TOWE,GE16,1,44,2021-09-15
TOWE_POGP37_2_GE16_14_23,116,TOWE,GE16,1,45,2022-02-09
TOWE_POGP37_2_GE16_14_23,117,TOWE,GE16,2,48,2022-03-21
TOWE_POGP37_2_GE16_14_23,118,TOWE,GE16,2,49,2022-04-05
TOWE_POGP37_2_GE16_14_23,120,TOWE,GE16,1,50,2022-06-08
TOWE_POGP37_2_GE16_14_23,130,TOWE,GE16,1,51,2023-04-26
TOWE_POGP37_2_GE16_14_23,141,TOWE,GE16,2,53,2024-03-19
TOWE_POGP37_2_GE16_14_23,142,TOWE,GE16,2,55,2024-04-03
TOWE_POGP37_2_GE16_14_23,143,TOWE,GE16,1,56,2024-05-14
TOWE_POGP37_2_GE16_14_24,44,TOWE,GE16,3,3,2016-02-02
TOWE_POGP37_2_GE16_14_24,46,TOWE,GE16,1,4,2016-04-26
TOWE_POGP37_2_GE16_14_24,47,TOWE,GE16,5,9,2016-05-17
TOWE_POGP37_2_GE16_14_24,58,TOWE,GE16,2,11,2017-04-25
TOWE_POGP37_2_GE16_14_24,61,TOWE,GE16,1,12,2017-07-18
TOWE_POGP37_2_GE16_14_24,62,TOWE,GE16,1,13,2017-08-01
TOWE_POGP37_2_GE16_14_24,63,TOWE,GE16,2,15,2017-09-19
TOWE_POGP37_2_GE16_14_24,64,TOWE,GE16,1,16,2017-10-10
TOWE_POGP37_2_GE16_14_24,65,TOWE,GE16,1,17,2017-11-21
TOWE_POGP37_2_GE16_14_24,69,TOWE,GE16,6,24,2018-03-27
TOWE_POGP37_2_GE16_14_24,70,TOWE,GE16,1,20,2018-04-10
TOWE_POGP37_2_GE16_14_24,82,TOWE,GE16,5,31,2019-04-23
TOWE_POGP37_2_GE16_14_24,81,TOWE,GE16,2,28,2019-03-05
TOWE_POGP37_2_GE16_14_24,94,TOWE,GE16,6,39,2020-04-21
TOWE_POGP37_2_GE16_14_24,95,TOWE,GE16,3,40,2020-05-12
TOWE_POGP37_2_GE16_14_24,117,TOWE,GE16,1,41,2022-03-21
TOWE_POGP37_2_GE16_14_24,118,TOWE,GE16,3,44,2022-04-05
TOWE_POGP37_2_GE16_14_24,130,TOWE,GE16,2,46,2023-04-19
TOWE_POGP37_2_GE16_14_24,132,TOWE,GE16,2,48,2023-06-27
TOWE_POGP37_2_GE16_14_24,141,TOWE,GE16,1,49,2024-03-12
TOWE_POGP37_2_GE16_14_24,142,TOWE,GE16,1,50,2024-04-03
TOWE_POGP37_2_GE16_14_25,41,TOWE,GE16,1,1,2015-11-17
TOWE_POGP37_2_GE16_14_25,44,TOWE,GE16,2,3,2016-02-02
TOWE_POGP37_2_GE16_14_25,46,TOWE,GE16,3,6,2016-04-26
TOWE_POGP37_2_GE16_14_25,59,TOWE,GE16,1,7,2017-05-16
TOWE_POGP37_2_GE16_14_25,60,TOWE,GE16,2,9,2017-06-13
TOWE_POGP37_2_GE16_14_25,69,TOWE,GE16,3,12,2018-03-20
TOWE_POGP37_2_GE16_14_25,72,TOWE,GE16,2,15,2018-06-12
TOWE_POGP37_2_GE16_14_25,71,TOWE,GE16,1,14,2018-05-29
TOWE_POGP37_2_GE16_14_25,73,TOWE,GE16,1,16,2018-07-31
TOWE_POGP37_2_GE16_14_25,82,TOWE,GE16,2,18,2019-04-16
TOWE_POGP37_2_GE16_14_25,88,TOWE,GE16,2,20,2019-10-22
TOWE_POGP37_2_GE16_14_25,99,TOWE,GE16,2,23,2020-09-01
TOWE_POGP37_2_GE16_14_25,98,TOWE,GE16,1,22,2020-08-04
TOWE_POGP37_2_GE16_14_25,106,TOWE,GE16,1,24,2021-04-01
TOWE_POGP37_2_GE16_14_25,108,TOWE,GE16,1,25,2021-06-24
TOWE_POGP37_2_GE16_14_25,109,TOWE,GE16,1,26,2021-07-13
TOWE_POGP37_2_GE16_14_25,111,TOWE,GE16,1,27,2021-09-15
TOWE_POGP37_2_GE16_14_25,118,TOWE,GE16,1,28,2022-04-12
TOWE_POGP37_2_GE16_14_25,129,TOWE,GE16,1,29,2023-03-01
TOWE_POGP37_2_GE16_14_25,131,TOWE,GE16,1,30,2023-05-16
TOWE_POGP37_2_GE16_14_25,140,TOWE,GE16,1,31,2024-02-13
TOWE_POGP37_2_GE16_14_25,141,TOWE,GE16,2,33,2024-03-19
TOWE_POGP37_2_GE16_14_25,142,TOWE,GE16,1,34,2024-04-03
TOWE_POGP37_2_GE16_14_25,143,TOWE,GE16,1,35,2024-05-14
TOWE_POGP37_1_GE12_14_3,41,TOWE,GE12,2,2,2015-11-23
TOWE_POGP37_1_GE12_14_3,44,TOWE,GE12,2,4,2016-02-01
TOWE_POGP37_1_GE12_14_3,45,TOWE,GE12,2,6,2016-03-21
TOWE_POGP37_1_GE12_14_3,46,TOWE,GE12,3,9,2016-04-18
TOWE_POGP37_1_GE12_14_3,47,TOWE,GE12,5,14,2016-05-30
TOWE_POGP37_1_GE12_14_3,48,TOWE,GE12,1,15,2016-06-13
TOWE_POGP37_1_GE12_14_3,49,TOWE,GE12,2,17,2016-07-04
TOWE_POGP37_1_GE12_14_3,59,TOWE,GE12,1,18,2017-05-15
TOWE_POGP37_1_GE12_14_3,60,TOWE,GE12,4,22,2017-06-12
TOWE_POGP37_1_GE12_14_3,61,TOWE,GE12,1,23,2017-07-03
TOWE_POGP37_1_GE12_14_3,63,TOWE,GE12,1,24,2017-09-25
TOWE_POGP37_1_GE12_14_3,64,TOWE,GE12,2,26,2017-10-09
TOWE_POGP37_1_GE12_14_3,65,TOWE,GE12,1,27,2017-11-06
TOWE_POGP37_1_GE12_14_3,66,TOWE,GE12,2,29,2017-12-25
TOWE_POGP37_1_GE12_14_3,72,TOWE,GE12,2,31,2018-06-18
TOWE_POGP37_1_GE12_14_3,73,TOWE,GE12,2,33,2018-07-30
TOWE_POGP37_1_GE12_14_3,74,TOWE,GE12,1,34,2018-08-02
TOWE_POGP37_1_GE12_14_3,75,TOWE,GE12,2,36,2018-09-03
TOWE_POGP37_1_GE12_14_3,76,TOWE,GE12,3,39,2018-10-22
TOWE_POGP37_1_GE12_14_3,77,TOWE,GE12,1,40,2018-11-12
TOWE_POGP37_1_GE12_14_3,78,TOWE,GE12,2,42,2018-12-10
TOWE_POGP37_1_GE12_14_3,79,TOWE,GE12,2,44,2019-01-28
TOWE_POGP37_1_GE12_14_3,80,TOWE,GE12,2,46,2019-02-25
TOWE_POGP37_1_GE12_14_3,81,TOWE,GE12,1,47,2019-03-11
TOWE_POGP37_1_GE12_14_3,82,TOWE,GE12,1,48,2019-04-01
TOWE_POGP37_1_GE12_14_3,92,TOWE,GE12,2,52,2020-02-03
TOWE_POGP37_1_GE12_14_3,91,TOWE,GE12,3,53,2020-01-27
TOWE_POGP37_1_GE12_14_3,93,TOWE,GE12,1,54,2020-03-30
TOWE_POGP37_1_GE12_14_3,94,TOWE,GE12,1,55,2020-04-06
TOWE_POGP37_1_GE12_14_3,97,TOWE,GE12,1,56,2020-07-20
TOWE_POGP37_1_GE12_14_3,98,TOWE,GE12,1,57,2020-08-10
TOWE_POGP37_1_GE12_14_3,99,TOWE,GE12,2,59,2020-09-14
TOWE_POGP37_1_GE12_14_3,100,TOWE,GE12,1,60,2020-10-26
TOWE_POGP37_1_GE12_14_3,105,TOWE,GE12,1,61,2021-03-18
TOWE_POGP37_1_GE12_14_3,106,TOWE,GE12,4,65,2021-04-29
TOWE_POGP37_1_GE12_14_3,107,TOWE,GE12,3,68,2021-05-20
TOWE_POGP37_1_GE12_14_3,108,TOWE,GE12,1,69,2021-06-24
TOWE_POGP37_1_GE12_14_3,109,TOWE,GE12,1,70,2021-07-14
TOWE_POGP37_1_GE12_14_3,120,TOWE,GE12,3,73,2022-06-08
TOWE_POGP37_1_GE12_14_3,121,TOWE,GE12,3,76,2022-07-18
TOWE_POGP37_1_GE12_14_3,131,TOWE,GE12,2,78,2023-05-23
TOWE_POGP37_1_GE12_14_3,141,TOWE,GE12,1,79,2024-03-05
TOWE_POGP37_1_GE12_14_3,142,TOWE,GE12,1,80,2024-04-16
TOWE_POGP37_1_GE12_14_4,44,TOWE,GE12,2,2,2016-02-08
TOWE_POGP37_1_GE12_14_4,45,TOWE,GE12,1,3,2016-03-14
TOWE_POGP37_1_GE12_14_4,46,TOWE,GE12,1,4,2016-04-04
TOWE_POGP37_1_GE12_14_4,47,TOWE,GE12,3,7,2016-05-23
TOWE_POGP37_1_GE12_14_4,48,TOWE,GE12,1,8,2016-06-13
TOWE_POGP37_1_GE12_14_4,58,TOWE,GE12,5,13,2017-04-24
TOWE_POGP37_1_GE12_14_4,59,TOWE,GE12,3,16,2017-05-15
TOWE_POGP37_1_GE12_14_4,60,TOWE,GE12,1,17,2017-06-12
TOWE_POGP37_1_GE12_14_4,61,TOWE,GE12,1,18,2017-07-10
TOWE_POGP37_1_GE12_14_4,62,TOWE,GE12,1,19,2017-08-07
TOWE_POGP37_1_GE12_14_4,63,TOWE,GE12,1,20,2017-09-11
TOWE_POGP37_1_GE12_14_4,72,TOWE,GE12,3,23,2018-06-25
TOWE_POGP37_1_GE12_14_4,73,TOWE,GE12,2,25,2018-07-30
TOWE_POGP37_1_GE12_14_4,74,TOWE,GE12,2,27,2018-08-20
TOWE_POGP37_1_GE12_14_4,75,TOWE,GE12,2,29,2018-09-24
TOWE_POGP37_1_GE12_14_4,76,TOWE,GE12,1,30,2018-10-08
TOWE_POGP37_1_GE12_14_4,77,TOWE,GE12,1,31,2018-11-05
TOWE_POGP37_1_GE12_14_4,78,TOWE,GE12,2,33,2018-12-03
TOWE_POGP37_1_GE12_14_4,82,TOWE,GE12,3,39,2019-04-01
TOWE_POGP37_1_GE12_14_4,81,TOWE,GE12,2,38,2019-03-18
TOWE_POGP37_1_GE12_14_4,80,TOWE,GE12,1,36,2019-02-25
TOWE_POGP37_1_GE12_14_4,86,TOWE,GE12,1,40,2019-08-19
TOWE_POGP37_1_GE12_14_4,87,TOWE,GE12,1,41,2019-09-02
TOWE_POGP37_1_GE12_14_4,91,TOWE,GE12,2,43,2020-01-20
TOWE_POGP37_1_GE12_14_4,92,TOWE,GE12,4,47,2020-02-19
TOWE_POGP37_1_GE12_14_4,93,TOWE,GE12,4,51,2020-03-23
TOWE_POGP37_1_GE12_14_4,94,TOWE,GE12,1,52,2020-04-06
TOWE_POGP37_1_GE12_14_4,96,TOWE,GE12,2,54,2020-06-29
TOWE_POGP37_1_GE12_14_4,97,TOWE,GE12,1,55,2020-07-27
TOWE_POGP37_1_GE12_14_4,98,TOWE,GE12,1,56,2020-08-04
TOWE_POGP37_1_GE12_14_4,99,TOWE,GE12,1,57,2020-09-07
TOWE_POGP37_1_GE12_14_4,105,TOWE,GE12,3,60,2021-03-25
TOWE_POGP37_1_GE12_14_4,106,TOWE,GE12,2,62,2021-04-29
TOWE_POGP37_1_GE12_14_4,110,TOWE,GE12,1,63,2021-08-11
TOWE_POGP37_1_GE12_14_4,111,TOWE,GE12,2,65,2021-09-15
TOWE_POGP37_1_GE12_14_4,117,TOWE,GE12,2,68,2022-03-14
TOWE_POGP37_1_GE12_14_4,118,TOWE,GE12,2,69,2022-04-04
TOWE_POGP37_1_GE12_14_4,119,TOWE,GE12,6,75,2022-05-19
TOWE_POGP37_1_GE12_14_4,130,TOWE,GE12,1,76,2023-04-26
TOWE_POGP37_1_GE12_14_4,131,TOWE,GE12,1,77,2023-05-23
TOWE_POGP37_1_GE12_14_4,141,TOWE,GE12,1,78,2024-03-05
TOWE_POGP37_1_GE12_14_4,142,TOWE,GE12,1,79,2024-04-01
TOWE_POGP37_1_GE12_14_5,46,TOWE,GE12,4,4,2016-04-18
TOWE_POGP37_1_GE12_14_5,47,TOWE,GE12,2,6,2016-05-02
TOWE_POGP37_1_GE12_14_5,59,TOWE,GE12,2,8,2017-05-29
TOWE_POGP37_1_GE12_14_5,60,TOWE,GE12,2,10,2017-06-19
TOWE_POGP37_1_GE12_14_5,61,TOWE,GE12,1,11,2017-07-03
TOWE_POGP37_1_GE12_14_5,64,TOWE,GE12,1,12,2017-10-30
TOWE_POGP37_1_GE12_14_5,65,TOWE,GE12,1,13,2017-11-20
TOWE_POGP37_1_GE12_14_5,74,TOWE,GE12,3,16,2018-08-27
TOWE_POGP37_1_GE12_14_5,76,TOWE,GE12,1,17,2018-10-15
TOWE_POGP37_1_GE12_14_5,80,TOWE,GE12,8,25,2019-02-18
TOWE_POGP37_1_GE12_14_5,81,TOWE,GE12,3,28,2019-03-11
TOWE_POGP37_1_GE12_14_5,82,TOWE,GE12,3,31,2019-04-29
TOWE_POGP37_1_GE12_14_5,93,TOWE,GE12,1,32,2020-03-09
TOWE_POGP37_1_GE12_14_5,94,TOWE,GE12,1,33,2020-04-20
TOWE_POGP37_1_GE12_14_5,95,TOWE,GE12,1,34,2020-05-04
TOWE_POGP37_1_GE12_14_5,98,TOWE,GE12,1,35,2020-08-10
TOWE_POGP37_1_GE12_14_5,99,TOWE,GE12,3,38,2020-09-28
TOWE_POGP37_1_GE12_14_5,100,TOWE,GE12,1,39,2020-10-26
TOWE_POGP37_1_GE12_14_5,101,TOWE,GE12,1,40,2020-11-09
TOWE_POGP37_1_GE12_14_5,102,TOWE,GE12,2,42,2020-12-23
TOWE_POGP37_1_GE12_14_5,105,TOWE,GE12,1,43,2021-03-25
TOWE_POGP37_1_GE12_14_5,106,TOWE,GE12,2,45,2021-04-22
TOWE_POGP37_1_GE12_14_5,107,TOWE,GE12,1,46,2021-05-05
TOWE_POGP37_1_GE12_14_5,118,TOWE,GE12,2,49,2022-04-11
TOWE_POGP37_1_GE12_14_5,117,TOWE,GE12,1,48,2022-03-28
TOWE_POGP37_1_GE12_14_5,119,TOWE,GE12,4,53,2022-05-19
TOWE_POGP37_1_GE12_14_5,131,TOWE,GE12,2,55,2023-05-11
TOWE_POGP37_1_GE12_14_5,141,TOWE,GE12,1,56,2024-03-13
TOWE_POGP37_1_GE12_14_5,142,TOWE,GE12,1,57,2024-04-24
TOWE_POGP37_1_GE12_14_5,143,TOWE,GE12,1,58,2024-05-01
TOWE_POGP37_1_GE12_14_5,144,TOWE,GE12,1,59,2024-06-17
TOWE_POGP37_2_GE02_15_20,42,TOWE,GE02,1,1,2015-12-28
TOWE_POGP37_2_GE02_15_20,46,TOWE,GE02,4,5,2016-04-26
TOWE_POGP37_2_GE02_15_20,47,TOWE,GE02,6,11,2016-05-17
TOWE_POGP37_2_GE02_15_20,48,TOWE,GE02,2,13,2016-06-21
TOWE_POGP37_2_GE02_15_20,57,TOWE,GE02,2,15,2017-03-28
TOWE_POGP37_2_GE02_15_20,58,TOWE,GE02,2,17,2017-04-18
TOWE_POGP37_2_GE02_15_20,59,TOWE,GE02,3,20,2017-05-30
TOWE_POGP37_2_GE02_15_20,60,TOWE,GE02,2,22,2017-06-06
TOWE_POGP37_2_GE02_15_20,61,TOWE,GE02,2,24,2017-07-04
TOWE_POGP37_2_GE02_15_20,62,TOWE,GE02,1,25,2017-08-29
TOWE_POGP37_2_GE02_15_20,64,TOWE,GE02,1,26,2017-10-10
TOWE_POGP37_2_GE02_15_20,69,TOWE,GE02,2,28,2018-03-13
TOWE_POGP37_2_GE02_15_20,73,TOWE,GE02,1,29,2018-07-03
TOWE_POGP37_2_GE02_15_20,79,TOWE,GE02,6,37,2019-01-29
TOWE_POGP37_2_GE02_15_20,80,TOWE,GE02,5,40,2019-02-19
TOWE_POGP37_2_GE02_15_20,81,TOWE,GE02,4,45,2019-03-19
TOWE_POGP37_2_GE02_15_20,82,TOWE,GE02,2,46,2019-04-02
TOWE_POGP37_2_GE02_15_20,92,TOWE,GE02,3,49,2020-02-25
TOWE_POGP37_2_GE02_15_20,93,TOWE,GE02,1,50,2020-03-10
TOWE_POGP37_2_GE02_15_20,94,TOWE,GE02,3,53,2020-04-07
TOWE_POGP37_2_GE02_15_20,99,TOWE,GE02,5,58,2020-09-22
TOWE_POGP37_2_GE02_15_20,104,TOWE,GE02,1,59,2021-02-25
TOWE_POGP37_2_GE02_15_20,106,TOWE,GE02,5,65,2021-04-29
TOWE_POGP37_2_GE02_15_20,105,TOWE,GE02,1,61,2021-03-25
TOWE_POGP37_2_GE02_15_20,108,TOWE,GE02,5,70,2021-06-29
TOWE_POGP37_2_GE02_15_20,119,TOWE,GE02,2,72,2022-05-10
TOWE_POGP37_2_GE02_15_20,120,TOWE,GE02,4,76,2022-06-08
TOWE_POGP37_2_GE02_15_20,130,TOWE,GE02,1,77,2023-04-04
TOWE_POGP37_2_GE02_15_20,131,TOWE,GE02,1,78,2023-05-16
TOWE_POGP37_2_GE02_15_20,140,TOWE,GE02,1,79,2024-02-20
TOWE_POGP37_2_GE02_15_20,142,TOWE,GE02,1,80,2024-04-03
TOWE_POGP37_1_GE16_19_10,41,TOWE,GE16,2,2,2015-11-09
TOWE_POGP37_1_GE16_19_10,44,TOWE,GE16,3,5,2016-02-08
TOWE_POGP37_1_GE16_19_10,45,TOWE,GE16,1,6,2016-03-14
TOWE_POGP37_1_GE16_19_10,46,TOWE,GE16,6,12,2016-04-25
TOWE_POGP37_1_GE16_19_10,47,TOWE,GE16,2,14,2016-05-09
TOWE_POGP37_1_GE16_19_10,48,TOWE,GE16,2,16,2016-06-13
TOWE_POGP37_1_GE16_19_10,49,TOWE,GE16,1,17,2016-07-04
TOWE_POGP37_1_GE16_19_10,57,TOWE,GE16,1,18,2017-03-20
TOWE_POGP37_1_GE16_19_10,58,TOWE,GE16,2,20,2017-04-10
TOWE_POGP37_1_GE16_19_10,60,TOWE,GE16,2,22,2017-06-26
TOWE_POGP37_1_GE16_19_10,68,TOWE,GE16,4,28,2018-02-26
TOWE_POGP37_1_GE16_19_10,69,TOWE,GE16,4,30,2018-03-26
TOWE_POGP37_1_GE16_19_10,78,TOWE,GE16,2,32,2018-12-31
TOWE_POGP37_1_GE16_19_10,79,TOWE,GE16,3,35,2019-01-28
TOWE_POGP37_1_GE16_19_10,80,TOWE,GE16,3,38,2019-02-18
TOWE_POGP37_1_GE16_19_10,81,TOWE,GE16,3,41,2019-03-18
TOWE_POGP37_1_GE16_19_10,83,TOWE,GE16,1,42,2019-05-20
TOWE_POGP37_1_GE16_19_10,84,TOWE,GE16,2,44,2019-06-24
TOWE_POGP37_1_GE16_19_10,93,TOWE,GE16,3,51,2020-03-09
TOWE_POGP37_1_GE16_19_10,92,TOWE,GE16,4,49,2020-02-03
TOWE_POGP37_1_GE16_19_10,100,TOWE,GE16,1,52,2020-10-05
TOWE_POGP37_1_GE16_19_10,105,TOWE,GE16,5,58,2021-03-11
TOWE_POGP37_1_GE16_19_10,106,TOWE,GE16,6,63,2021-04-08
TOWE_POGP37_1_GE16_19_10,118,TOWE,GE16,2,66,2022-04-11
TOWE_POGP37_1_GE16_19_10,119,TOWE,GE16,3,68,2022-05-03
TOWE_POGP37_1_GE16_19_10,123,TOWE,GE16,1,69,2022-09-22
TOWE_POGP37_1_GE16_19_10,130,TOWE,GE16,1,70,2023-04-19
TOWE_POGP37_1_GE16_19_10,131,TOWE,GE16,1,71,2023-05-04
TOWE_POGP37_1_GE16_19_10,142,TOWE,GE16,1,72,2024-04-01
TOWE_POGP37_1_GE16_19_10,143,TOWE,GE16,1,73,2024-05-01
TOWE_POGP37_3_GE09_19_13,45,TOWE,GE09,2,2,2016-03-31
TOWE_POGP37_3_GE09_19_13,47,TOWE,GE09,5,7,2016-05-18
TOWE_POGP37_3_GE09_19_13,48,TOWE,GE09,3,10,2016-06-15
TOWE_POGP37_3_GE09_19_13,64,TOWE,GE09,1,11,2017-10-18
TOWE_POGP37_3_GE09_19_13,66,TOWE,GE09,1,12,2017-12-07
TOWE_POGP37_3_GE09_19_13,68,TOWE,GE09,2,15,2018-02-28
TOWE_POGP37_3_GE09_19_13,67,TOWE,GE09,1,14,2018-01-17
TOWE_POGP37_3_GE09_19_13,69,TOWE,GE09,2,18,2018-03-28
TOWE_POGP37_3_GE09_19_13,70,TOWE,GE09,2,19,2018-04-11
TOWE_POGP37_3_GE09_19_13,80,TOWE,GE09,3,22,2019-02-27
TOWE_POGP37_3_GE09_19_13,81,TOWE,GE09,4,26,2019-03-27
TOWE_POGP37_3_GE09_19_13,82,TOWE,GE09,2,28,2019-04-24
TOWE_POGP37_3_GE09_19_13,83,TOWE,GE09,3,31,2019-05-22
TOWE_POGP37_3_GE09_19_13,84,TOWE,GE09,2,33,2019-06-05
TOWE_POGP37_3_GE09_19_13,94,TOWE,GE09,1,34,2020-04-15
TOWE_POGP37_3_GE09_19_13,95,TOWE,GE09,4,38,2020-05-13
TOWE_POGP37_3_GE09_19_13,106,TOWE,GE09,1,39,2021-04-29
TOWE_POGP37_3_GE09_19_13,107,TOWE,GE09,5,44,2021-05-20
TOWE_POGP37_3_GE09_19_13,108,TOWE,GE09,3,47,2021-06-24
TOWE_POGP37_3_GE09_19_13,120,TOWE,GE09,2,49,2022-06-09
TOWE_POGP37_3_GE09_19_13,121,TOWE,GE09,2,51,2022-07-20
TOWE_POGP37_3_GE09_19_13,132,TOWE,GE09,2,53,2023-06-01
TOWE_POGP37_3_GE09_19_13,143,TOWE,GE09,1,54,2024-05-14
TOWE_POGP37_3_GE09_19_14,41,TOWE,GE09,1,1,2015-11-18
TOWE_POGP37_3_GE09_19_14,46,TOWE,GE09,2,4,2016-04-27
TOWE_POGP37_3_GE09_19_14,47,TOWE,GE09,4,7,2016-05-18
TOWE_POGP37_3_GE09_19_14,60,TOWE,GE09,1,8,2017-06-14
TOWE_POGP37_3_GE09_19_14,61,TOWE,GE09,3,11,2017-07-26
TOWE_POGP37_3_GE09_19_14,62,TOWE,GE09,1,12,2017-08-16
TOWE_POGP37_3_GE09_19_14,63,TOWE,GE09,2,14,2017-09-13
TOWE_POGP37_3_GE09_19_14,65,TOWE,GE09,1,15,2017-11-15
TOWE_POGP37_3_GE09_19_14,66,TOWE,GE09,1,16,2017-12-20
TOWE_POGP37_3_GE09_19_14,69,TOWE,GE09,4,20,2018-03-28
TOWE_POGP37_3_GE09_19_14,70,TOWE,GE09,1,21,2018-04-11
TOWE_POGP37_3_GE09_19_14,79,TOWE,GE09,2,26,2019-01-02
TOWE_POGP37_3_GE09_19_14,77,TOWE,GE09,1,23,2018-11-14
TOWE_POGP37_3_GE09_19_14,78,TOWE,GE09,2,25,2018-12-19
TOWE_POGP37_3_GE09_19_14,80,TOWE,GE09,1,27,2019-02-06
TOWE_POGP37_3_GE09_19_14,81,TOWE,GE09,4,31,2019-03-20
TOWE_POGP37_3_GE09_19_14,82,TOWE,GE09,4,35,2019-04-17
TOWE_POGP37_3_GE09_19_14,83,TOWE,GE09,1,36,2019-05-01
TOWE_POGP37_3_GE09_19_14,94,TOWE,GE09,6,42,2020-04-22
TOWE_POGP37_3_GE09_19_14,95,TOWE,GE09,4,46,2020-05-13
TOWE_POGP37_3_GE09_19_14,107,TOWE,GE09,4,51,2021-05-20
TOWE_POGP37_3_GE09_19_14,106,TOWE,GE09,1,48,2021-04-29
TOWE_POGP37_3_GE09_19_14,108,TOWE,GE09,2,53,2021-06-30
TOWE_POGP37_3_GE09_19_14,111,TOWE,GE09,1,54,2021-09-01
TOWE_POGP37_3_GE09_19_14,118,TOWE,GE09,2,58,2022-04-18
TOWE_POGP37_3_GE09_19_14,119,TOWE,GE09,1,56,2022-05-05
TOWE_POGP37_3_GE09_19_14,120,TOWE,GE09,2,59,2022-06-01
TOWE_POGP37_3_GE09_19_14,121,TOWE,GE09,2,61,2022-07-20
TOWE_POGP37_3_GE09_19_14,131,TOWE,GE09,2,63,2023-05-10
TOWE_POGP37_3_GE09_19_14,132,TOWE,GE09,1,64,2023-06-29
TOWE_POGP37_3_GE09_19_14,141,TOWE,GE09,1,65,2024-03-21
TOWE_POGP37_3_GE09_19_14,142,TOWE,GE09,1,66,2024-04-17
TOWE_POGP37_3_GE09_19_15,41,TOWE,GE09,1,1,2015-11-11
TOWE_POGP37_3_GE09_19_15,46,TOWE,GE09,6,7,2016-04-20
TOWE_POGP37_3_GE09_19_15,47,TOWE,GE09,6,13,2016-05-25
TOWE_POGP37_3_GE09_19_15,48,TOWE,GE09,2,15,2016-06-15
TOWE_POGP37_3_GE09_19_15,49,TOWE,GE09,1,16,2016-07-13
TOWE_POGP37_3_GE09_19_15,58,TOWE,GE09,4,20,2017-04-26
TOWE_POGP37_3_GE09_19_15,59,TOWE,GE09,1,21,2017-05-10
TOWE_POGP37_3_GE09_19_15,61,TOWE,GE09,3,24,2017-07-19
TOWE_POGP37_3_GE09_19_15,62,TOWE,GE09,2,26,2017-08-23
TOWE_POGP37_3_GE09_19_15,63,TOWE,GE09,1,27,2017-09-13
TOWE_POGP37_3_GE09_19_15,64,TOWE,GE09,2,29,2017-10-18
TOWE_POGP37_3_GE09_19_15,65,TOWE,GE09,1,30,2017-11-29
TOWE_POGP37_3_GE09_19_15,68,TOWE,GE09,1,31,2018-02-28
TOWE_POGP37_3_GE09_19_15,69,TOWE,GE09,5,36,2018-03-28
TOWE_POGP37_3_GE09_19_15,70,TOWE,GE09,1,37,2018-04-11
TOWE_POGP37_3_GE09_19_15,76,TOWE,GE09,1,38,2018-10-03
TOWE_POGP37_3_GE09_19_15,80,TOWE,GE09,3,41,2019-02-27
TOWE_POGP37_3_GE09_19_15,81,TOWE,GE09,6,48,2019-03-20
TOWE_POGP37_3_GE09_19_15,82,TOWE,GE09,3,50,2019-04-17
TOWE_POGP37_3_GE09_19_15,86,TOWE,GE09,1,51,2019-08-28
TOWE_POGP37_3_GE09_19_15,93,TOWE,GE09,3,54,2020-03-18
TOWE_POGP37_3_GE09_19_15,94,TOWE,GE09,6,60,2020-04-29
TOWE_POGP37_3_GE09_19_15,97,TOWE,GE09,2,62,2020-07-15
TOWE_POGP37_3_GE09_19_15,98,TOWE,GE09,2,64,2020-08-26
TOWE_POGP37_3_GE09_19_15,99,TOWE,GE09,1,65,2020-09-23
TOWE_POGP37_3_GE09_19_15,106,TOWE,GE09,1,66,2021-04-29
TOWE_POGP37_3_GE09_19_15,107,TOWE,GE09,2,68,2021-05-13
TOWE_POGP37_3_GE09_19_15,111,TOWE,GE09,1,69,2021-09-21
TOWE_POGP37_3_GE09_19_15,112,TOWE,GE09,1,70,2021-10-20
TOWE_POGP37_3_GE09_19_15,117,TOWE,GE09,1,71,2022-03-22
TOWE_POGP37_3_GE09_19_15,118,TOWE,GE09,4,75,2022-04-13
TOWE_POGP37_3_GE09_19_15,119,TOWE,GE09,2,77,2022-05-05
TOWE_POGP37_3_GE09_19_15,130,TOWE,GE09,1,78,2023-04-05
TOWE_POGP37_3_GE09_19_15,131,TOWE,GE09,2,80,2023-05-10
TOWE_POGP37_3_GE09_19_15,132,TOWE,GE09,1,81,2023-06-01
TOWE_POGP37_3_GE09_19_15,141,TOWE,GE09,1,82,2024-03-13
TOWE_POGP37_3_GE09_19_15,142,TOWE,GE09,1,83,2024-04-17
TOWE_POGP37_1_GE09_19_3,41,TOWE,GE09,2,2,2015-11-30
TOWE_POGP37_1_GE09_19_3,44,TOWE,GE09,2,4,2016-02-08
TOWE_POGP37_1_GE09_19_3,46,TOWE,GE09,5,9,2016-04-18
TOWE_POGP37_1_GE09_19_3,47,TOWE,GE09,5,14,2016-05-30
TOWE_POGP37_1_GE09_19_3,48,TOWE,GE09,2,16,2016-06-20
TOWE_POGP37_1_GE09_19_3,49,TOWE,GE09,1,17,2016-07-11
TOWE_POGP37_1_GE09_19_3,59,TOWE,GE09,4,21,2017-05-08
TOWE_POGP37_1_GE09_19_3,62,TOWE,GE09,2,23,2017-08-28
TOWE_POGP37_1_GE09_19_3,63,TOWE,GE09,1,24,2017-09-25
TOWE_POGP37_1_GE09_19_3,64,TOWE,GE09,2,26,2017-10-30
TOWE_POGP37_1_GE09_19_3,69,TOWE,GE09,3,29,2018-03-26
TOWE_POGP37_1_GE09_19_3,70,TOWE,GE09,3,32,2018-04-23
TOWE_POGP37_1_GE09_19_3,76,TOWE,GE09,2,34,2018-10-29
TOWE_POGP37_1_GE09_19_3,82,TOWE,GE09,4,43,2019-04-15
TOWE_POGP37_1_GE09_19_3,81,TOWE,GE09,4,40,2019-03-11
TOWE_POGP37_1_GE09_19_3,80,TOWE,GE09,1,39,2019-02-25
TOWE_POGP37_1_GE09_19_3,83,TOWE,GE09,2,45,2019-05-13
TOWE_POGP37_1_GE09_19_3,94,TOWE,GE09,5,51,2020-04-20
TOWE_POGP37_1_GE09_19_3,95,TOWE,GE09,6,56,2020-05-18
TOWE_POGP37_1_GE09_19_3,96,TOWE,GE09,1,57,2020-06-01
TOWE_POGP37_1_GE09_19_3,107,TOWE,GE09,4,62,2021-05-20
TOWE_POGP37_1_GE09_19_3,106,TOWE,GE09,1,59,2021-04-29
TOWE_POGP37_1_GE09_19_3,108,TOWE,GE09,4,66,2021-06-16
TOWE_POGP37_1_GE09_19_3,109,TOWE,GE09,1,67,2021-07-08
TOWE_POGP37_1_GE09_19_3,120,TOWE,GE09,5,72,2022-06-08
TOWE_POGP37_1_GE09_19_3,121,TOWE,GE09,1,73,2022-07-18
TOWE_POGP37_1_GE09_19_3,122,TOWE,GE09,2,75,2022-08-03
TOWE_POGP37_1_GE09_19_3,131,TOWE,GE09,2,77,2023-05-23
TOWE_POGP37_1_GE09_19_3,132,TOWE,GE09,1,78,2023-06-22
TOWE_POGP37_1_GE09_19_3,133,TOWE,GE09,1,79,2023-07-20
TOWE_POGP37_1_GE09_19_3,141,TOWE,GE09,1,80,2024-03-05
TOWE_POGP37_1_GE09_19_3,142,TOWE,GE09,1,81,2024-04-01
TOWE_POGP37_1_GE09_19_3,143,TOWE,GE09,1,82,2024-05-28
TOWE_POGP37_1_GE09_19_4,45,TOWE,GE09,2,2,2016-03-21
TOWE_POGP37_1_GE09_19_4,46,TOWE,GE09,3,6,2016-04-11
TOWE_POGP37_1_GE09_19_4,47,TOWE,GE09,7,12,2016-05-16
TOWE_POGP37_1_GE09_19_4,48,TOWE,GE09,2,14,2016-06-20
TOWE_POGP37_1_GE09_19_4,61,TOWE,GE09,1,15,2017-07-03
TOWE_POGP37_1_GE09_19_4,62,TOWE,GE09,1,16,2017-08-07
TOWE_POGP37_1_GE09_19_4,63,TOWE,GE09,1,17,2017-09-11
TOWE_POGP37_1_GE09_19_4,69,TOWE,GE09,3,22,2018-03-19
TOWE_POGP37_1_GE09_19_4,68,TOWE,GE09,2,20,2018-02-26
TOWE_POGP37_1_GE09_19_4,78,TOWE,GE09,1,23,2018-12-10
TOWE_POGP37_1_GE09_19_4,76,TOWE,GE09,2,25,2018-10-08
TOWE_POGP37_1_GE09_19_4,77,TOWE,GE09,1,26,2018-11-12
TOWE_POGP37_1_GE09_19_4,80,TOWE,GE09,3,32,2019-02-18
TOWE_POGP37_1_GE09_19_4,79,TOWE,GE09,3,30,2019-01-28
TOWE_POGP37_1_GE09_19_4,81,TOWE,GE09,3,35,2019-03-11
TOWE_POGP37_1_GE09_19_4,82,TOWE,GE09,4,39,2019-04-29
TOWE_POGP37_1_GE09_19_4,83,TOWE,GE09,1,40,2019-05-06
TOWE_POGP37_1_GE09_19_4,93,TOWE,GE09,4,44,2020-03-30
TOWE_POGP37_1_GE09_19_4,94,TOWE,GE09,3,47,2020-04-20
TOWE_POGP37_1_GE09_19_4,100,TOWE,GE09,1,48,2020-10-19
TOWE_POGP37_1_GE09_19_4,101,TOWE,GE09,1,49,2020-11-16
TOWE_POGP37_1_GE09_19_4,106,TOWE,GE09,3,53,2021-04-07
TOWE_POGP37_1_GE09_19_4,105,TOWE,GE09,1,51,2021-03-25
TOWE_POGP37_1_GE09_19_4,119,TOWE,GE09,5,60,2022-05-19
TOWE_POGP37_1_GE09_19_4,117,TOWE,GE09,1,55,2022-03-28
TOWE_POGP37_1_GE09_19_4,118,TOWE,GE09,1,56,2022-04-04
TOWE_POGP37_1_GE09_19_4,120,TOWE,GE09,2,62,2022-06-08
TOWE_POGP37_1_GE09_19_4,131,TOWE,GE09,1,63,2023-05-04
TOWE_POGP37_1_GE09_19_4,141,TOWE,GE09,1,64,2024-03-19
TOWE_POGP37_1_GE09_19_4,142,TOWE,GE09,3,67,2024-04-16
TOWE_POGP37_1_GE09_19_4,143,TOWE,GE09,1,68,2024-05-01
TOWE_POGP37_1_GE09_19_5,46,TOWE,GE09,4,6,2016-04-18
TOWE_POGP37_1_GE09_19_5,47,TOWE,GE09,10,14,2016-05-30
TOWE_POGP37_1_GE09_19_5,48,TOWE,GE09,1,15,2016-06-06
TOWE_POGP37_1_GE09_19_5,49,TOWE,GE09,1,16,2016-07-04
TOWE_POGP37_1_GE09_19_5,59,TOWE,GE09,2,24,2017-05-08
TOWE_POGP37_1_GE09_19_5,58,TOWE,GE09,6,23,2017-04-24
TOWE_POGP37_1_GE09_19_5,61,TOWE,GE09,1,25,2017-07-24
TOWE_POGP37_1_GE09_19_5,62,TOWE,GE09,2,27,2017-08-28
TOWE_POGP37_1_GE09_19_5,63,TOWE,GE09,1,28,2017-09-11
TOWE_POGP37_1_GE09_19_5,69,TOWE,GE09,2,32,2018-03-12
TOWE_POGP37_1_GE09_19_5,70,TOWE,GE09,8,38,2018-04-30
TOWE_POGP37_1_GE09_19_5,71,TOWE,GE09,2,40,2018-05-07
TOWE_POGP37_1_GE09_19_5,82,TOWE,GE09,7,51,2019-04-29
TOWE_POGP37_1_GE09_19_5,81,TOWE,GE09,4,46,2019-03-18
TOWE_POGP37_1_GE09_19_5,83,TOWE,GE09,3,54,2019-05-20
TOWE_POGP37_1_GE09_19_5,84,TOWE,GE09,2,56,2019-06-04
TOWE_POGP37_1_GE09_19_5,85,TOWE,GE09,2,58,2019-07-15
TOWE_POGP37_1_GE09_19_5,86,TOWE,GE09,1,59,2019-08-05
TOWE_POGP37_1_GE09_19_5,87,TOWE,GE09,1,60,2019-09-02
TOWE_POGP37_1_GE09_19_5,88,TOWE,GE09,1,61,2019-10-14
TOWE_POGP37_1_GE09_19_5,95,TOWE,GE09,7,68,2020-05-18
TOWE_POGP37_1_GE09_19_5,96,TOWE,GE09,4,72,2020-06-15
TOWE_POGP37_1_GE09_19_5,107,TOWE,GE09,3,76,2021-05-13
TOWE_POGP37_1_GE09_19_5,106,TOWE,GE09,1,74,2021-04-29
TOWE_POGP37_1_GE09_19_5,108,TOWE,GE09,5,81,2021-06-24
TOWE_POGP37_1_GE09_19_5,119,TOWE,GE09,3,85,2022-05-19
TOWE_POGP37_1_GE09_19_5,120,TOWE,GE09,3,87,2022-06-08
TOWE_POGP37_1_GE09_19_5,131,TOWE,GE09,3,90,2023-05-23
TOWE_POGP37_1_GE09_19_5,133,TOWE,GE09,2,92,2023-07-20
TOWE_POGP37_1_GE09_19_5,142,TOWE,GE09,3,95,2024-04-16
TOWE_POGP37_1_GE09_19_5,143,TOWE,GE09,2,97,2024-05-01
TOWE_POGP37_1_GE09_19_5,144,TOWE,GE09,1,98,2024-06-04
TOWE_POGP37_1_GE09_19_5,145,TOWE,GE09,1,99,2024-07-01
TOWE_POGP37_1_GE16_19_8,46,TOWE,GE16,1,1,2016-04-18
TOWE_POGP37_1_GE16_19_8,47,TOWE,GE16,7,8,2016-05-16
TOWE_POGP37_1_GE16_19_8,48,TOWE,GE16,4,13,2016-06-27
TOWE_POGP37_1_GE16_19_8,49,TOWE,GE16,1,12,2016-07-04
TOWE_POGP37_1_GE16_19_8,62,TOWE,GE16,1,14,2017-08-28
TOWE_POGP37_1_GE16_19_8,63,TOWE,GE16,2,16,2017-09-18
TOWE_POGP37_1_GE16_19_8,64,TOWE,GE16,1,17,2017-10-16
TOWE_POGP37_1_GE16_19_8,65,TOWE,GE16,1,18,2017-11-20
TOWE_POGP37_1_GE16_19_8,69,TOWE,GE16,3,21,2018-03-26
TOWE_POGP37_1_GE16_19_8,70,TOWE,GE16,2,23,2018-04-23
TOWE_POGP37_1_GE16_19_8,81,TOWE,GE16,3,27,2019-03-04
TOWE_POGP37_1_GE16_19_8,80,TOWE,GE16,1,26,2019-02-25
TOWE_POGP37_1_GE16_19_8,82,TOWE,GE16,6,33,2019-04-15
TOWE_POGP37_1_GE16_19_8,83,TOWE,GE16,4,37,2019-05-20
TOWE_POGP37_1_GE16_19_8,84,TOWE,GE16,2,39,2019-06-24
TOWE_POGP37_1_GE16_19_8,95,TOWE,GE16,6,45,2020-05-25
TOWE_POGP37_1_GE16_19_8,96,TOWE,GE16,3,48,2020-06-15
TOWE_POGP37_1_GE16_19_8,108,TOWE,GE16,1,49,2021-06-16
TOWE_POGP37_1_GE16_19_8,118,TOWE,GE16,1,50,2022-04-19
TOWE_POGP37_1_GE16_19_8,122,TOWE,GE16,2,52,2022-08-18
TOWE_POGP37_1_GE16_19_8,130,TOWE,GE16,1,53,2023-04-26
TOWE_POGP37_1_GE16_19_8,141,TOWE,GE16,1,54,2024-03-19
TOWE_POGP37_1_GE16_19_8,142,TOWE,GE16,3,57,2024-04-16
TOWE_POGP37_1_GE16_19_8,143,TOWE,GE16,1,58,2024-05-01
TOWE_POGP37_1_GE16_19_8,144,TOWE,GE16,2,60,2024-06-17
TOWE_POGP37_1_GE16_19_8,145,TOWE,GE16,2,62,2024-07-16
TOWE_POGP37_1_GE16_19_9,43,TOWE,GE16,1,1,2016-01-18
TOWE_POGP37_1_GE16_19_9,44,TOWE,GE16,1,2,2016-02-08
TOWE_POGP37_1_GE16_19_9,46,TOWE,GE16,4,6,2016-04-18
TOWE_POGP37_1_GE16_19_9,47,TOWE,GE16,3,9,2016-05-16
TOWE_POGP37_1_GE16_19_9,48,TOWE,GE16,3,12,2016-06-27
TOWE_POGP37_1_GE16_19_9,58,TOWE,GE16,1,13,2017-04-03
TOWE_POGP37_1_GE16_19_9,57,TOWE,GE16,2,15,2017-03-27
TOWE_POGP37_1_GE16_19_9,59,TOWE,GE16,1,16,2017-05-29
TOWE_POGP37_1_GE16_19_9,60,TOWE,GE16,1,17,2017-06-12
TOWE_POGP37_1_GE16_19_9,61,TOWE,GE16,1,18,2017-07-03
TOWE_POGP37_1_GE16_19_9,62,TOWE,GE16,1,19,2017-08-07
TOWE_POGP37_1_GE16_19_9,64,TOWE,GE16,1,20,2017-10-02
TOWE_POGP37_1_GE16_19_9,68,TOWE,GE16,1,21,2018-02-05
TOWE_POGP37_1_GE16_19_9,67,TOWE,GE16,1,22,2018-01-29
TOWE_POGP37_1_GE16_19_9,74,TOWE,GE16,1,23,2018-08-13
TOWE_POGP37_1_GE16_19_9,75,TOWE,GE16,3,26,2018-09-24
TOWE_POGP37_1_GE16_19_9,76,TOWE,GE16,1,27,2018-10-08
TOWE_POGP37_1_GE16_19_9,80,TOWE,GE16,4,33,2019-02-25
TOWE_POGP37_1_GE16_19_9,79,TOWE,GE16,2,30,2019-01-28
TOWE_POGP37_1_GE16_19_9,81,TOWE,GE16,2,35,2019-03-18
TOWE_POGP37_1_GE16_19_9,82,TOWE,GE16,3,38,2019-04-15
TOWE_POGP37_1_GE16_19_9,92,TOWE,GE16,2,40,2020-02-19
TOWE_POGP37_1_GE16_19_9,93,TOWE,GE16,1,41,2020-03-09
TOWE_POGP37_1_GE16_19_9,94,TOWE,GE16,1,42,2020-04-13
TOWE_POGP37_1_GE16_19_9,106,TOWE,GE16,4,46,2021-04-29
TOWE_POGP37_1_GE16_19_9,118,TOWE,GE16,1,47,2022-04-04
TOWE_POGP37_1_GE16_19_9,117,TOWE,GE16,1,48,2022-03-28
TOWE_POGP37_1_GE16_19_9,119,TOWE,GE16,6,54,2022-05-03
TOWE_POGP37_1_GE16_19_9,120,TOWE,GE16,1,55,2022-06-08
TOWE_POGP37_1_GE16_19_9,131,TOWE,GE16,1,56,2023-05-04
TOWE_POGP37_1_GE16_19_9,134,TOWE,GE16,1,57,2023-08-24
TOWE_POGP37_1_GE16_19_9,142,TOWE,GE16,3,60,2024-04-16
TOWE_POGP37_1_GE16_19_9,143,TOWE,GE16,2,62,2024-05-01
TOWE_POGP37_1_GE16_19_9,144,TOWE,GE16,1,63,2024-06-17
TOWE_POGP37_2_GE03_23_30,43,TOWE,GE03,2,2,2016-01-12
TOWE_POGP37_2_GE03_23_30,44,TOWE,GE03,1,3,2016-02-02
TOWE_POGP37_2_GE03_23_30,46,TOWE,GE03,5,8,2016-04-19
TOWE_POGP37_2_GE03_23_30,47,TOWE,GE03,3,11,2016-05-17
TOWE_POGP37_2_GE03_23_30,48,TOWE,GE03,1,12,2016-06-07
TOWE_POGP37_2_GE03_23_30,57,TOWE,GE03,4,16,2017-03-28
TOWE_POGP37_2_GE03_23_30,63,TOWE,GE03,1,17,2017-09-05
TOWE_POGP37_2_GE03_23_30,67,TOWE,GE03,2,19,2018-01-30
TOWE_POGP37_2_GE03_23_30,68,TOWE,GE03,4,23,2018-02-27
TOWE_POGP37_2_GE03_23_30,69,TOWE,GE03,4,27,2018-03-27
TOWE_POGP37_2_GE03_23_30,70,TOWE,GE03,2,29,2018-04-17
TOWE_POGP37_2_GE03_23_30,80,TOWE,GE03,3,32,2019-02-26
TOWE_POGP37_2_GE03_23_30,81,TOWE,GE03,4,36,2019-03-12
TOWE_POGP37_2_GE03_23_30,82,TOWE,GE03,5,41,2019-04-16
TOWE_POGP37_2_GE03_23_30,83,TOWE,GE03,1,42,2019-05-14
TOWE_POGP37_2_GE03_23_30,92,TOWE,GE03,1,43,2020-02-04
TOWE_POGP37_2_GE03_23_30,93,TOWE,GE03,5,48,2020-03-10
TOWE_POGP37_2_GE03_23_30,94,TOWE,GE03,4,52,2020-04-21
TOWE_POGP37_2_GE03_23_30,104,TOWE,GE03,3,55,2021-02-25
TOWE_POGP37_2_GE03_23_30,105,TOWE,GE03,2,57,2021-03-11
TOWE_POGP37_2_GE03_23_30,106,TOWE,GE03,1,58,2021-04-01
TOWE_POGP37_2_GE03_23_30,115,TOWE,GE03,1,59,2022-01-12
TOWE_POGP37_2_GE03_23_30,116,TOWE,GE03,2,61,2022-02-09
TOWE_POGP37_2_GE03_23_30,117,TOWE,GE03,3,64,2022-03-28
TOWE_POGP37_2_GE03_23_30,118,TOWE,GE03,1,65,2022-04-12
TOWE_POGP37_2_GE03_23_30,119,TOWE,GE03,1,66,2022-05-10
TOWE_POGP37_2_GE03_23_30,130,TOWE,GE03,1,67,2023-04-04
TOWE_POGP37_2_GE03_23_30,140,TOWE,GE03,1,68,2024-02-13
TOWE_POGP37_2_GE03_23_30,141,TOWE,GE03,2,70,2024-03-12
TOWE_POGP37_2_GE03_23_30,143,TOWE,GE03,1,71,2024-05-01
TOWE_POGP37_2_GE06_24_18,45,TOWE,GE06,2,2,2016-03-15
TOWE_POGP37_2_GE06_24_18,46,TOWE,GE06,4,6,2016-04-26
TOWE_POGP37_2_GE06_24_18,47,TOWE,GE06,2,8,2016-05-17
TOWE_POGP37_2_GE06_24_18,48,TOWE,GE06,1,9,2016-06-14
TOWE_POGP37_2_GE06_24_18,59,TOWE,GE06,2,11,2017-05-30
TOWE_POGP37_2_GE06_24_18,60,TOWE,GE06,2,13,2017-06-20
TOWE_POGP37_2_GE06_24_18,61,TOWE,GE06,1,14,2017-07-04
TOWE_POGP37_2_GE06_24_18,62,TOWE,GE06,2,16,2017-08-29
TOWE_POGP37_2_GE06_24_18,68,TOWE,GE06,3,19,2018-02-27
TOWE_POGP37_2_GE06_24_18,74,TOWE,GE06,2,21,2018-08-07
TOWE_POGP37_2_GE06_24_18,75,TOWE,GE06,2,23,2018-09-18
TOWE_POGP37_2_GE06_24_18,78,TOWE,GE06,1,24,2018-12-25
TOWE_POGP37_2_GE06_24_18,81,TOWE,GE06,2,26,2019-03-12
TOWE_POGP37_2_GE06_24_18,82,TOWE,GE06,4,30,2019-04-16
TOWE_POGP37_2_GE06_24_18,87,TOWE,GE06,2,32,2019-09-24
TOWE_POGP37_2_GE06_24_18,88,TOWE,GE06,2,34,2019-10-22
TOWE_POGP37_2_GE06_24_18,91,TOWE,GE06,5,39,2020-01-28
TOWE_POGP37_2_GE06_24_18,92,TOWE,GE06,1,40,2020-02-11
TOWE_POGP37_2_GE06_24_18,93,TOWE,GE06,4,44,2020-03-24
TOWE_POGP37_2_GE06_24_18,97,TOWE,GE06,1,45,2020-07-28
TOWE_POGP37_2_GE06_24_18,98,TOWE,GE06,1,46,2020-08-11
TOWE_POGP37_2_GE06_24_18,104,TOWE,GE06,3,49,2021-02-25
TOWE_POGP37_2_GE06_24_18,105,TOWE,GE06,2,51,2021-03-25
TOWE_POGP37_2_GE06_24_18,106,TOWE,GE06,1,52,2021-04-07
TOWE_POGP37_2_GE06_24_18,117,TOWE,GE06,2,54,2022-03-21
TOWE_POGP37_2_GE06_24_18,124,TOWE,GE06,1,55,2022-10-04
TOWE_POGP37_2_GE06_24_18,126,TOWE,GE06,1,56,2022-12-27
TOWE_POGP37_2_GE06_24_18,128,TOWE,GE06,1,57,2023-02-07
TOWE_POGP37_2_GE06_24_18,131,TOWE,GE06,2,59,2023-05-24
TOWE_POGP37_2_GE06_24_18,139,TOWE,GE06,1,60,2024-01-25
TOWE_POGP37_2_GE06_24_18,142,TOWE,GE06,1,61,2024-04-16
TOWE_POGP37_2_GE06_24_19,46,TOWE,GE06,4,5,2016-04-26
TOWE_POGP37_2_GE06_24_19,45,TOWE,GE06,1,2,2016-03-15
TOWE_POGP37_2_GE06_24_19,47,TOWE,GE06,2,7,2016-05-31
TOWE_POGP37_2_GE06_24_19,48,TOWE,GE06,1,8,2016-06-07
TOWE_POGP37_2_GE06_24_19,59,TOWE,GE06,2,10,2017-05-30
TOWE_POGP37_2_GE06_24_19,60,TOWE,GE06,2,12,2017-06-20
TOWE_POGP37_2_GE06_24_19,61,TOWE,GE06,2,14,2017-07-25
TOWE_POGP37_2_GE06_24_19,62,TOWE,GE06,2,16,2017-08-29
TOWE_POGP37_2_GE06_24_19,67,TOWE,GE06,3,19,2018-01-30
TOWE_POGP37_2_GE06_24_19,68,TOWE,GE06,2,21,2018-02-27
TOWE_POGP37_2_GE06_24_19,71,TOWE,GE06,1,22,2018-05-29
TOWE_POGP37_2_GE06_24_19,72,TOWE,GE06,1,23,2018-06-12
TOWE_POGP37_2_GE06_24_19,73,TOWE,GE06,2,25,2018-07-24
TOWE_POGP37_2_GE06_24_19,74,TOWE,GE06,1,26,2018-08-07
TOWE_POGP37_2_GE06_24_19,76,TOWE,GE06,1,27,2018-10-02
TOWE_POGP37_2_GE06_24_19,78,TOWE,GE06,2,29,2018-12-11
TOWE_POGP37_2_GE06_24_19,79,TOWE,GE06,3,32,2019-01-15
TOWE_POGP37_2_GE06_24_19,80,TOWE,GE06,6,38,2019-02-26
TOWE_POGP37_2_GE06_24_19,81,TOWE,GE06,1,39,2019-03-12
TOWE_POGP37_2_GE06_24_19,90,TOWE,GE06,5,44,2019-12-24
TOWE_POGP37_2_GE06_24_19,91,TOWE,GE06,2,46,2020-01-28
TOWE_POGP37_2_GE06_24_19,93,TOWE,GE06,2,48,2020-03-10
TOWE_POGP37_2_GE06_24_19,94,TOWE,GE06,1,49,2020-04-07
TOWE_POGP37_2_GE06_24_19,97,TOWE,GE06,1,50,2020-07-21
TOWE_POGP37_2_GE06_24_19,98,TOWE,GE06,1,51,2020-08-04
TOWE_POGP37_2_GE06_24_19,103,TOWE,GE06,2,53,2021-01-19
TOWE_POGP37_2_GE06_24_19,104,TOWE,GE06,4,57,2021-02-25
TOWE_POGP37_2_GE06_24_19,105,TOWE,GE06,3,60,2021-03-11
TOWE_POGP37_2_GE06_24_19,106,TOWE,GE06,1,61,2021-04-07
TOWE_POGP37_2_GE06_24_19,107,TOWE,GE06,1,62,2021-05-05
TOWE_POGP37_2_GE06_24_19,117,TOWE,GE06,1,63,2022-03-14
TOWE_POGP37_2_GE06_24_19,118,TOWE,GE06,6,69,2022-04-18
TOWE_POGP37_2_GE06_24_19,119,TOWE,GE06,1,70,2022-05-10
TOWE_POGP37_2_GE06_24_19,120,TOWE,GE06,1,71,2022-06-08
TOWE_POGP37_2_GE06_24_19,129,TOWE,GE06,3,74,2023-03-29
TOWE_POGP37_2_GE06_24_19,130,TOWE,GE06,1,75,2023-04-12
TOWE_POGP37_2_GE06_24_19,140,TOWE,GE06,1,76,2024-02-27
TOWE_POGP37_2_GE06_24_19,142,TOWE,GE06,1,77,2024-04-16
TOWE_POGP37_2_GE06_24_20,44,TOWE,GE06,4,4,2016-02-09
TOWE_POGP37_2_GE06_24_20,46,TOWE,GE06,7,11,2016-04-19
TOWE_POGP37_2_GE06_24_20,47,TOWE,GE06,2,13,2016-05-24
TOWE_POGP37_2_GE06_24_20,57,TOWE,GE06,5,22,2017-03-28
TOWE_POGP37_2_GE06_24_20,56,TOWE,GE06,4,18,2017-02-21
TOWE_POGP37_2_GE06_24_20,61,TOWE,GE06,1,23,2017-07-04
TOWE_POGP37_2_GE06_24_20,67,TOWE,GE06,4,27,2018-01-30
TOWE_POGP37_2_GE06_24_20,68,TOWE,GE06,2,29,2018-02-20
TOWE_POGP37_2_GE06_24_20,69,TOWE,GE06,4,33,2018-03-13
TOWE_POGP37_2_GE06_24_20,79,TOWE,GE06,4,38,2019-01-29
TOWE_POGP37_2_GE06_24_20,80,TOWE,GE06,4,41,2019-02-19
TOWE_POGP37_2_GE06_24_20,81,TOWE,GE06,5,46,2019-03-19
TOWE_POGP37_2_GE06_24_20,82,TOWE,GE06,2,48,2019-04-30
TOWE_POGP37_2_GE06_24_20,92,TOWE,GE06,5,53,2020-02-19
TOWE_POGP37_2_GE06_24_20,93,TOWE,GE06,3,56,2020-03-10
TOWE_POGP37_2_GE06_24_20,98,TOWE,GE06,1,57,2020-08-11
TOWE_POGP37_2_GE06_24_20,103,TOWE,GE06,1,58,2021-01-21
TOWE_POGP37_2_GE06_24_20,104,TOWE,GE06,3,61,2021-02-18
TOWE_POGP37_2_GE06_24_20,105,TOWE,GE06,2,63,2021-03-18
TOWE_POGP37_2_GE06_24_20,116,TOWE,GE06,3,66,2022-02-09
TOWE_POGP37_2_GE06_24_20,118,TOWE,GE06,3,69,2022-04-05
TOWE_POGP37_2_GE06_24_20,130,TOWE,GE06,2,71,2023-04-04
TOWE_POGP37_2_GE06_24_20,140,TOWE,GE06,3,74,2024-02-06
TOWE_POGP37_2_GE06_24_20,141,TOWE,GE06,1,75,2024-03-12
TOWE_POGP37_2_GE09_24_23,46,TOWE,GE09,2,2,2016-04-19
TOWE_POGP37_2_GE09_24_23,47,TOWE,GE09,4,8,2016-05-24
TOWE_POGP37_2_GE09_24_23,48,TOWE,GE09,3,9,2016-06-14
TOWE_POGP37_2_GE09_24_23,49,TOWE,GE09,1,10,2016-07-19
TOWE_POGP37_2_GE09_24_23,58,TOWE,GE09,2,13,2017-04-18
TOWE_POGP37_2_GE09_24_23,59,TOWE,GE09,4,16,2017-05-16
TOWE_POGP37_2_GE09_24_23,64,TOWE,GE09,1,17,2017-10-24
TOWE_POGP37_2_GE09_24_23,69,TOWE,GE09,3,20,2018-03-13
TOWE_POGP37_2_GE09_24_23,70,TOWE,GE09,4,25,2018-04-24
TOWE_POGP37_2_GE09_24_23,71,TOWE,GE09,1,23,2018-05-01
TOWE_POGP37_2_GE09_24_23,82,TOWE,GE09,2,27,2019-04-16
TOWE_POGP37_2_GE09_24_23,83,TOWE,GE09,5,32,2019-05-28
TOWE_POGP37_2_GE09_24_23,84,TOWE,GE09,4,36,2019-06-11
TOWE_POGP37_2_GE09_24_23,95,TOWE,GE09,7,43,2020-05-19
TOWE_POGP37_2_GE09_24_23,96,TOWE,GE09,3,46,2020-06-16
TOWE_POGP37_2_GE09_24_23,108,TOWE,GE09,6,53,2021-06-29
TOWE_POGP37_2_GE09_24_23,107,TOWE,GE09,1,49,2021-05-20
TOWE_POGP37_2_GE09_24_23,109,TOWE,GE09,2,55,2021-07-08
TOWE_POGP37_2_GE09_24_23,110,TOWE,GE09,1,56,2021-08-11
TOWE_POGP37_2_GE09_24_23,121,TOWE,GE09,6,62,2022-07-25
TOWE_POGP37_2_GE09_24_23,122,TOWE,GE09,2,64,2022-08-03
TOWE_POGP37_2_GE09_24_23,123,TOWE,GE09,2,66,2022-09-08
TOWE_POGP37_2_GE09_24_23,132,TOWE,GE09,1,67,2023-06-22
TOWE_POGP37_2_GE09_24_23,134,TOWE,GE09,1,68,2023-08-08
TOWE_POGP37_2_GE09_24_23,142,TOWE,GE09,1,69,2024-04-16
TOWE_POGP37_2_GE09_24_23,144,TOWE,GE09,1,70,2024-06-05
TOWE_POGP37_2_GE09_24_23,145,TOWE,GE09,1,71,2024-07-10
TOWE_POGP37_2_GE09_24_25,42,TOWE,GE09,1,1,2015-12-01
TOWE_POGP37_2_GE09_24_25,46,TOWE,GE09,2,3,2016-04-26
TOWE_POGP37_2_GE09_24_25,47,TOWE,GE09,8,11,2016-05-17
TOWE_POGP37_2_GE09_24_25,48,TOWE,GE09,1,12,2016-06-07
TOWE_POGP37_2_GE09_24_25,65,TOWE,GE09,2,14,2017-11-28
TOWE_POGP37_2_GE09_24_25,68,TOWE,GE09,3,18,2018-02-27
TOWE_POGP37_2_GE09_24_25,67,TOWE,GE09,1,16,2018-01-09
TOWE_POGP37_2_GE09_24_25,70,TOWE,GE09,2,20,2018-04-10
TOWE_POGP37_2_GE09_24_25,80,TOWE,GE09,3,23,2019-02-05
TOWE_POGP37_2_GE09_24_25,90,TOWE,GE09,2,25,2019-12-31
TOWE_POGP37_2_GE09_24_25,94,TOWE,GE09,1,26,2020-04-15
TOWE_POGP37_2_GE09_24_25,95,TOWE,GE09,1,27,2020-05-05
TOWE_POGP37_2_GE09_24_25,97,TOWE,GE09,1,28,2020-07-28
TOWE_POGP37_2_GE09_24_25,98,TOWE,GE09,1,29,2020-08-25
TOWE_POGP37_2_GE09_24_25,99,TOWE,GE09,2,31,2020-09-29
TOWE_POGP37_2_GE09_24_25,100,TOWE,GE09,1,32,2020-10-20
TOWE_POGP37_2_GE09_24_25,105,TOWE,GE09,2,34,2021-03-18
TOWE_POGP37_2_GE09_24_25,106,TOWE,GE09,2,36,2021-04-07
TOWE_POGP37_2_GE09_24_25,107,TOWE,GE09,1,37,2021-05-13
TOWE_POGP37_2_GE09_24_25,117,TOWE,GE09,1,38,2022-03-21
TOWE_POGP37_2_GE09_24_25,118,TOWE,GE09,7,45,2022-04-18
TOWE_POGP37_2_GE09_24_25,119,TOWE,GE09,1,46,2022-05-10
TOWE_POGP37_2_GE09_24_25,120,TOWE,GE09,3,49,2022-06-08
TOWE_POGP37_2_GE09_24_25,131,TOWE,GE09,1,50,2023-05-16
TOWE_POGP37_2_GE09_24_25,142,TOWE,GE09,1,51,2024-04-03
TOWE_POGP37_2_GE03_24_28,44,TOWE,GE03,2,2,2016-02-02
TOWE_POGP37_2_GE03_24_28,45,TOWE,GE03,2,4,2016-03-22
TOWE_POGP37_2_GE03_24_28,46,TOWE,GE03,5,9,2016-04-19
TOWE_POGP37_2_GE03_24_28,47,TOWE,GE03,2,11,2016-05-10
TOWE_POGP37_2_GE03_24_28,48,TOWE,GE03,1,12,2016-06-07
TOWE_POGP37_2_GE03_24_28,57,TOWE,GE03,3,16,2017-03-21
TOWE_POGP37_2_GE03_24_28,56,TOWE,GE03,1,14,2017-02-28
TOWE_POGP37_2_GE03_24_28,58,TOWE,GE03,4,20,2017-04-11
TOWE_POGP37_2_GE03_24_28,67,TOWE,GE03,1,21,2018-01-30
TOWE_POGP37_2_GE03_24_28,69,TOWE,GE03,3,24,2018-03-20
TOWE_POGP37_2_GE03_24_28,75,TOWE,GE03,1,25,2018-09-25
TOWE_POGP37_2_GE03_24_28,78,TOWE,GE03,4,29,2018-12-25
TOWE_POGP37_2_GE03_24_28,79,TOWE,GE03,3,32,2019-01-22
TOWE_POGP37_2_GE03_24_28,80,TOWE,GE03,4,36,2019-02-26
TOWE_POGP37_2_GE03_24_28,81,TOWE,GE03,3,39,2019-03-19
TOWE_POGP37_2_GE03_24_28,82,TOWE,GE03,2,41,2019-04-09
TOWE_POGP37_2_GE03_24_28,91,TOWE,GE03,2,43,2020-01-28
TOWE_POGP37_2_GE03_24_28,92,TOWE,GE03,2,45,2020-02-25
TOWE_POGP37_2_GE03_24_28,93,TOWE,GE03,4,49,2020-03-10
TOWE_POGP37_2_GE03_24_28,98,TOWE,GE03,1,50,2020-08-18
TOWE_POGP37_2_GE03_24_28,103,TOWE,GE03,1,51,2021-01-06
TOWE_POGP37_2_GE03_24_28,104,TOWE,GE03,5,56,2021-02-18
TOWE_POGP37_2_GE03_24_28,105,TOWE,GE03,3,59,2021-03-25
TOWE_POGP37_2_GE03_24_28,106,TOWE,GE03,1,60,2021-04-07
TOWE_POGP37_2_GE03_24_28,108,TOWE,GE03,1,61,2021-06-09
TOWE_POGP37_2_GE03_24_28,117,TOWE,GE03,4,65,2022-03-28
TOWE_POGP37_2_GE03_24_28,118,TOWE,GE03,3,68,2022-04-18
TOWE_POGP37_2_GE03_24_28,119,TOWE,GE03,1,69,2022-05-10
TOWE_POGP37_2_GE03_24_28,128,TOWE,GE03,3,72,2023-02-16
TOWE_POGP37_2_GE03_24_28,129,TOWE,GE03,1,73,2023-03-09
TOWE_POGP37_2_GE03_24_28,131,TOWE,GE03,2,75,2023-05-09
TOWE_POGP37_2_GE03_24_28,132,TOWE,GE03,2,77,2023-06-27
TOWE_POGP37_2_GE03_24_28,139,TOWE,GE03,3,80,2024-01-31
TOWE_POGP37_2_GE03_24_28,141,TOWE,GE03,3,83,2024-03-13
TOWE_POGP37_2_GE03_24_28,142,TOWE,GE03,1,84,2024-04-16
TOWE_POGP37_2_GE03_24_28,143,TOWE,GE03,1,85,2024-05-01
TOWE_POGP37_2_GE03_24_28,144,TOWE,GE03,1,86,2024-06-05
TOWE_POGP37_2_GE03_24_29,44,TOWE,GE03,2,2,2016-02-02
TOWE_POGP37_2_GE03_24_29,46,TOWE,GE03,6,8,2016-04-26
TOWE_POGP37_2_GE03_24_29,47,TOWE,GE03,2,10,2016-05-03
TOWE_POGP37_2_GE03_24_29,48,TOWE,GE03,1,11,2016-06-07
TOWE_POGP37_2_GE03_24_29,58,TOWE,GE03,1,12,2017-04-04
TOWE_POGP37_2_GE03_24_29,57,TOWE,GE03,2,14,2017-03-28
TOWE_POGP37_2_GE03_24_29,62,TOWE,GE03,1,15,2017-08-15
TOWE_POGP37_2_GE03_24_29,63,TOWE,GE03,1,16,2017-09-12
TOWE_POGP37_2_GE03_24_29,68,TOWE,GE03,1,17,2018-02-06
TOWE_POGP37_2_GE03_24_29,70,TOWE,GE03,3,20,2018-04-24
TOWE_POGP37_2_GE03_24_29,81,TOWE,GE03,4,28,2019-03-19
TOWE_POGP37_2_GE03_24_29,80,TOWE,GE03,3,25,2019-02-19
TOWE_POGP37_2_GE03_24_29,79,TOWE,GE03,1,23,2019-01-29
TOWE_POGP37_2_GE03_24_29,82,TOWE,GE03,6,34,2019-04-30
TOWE_POGP37_2_GE03_24_29,93,TOWE,GE03,1,35,2020-03-10
TOWE_POGP37_2_GE03_24_29,94,TOWE,GE03,5,40,2020-04-21
TOWE_POGP37_2_GE03_24_29,99,TOWE,GE03,1,41,2020-09-08
TOWE_POGP37_2_GE03_24_29,105,TOWE,GE03,3,44,2021-03-25
TOWE_POGP37_2_GE03_24_29,106,TOWE,GE03,3,47,2021-04-14
TOWE_POGP37_2_GE03_24_29,118,TOWE,GE03,6,53,2022-04-18
TOWE_POGP37_2_GE03_24_29,119,TOWE,GE03,1,54,2022-05-10
TOWE_POGP37_2_GE03_24_29,131,TOWE,GE03,4,58,2023-05-16
TOWE_POGP37_2_GE03_24_29,139,TOWE,GE03,1,59,2024-01-31
TOWE_POGP37_2_GE03_24_29,140,TOWE,GE03,1,60,2024-02-13
TOWE_POGP37_2_GE03_24_29,141,TOWE,GE03,1,61,2024-03-12
TOWE_POGP37_2_GE03_24_29,142,TOWE,GE03,4,65,2024-04-03
TOWE_POGP37_3_GE02_24_3,45,TOWE,GE02,2,2,2016-03-16
TOWE_POGP37_3_GE02_24_3,47,TOWE,GE02,7,9,2016-05-18
TOWE_POGP37_3_GE02_24_3,48,TOWE,GE02,2,11,2016-06-29
TOWE_POGP37_3_GE02_24_3,51,TOWE,GE02,1,12,2016-09-14
TOWE_POGP37_3_GE02_24_3,58,TOWE,GE02,1,13,2017-04-12
TOWE_POGP37_3_GE02_24_3,61,TOWE,GE02,1,14,2017-07-05
TOWE_POGP37_3_GE02_24_3,63,TOWE,GE02,1,15,2017-09-27
TOWE_POGP37_3_GE02_24_3,68,TOWE,GE02,1,16,2018-02-28
TOWE_POGP37_3_GE02_24_3,69,TOWE,GE02,2,18,2018-03-07
TOWE_POGP37_3_GE02_24_3,78,TOWE,GE02,1,19,2018-12-19
TOWE_POGP37_3_GE02_24_3,76,TOWE,GE02,1,20,2018-10-24
TOWE_POGP37_3_GE02_24_3,79,TOWE,GE02,4,24,2019-01-09
TOWE_POGP37_3_GE02_24_3,80,TOWE,GE02,3,27,2019-02-20
TOWE_POGP37_3_GE02_24_3,81,TOWE,GE02,2,29,2019-03-27
TOWE_POGP37_3_GE02_24_3,82,TOWE,GE02,2,31,2019-04-17
TOWE_POGP37_3_GE02_24_3,83,TOWE,GE02,1,32,2019-05-01
TOWE_POGP37_3_GE02_24_3,93,TOWE,GE02,1,33,2020-03-18
TOWE_POGP37_3_GE02_24_3,92,TOWE,GE02,2,35,2020-02-05
TOWE_POGP37_3_GE02_24_3,94,TOWE,GE02,7,42,2020-04-29
TOWE_POGP37_3_GE02_24_3,106,TOWE,GE02,4,46,2021-04-29
TOWE_POGP37_3_GE02_24_3,107,TOWE,GE02,2,48,2021-05-20
TOWE_POGP37_3_GE02_24_3,119,TOWE,GE02,6,55,2022-05-11
TOWE_POGP37_3_GE02_24_3,118,TOWE,GE02,4,58,2022-04-18
TOWE_POGP37_3_GE02_24_3,132,TOWE,GE02,2,60,2023-06-29
TOWE_POGP37_3_GE02_24_3,139,TOWE,GE02,1,61,2024-01-31
TOWE_POGP37_3_GE02_24_3,140,TOWE,GE02,1,62,2024-02-21
TOWE_POGP37_3_GE02_24_3,141,TOWE,GE02,3,65,2024-03-13
TOWE_POGP37_3_GE02_24_3,142,TOWE,GE02,1,66,2024-04-17
TOWE_POGP37_3_GE02_24_4,44,TOWE,GE02,1,1,2016-02-24
TOWE_POGP37_3_GE02_24_4,47,TOWE,GE02,3,4,2016-05-04
TOWE_POGP37_3_GE02_24_4,57,TOWE,GE02,4,8,2017-03-29
TOWE_POGP37_3_GE02_24_4,58,TOWE,GE02,2,10,2017-04-26
TOWE_POGP37_3_GE02_24_4,59,TOWE,GE02,2,12,2017-05-03
TOWE_POGP37_3_GE02_24_4,61,TOWE,GE02,1,13,2017-07-26
TOWE_POGP37_3_GE02_24_4,62,TOWE,GE02,1,14,2017-08-23
TOWE_POGP37_3_GE02_24_4,71,TOWE,GE02,3,17,2018-05-30
TOWE_POGP37_3_GE02_24_4,72,TOWE,GE02,2,19,2018-06-27
TOWE_POGP37_3_GE02_24_4,73,TOWE,GE02,2,21,2018-07-25
TOWE_POGP37_3_GE02_24_4,74,TOWE,GE02,1,22,2018-08-08
TOWE_POGP37_3_GE02_24_4,75,TOWE,GE02,2,24,2018-09-12
TOWE_POGP37_3_GE02_24_4,76,TOWE,GE02,1,25,2018-10-24
TOWE_POGP37_3_GE02_24_4,81,TOWE,GE02,1,26,2019-03-06
TOWE_POGP37_3_GE02_24_4,84,TOWE,GE02,2,28,2019-06-26
TOWE_POGP37_3_GE02_24_4,85,TOWE,GE02,3,31,2019-07-24
TOWE_POGP37_3_GE02_24_4,86,TOWE,GE02,2,33,2019-08-21
TOWE_POGP37_3_GE02_24_4,87,TOWE,GE02,1,34,2019-09-04
TOWE_POGP37_3_GE02_24_4,88,TOWE,GE02,3,37,2019-10-16
TOWE_POGP37_3_GE02_24_4,89,TOWE,GE02,1,38,2019-11-06
TOWE_POGP37_3_GE02_24_4,91,TOWE,GE02,4,42,2020-01-30
TOWE_POGP37_3_GE02_24_4,93,TOWE,GE02,1,43,2020-03-04
TOWE_POGP37_3_GE02_24_4,97,TOWE,GE02,3,46,2020-07-29
TOWE_POGP37_3_GE02_24_4,98,TOWE,GE02,2,48,2020-08-26
TOWE_POGP37_3_GE02_24_4,99,TOWE,GE02,2,50,2020-09-23
TOWE_POGP37_3_GE02_24_4,104,TOWE,GE02,4,54,2021-02-25
TOWE_POGP37_3_GE02_24_4,105,TOWE,GE02,3,57,2021-03-18
TOWE_POGP37_3_GE02_24_4,106,TOWE,GE02,1,58,2021-04-08
TOWE_POGP37_3_GE02_24_4,107,TOWE,GE02,1,59,2021-05-20
TOWE_POGP37_3_GE02_24_4,117,TOWE,GE02,2,61,2022-03-31
TOWE_POGP37_3_GE02_24_4,118,TOWE,GE02,3,64,2022-04-06
TOWE_POGP37_3_GE02_24_4,119,TOWE,GE02,5,69,2022-05-05
TOWE_POGP37_3_GE02_24_4,129,TOWE,GE02,2,71,2023-03-29
TOWE_POGP37_3_GE02_24_4,130,TOWE,GE02,1,72,2023-04-12
TOWE_POGP37_3_GE02_24_4,131,TOWE,GE02,1,73,2023-05-10
TOWE_POGP37_3_GE02_24_4,132,TOWE,GE02,2,75,2023-06-01
TOWE_POGP37_3_GE02_24_4,141,TOWE,GE02,4,79,2024-03-06
TOWE_POGP37_3_GE02_24_4,142,TOWE,GE02,1,80,2024-04-17
TOWE_POGP37_3_GE02_24_5,44,TOWE,GE02,1,1,2016-02-17
TOWE_POGP37_3_GE02_24_5,46,TOWE,GE02,4,5,2016-04-27
TOWE_POGP37_3_GE02_24_5,47,TOWE,GE02,1,6,2016-05-25
TOWE_POGP37_3_GE02_24_5,48,TOWE,GE02,3,9,2016-06-22
TOWE_POGP37_3_GE02_24_5,59,TOWE,GE02,4,13,2017-05-31
TOWE_POGP37_3_GE02_24_5,60,TOWE,GE02,1,14,2017-06-14
TOWE_POGP37_3_GE02_24_5,61,TOWE,GE02,2,16,2017-07-19
TOWE_POGP37_3_GE02_24_5,62,TOWE,GE02,1,17,2017-08-23
TOWE_POGP37_3_GE02_24_5,63,TOWE,GE02,1,18,2017-09-13
TOWE_POGP37_3_GE02_24_5,69,TOWE,GE02,1,19,2018-03-07
TOWE_POGP37_3_GE02_24_5,72,TOWE,GE02,2,21,2018-06-13
TOWE_POGP37_3_GE02_24_5,77,TOWE,GE02,2,24,2018-11-14
TOWE_POGP37_3_GE02_24_5,76,TOWE,GE02,1,23,2018-10-17
TOWE_POGP37_3_GE02_24_5,78,TOWE,GE02,1,25,2018-12-26
TOWE_POGP37_3_GE02_24_5,80,TOWE,GE02,3,28,2019-02-20
TOWE_POGP37_3_GE02_24_5,81,TOWE,GE02,3,31,2019-03-27
TOWE_POGP37_3_GE02_24_5,91,TOWE,GE02,4,35,2020-01-30
TOWE_POGP37_3_GE02_24_5,92,TOWE,GE02,1,36,2020-02-12
TOWE_POGP37_3_GE02_24_5,93,TOWE,GE02,2,38,2020-03-11
TOWE_POGP37_3_GE02_24_5,94,TOWE,GE02,1,39,2020-04-01
TOWE_POGP37_3_GE02_24_5,97,TOWE,GE02,1,40,2020-07-15
TOWE_POGP37_3_GE02_24_5,99,TOWE,GE02,1,41,2020-09-02
TOWE_POGP37_3_GE02_24_5,105,TOWE,GE02,1,42,2021-03-03
TOWE_POGP37_3_GE02_24_5,106,TOWE,GE02,4,46,2021-04-29
TOWE_POGP37_3_GE02_24_5,107,TOWE,GE02,2,48,2021-05-05
TOWE_POGP37_3_GE02_24_5,108,TOWE,GE02,3,51,2021-06-30
TOWE_POGP37_3_GE02_24_5,119,TOWE,GE02,3,54,2022-05-05
TOWE_POGP37_3_GE02_24_5,118,TOWE,GE02,1,55,2022-04-18
TOWE_POGP37_3_GE02_24_5,120,TOWE,GE02,2,57,2022-06-09
TOWE_POGP37_3_GE02_24_5,132,TOWE,GE02,1,58,2023-06-01
TOWE_POGP37_3_GE02_24_5,139,TOWE,GE02,1,59,2024-01-31
TOWE_POGP37_3_GE02_24_5,140,TOWE,GE02,1,60,2024-02-21
TOWE_POGP37_3_GE02_24_5,141,TOWE,GE02,3,63,2024-03-13
TOWE_POGP37_4_GE02_29_18,47,TOWE,GE02,4,4,2016-05-19
TOWE_POGP37_4_GE02_29_18,59,TOWE,GE02,4,8,2017-05-25
TOWE_POGP37_4_GE02_29_18,60,TOWE,GE02,2,10,2017-06-08
TOWE_POGP37_4_GE02_29_18,61,TOWE,GE02,3,13,2017-07-27
TOWE_POGP37_4_GE02_29_18,62,TOWE,GE02,1,14,2017-08-10
TOWE_POGP37_4_GE02_29_18,64,TOWE,GE02,1,15,2017-10-05
TOWE_POGP37_4_GE02_29_18,70,TOWE,GE02,4,21,2018-04-26
TOWE_POGP37_4_GE02_29_18,69,TOWE,GE02,2,18,2018-03-22
TOWE_POGP37_4_GE02_29_18,72,TOWE,GE02,1,22,2018-06-21
TOWE_POGP37_4_GE02_29_18,73,TOWE,GE02,4,26,2018-07-26
TOWE_POGP37_4_GE02_29_18,74,TOWE,GE02,2,28,2018-08-30
TOWE_POGP37_4_GE02_29_18,75,TOWE,GE02,1,29,2018-09-27
TOWE_POGP37_4_GE02_29_18,81,TOWE,GE02,9,38,2019-03-21
TOWE_POGP37_4_GE02_29_18,82,TOWE,GE02,3,41,2019-04-11
TOWE_POGP37_4_GE02_29_18,88,TOWE,GE02,1,42,2019-10-03
TOWE_POGP37_4_GE02_29_18,93,TOWE,GE02,1,43,2020-03-05
TOWE_POGP37_4_GE02_29_18,94,TOWE,GE02,8,51,2020-04-30
TOWE_POGP37_4_GE02_29_18,104,TOWE,GE02,1,52,2021-02-11
TOWE_POGP37_4_GE02_29_18,105,TOWE,GE02,3,55,2021-03-11
TOWE_POGP37_4_GE02_29_18,106,TOWE,GE02,5,60,2021-04-29
TOWE_POGP37_4_GE02_29_18,107,TOWE,GE02,1,61,2021-05-06
TOWE_POGP37_4_GE02_29_18,117,TOWE,GE02,1,62,2022-03-17
TOWE_POGP37_4_GE02_29_18,119,TOWE,GE02,4,67,2022-05-17
TOWE_POGP37_4_GE02_29_18,118,TOWE,GE02,1,64,2022-04-21
TOWE_POGP37_4_GE02_29_18,120,TOWE,GE02,1,68,2022-06-01
TOWE_POGP37_4_GE02_29_18,130,TOWE,GE02,3,71,2023-04-13
TOWE_POGP37_4_GE02_29_18,131,TOWE,GE02,4,75,2023-05-23
TOWE_POGP37_4_GE02_29_18,132,TOWE,GE02,1,76,2023-06-01
TOWE_POGP37_4_GE02_29_18,142,TOWE,GE02,1,77,2024-04-22
TOWE_POGP37_4_GE02_29_18,143,TOWE,GE02,1,78,2024-05-02
TOWE_POGP37_4_GE02_29_19,44,TOWE,GE02,1,1,2016-02-25
TOWE_POGP37_4_GE02_29_19,46,TOWE,GE02,2,3,2016-04-21
TOWE_POGP37_4_GE02_29_19,47,TOWE,GE02,5,8,2016-05-19
TOWE_POGP37_4_GE02_29_19,48,TOWE,GE02,1,9,2016-06-02
TOWE_POGP37_4_GE02_29_19,58,TOWE,GE02,1,10,2017-04-13
TOWE_POGP37_4_GE02_29_19,60,TOWE,GE02,3,13,2017-06-22
TOWE_POGP37_4_GE02_29_19,61,TOWE,GE02,1,14,2017-07-20
TOWE_POGP37_4_GE02_29_19,62,TOWE,GE02,2,16,2017-08-31
TOWE_POGP37_4_GE02_29_19,63,TOWE,GE02,1,17,2017-09-21
TOWE_POGP37_4_GE02_29_19,64,TOWE,GE02,1,18,2017-10-05
TOWE_POGP37_4_GE02_29_19,68,TOWE,GE02,2,20,2018-02-08
TOWE_POGP37_4_GE02_29_19,67,TOWE,GE02,2,22,2018-01-25
TOWE_POGP37_4_GE02_29_19,69,TOWE,GE02,4,27,2018-03-29
TOWE_POGP37_4_GE02_29_19,70,TOWE,GE02,3,29,2018-04-12
TOWE_POGP37_4_GE02_29_19,71,TOWE,GE02,2,31,2018-05-31
TOWE_POGP37_4_GE02_29_19,72,TOWE,GE02,1,32,2018-06-21
TOWE_POGP37_4_GE02_29_19,73,TOWE,GE02,1,33,2018-07-02
TOWE_POGP37_4_GE02_29_19,74,TOWE,GE02,1,34,2018-08-30
TOWE_POGP37_4_GE02_29_19,81,TOWE,GE02,6,40,2019-03-21
TOWE_POGP37_4_GE02_29_19,82,TOWE,GE02,2,42,2019-04-18
TOWE_POGP37_4_GE02_29_19,85,TOWE,GE02,1,43,2019-07-25
TOWE_POGP37_4_GE02_29_19,86,TOWE,GE02,2,45,2019-08-22
TOWE_POGP37_4_GE02_29_19,87,TOWE,GE02,1,46,2019-09-12
TOWE_POGP37_4_GE02_29_19,88,TOWE,GE02,1,47,2019-10-03
TOWE_POGP37_4_GE02_29_19,93,TOWE,GE02,2,49,2020-03-12
TOWE_POGP37_4_GE02_29_19,94,TOWE,GE02,5,54,2020-04-30
TOWE_POGP37_4_GE02_29_19,106,TOWE,GE02,4,60,2021-04-08
TOWE_POGP37_4_GE02_29_19,105,TOWE,GE02,2,58,2021-03-25
TOWE_POGP37_4_GE02_29_19,107,TOWE,GE02,3,63,2021-05-20
TOWE_POGP37_4_GE02_29_19,108,TOWE,GE02,2,65,2021-06-09
TOWE_POGP37_4_GE02_29_19,118,TOWE,GE02,1,66,2022-04-21
TOWE_POGP37_4_GE02_29_19,120,TOWE,GE02,1,67,2022-06-09
TOWE_POGP37_4_GE02_29_19,129,TOWE,GE02,1,68,2023-03-09
TOWE_POGP37_4_GE02_29_19,130,TOWE,GE02,1,69,2023-04-13
TOWE_POGP37_4_GE02_29_19,133,TOWE,GE02,1,70,2023-07-20
TOWE_POGP37_4_GE02_29_19,140,TOWE,GE02,1,71,2024-02-22
TOWE_POGP37_4_GE02_29_19,141,TOWE,GE02,1,72,2024-03-20
TOWE_POGP37_4_GE02_29_19,142,TOWE,GE02,1,73,2024-04-22
TOWE_POGP37_4_GE02_29_19,143,TOWE,GE02,1,74,2024-05-02
TOWE_POGP37_4_GE02_29_20,47,TOWE,GE02,9,9,2016-05-26
TOWE_POGP37_4_GE02_29_20,48,TOWE,GE02,1,10,2016-06-02
TOWE_POGP37_4_GE02_29_20,59,TOWE,GE02,1,11,2017-05-25
TOWE_POGP37_4_GE02_29_20,60,TOWE,GE02,3,14,2017-06-30
TOWE_POGP37_4_GE02_29_20,61,TOWE,GE02,1,15,2017-07-20
TOWE_POGP37_4_GE02_29_20,62,TOWE,GE02,2,17,2017-08-25
TOWE_POGP37_4_GE02_29_20,63,TOWE,GE02,1,18,2017-09-14
TOWE_POGP37_4_GE02_29_20,64,TOWE,GE02,1,19,2017-10-19
TOWE_POGP37_4_GE02_29_20,67,TOWE,GE02,3,22,2018-01-18
TOWE_POGP37_4_GE02_29_20,68,TOWE,GE02,1,23,2018-02-08
TOWE_POGP37_4_GE02_29_20,69,TOWE,GE02,5,28,2018-03-08
TOWE_POGP37_4_GE02_29_20,73,TOWE,GE02,1,29,2018-07-02
TOWE_POGP37_4_GE02_29_20,74,TOWE,GE02,2,31,2018-08-09
TOWE_POGP37_4_GE02_29_20,80,TOWE,GE02,5,39,2019-02-21
TOWE_POGP37_4_GE02_29_20,79,TOWE,GE02,2,34,2019-01-31
TOWE_POGP37_4_GE02_29_20,81,TOWE,GE02,1,38,2019-03-07
TOWE_POGP37_4_GE02_29_20,85,TOWE,GE02,1,40,2019-07-25
TOWE_POGP37_4_GE02_29_20,86,TOWE,GE02,1,41,2019-08-08
TOWE_POGP37_4_GE02_29_20,90,TOWE,GE02,2,43,2019-12-26
TOWE_POGP37_4_GE02_29_20,91,TOWE,GE02,5,48,2020-01-30
TOWE_POGP37_4_GE02_29_20,92,TOWE,GE02,1,49,2020-02-10
TOWE_POGP37_4_GE02_29_20,93,TOWE,GE02,2,51,2020-03-12
TOWE_POGP37_4_GE02_29_20,94,TOWE,GE02,1,52,2020-04-02
TOWE_POGP37_4_GE02_29_20,104,TOWE,GE02,4,56,2021-02-18
TOWE_POGP37_4_GE02_29_20,105,TOWE,GE02,3,59,2021-03-25
TOWE_POGP37_4_GE02_29_20,106,TOWE,GE02,3,62,2021-04-29
TOWE_POGP37_4_GE02_29_20,107,TOWE,GE02,2,64,2021-05-20
TOWE_POGP37_4_GE02_29_20,118,TOWE,GE02,1,65,2022-04-07
TOWE_POGP37_4_GE02_29_20,119,TOWE,GE02,4,69,2022-05-12
TOWE_POGP37_4_GE02_29_20,120,TOWE,GE02,2,71,2022-06-09
TOWE_POGP37_4_GE02_29_20,131,TOWE,GE02,2,73,2023-05-04
TOWE_POGP37_4_GE02_29_20,129,TOWE,GE02,1,74,2023-03-23
TOWE_POGP37_4_GE02_29_20,130,TOWE,GE02,1,75,2023-04-06
TOWE_POGP37_4_GE02_29_20,132,TOWE,GE02,1,76,2023-06-08
TOWE_POGP37_4_GE02_29_20,133,TOWE,GE02,1,77,2023-07-06
TOWE_POGP37_4_GE02_29_20,141,TOWE,GE02,2,79,2024-03-07
TOWE_POGP37_4_GE02_29_20,142,TOWE,GE02,1,80,2024-04-22
TOWE_POGP37_4_GE02_29_20,143,TOWE,GE02,1,81,2024-05-02
TOWE_POGP37_3_GE03_34_10,42,TOWE,GE03,1,1,2015-12-22
TOWE_POGP37_3_GE03_34_10,44,TOWE,GE03,2,3,2016-02-03
TOWE_POGP37_3_GE03_34_10,46,TOWE,GE03,4,7,2016-04-20
TOWE_POGP37_3_GE03_34_10,47,TOWE,GE03,2,9,2016-05-18
TOWE_POGP37_3_GE03_34_10,58,TOWE,GE03,2,11,2017-04-12
TOWE_POGP37_3_GE03_34_10,67,TOWE,GE03,3,15,2018-01-31
TOWE_POGP37_3_GE03_34_10,68,TOWE,GE03,2,16,2018-02-28
TOWE_POGP37_3_GE03_34_10,69,TOWE,GE03,1,17,2018-03-14
TOWE_POGP37_3_GE03_34_10,70,TOWE,GE03,3,21,2018-04-18
TOWE_POGP37_3_GE03_34_10,71,TOWE,GE03,4,24,2018-05-16
TOWE_POGP37_3_GE03_34_10,82,TOWE,GE03,6,31,2019-04-17
TOWE_POGP37_3_GE03_34_10,83,TOWE,GE03,4,34,2019-05-22
TOWE_POGP37_3_GE03_34_10,84,TOWE,GE03,2,36,2019-06-05
TOWE_POGP37_3_GE03_34_10,94,TOWE,GE03,6,44,2020-04-29
TOWE_POGP37_3_GE03_34_10,93,TOWE,GE03,2,39,2020-03-25
TOWE_POGP37_3_GE03_34_10,95,TOWE,GE03,4,48,2020-05-27
TOWE_POGP37_3_GE03_34_10,96,TOWE,GE03,1,49,2020-06-03
TOWE_POGP37_3_GE03_34_10,106,TOWE,GE03,3,52,2021-04-29
TOWE_POGP37_3_GE03_34_10,107,TOWE,GE03,2,54,2021-05-13
TOWE_POGP37_3_GE03_34_10,117,TOWE,GE03,2,56,2022-03-14
TOWE_POGP37_3_GE03_34_10,118,TOWE,GE03,3,59,2022-04-06
TOWE_POGP37_3_GE03_34_10,119,TOWE,GE03,1,60,2022-05-11
TOWE_POGP37_3_GE03_34_10,120,TOWE,GE03,1,61,2022-06-09
TOWE_POGP37_3_GE03_34_10,129,TOWE,GE03,2,63,2023-03-09
TOWE_POGP37_3_GE03_34_10,130,TOWE,GE03,1,64,2023-04-26
TOWE_POGP37_3_GE03_34_10,131,TOWE,GE03,1,65,2023-05-03
TOWE_POGP37_3_GE03_34_10,139,TOWE,GE03,1,66,2024-01-31
TOWE_POGP37_3_GE03_34_10,140,TOWE,GE03,1,67,2024-02-21
TOWE_POGP37_3_GE03_34_10,141,TOWE,GE03,2,69,2024-03-06
TOWE_POGP37_3_GE03_34_10,142,TOWE,GE03,1,70,2024-04-18
TOWE_POGP37_3_GE16_34_13,44,TOWE,GE16,1,1,2016-02-17
TOWE_POGP37_3_GE16_34_13,45,TOWE,GE16,2,3,2016-03-16
TOWE_POGP37_3_GE16_34_13,46,TOWE,GE16,1,4,2016-04-13
TOWE_POGP37_3_GE16_34_13,47,TOWE,GE16,5,9,2016-05-18
TOWE_POGP37_3_GE16_34_13,48,TOWE,GE16,2,11,2016-06-01
TOWE_POGP37_3_GE16_34_13,62,TOWE,GE16,2,13,2017-08-23
TOWE_POGP37_3_GE16_34_13,63,TOWE,GE16,1,14,2017-09-20
TOWE_POGP37_3_GE16_34_13,64,TOWE,GE16,1,15,2017-10-04
TOWE_POGP37_3_GE16_34_13,68,TOWE,GE16,2,17,2018-02-28
TOWE_POGP37_3_GE16_34_13,69,TOWE,GE16,2,19,2018-03-07
TOWE_POGP37_3_GE16_34_13,75,TOWE,GE16,1,20,2018-09-26
TOWE_POGP37_3_GE16_34_13,79,TOWE,GE16,2,22,2019-01-30
TOWE_POGP37_3_GE16_34_13,80,TOWE,GE16,3,25,2019-02-20
TOWE_POGP37_3_GE16_34_13,81,TOWE,GE16,4,29,2019-03-20
TOWE_POGP37_3_GE16_34_13,82,TOWE,GE16,3,34,2019-04-17
TOWE_POGP37_3_GE16_34_13,83,TOWE,GE16,2,33,2019-05-01
TOWE_POGP37_3_GE16_34_13,94,TOWE,GE16,2,36,2020-04-22
TOWE_POGP37_3_GE16_34_13,95,TOWE,GE16,5,41,2020-05-13
TOWE_POGP37_3_GE16_34_13,96,TOWE,GE16,1,42,2020-06-03
TOWE_POGP37_3_GE16_34_13,107,TOWE,GE16,4,47,2021-05-13
TOWE_POGP37_3_GE16_34_13,106,TOWE,GE16,1,45,2021-04-29
TOWE_POGP37_3_GE16_34_13,108,TOWE,GE16,1,48,2021-06-03
TOWE_POGP37_3_GE16_34_13,119,TOWE,GE16,4,53,2022-05-11
TOWE_POGP37_3_GE16_34_13,118,TOWE,GE16,1,50,2022-04-20
TOWE_POGP37_3_GE16_34_13,120,TOWE,GE16,3,56,2022-06-09
TOWE_POGP37_3_GE16_34_13,121,TOWE,GE16,2,58,2022-07-20
TOWE_POGP37_3_GE16_34_13,132,TOWE,GE16,1,59,2023-06-01
TOWE_POGP37_3_GE16_34_13,141,TOWE,GE16,3,62,2024-03-13
TOWE_POGP37_3_GE16_34_13,143,TOWE,GE16,1,63,2024-05-14
TOWE_POGP37_3_GE16_34_14,47,TOWE,GE16,4,4,2016-05-25
TOWE_POGP37_3_GE16_34_14,58,TOWE,GE16,2,6,2017-04-26
TOWE_POGP37_3_GE16_34_14,62,TOWE,GE16,1,7,2017-08-30
TOWE_POGP37_3_GE16_34_14,63,TOWE,GE16,1,8,2017-09-13
TOWE_POGP37_3_GE16_34_14,64,TOWE,GE16,1,9,2017-10-04
TOWE_POGP37_3_GE16_34_14,65,TOWE,GE16,1,10,2017-11-01
TOWE_POGP37_3_GE16_34_14,67,TOWE,GE16,2,12,2018-01-31
TOWE_POGP37_3_GE16_34_14,69,TOWE,GE16,2,14,2018-03-14
TOWE_POGP37_3_GE16_34_14,70,TOWE,GE16,5,19,2018-04-25
TOWE_POGP37_3_GE16_34_14,71,TOWE,GE16,1,20,2018-05-09
TOWE_POGP37_3_GE16_34_14,82,TOWE,GE16,2,22,2019-04-10
TOWE_POGP37_3_GE16_34_14,83,TOWE,GE16,4,26,2019-05-15
TOWE_POGP37_3_GE16_34_14,84,TOWE,GE16,4,30,2019-06-19
TOWE_POGP37_3_GE16_34_14,85,TOWE,GE16,1,31,2019-07-17
TOWE_POGP37_3_GE16_34_14,94,TOWE,GE16,5,37,2020-04-15
TOWE_POGP37_3_GE16_34_14,95,TOWE,GE16,4,40,2020-05-13
TOWE_POGP37_3_GE16_34_14,96,TOWE,GE16,1,41,2020-06-03
TOWE_POGP37_3_GE16_34_14,106,TOWE,GE16,3,44,2021-04-29
TOWE_POGP37_3_GE16_34_14,107,TOWE,GE16,1,45,2021-05-13
TOWE_POGP37_3_GE16_34_14,108,TOWE,GE16,2,47,2021-06-16
TOWE_POGP37_3_GE16_34_14,119,TOWE,GE16,3,50,2022-05-11
TOWE_POGP37_3_GE16_34_14,120,TOWE,GE16,1,51,2022-06-01
TOWE_POGP37_3_GE16_34_14,131,TOWE,GE16,1,52,2023-05-03
TOWE_POGP37_3_GE16_34_14,132,TOWE,GE16,2,54,2023-06-29
TOWE_POGP37_3_GE16_34_14,133,TOWE,GE16,1,55,2023-07-20
TOWE_POGP37_3_GE16_34_14,142,TOWE,GE16,1,56,2024-04-18
TOWE_POGP37_3_GE16_34_15,42,TOWE,GE16,3,3,2015-12-22
TOWE_POGP37_3_GE16_34_15,43,TOWE,GE16,2,5,2016-01-27
TOWE_POGP37_3_GE16_34_15,55,TOWE,GE16,1,6,2017-01-25
TOWE_POGP37_3_GE16_34_15,57,TOWE,GE16,1,7,2017-03-01
TOWE_POGP37_3_GE16_34_15,58,TOWE,GE16,2,9,2017-04-12
TOWE_POGP37_3_GE16_34_15,67,TOWE,GE16,2,11,2018-01-24
TOWE_POGP37_3_GE16_34_15,68,TOWE,GE16,3,14,2018-02-28
TOWE_POGP37_3_GE16_34_15,69,TOWE,GE16,2,16,2018-03-28
TOWE_POGP37_3_GE16_34_15,71,TOWE,GE16,1,17,2018-05-16
TOWE_POGP37_3_GE16_34_15,82,TOWE,GE16,1,18,2019-04-02
TOWE_POGP37_3_GE16_34_15,81,TOWE,GE16,5,25,2019-03-20
TOWE_POGP37_3_GE16_34_15,80,TOWE,GE16,2,21,2019-02-20
TOWE_POGP37_3_GE16_34_15,92,TOWE,GE16,3,28,2020-02-12
TOWE_POGP37_3_GE16_34_15,93,TOWE,GE16,1,29,2020-03-04
TOWE_POGP37_3_GE16_34_15,94,TOWE,GE16,5,34,2020-04-29
TOWE_POGP37_3_GE16_34_15,95,TOWE,GE16,1,35,2020-05-13
TOWE_POGP37_3_GE16_34_15,105,TOWE,GE16,3,38,2021-03-25
TOWE_POGP37_3_GE16_34_15,106,TOWE,GE16,4,42,2021-04-29
TOWE_POGP37_3_GE16_34_15,107,TOWE,GE16,1,43,2021-05-05
TOWE_POGP37_3_GE16_34_15,108,TOWE,GE16,2,45,2021-06-09
TOWE_POGP37_3_GE16_34_15,119,TOWE,GE16,5,50,2022-05-11
TOWE_POGP37_3_GE16_34_15,120,TOWE,GE16,2,52,2022-06-09
TOWE_POGP37_3_GE16_34_15,121,TOWE,GE16,2,54,2022-07-20
TOWE_POGP37_3_GE16_34_15,131,TOWE,GE16,1,55,2023-05-03
TOWE_POGP37_4_GE16_34_24,42,TOWE,GE16,1,1,2015-12-17
TOWE_POGP37_4_GE16_34_24,67,TOWE,GE16,3,4,2018-01-18
TOWE_POGP37_4_GE16_34_24,68,TOWE,GE16,1,5,2018-02-22
TOWE_POGP37_4_GE16_34_24,70,TOWE,GE16,4,9,2018-04-19
TOWE_POGP37_4_GE16_34_24,71,TOWE,GE16,2,11,2018-05-24
TOWE_POGP37_4_GE16_34_24,82,TOWE,GE16,3,14,2019-04-18
TOWE_POGP37_4_GE16_34_24,83,TOWE,GE16,3,17,2019-05-23
TOWE_POGP37_4_GE16_34_24,93,TOWE,GE16,2,20,2020-03-05
TOWE_POGP37_4_GE16_34_24,94,TOWE,GE16,5,24,2020-04-16
TOWE_POGP37_4_GE16_34_24,105,TOWE,GE16,1,25,2021-03-11
TOWE_POGP37_4_GE16_34_24,106,TOWE,GE16,5,30,2021-04-29
TOWE_POGP37_4_GE16_34_24,117,TOWE,GE16,2,32,2022-03-22
TOWE_POGP37_4_GE16_34_24,118,TOWE,GE16,1,33,2022-04-07
TOWE_POGP37_4_GE16_34_24,119,TOWE,GE16,5,38,2022-05-12
TOWE_POGP37_4_GE16_34_24,120,TOWE,GE16,1,39,2022-06-01
TOWE_POGP37_4_GE16_34_24,131,TOWE,GE16,2,41,2023-05-04
TOWE_POGP37_4_GE16_34_24,141,TOWE,GE16,2,43,2024-03-20
TOWE_POGP37_4_GE16_34_24,142,TOWE,GE16,1,44,2024-04-22
TOWE_POGP37_4_GE16_34_24,143,TOWE,GE16,3,47,2024-05-09
TOWE_POGP37_4_GE16_34_25,42,TOWE,GE16,1,1,2015-12-17
TOWE_POGP37_4_GE16_34_25,47,TOWE,GE16,3,4,2016-05-05
TOWE_POGP37_4_GE16_34_25,59,TOWE,GE16,2,6,2017-05-25
TOWE_POGP37_4_GE16_34_25,60,TOWE,GE16,2,8,2017-06-08
TOWE_POGP37_4_GE16_34_25,61,TOWE,GE16,2,10,2017-07-06
TOWE_POGP37_4_GE16_34_25,63,TOWE,GE16,1,11,2017-09-21
TOWE_POGP37_4_GE16_34_25,64,TOWE,GE16,1,12,2017-10-05
TOWE_POGP37_4_GE16_34_25,67,TOWE,GE16,3,15,2018-01-18
TOWE_POGP37_4_GE16_34_25,68,TOWE,GE16,1,16,2018-02-01
TOWE_POGP37_4_GE16_34_25,69,TOWE,GE16,2,18,2018-03-01
TOWE_POGP37_4_GE16_34_25,73,TOWE,GE16,3,21,2018-07-26
TOWE_POGP37_4_GE16_34_25,74,TOWE,GE16,1,22,2018-08-30
TOWE_POGP37_4_GE16_34_25,79,TOWE,GE16,4,26,2019-01-31
TOWE_POGP37_4_GE16_34_25,80,TOWE,GE16,4,30,2019-02-28
TOWE_POGP37_4_GE16_34_25,81,TOWE,GE16,4,34,2019-03-21
TOWE_POGP37_4_GE16_34_25,82,TOWE,GE16,2,36,2019-04-11
TOWE_POGP37_4_GE16_34_25,92,TOWE,GE16,3,40,2020-02-10
TOWE_POGP37_4_GE16_34_25,91,TOWE,GE16,1,39,2020-01-30
TOWE_POGP37_4_GE16_34_25,93,TOWE,GE16,1,41,2020-03-19
TOWE_POGP37_4_GE16_34_25,94,TOWE,GE16,6,47,2020-04-30
TOWE_POGP37_4_GE16_34_25,105,TOWE,GE16,3,50,2021-03-25
TOWE_POGP37_4_GE16_34_25,106,TOWE,GE16,2,52,2021-04-29
TOWE_POGP37_4_GE16_34_25,107,TOWE,GE16,3,55,2021-05-26
TOWE_POGP37_4_GE16_34_25,119,TOWE,GE16,7,63,2022-05-12
TOWE_POGP37_4_GE16_34_25,118,TOWE,GE16,1,60,2022-04-21
TOWE_POGP37_4_GE16_34_25,120,TOWE,GE16,4,67,2022-06-09
TOWE_POGP37_4_GE16_34_25,131,TOWE,GE16,3,70,2023-05-23
TOWE_POGP37_4_GE16_34_25,141,TOWE,GE16,2,72,2024-03-07
TOWE_POGP37_4_GE16_34_25,142,TOWE,GE16,1,73,2024-04-22
TOWE_POGP37_4_GE03_34_28,42,TOWE,GE03,2,2,2015-12-23
TOWE_POGP37_4_GE03_34_28,43,TOWE,GE03,1,3,2016-01-28
TOWE_POGP37_4_GE03_34_28,44,TOWE,GE03,2,5,2016-02-04
TOWE_POGP37_4_GE03_34_28,46,TOWE,GE03,6,11,2016-04-21
TOWE_POGP37_4_GE03_34_28,47,TOWE,GE03,2,13,2016-05-26
TOWE_POGP37_4_GE03_34_28,57,TOWE,GE03,2,16,2017-03-30
TOWE_POGP37_4_GE03_34_28,58,TOWE,GE03,2,17,2017-04-27
TOWE_POGP37_4_GE03_34_28,59,TOWE,GE03,4,21,2017-05-18
TOWE_POGP37_4_GE03_34_28,62,TOWE,GE03,1,22,2017-08-25
TOWE_POGP37_4_GE03_34_28,63,TOWE,GE03,1,23,2017-09-28
TOWE_POGP37_4_GE03_34_28,68,TOWE,GE03,2,25,2018-02-22
TOWE_POGP37_4_GE03_34_28,69,TOWE,GE03,6,31,2018-03-15
TOWE_POGP37_4_GE03_34_28,70,TOWE,GE03,3,34,2018-04-26
TOWE_POGP37_4_GE03_34_28,71,TOWE,GE03,1,35,2018-05-10
TOWE_POGP37_4_GE03_34_28,81,TOWE,GE03,8,43,2019-03-21
TOWE_POGP37_4_GE03_34_28,82,TOWE,GE03,4,47,2019-04-25
TOWE_POGP37_4_GE03_34_28,83,TOWE,GE03,4,51,2019-05-30
TOWE_POGP37_4_GE03_34_28,84,TOWE,GE03,2,53,2019-06-27
TOWE_POGP37_4_GE03_34_28,85,TOWE,GE03,1,54,2019-07-25
TOWE_POGP37_4_GE03_34_28,86,TOWE,GE03,1,55,2019-08-29
TOWE_POGP37_4_GE03_34_28,87,TOWE,GE03,1,56,2019-09-05
TOWE_POGP37_4_GE03_34_28,94,TOWE,GE03,8,64,2020-04-30
TOWE_POGP37_4_GE03_34_28,95,TOWE,GE03,2,66,2020-05-12
TOWE_POGP37_4_GE03_34_28,106,TOWE,GE03,6,72,2021-04-29
TOWE_POGP37_4_GE03_34_28,107,TOWE,GE03,1,73,2021-05-13
TOWE_POGP37_4_GE03_34_28,118,TOWE,GE03,4,77,2022-04-07
TOWE_POGP37_4_GE03_34_28,119,TOWE,GE03,6,83,2022-05-12
TOWE_POGP37_4_GE03_34_28,120,TOWE,GE03,2,85,2022-06-01
TOWE_POGP37_4_GE03_34_28,131,TOWE,GE03,4,89,2023-05-24
TOWE_POGP37_4_GE03_34_28,132,TOWE,GE03,2,91,2023-06-15
TOWE_POGP37_4_GE03_34_28,133,TOWE,GE03,1,92,2023-07-06
TOWE_POGP37_4_GE03_34_28,134,TOWE,GE03,1,93,2023-08-17
TOWE_POGP37_4_GE03_34_28,142,TOWE,GE03,1,94,2024-04-24
TOWE_POGP37_4_GE03_34_28,143,TOWE,GE03,2,96,2024-05-02
TOWE_POGP37_4_GE03_34_28,145,TOWE,GE03,1,97,2024-07-18
TOWE_POGP37_4_GE03_34_29,44,TOWE,GE03,5,5,2016-02-04
TOWE_POGP37_4_GE03_34_29,45,TOWE,GE03,2,7,2016-03-17
TOWE_POGP37_4_GE03_34_29,46,TOWE,GE03,5,12,2016-04-21
TOWE_POGP37_4_GE03_34_29,47,TOWE,GE03,4,16,2016-05-26
TOWE_POGP37_4_GE03_34_29,48,TOWE,GE03,1,17,2016-06-02
TOWE_POGP37_4_GE03_34_29,57,TOWE,GE03,9,26,2017-03-30
TOWE_POGP37_4_GE03_34_29,58,TOWE,GE03,1,27,2017-04-06
TOWE_POGP37_4_GE03_34_29,59,TOWE,GE03,2,29,2017-05-04
TOWE_POGP37_4_GE03_34_29,60,TOWE,GE03,3,32,2017-06-15
TOWE_POGP37_4_GE03_34_29,61,TOWE,GE03,1,33,2017-07-13
TOWE_POGP37_4_GE03_34_29,62,TOWE,GE03,1,34,2017-08-25
TOWE_POGP37_4_GE03_34_29,68,TOWE,GE03,5,39,2018-02-22
TOWE_POGP37_4_GE03_34_29,69,TOWE,GE03,2,41,2018-03-29
TOWE_POGP37_4_GE03_34_29,73,TOWE,GE03,1,42,2018-07-26
TOWE_POGP37_4_GE03_34_29,74,TOWE,GE03,1,43,2018-08-16
TOWE_POGP37_4_GE03_34_29,79,TOWE,GE03,7,50,2019-01-31
TOWE_POGP37_4_GE03_34_29,80,TOWE,GE03,3,53,2019-02-21
TOWE_POGP37_4_GE03_34_29,81,TOWE,GE03,4,57,2019-03-21
TOWE_POGP37_4_GE03_34_29,82,TOWE,GE03,1,58,2019-04-04
TOWE_POGP37_4_GE03_34_29,85,TOWE,GE03,1,59,2019-07-04
TOWE_POGP37_4_GE03_34_29,92,TOWE,GE03,6,66,2020-02-27
TOWE_POGP37_4_GE03_34_29,91,TOWE,GE03,1,61,2020-01-30
TOWE_POGP37_4_GE03_34_29,93,TOWE,GE03,3,69,2020-03-12
TOWE_POGP37_4_GE03_34_29,94,TOWE,GE03,1,70,2020-04-02
TOWE_POGP37_4_GE03_34_29,97,TOWE,GE03,1,71,2020-07-09
TOWE_POGP37_4_GE03_34_29,98,TOWE,GE03,1,72,2020-08-06
TOWE_POGP37_4_GE03_34_29,104,TOWE,GE03,4,76,2021-02-25
TOWE_POGP37_4_GE03_34_29,105,TOWE,GE03,2,78,2021-03-25
TOWE_POGP37_4_GE03_34_29,106,TOWE,GE03,2,80,2021-04-15
TOWE_POGP37_4_GE03_34_29,116,TOWE,GE03,2,82,2022-02-16
TOWE_POGP37_4_GE03_34_29,117,TOWE,GE03,1,83,2022-03-17
TOWE_POGP37_4_GE03_34_29,118,TOWE,GE03,2,85,2022-04-07
TOWE_POGP37_4_GE03_34_29,119,TOWE,GE03,6,91,2022-05-17
TOWE_POGP37_4_GE03_34_29,129,TOWE,GE03,3,94,2023-03-30
TOWE_POGP37_4_GE03_34_29,130,TOWE,GE03,1,95,2023-04-06
TOWE_POGP37_4_GE03_34_29,131,TOWE,GE03,4,99,2023-05-18
TOWE_POGP37_4_GE03_34_29,132,TOWE,GE03,1,100,2023-06-15
TOWE_POGP37_4_GE03_34_29,143,TOWE,GE03,1,101,2024-05-02
TOWE_POGP37_3_GE06_34_3,43,TOWE,GE06,1,1,2016-01-27
TOWE_POGP37_3_GE06_34_3,44,TOWE,GE06,3,4,2016-02-03
TOWE_POGP37_3_GE06_34_3,46,TOWE,GE06,3,7,2016-04-20
TOWE_POGP37_3_GE06_34_3,47,TOWE,GE06,1,8,2016-05-04
TOWE_POGP37_3_GE06_34_3,57,TOWE,GE06,1,9,2017-03-01
TOWE_POGP37_3_GE06_34_3,62,TOWE,GE06,1,10,2017-08-30
TOWE_POGP37_3_GE06_34_3,67,TOWE,GE06,1,11,2018-01-03
TOWE_POGP37_3_GE06_34_3,69,TOWE,GE06,3,14,2018-03-21
TOWE_POGP37_3_GE06_34_3,75,TOWE,GE06,1,15,2018-09-19
TOWE_POGP37_3_GE06_34_3,79,TOWE,GE06,3,18,2019-01-16
TOWE_POGP37_3_GE06_34_3,80,TOWE,GE06,3,22,2019-02-27
TOWE_POGP37_3_GE06_34_3,81,TOWE,GE06,2,23,2019-03-13
TOWE_POGP37_3_GE06_34_3,82,TOWE,GE06,4,27,2019-04-24
TOWE_POGP37_3_GE06_34_3,83,TOWE,GE06,1,28,2019-05-08
TOWE_POGP37_3_GE06_34_3,94,TOWE,GE06,9,40,2020-04-29
TOWE_POGP37_3_GE06_34_3,93,TOWE,GE06,2,32,2020-03-11
TOWE_POGP37_3_GE06_34_3,92,TOWE,GE06,1,31,2020-02-12
TOWE_POGP37_3_GE06_34_3,95,TOWE,GE06,1,41,2020-05-13
TOWE_POGP37_3_GE06_34_3,106,TOWE,GE06,5,46,2021-04-29
TOWE_POGP37_3_GE06_34_3,107,TOWE,GE06,1,47,2021-05-20
TOWE_POGP37_3_GE06_34_3,108,TOWE,GE06,1,48,2021-06-03
TOWE_POGP37_3_GE06_34_3,119,TOWE,GE06,4,53,2022-05-24
TOWE_POGP37_3_GE06_34_3,118,TOWE,GE06,1,50,2022-04-06
TOWE_POGP37_3_GE06_34_3,120,TOWE,GE06,2,55,2022-06-09
TOWE_POGP37_3_GE06_34_3,129,TOWE,GE06,1,56,2023-03-09
TOWE_POGP37_3_GE06_34_3,131,TOWE,GE06,1,57,2023-05-10
TOWE_POGP37_3_GE06_34_3,139,TOWE,GE06,1,58,2024-01-25
TOWE_POGP37_3_GE06_34_3,140,TOWE,GE06,1,59,2024-02-14
TOWE_POGP37_3_GE06_34_3,141,TOWE,GE06,2,61,2024-03-06
TOWE_POGP37_3_GE06_34_3,142,TOWE,GE06,1,62,2024-04-18
TOWE_POGP37_3_GE06_34_4,42,TOWE,GE06,1,1,2015-12-29
TOWE_POGP37_3_GE06_34_4,44,TOWE,GE06,1,2,2016-02-03
TOWE_POGP37_3_GE06_34_4,46,TOWE,GE06,3,5,2016-04-20
TOWE_POGP37_3_GE06_34_4,57,TOWE,GE06,3,8,2017-03-15
TOWE_POGP37_3_GE06_34_4,60,TOWE,GE06,1,9,2017-06-21
TOWE_POGP37_3_GE06_34_4,61,TOWE,GE06,1,10,2017-07-19
TOWE_POGP37_3_GE06_34_4,62,TOWE,GE06,2,12,2017-08-30
TOWE_POGP37_3_GE06_34_4,63,TOWE,GE06,1,13,2017-09-27
TOWE_POGP37_3_GE06_34_4,68,TOWE,GE06,2,16,2018-02-28
TOWE_POGP37_3_GE06_34_4,69,TOWE,GE06,2,17,2018-03-14
TOWE_POGP37_3_GE06_34_4,72,TOWE,GE06,1,18,2018-06-27
TOWE_POGP37_3_GE06_34_4,73,TOWE,GE06,2,20,2018-07-25
TOWE_POGP37_3_GE06_34_4,74,TOWE,GE06,1,21,2018-08-22
TOWE_POGP37_3_GE06_34_4,75,TOWE,GE06,1,22,2018-09-19
TOWE_POGP37_3_GE06_34_4,78,TOWE,GE06,1,23,2018-12-26
TOWE_POGP37_3_GE06_34_4,77,TOWE,GE06,1,24,2018-11-28
TOWE_POGP37_3_GE06_34_4,79,TOWE,GE06,2,26,2019-01-30
TOWE_POGP37_3_GE06_34_4,80,TOWE,GE06,3,29,2019-02-20
TOWE_POGP37_3_GE06_34_4,81,TOWE,GE06,3,32,2019-03-20
TOWE_POGP37_3_GE06_34_4,82,TOWE,GE06,1,33,2019-04-02
TOWE_POGP37_3_GE06_34_4,86,TOWE,GE06,1,34,2019-08-28
TOWE_POGP37_3_GE06_34_4,91,TOWE,GE06,6,40,2020-01-30
TOWE_POGP37_3_GE06_34_4,92,TOWE,GE06,1,41,2020-02-26
TOWE_POGP37_3_GE06_34_4,93,TOWE,GE06,3,44,2020-03-18
TOWE_POGP37_3_GE06_34_4,103,TOWE,GE06,2,46,2021-01-28
TOWE_POGP37_3_GE06_34_4,104,TOWE,GE06,3,49,2021-02-25
TOWE_POGP37_3_GE06_34_4,105,TOWE,GE06,3,53,2021-03-18
TOWE_POGP37_3_GE06_34_4,106,TOWE,GE06,1,52,2021-04-02
TOWE_POGP37_3_GE06_34_4,115,TOWE,GE06,1,54,2022-01-20
TOWE_POGP37_3_GE06_34_4,116,TOWE,GE06,1,55,2022-02-03
TOWE_POGP37_3_GE06_34_4,117,TOWE,GE06,3,58,2022-03-14
TOWE_POGP37_3_GE06_34_4,119,TOWE,GE06,1,59,2022-05-11
TOWE_POGP37_3_GE06_34_4,118,TOWE,GE06,1,60,2022-04-06
TOWE_POGP37_3_GE06_34_4,128,TOWE,GE06,1,61,2023-02-16
TOWE_POGP37_3_GE06_34_4,135,TOWE,GE06,1,62,2023-09-21
TOWE_POGP37_3_GE06_34_4,138,TOWE,GE06,1,63,2023-12-20
TOWE_POGP37_3_GE06_34_4,139,TOWE,GE06,3,66,2024-01-25
TOWE_POGP37_3_GE06_34_4,140,TOWE,GE06,2,68,2024-02-14
TOWE_POGP37_3_GE06_34_4,141,TOWE,GE06,1,69,2024-03-13
TOWE_POGP37_3_GE06_34_5,43,TOWE,GE06,2,2,2016-01-27
TOWE_POGP37_3_GE06_34_5,44,TOWE,GE06,3,5,2016-02-03
TOWE_POGP37_3_GE06_34_5,56,TOWE,GE06,1,6,2017-02-15
TOWE_POGP37_3_GE06_34_5,62,TOWE,GE06,1,7,2017-08-23
TOWE_POGP37_3_GE06_34_5,64,TOWE,GE06,1,8,2017-10-04
TOWE_POGP37_3_GE06_34_5,66,TOWE,GE06,2,10,2017-12-27
TOWE_POGP37_3_GE06_34_5,69,TOWE,GE06,1,11,2018-03-14
TOWE_POGP37_3_GE06_34_5,75,TOWE,GE06,1,12,2018-09-19
TOWE_POGP37_3_GE06_34_5,77,TOWE,GE06,1,13,2018-11-14
TOWE_POGP37_3_GE06_34_5,78,TOWE,GE06,1,14,2018-12-19
TOWE_POGP37_3_GE06_34_5,81,TOWE,GE06,5,19,2019-03-27
TOWE_POGP37_3_GE06_34_5,86,TOWE,GE06,1,20,2019-08-01
TOWE_POGP37_3_GE06_34_5,91,TOWE,GE06,5,25,2020-01-22
TOWE_POGP37_3_GE06_34_5,92,TOWE,GE06,2,28,2020-02-05
TOWE_POGP37_3_GE06_34_5,93,TOWE,GE06,4,31,2020-03-18
TOWE_POGP37_3_GE06_34_5,94,TOWE,GE06,1,32,2020-04-08
TOWE_POGP37_3_GE06_34_5,105,TOWE,GE06,4,36,2021-03-18
TOWE_POGP37_3_GE06_34_5,106,TOWE,GE06,2,38,2021-04-15
TOWE_POGP37_3_GE06_34_5,117,TOWE,GE06,3,41,2022-03-31
TOWE_POGP37_3_GE06_34_5,118,TOWE,GE06,1,42,2022-04-13
TOWE_POGP37_3_GE06_34_5,119,TOWE,GE06,4,46,2022-05-24
TOWE_POGP37_3_GE06_34_5,120,TOWE,GE06,1,47,2022-06-09
TOWE_POGP37_3_GE06_34_5,129,TOWE,GE06,2,49,2023-03-09
TOWE_POGP37_3_GE06_34_5,139,TOWE,GE06,1,50,2024-01-31
TOWE_POGP37_3_GE06_34_5,141,TOWE,GE06,1,51,2024-03-06
TOWE_POGP37_3_GE06_34_5,144,TOWE,GE06,1,52,2024-06-25
TOWE_POGP37_3_GE03_34_8,42,TOWE,GE03,1,1,2015-12-29
TOWE_POGP37_3_GE03_34_8,43,TOWE,GE03,1,2,2016-01-27
TOWE_POGP37_3_GE03_34_8,44,TOWE,GE03,2,4,2016-02-03
TOWE_POGP37_3_GE03_34_8,46,TOWE,GE03,1,5,2016-04-27
TOWE_POGP37_3_GE03_34_8,47,TOWE,GE03,1,6,2016-05-11
TOWE_POGP37_3_GE03_34_8,57,TOWE,GE03,1,7,2017-03-29
TOWE_POGP37_3_GE03_34_8,58,TOWE,GE03,6,13,2017-04-19
TOWE_POGP37_3_GE03_34_8,59,TOWE,GE03,1,14,2017-05-03
TOWE_POGP37_3_GE03_34_8,69,TOWE,GE03,5,19,2018-03-28
TOWE_POGP37_3_GE03_34_8,70,TOWE,GE03,3,22,2018-04-25
TOWE_POGP37_3_GE03_34_8,71,TOWE,GE03,1,23,2018-05-02
TOWE_POGP37_3_GE03_34_8,81,TOWE,GE03,7,30,2019-03-20
TOWE_POGP37_3_GE03_34_8,82,TOWE,GE03,3,33,2019-04-24
TOWE_POGP37_3_GE03_34_8,83,TOWE,GE03,2,35,2019-05-15
TOWE_POGP37_3_GE03_34_8,94,TOWE,GE03,6,43,2020-04-29
TOWE_POGP37_3_GE03_34_8,93,TOWE,GE03,2,40,2020-03-18
TOWE_POGP37_3_GE03_34_8,95,TOWE,GE03,3,46,2020-05-27
TOWE_POGP37_3_GE03_34_8,96,TOWE,GE03,1,47,2020-06-17
TOWE_POGP37_3_GE03_34_8,97,TOWE,GE03,1,48,2020-07-01
TOWE_POGP37_3_GE03_34_8,106,TOWE,GE03,5,54,2021-04-29
TOWE_POGP37_3_GE03_34_8,107,TOWE,GE03,1,53,2021-05-05
TOWE_POGP37_3_GE03_34_8,108,TOWE,GE03,3,57,2021-06-30
TOWE_POGP37_3_GE03_34_8,118,TOWE,GE03,2,60,2022-04-13
TOWE_POGP37_3_GE03_34_8,117,TOWE,GE03,1,59,2022-03-17
TOWE_POGP37_3_GE03_34_8,119,TOWE,GE03,3,63,2022-05-11
TOWE_POGP37_3_GE03_34_8,120,TOWE,GE03,2,65,2022-06-01
TOWE_POGP37_3_GE03_34_8,121,TOWE,GE03,1,66,2022-07-20
TOWE_POGP37_3_GE03_34_8,129,TOWE,GE03,1,67,2023-03-29
TOWE_POGP37_3_GE03_34_8,130,TOWE,GE03,2,69,2023-04-19
TOWE_POGP37_3_GE03_34_8,131,TOWE,GE03,1,70,2023-05-03
TOWE_POGP37_3_GE03_34_8,141,TOWE,GE03,1,71,2024-03-06
TOWE_POGP37_3_GE03_34_8,140,TOWE,GE03,1,72,2024-02-14
TOWE_POGP37_3_GE03_34_8,142,TOWE,GE03,1,73,2024-04-18
TOWE_POGP37_3_GE03_34_9,44,TOWE,GE03,1,1,2016-02-03
TOWE_POGP37_3_GE03_34_9,47,TOWE,GE03,6,7,2016-05-18
TOWE_POGP37_3_GE03_34_9,48,TOWE,GE03,3,10,2016-06-01
TOWE_POGP37_3_GE03_34_9,59,TOWE,GE03,2,12,2017-05-24
TOWE_POGP37_3_GE03_34_9,68,TOWE,GE03,3,15,2018-02-21
TOWE_POGP37_3_GE03_34_9,69,TOWE,GE03,1,16,2018-03-07
TOWE_POGP37_3_GE03_34_9,70,TOWE,GE03,6,22,2018-04-25
TOWE_POGP37_3_GE03_34_9,71,TOWE,GE03,4,26,2018-05-16
TOWE_POGP37_3_GE03_34_9,82,TOWE,GE03,2,28,2019-04-17
TOWE_POGP37_3_GE03_34_9,83,TOWE,GE03,5,33,2019-05-15
TOWE_POGP37_3_GE03_34_9,91,TOWE,GE03,3,36,2020-01-30
TOWE_POGP37_3_GE03_34_9,92,TOWE,GE03,2,38,2020-02-05
TOWE_POGP37_3_GE03_34_9,93,TOWE,GE03,1,39,2020-03-04
TOWE_POGP37_3_GE03_34_9,94,TOWE,GE03,3,42,2020-04-22
TOWE_POGP37_3_GE03_34_9,95,TOWE,GE03,4,46,2020-05-27
TOWE_POGP37_3_GE03_34_9,96,TOWE,GE03,2,48,2020-06-24
TOWE_POGP37_3_GE03_34_9,106,TOWE,GE03,3,51,2021-04-29
TOWE_POGP37_3_GE03_34_9,107,TOWE,GE03,2,53,2021-05-20
TOWE_POGP37_3_GE03_34_9,108,TOWE,GE03,3,56,2021-06-24
TOWE_POGP37_3_GE03_34_9,109,TOWE,GE03,1,57,2021-07-08
TOWE_POGP37_3_GE03_34_9,119,TOWE,GE03,4,62,2022-05-11
TOWE_POGP37_3_GE03_34_9,118,TOWE,GE03,1,59,2022-04-20
TOWE_POGP37_3_GE03_34_9,121,TOWE,GE03,1,63,2022-07-20
TOWE_POGP37_3_GE03_34_9,130,TOWE,GE03,1,64,2023-04-12
TOWE_POGP37_3_GE03_34_9,132,TOWE,GE03,3,67,2023-06-01
TOWE_POGP37_3_GE03_34_9,140,TOWE,GE03,2,69,2024-02-21
TOWE_POGP37_3_GE03_34_9,141,TOWE,GE03,1,70,2024-03-06
TOWE_POGP37_3_GE03_34_9,142,TOWE,GE03,1,71,2024-04-18
TOWE_POGP37_4_GE16_35_24,44,TOWE,GE16,2,2,2016-02-04
TOWE_POGP37_4_GE16_35_24,47,TOWE,GE16,5,7,2016-05-19
TOWE_POGP37_4_GE16_35_24,61,TOWE,GE16,1,8,2017-07-13
TOWE_POGP37_4_GE16_35_24,62,TOWE,GE16,2,10,2017-08-25
TOWE_POGP37_4_GE16_35_24,63,TOWE,GE16,1,11,2017-09-21
TOWE_POGP37_4_GE16_35_24,64,TOWE,GE16,1,12,2017-10-26
TOWE_POGP37_4_GE16_35_24,67,TOWE,GE16,2,14,2018-01-11
TOWE_POGP37_4_GE16_35_24,69,TOWE,GE16,4,18,2018-03-22
TOWE_POGP37_4_GE16_35_24,79,TOWE,GE16,6,24,2019-01-24
TOWE_POGP37_4_GE16_35_24,80,TOWE,GE16,1,25,2019-02-28
TOWE_POGP37_4_GE16_35_24,81,TOWE,GE16,3,29,2019-03-21
TOWE_POGP37_4_GE16_35_24,82,TOWE,GE16,4,32,2019-04-18
TOWE_POGP37_4_GE16_35_24,92,TOWE,GE16,2,34,2020-02-20
TOWE_POGP37_4_GE16_35_24,93,TOWE,GE16,1,35,2020-03-19
TOWE_POGP37_4_GE16_35_24,94,TOWE,GE16,5,40,2020-04-16
TOWE_POGP37_4_GE16_35_24,104,TOWE,GE16,2,42,2021-02-25
TOWE_POGP37_4_GE16_35_24,105,TOWE,GE16,2,44,2021-03-11
TOWE_POGP37_4_GE16_35_24,106,TOWE,GE16,3,47,2021-04-29
TOWE_POGP37_4_GE16_35_24,117,TOWE,GE16,4,51,2022-03-30
TOWE_POGP37_4_GE16_35_24,118,TOWE,GE16,3,54,2022-04-07
TOWE_POGP37_4_GE16_35_24,119,TOWE,GE16,1,55,2022-05-12
TOWE_POGP37_4_GE16_35_24,129,TOWE,GE16,1,56,2023-03-30
TOWE_POGP37_4_GE16_35_24,130,TOWE,GE16,1,57,2023-04-06
TOWE_POGP37_4_GE16_35_24,140,TOWE,GE16,1,58,2024-02-22
TOWE_POGP37_4_GE16_35_24,141,TOWE,GE16,2,60,2024-03-20
TOWE_POGP37_4_GE16_35_24,142,TOWE,GE16,1,61,2024-04-22
TOWE_POGP37_4_GE03_35_29,43,TOWE,GE03,1,1,2016-01-28
TOWE_POGP37_4_GE03_35_29,44,TOWE,GE03,1,2,2016-02-04
TOWE_POGP37_4_GE03_35_29,45,TOWE,GE03,1,3,2016-03-17
TOWE_POGP37_4_GE03_35_29,46,TOWE,GE03,7,10,2016-04-14
TOWE_POGP37_4_GE03_35_29,47,TOWE,GE03,2,12,2016-05-05
TOWE_POGP37_4_GE03_35_29,57,TOWE,GE03,4,16,2017-03-30
TOWE_POGP37_4_GE03_35_29,58,TOWE,GE03,1,17,2017-04-13
TOWE_POGP37_4_GE03_35_29,64,TOWE,GE03,1,18,2017-10-19
TOWE_POGP37_4_GE03_35_29,67,TOWE,GE03,4,22,2018-01-18
TOWE_POGP37_4_GE03_35_29,68,TOWE,GE03,3,25,2018-02-15
TOWE_POGP37_4_GE03_35_29,69,TOWE,GE03,3,28,2018-03-29
TOWE_POGP37_4_GE03_35_29,70,TOWE,GE03,5,33,2018-04-12
TOWE_POGP37_4_GE03_35_29,71,TOWE,GE03,2,35,2018-05-10
TOWE_POGP37_4_GE03_35_29,82,TOWE,GE03,5,40,2019-04-11
TOWE_POGP37_4_GE03_35_29,83,TOWE,GE03,6,46,2019-05-30
TOWE_POGP37_4_GE03_35_29,84,TOWE,GE03,1,47,2019-06-13
TOWE_POGP37_4_GE03_35_29,94,TOWE,GE03,10,58,2020-04-30
TOWE_POGP37_4_GE03_35_29,93,TOWE,GE03,1,53,2020-03-26
TOWE_POGP37_4_GE03_35_29,95,TOWE,GE03,3,61,2020-05-12
TOWE_POGP37_4_GE03_35_29,96,TOWE,GE03,1,62,2020-06-04
TOWE_POGP37_4_GE03_35_29,107,TOWE,GE03,1,63,2021-05-06
TOWE_POGP37_4_GE03_35_29,106,TOWE,GE03,2,65,2021-04-29
TOWE_POGP37_4_GE03_35_29,117,TOWE,GE03,3,68,2022-03-17
TOWE_POGP37_4_GE03_35_29,119,TOWE,GE03,9,78,2022-05-17
TOWE_POGP37_4_GE03_35_29,118,TOWE,GE03,1,73,2022-04-21
TOWE_POGP37_4_GE03_35_29,131,TOWE,GE03,2,80,2023-05-23
TOWE_POGP37_4_GE03_35_29,139,TOWE,GE03,1,81,2024-01-24
TOWE_POGP37_4_GE03_35_29,140,TOWE,GE03,1,82,2024-02-01
TOWE_POGP37_4_GE03_35_29,141,TOWE,GE03,3,85,2024-03-20
TOWE_POGP37_4_GE03_35_29,142,TOWE,GE03,1,86,2024-04-22
TOWE_POGP37_4_GE03_35_29,143,TOWE,GE03,2,88,2024-05-02
TOWE_POGP37_4_GE09_39_18,57,TOWE,GE09,2,2,2017-03-16
TOWE_POGP37_4_GE09_39_18,62,TOWE,GE09,1,3,2017-08-25
TOWE_POGP37_4_GE09_39_18,67,TOWE,GE09,2,5,2018-01-25
TOWE_POGP37_4_GE09_39_18,69,TOWE,GE09,1,6,2018-03-08
TOWE_POGP37_4_GE09_39_18,70,TOWE,GE09,3,9,2018-04-26
TOWE_POGP37_4_GE09_39_18,71,TOWE,GE09,5,14,2018-05-24
TOWE_POGP37_4_GE09_39_18,82,TOWE,GE09,1,15,2019-04-04
TOWE_POGP37_4_GE09_39_18,83,TOWE,GE09,2,17,2019-05-09
TOWE_POGP37_4_GE09_39_18,89,TOWE,GE09,1,18,2019-11-28
TOWE_POGP37_4_GE09_39_18,90,TOWE,GE09,2,20,2019-12-26
TOWE_POGP37_4_GE09_39_18,91,TOWE,GE09,3,23,2020-01-08
TOWE_POGP37_4_GE09_39_18,92,TOWE,GE09,3,26,2020-02-10
TOWE_POGP37_4_GE09_39_18,95,TOWE,GE09,4,31,2020-05-28
TOWE_POGP37_4_GE09_39_18,94,TOWE,GE09,1,28,2020-04-27
TOWE_POGP37_4_GE09_39_18,96,TOWE,GE09,1,32,2020-06-04
TOWE_POGP37_4_GE09_39_18,106,TOWE,GE09,2,34,2021-04-29
TOWE_POGP37_4_GE09_39_18,107,TOWE,GE09,3,37,2021-05-20
TOWE_POGP37_4_GE09_39_18,108,TOWE,GE09,2,39,2021-06-30
TOWE_POGP37_4_GE09_39_18,118,TOWE,GE09,1,40,2022-04-21
TOWE_POGP37_4_GE09_39_18,119,TOWE,GE09,8,48,2022-05-17
TOWE_POGP37_4_GE09_39_18,131,TOWE,GE09,2,50,2023-05-10
TOWE_POGP37_4_GE09_39_18,132,TOWE,GE09,1,51,2023-06-22
TOWE_POGP37_4_GE09_39_18,133,TOWE,GE09,1,52,2023-07-06
TOWE_POGP37_4_GE09_39_18,143,TOWE,GE09,3,56,2024-05-09
TOWE_POGP37_4_GE09_39_18,142,TOWE,GE09,1,55,2024-04-22
TOWE_POGP37_4_GE09_39_19,47,TOWE,GE09,4,4,2016-05-19
TOWE_POGP37_4_GE09_39_19,48,TOWE,GE09,1,5,2016-06-09
TOWE_POGP37_4_GE09_39_19,55,TOWE,GE09,1,6,2017-01-12
TOWE_POGP37_4_GE09_39_19,57,TOWE,GE09,1,7,2017-03-09
TOWE_POGP37_4_GE09_39_19,59,TOWE,GE09,5,12,2017-05-11
TOWE_POGP37_4_GE09_39_19,60,TOWE,GE09,2,14,2017-06-22
TOWE_POGP37_4_GE09_39_19,69,TOWE,GE09,3,17,2018-03-22
TOWE_POGP37_4_GE09_39_19,70,TOWE,GE09,4,21,2018-04-12
TOWE_POGP37_4_GE09_39_19,71,TOWE,GE09,5,26,2018-05-24
TOWE_POGP37_4_GE09_39_19,72,TOWE,GE09,1,27,2018-06-07
TOWE_POGP37_4_GE09_39_19,82,TOWE,GE09,3,32,2019-04-18
TOWE_POGP37_4_GE09_39_19,83,TOWE,GE09,4,34,2019-05-09
TOWE_POGP37_4_GE09_39_19,95,TOWE,GE09,5,39,2020-05-28
TOWE_POGP37_4_GE09_39_19,96,TOWE,GE09,1,40,2020-06-18
TOWE_POGP37_4_GE09_39_19,107,TOWE,GE09,2,42,2021-05-26
TOWE_POGP37_4_GE09_39_19,118,TOWE,GE09,1,43,2022-04-21
TOWE_POGP37_4_GE09_39_19,119,TOWE,GE09,1,44,2022-05-17
TOWE_POGP37_4_GE09_39_19,131,TOWE,GE09,1,45,2023-05-10
TOWE_POGP37_4_GE09_39_19,142,TOWE,GE09,1,46,2024-04-22
TOWE_POGP37_4_GE09_39_20,47,TOWE,GE09,2,2,2016-05-19
TOWE_POGP37_4_GE09_39_20,58,TOWE,GE09,1,3,2017-04-27
TOWE_POGP37_4_GE09_39_20,57,TOWE,GE09,1,4,2017-03-30
TOWE_POGP37_4_GE09_39_20,68,TOWE,GE09,3,7,2018-02-08
TOWE_POGP37_4_GE09_39_20,69,TOWE,GE09,1,8,2018-03-01
TOWE_POGP37_4_GE09_39_20,70,TOWE,GE09,1,9,2018-04-12
TOWE_POGP37_4_GE09_39_20,71,TOWE,GE09,5,14,2018-05-31
TOWE_POGP37_4_GE09_39_20,91,TOWE,GE09,2,16,2020-01-08
TOWE_POGP37_4_GE09_39_20,92,TOWE,GE09,3,19,2020-02-10
TOWE_POGP37_4_GE09_39_20,95,TOWE,GE09,3,22,2020-05-28
TOWE_POGP37_4_GE09_39_20,106,TOWE,GE09,1,23,2021-04-01
TOWE_POGP37_4_GE09_39_20,107,TOWE,GE09,5,28,2021-05-20
TOWE_POGP37_4_GE09_39_20,108,TOWE,GE09,2,30,2021-06-16
TOWE_POGP37_4_GE09_39_20,119,TOWE,GE09,3,34,2022-05-17
TOWE_POGP37_4_GE09_39_20,120,TOWE,GE09,2,35,2022-06-01
TOWE_POGP37_4_GE09_39_20,131,TOWE,GE09,1,36,2023-05-10
TOWE_POGP37_4_GE09_39_20,143,TOWE,GE09,5,42,2024-05-09
TOWE_POGP37_4_GE09_39_20,142,TOWE,GE09,1,40,2024-04-22
TOWE_POGP37_3_GE12_39_3,59,TOWE,GE12,1,1,2017-05-31
TOWE_POGP37_3_GE12_39_3,60,TOWE,GE12,3,4,2017-06-21
TOWE_POGP37_3_GE12_39_3,61,TOWE,GE12,2,6,2017-07-26
TOWE_POGP37_3_GE12_39_3,69,TOWE,GE12,3,10,2018-03-21
TOWE_POGP37_3_GE12_39_3,68,TOWE,GE12,1,8,2018-02-28
TOWE_POGP37_3_GE12_39_3,80,TOWE,GE12,1,11,2019-02-06
TOWE_POGP37_3_GE12_39_3,82,TOWE,GE12,4,15,2019-04-24
TOWE_POGP37_3_GE12_39_3,86,TOWE,GE12,1,16,2019-08-28
TOWE_POGP37_3_GE12_39_3,87,TOWE,GE12,2,18,2019-09-18
TOWE_POGP37_3_GE12_39_3,88,TOWE,GE12,1,19,2019-10-16
TOWE_POGP37_3_GE12_39_3,90,TOWE,GE12,2,21,2019-12-25
TOWE_POGP37_3_GE12_39_3,93,TOWE,GE12,2,24,2020-03-11
TOWE_POGP37_3_GE12_39_3,92,TOWE,GE12,1,23,2020-02-12
TOWE_POGP37_3_GE12_39_3,94,TOWE,GE12,5,29,2020-04-22
TOWE_POGP37_3_GE12_39_3,95,TOWE,GE12,3,32,2020-05-13
TOWE_POGP37_3_GE12_39_3,96,TOWE,GE12,1,33,2020-06-03
TOWE_POGP37_3_GE12_39_3,107,TOWE,GE12,2,36,2021-05-05
TOWE_POGP37_3_GE12_39_3,106,TOWE,GE12,1,35,2021-04-30
TOWE_POGP37_3_GE12_39_3,117,TOWE,GE12,2,38,2022-03-22
TOWE_POGP37_3_GE12_39_3,118,TOWE,GE12,2,40,2022-04-06
TOWE_POGP37_3_GE12_39_3,119,TOWE,GE12,2,42,2022-05-11
TOWE_POGP37_3_GE12_39_3,120,TOWE,GE12,1,43,2022-06-09
TOWE_POGP37_3_GE12_39_3,121,TOWE,GE12,2,45,2022-07-20
TOWE_POGP37_3_GE12_39_3,130,TOWE,GE12,1,46,2023-04-05
TOWE_POGP37_3_GE12_39_3,132,TOWE,GE12,1,47,2023-06-01
TOWE_POGP37_3_GE12_39_3,141,TOWE,GE12,1,48,2024-03-06
TOWE_POGP37_3_GE12_39_3,140,TOWE,GE12,1,49,2024-02-21
TOWE_POGP37_3_GE12_39_3,143,TOWE,GE12,1,50,2024-05-14
TOWE_POGP37_3_GE12_39_4,47,TOWE,GE12,6,7,2016-05-11
TOWE_POGP37_3_GE12_39_4,46,TOWE,GE12,1,2,2016-04-20
TOWE_POGP37_3_GE12_39_4,48,TOWE,GE12,1,8,2016-06-01
TOWE_POGP37_3_GE12_39_4,59,TOWE,GE12,1,9,2017-05-10
TOWE_POGP37_3_GE12_39_4,66,TOWE,GE12,2,11,2017-12-27
TOWE_POGP37_3_GE12_39_4,68,TOWE,GE12,3,14,2018-02-28
TOWE_POGP37_3_GE12_39_4,69,TOWE,GE12,3,17,2018-03-28
TOWE_POGP37_3_GE12_39_4,70,TOWE,GE12,1,18,2018-04-04
TOWE_POGP37_3_GE12_39_4,81,TOWE,GE12,8,27,2019-03-20
TOWE_POGP37_3_GE12_39_4,82,TOWE,GE12,4,30,2019-04-10
TOWE_POGP37_3_GE12_39_4,83,TOWE,GE12,2,32,2019-05-08
TOWE_POGP37_3_GE12_39_4,94,TOWE,GE12,5,37,2020-04-29
TOWE_POGP37_3_GE12_39_4,95,TOWE,GE12,1,38,2020-05-13
TOWE_POGP37_3_GE12_39_4,105,TOWE,GE12,2,40,2021-03-25
TOWE_POGP37_3_GE12_39_4,106,TOWE,GE12,2,42,2021-04-08
TOWE_POGP37_3_GE12_39_4,107,TOWE,GE12,2,44,2021-05-05
TOWE_POGP37_3_GE12_39_4,117,TOWE,GE12,1,45,2022-03-17
TOWE_POGP37_3_GE12_39_4,118,TOWE,GE12,2,47,2022-04-06
TOWE_POGP37_3_GE12_39_4,119,TOWE,GE12,1,48,2022-05-11
TOWE_POGP37_3_GE12_39_4,120,TOWE,GE12,4,52,2022-06-09
TOWE_POGP37_3_GE12_39_4,121,TOWE,GE12,1,53,2022-07-20
TOWE_POGP37_3_GE12_39_4,132,TOWE,GE12,1,54,2023-06-29
TOWE_POGP37_3_GE12_39_4,144,TOWE,GE12,1,55,2024-06-25
TOWE_POGP37_3_GE12_39_4,145,TOWE,GE12,1,56,2024-07-18
TOWE_POGP37_3_GE12_39_5,47,TOWE,GE12,1,1,2016-05-18
TOWE_POGP37_3_GE12_39_5,61,TOWE,GE12,2,3,2017-07-26
TOWE_POGP37_3_GE12_39_5,69,TOWE,GE12,3,6,2018-03-14
TOWE_POGP37_3_GE12_39_5,81,TOWE,GE12,4,19,2019-03-06
TOWE_POGP37_3_GE12_39_5,80,TOWE,GE12,6,16,2019-02-20
TOWE_POGP37_3_GE12_39_5,79,TOWE,GE12,3,11,2019-01-23
TOWE_POGP37_3_GE12_39_5,82,TOWE,GE12,3,22,2019-04-10
TOWE_POGP37_3_GE12_39_5,83,TOWE,GE12,1,23,2019-05-08
TOWE_POGP37_3_GE12_39_5,94,TOWE,GE12,7,31,2020-04-29
TOWE_POGP37_3_GE12_39_5,95,TOWE,GE12,2,32,2020-05-13
TOWE_POGP37_3_GE12_39_5,96,TOWE,GE12,1,33,2020-06-03
TOWE_POGP37_3_GE12_39_5,106,TOWE,GE12,3,36,2021-04-29
TOWE_POGP37_3_GE12_39_5,107,TOWE,GE12,1,37,2021-05-20
TOWE_POGP37_3_GE12_39_5,108,TOWE,GE12,2,39,2021-06-16
TOWE_POGP37_3_GE12_39_5,118,TOWE,GE12,3,42,2022-04-06
TOWE_POGP37_3_GE12_39_5,119,TOWE,GE12,2,45,2022-05-24
TOWE_POGP37_3_GE12_39_5,120,TOWE,GE12,3,47,2022-06-09
TOWE_POGP37_3_GE12_39_5,121,TOWE,GE12,2,49,2022-07-20
TOWE_POGP37_3_GE12_39_5,131,TOWE,GE12,1,50,2023-05-18
TOWE_POGP37_3_GE12_39_5,132,TOWE,GE12,2,52,2023-06-01
TOWE_POGP37_3_GE12_39_5,141,TOWE,GE12,3,55,2024-03-06
TOWE_POGP37_3_GE12_39_5,142,TOWE,GE12,1,56,2024-04-24
TOWE_POGP37_3_GE12_39_5,143,TOWE,GE12,2,58,2024-05-14
TOWE_POGP37_2_GE12_3_29,45,TOWE,GE12,1,1,2016-03-22
TOWE_POGP37_2_GE12_3_29,46,TOWE,GE12,3,4,2016-04-19
TOWE_POGP37_2_GE12_3_29,48,TOWE,GE12,1,5,2016-06-07
TOWE_POGP37_2_GE12_3_29,60,TOWE,GE12,2,7,2017-06-27
TOWE_POGP37_2_GE12_3_29,61,TOWE,GE12,2,9,2017-07-25
TOWE_POGP37_2_GE12_3_29,62,TOWE,GE12,2,11,2017-08-29
TOWE_POGP37_2_GE12_3_29,63,TOWE,GE12,1,12,2017-09-12
TOWE_POGP37_2_GE12_3_29,64,TOWE,GE12,2,14,2017-10-10
TOWE_POGP37_2_GE12_3_29,65,TOWE,GE12,2,16,2017-11-28
TOWE_POGP37_2_GE12_3_29,66,TOWE,GE12,2,18,2017-12-26
TOWE_POGP37_2_GE12_3_29,75,TOWE,GE12,3,21,2018-09-25
TOWE_POGP37_2_GE12_3_29,76,TOWE,GE12,2,23,2018-10-23
TOWE_POGP37_2_GE12_3_29,77,TOWE,GE12,1,24,2018-11-13
TOWE_POGP37_2_GE12_3_29,80,TOWE,GE12,1,25,2019-02-11
TOWE_POGP37_2_GE12_3_29,81,TOWE,GE12,3,28,2019-03-19
TOWE_POGP37_2_GE12_3_29,82,TOWE,GE12,4,32,2019-04-30
TOWE_POGP37_2_GE12_3_29,91,TOWE,GE12,1,33,2020-01-28
TOWE_POGP37_2_GE12_3_29,93,TOWE,GE12,4,38,2020-03-10
TOWE_POGP37_2_GE12_3_29,92,TOWE,GE12,1,35,2020-02-19
TOWE_POGP37_2_GE12_3_29,100,TOWE,GE12,2,40,2020-10-15
TOWE_POGP37_2_GE12_3_29,101,TOWE,GE12,1,41,2020-11-10
TOWE_POGP37_2_GE12_3_29,106,TOWE,GE12,4,45,2021-04-29
TOWE_POGP37_2_GE12_3_29,119,TOWE,GE12,1,46,2022-05-10
TOWE_POGP37_2_GE12_3_29,120,TOWE,GE12,2,48,2022-06-08
TOWE_POGP37_2_GE12_3_29,121,TOWE,GE12,3,51,2022-07-25
TOWE_POGP37_2_GE12_3_29,131,TOWE,GE12,1,52,2023-05-30
TOWE_POGP37_2_GE12_3_29,132,TOWE,GE12,1,53,2023-06-07
TOWE_POGP37_2_GE12_3_29,144,TOWE,GE12,1,54,2024-06-18
TOWE_POGP37_2_GE12_3_29,145,TOWE,GE12,1,55,2024-07-01
TOWE_POGP37_4_GE12_44_19,43,TOWE,GE12,1,1,2016-01-14
TOWE_POGP37_4_GE12_44_19,46,TOWE,GE12,3,4,2016-04-21
TOWE_POGP37_4_GE12_44_19,47,TOWE,GE12,1,5,2016-05-05
TOWE_POGP37_4_GE12_44_19,60,TOWE,GE12,2,7,2017-06-30
TOWE_POGP37_4_GE12_44_19,61,TOWE,GE12,1,8,2017-07-27
TOWE_POGP37_4_GE12_44_19,64,TOWE,GE12,2,10,2017-10-12
TOWE_POGP37_4_GE12_44_19,69,TOWE,GE12,5,15,2018-03-15
TOWE_POGP37_4_GE12_44_19,81,TOWE,GE12,4,20,2019-03-21
TOWE_POGP37_4_GE12_44_19,80,TOWE,GE12,1,17,2019-02-28
TOWE_POGP37_4_GE12_44_19,82,TOWE,GE12,3,23,2019-04-18
TOWE_POGP37_4_GE12_44_19,83,TOWE,GE12,1,24,2019-05-02
TOWE_POGP37_4_GE12_44_19,93,TOWE,GE12,2,26,2020-03-26
TOWE_POGP37_4_GE12_44_19,94,TOWE,GE12,3,29,2020-04-16
TOWE_POGP37_4_GE12_44_19,95,TOWE,GE12,1,30,2020-05-12
TOWE_POGP37_4_GE12_44_19,98,TOWE,GE12,1,31,2020-08-06
TOWE_POGP37_4_GE12_44_19,99,TOWE,GE12,1,32,2020-09-14
TOWE_POGP37_4_GE12_44_19,104,TOWE,GE12,1,33,2021-02-18
TOWE_POGP37_4_GE12_44_19,105,TOWE,GE12,3,36,2021-03-25
TOWE_POGP37_4_GE12_44_19,106,TOWE,GE12,1,37,2021-04-08
TOWE_POGP37_4_GE12_44_19,117,TOWE,GE12,1,38,2022-03-14
TOWE_POGP37_4_GE12_44_19,118,TOWE,GE12,1,39,2022-04-21
TOWE_POGP37_4_GE12_44_19,119,TOWE,GE12,2,41,2022-05-26
TOWE_POGP37_4_GE12_44_19,120,TOWE,GE12,1,42,2022-06-09
TOWE_POGP37_4_GE12_44_19,130,TOWE,GE12,1,43,2023-04-13
TOWE_POGP37_4_GE12_44_19,132,TOWE,GE12,1,44,2023-06-08
TOWE_POGP37_4_GE12_44_19,141,TOWE,GE12,1,45,2024-03-07
TOWE_POGP37_4_GE12_44_19,143,TOWE,GE12,5,51,2024-05-02
TOWE_POGP37_4_GE12_44_19,142,TOWE,GE12,1,50,2024-04-24
TOWE_POGP37_4_GE12_44_20,46,TOWE,GE12,3,3,2016-04-21
TOWE_POGP37_4_GE12_44_20,47,TOWE,GE12,2,5,2016-05-19
TOWE_POGP37_4_GE12_44_20,61,TOWE,GE12,1,6,2017-07-27
TOWE_POGP37_4_GE12_44_20,78,TOWE,GE12,1,7,2018-12-06
TOWE_POGP37_4_GE12_44_20,81,TOWE,GE12,3,10,2019-03-21
TOWE_POGP37_4_GE12_44_20,82,TOWE,GE12,1,11,2019-04-11
TOWE_POGP37_4_GE12_44_20,87,TOWE,GE12,2,13,2019-09-19
TOWE_POGP37_4_GE12_44_20,88,TOWE,GE12,2,15,2019-10-24
TOWE_POGP37_4_GE12_44_20,89,TOWE,GE12,1,16,2019-11-14
TOWE_POGP37_4_GE12_44_20,90,TOWE,GE12,1,17,2019-12-19
TOWE_POGP37_4_GE12_44_20,91,TOWE,GE12,2,19,2020-01-30
TOWE_POGP37_4_GE12_44_20,92,TOWE,GE12,2,21,2020-02-20
TOWE_POGP37_4_GE12_44_20,93,TOWE,GE12,3,25,2020-03-12
TOWE_POGP37_4_GE12_44_20,94,TOWE,GE12,1,24,2020-04-02
TOWE_POGP37_4_GE12_44_20,105,TOWE,GE12,5,31,2021-03-25
TOWE_POGP37_4_GE12_44_20,104,TOWE,GE12,1,27,2021-02-18
TOWE_POGP37_4_GE12_44_20,106,TOWE,GE12,4,35,2021-04-29
TOWE_POGP37_4_GE12_44_20,119,TOWE,GE12,2,37,2022-05-17
TOWE_POGP37_4_GE12_44_20,118,TOWE,GE12,1,38,2022-04-21
TOWE_POGP37_4_GE12_44_20,130,TOWE,GE12,1,39,2023-04-13
TOWE_POGP37_4_GE12_44_20,141,TOWE,GE12,1,40,2024-03-14
TOWE_POGP37_4_GE12_44_20,143,TOWE,GE12,3,43,2024-05-02
TOWE_POGP37_5_GE16_44_3,41,TOWE,GE16,2,2,2015-11-19
TOWE_POGP37_5_GE16_44_3,42,TOWE,GE16,2,4,2015-12-23
TOWE_POGP37_5_GE16_44_3,43,TOWE,GE16,1,5,2016-01-29
TOWE_POGP37_5_GE16_44_3,47,TOWE,GE16,3,8,2016-05-13
TOWE_POGP37_5_GE16_44_3,57,TOWE,GE16,1,9,2017-03-23
TOWE_POGP37_5_GE16_44_3,58,TOWE,GE16,2,11,2017-04-20
TOWE_POGP37_5_GE16_44_3,60,TOWE,GE16,1,12,2017-06-16
TOWE_POGP37_5_GE16_44_3,69,TOWE,GE16,2,15,2018-03-30
TOWE_POGP37_5_GE16_44_3,68,TOWE,GE16,1,14,2018-02-01
TOWE_POGP37_5_GE16_44_3,70,TOWE,GE16,3,18,2018-04-26
TOWE_POGP37_5_GE16_44_3,81,TOWE,GE16,3,22,2019-03-08
TOWE_POGP37_5_GE16_44_3,80,TOWE,GE16,1,20,2019-02-28
TOWE_POGP37_5_GE16_44_3,82,TOWE,GE16,2,24,2019-04-18
TOWE_POGP37_5_GE16_44_3,92,TOWE,GE16,3,28,2020-02-10
TOWE_POGP37_5_GE16_44_3,91,TOWE,GE16,1,26,2020-01-23
TOWE_POGP37_5_GE16_44_3,93,TOWE,GE16,2,30,2020-03-05
TOWE_POGP37_5_GE16_44_3,94,TOWE,GE16,1,31,2020-04-02
TOWE_POGP37_5_GE16_44_3,105,TOWE,GE16,3,34,2021-03-11
TOWE_POGP37_5_GE16_44_3,106,TOWE,GE16,4,38,2021-04-29
TOWE_POGP37_5_GE16_44_3,117,TOWE,GE16,1,39,2022-03-24
TOWE_POGP37_5_GE16_44_3,118,TOWE,GE16,1,40,2022-04-20
TOWE_POGP37_5_GE16_44_3,119,TOWE,GE16,3,43,2022-05-17
TOWE_POGP37_5_GE16_44_3,120,TOWE,GE16,2,45,2022-06-06
TOWE_POGP37_5_GE16_44_3,131,TOWE,GE16,2,47,2023-05-09
TOWE_POGP37_5_GE16_44_3,141,TOWE,GE16,1,48,2024-03-14
TOWE_POGP37_5_GE16_44_3,142,TOWE,GE16,1,49,2024-04-01
TOWE_POGP37_5_GE16_44_3,144,TOWE,GE16,1,50,2024-06-26
TOWE_POGP37_5_GE16_44_4,43,TOWE,GE16,2,2,2016-01-29
TOWE_POGP37_5_GE16_44_4,44,TOWE,GE16,1,3,2016-02-05
TOWE_POGP37_5_GE16_44_4,45,TOWE,GE16,1,4,2016-03-17
TOWE_POGP37_5_GE16_44_4,47,TOWE,GE16,5,9,2016-05-27
TOWE_POGP37_5_GE16_44_4,61,TOWE,GE16,2,11,2017-07-27
TOWE_POGP37_5_GE16_44_4,62,TOWE,GE16,2,13,2017-08-25
TOWE_POGP37_5_GE16_44_4,63,TOWE,GE16,1,14,2017-09-28
TOWE_POGP37_5_GE16_44_4,64,TOWE,GE16,1,15,2017-10-26
TOWE_POGP37_5_GE16_44_4,66,TOWE,GE16,1,16,2017-12-14
TOWE_POGP37_5_GE16_44_4,67,TOWE,GE16,3,19,2018-01-18
TOWE_POGP37_5_GE16_44_4,68,TOWE,GE16,2,21,2018-02-22
TOWE_POGP37_5_GE16_44_4,69,TOWE,GE16,2,23,2018-03-08
TOWE_POGP37_5_GE16_44_4,70,TOWE,GE16,3,26,2018-04-26
TOWE_POGP37_5_GE16_44_4,89,TOWE,GE16,1,27,2019-11-07
TOWE_POGP37_5_GE16_44_4,91,TOWE,GE16,4,31,2020-01-23
TOWE_POGP37_5_GE16_44_4,98,TOWE,GE16,2,34,2020-08-27
TOWE_POGP37_5_GE16_44_4,99,TOWE,GE16,2,37,2020-09-14
TOWE_POGP37_5_GE16_44_4,100,TOWE,GE16,2,36,2020-10-02
TOWE_POGP37_5_GE16_44_4,103,TOWE,GE16,2,39,2021-01-21
TOWE_POGP37_5_GE16_44_4,104,TOWE,GE16,3,42,2021-02-18
TOWE_POGP37_5_GE16_44_4,105,TOWE,GE16,1,43,2021-03-11
TOWE_POGP37_5_GE16_44_4,106,TOWE,GE16,2,45,2021-04-29
TOWE_POGP37_5_GE16_44_4,107,TOWE,GE16,1,46,2021-05-06
TOWE_POGP37_5_GE16_44_4,130,TOWE,GE16,3,49,2023-04-21
TOWE_POGP37_5_GE16_44_4,141,TOWE,GE16,1,50,2024-03-14
TOWE_POGP37_5_GE16_44_4,142,TOWE,GE16,1,51,2024-04-15
TOWE_POGP37_5_GE16_44_4,143,TOWE,GE16,1,52,2024-05-06
TOWE_POGP37_5_GE16_44_5,41,TOWE,GE16,1,1,2015-11-19
TOWE_POGP37_5_GE16_44_5,43,TOWE,GE16,2,3,2016-01-14
TOWE_POGP37_5_GE16_44_5,46,TOWE,GE16,1,4,2016-04-14
TOWE_POGP37_5_GE16_44_5,47,TOWE,GE16,2,6,2016-05-06
TOWE_POGP37_5_GE16_44_5,56,TOWE,GE16,1,7,2017-02-23
TOWE_POGP37_5_GE16_44_5,57,TOWE,GE16,1,8,2017-03-23
TOWE_POGP37_5_GE16_44_5,61,TOWE,GE16,1,9,2017-07-07
TOWE_POGP37_5_GE16_44_5,62,TOWE,GE16,2,11,2017-08-31
TOWE_POGP37_5_GE16_44_5,63,TOWE,GE16,1,12,2017-09-28
TOWE_POGP37_5_GE16_44_5,64,TOWE,GE16,1,13,2017-10-19
TOWE_POGP37_5_GE16_44_5,65,TOWE,GE16,1,14,2017-11-09
TOWE_POGP37_5_GE16_44_5,67,TOWE,GE16,2,16,2018-01-18
TOWE_POGP37_5_GE16_44_5,69,TOWE,GE16,5,21,2018-03-22
TOWE_POGP37_5_GE16_44_5,70,TOWE,GE16,1,22,2018-04-05
TOWE_POGP37_5_GE16_44_5,81,TOWE,GE16,5,31,2019-03-08
TOWE_POGP37_5_GE16_44_5,80,TOWE,GE16,4,27,2019-02-21
TOWE_POGP37_5_GE16_44_5,82,TOWE,GE16,5,36,2019-04-26
TOWE_POGP37_5_GE16_44_5,83,TOWE,GE16,2,38,2019-05-17
TOWE_POGP37_5_GE16_44_5,84,TOWE,GE16,1,39,2019-06-06
TOWE_POGP37_5_GE16_44_5,93,TOWE,GE16,3,42,2020-03-12
TOWE_POGP37_5_GE16_44_5,94,TOWE,GE16,6,48,2020-04-30
TOWE_POGP37_5_GE16_44_5,95,TOWE,GE16,2,50,2020-05-28
TOWE_POGP37_5_GE16_44_5,106,TOWE,GE16,5,55,2021-04-29
TOWE_POGP37_5_GE16_44_5,107,TOWE,GE16,1,56,2021-05-20
TOWE_POGP37_5_GE16_44_5,117,TOWE,GE16,1,57,2022-03-31
TOWE_POGP37_5_GE16_44_5,118,TOWE,GE16,4,61,2022-04-14
TOWE_POGP37_5_GE16_44_5,119,TOWE,GE16,2,63,2022-05-17
TOWE_POGP37_5_GE16_44_5,129,TOWE,GE16,1,64,2023-03-23
TOWE_POGP37_5_GE16_44_5,130,TOWE,GE16,3,67,2023-04-21
TOWE_POGP37_5_GE16_44_5,131,TOWE,GE16,3,70,2023-05-24
TOWE_POGP37_5_GE16_44_5,142,TOWE,GE16,3,73,2024-04-15
TOWE_POGP37_5_GE16_44_5,143,TOWE,GE16,2,75,2024-05-06
TOWE_POGP37_5_GE16_44_5,144,TOWE,GE16,1,76,2024-06-26
TOWE_POGP37_4_GE12_45_20,42,TOWE,GE12,1,1,2015-12-10
TOWE_POGP37_4_GE12_45_20,43,TOWE,GE12,3,4,2016-01-04
TOWE_POGP37_4_GE12_45_20,44,TOWE,GE12,1,5,2016-02-18
TOWE_POGP37_4_GE12_45_20,46,TOWE,GE12,3,8,2016-04-21
TOWE_POGP37_4_GE12_45_20,47,TOWE,GE12,3,11,2016-05-19
TOWE_POGP37_4_GE12_45_20,48,TOWE,GE12,3,14,2016-06-23
TOWE_POGP37_4_GE12_45_20,60,TOWE,GE12,2,16,2017-06-22
TOWE_POGP37_4_GE12_45_20,61,TOWE,GE12,1,17,2017-07-27
TOWE_POGP37_4_GE12_45_20,63,TOWE,GE12,2,19,2017-09-28
TOWE_POGP37_4_GE12_45_20,64,TOWE,GE12,1,20,2017-10-19
TOWE_POGP37_4_GE12_45_20,67,TOWE,GE12,1,21,2018-01-04
TOWE_POGP37_4_GE12_45_20,68,TOWE,GE12,2,23,2018-02-22
TOWE_POGP37_4_GE12_45_20,69,TOWE,GE12,4,27,2018-03-29
TOWE_POGP37_4_GE12_45_20,80,TOWE,GE12,4,31,2019-02-28
TOWE_POGP37_4_GE12_45_20,81,TOWE,GE12,6,37,2019-03-21
TOWE_POGP37_4_GE12_45_20,92,TOWE,GE12,3,41,2020-02-27
TOWE_POGP37_4_GE12_45_20,93,TOWE,GE12,1,40,2020-03-12
TOWE_POGP37_4_GE12_45_20,94,TOWE,GE12,7,48,2020-04-30
TOWE_POGP37_4_GE12_45_20,107,TOWE,GE12,2,50,2021-05-20
TOWE_POGP37_4_GE12_45_20,108,TOWE,GE12,2,52,2021-06-09
TOWE_POGP37_4_GE12_45_20,117,TOWE,GE12,4,57,2022-03-30
TOWE_POGP37_4_GE12_45_20,118,TOWE,GE12,1,56,2022-04-07
TOWE_POGP37_4_GE12_45_20,119,TOWE,GE12,2,59,2022-05-26
TOWE_POGP37_4_GE12_45_20,120,TOWE,GE12,1,60,2022-06-01
TOWE_POGP37_4_GE12_45_20,130,TOWE,GE12,2,62,2023-04-13
TOWE_POGP37_4_GE12_45_20,131,TOWE,GE12,1,63,2023-05-10
TOWE_POGP37_4_GE12_45_20,132,TOWE,GE12,2,65,2023-06-22
TOWE_POGP37_4_GE12_45_20,141,TOWE,GE12,1,66,2024-03-20
TOWE_POGP37_4_GE12_45_20,143,TOWE,GE12,3,69,2024-05-09
TOWE_POGP37_4_GE06_49_18,42,TOWE,GE06,1,1,2015-12-17
TOWE_POGP37_4_GE06_49_18,43,TOWE,GE06,2,3,2016-01-28
TOWE_POGP37_4_GE06_49_18,46,TOWE,GE06,3,6,2016-04-14
TOWE_POGP37_4_GE06_49_18,47,TOWE,GE06,2,8,2016-05-19
TOWE_POGP37_4_GE06_49_18,57,TOWE,GE06,1,9,2017-03-02
TOWE_POGP37_4_GE06_49_18,56,TOWE,GE06,1,10,2017-02-23
TOWE_POGP37_4_GE06_49_18,59,TOWE,GE06,2,12,2017-05-25
TOWE_POGP37_4_GE06_49_18,60,TOWE,GE06,3,15,2017-06-22
TOWE_POGP37_4_GE06_49_18,62,TOWE,GE06,1,16,2017-08-31
TOWE_POGP37_4_GE06_49_18,68,TOWE,GE06,2,18,2018-02-22
TOWE_POGP37_4_GE06_49_18,69,TOWE,GE06,3,21,2018-03-08
TOWE_POGP37_4_GE06_49_18,78,TOWE,GE06,3,24,2018-12-27
TOWE_POGP37_4_GE06_49_18,79,TOWE,GE06,4,28,2019-01-31
TOWE_POGP37_4_GE06_49_18,80,TOWE,GE06,3,31,2019-02-28
TOWE_POGP37_4_GE06_49_18,81,TOWE,GE06,4,35,2019-03-28
TOWE_POGP37_4_GE06_49_18,82,TOWE,GE06,1,36,2019-04-04
TOWE_POGP37_4_GE06_49_18,92,TOWE,GE06,2,38,2020-02-10
TOWE_POGP37_4_GE06_49_18,93,TOWE,GE06,5,43,2020-03-12
TOWE_POGP37_4_GE06_49_18,94,TOWE,GE06,4,47,2020-04-16
TOWE_POGP37_4_GE06_49_18,105,TOWE,GE06,5,53,2021-03-18
TOWE_POGP37_4_GE06_49_18,104,TOWE,GE06,1,49,2021-02-18
TOWE_POGP37_4_GE06_49_18,106,TOWE,GE06,5,58,2021-04-29
TOWE_POGP37_4_GE06_49_18,118,TOWE,GE06,2,61,2022-04-07
TOWE_POGP37_4_GE06_49_18,117,TOWE,GE06,1,60,2022-03-30
TOWE_POGP37_4_GE06_49_18,119,TOWE,GE06,5,66,2022-05-17
TOWE_POGP37_4_GE06_49_18,129,TOWE,GE06,2,68,2023-03-23
TOWE_POGP37_4_GE06_49_18,131,TOWE,GE06,1,69,2023-05-10
TOWE_POGP37_4_GE06_49_18,138,TOWE,GE06,1,70,2023-12-25
TOWE_POGP37_4_GE06_49_18,139,TOWE,GE06,1,71,2024-01-22
TOWE_POGP37_4_GE06_49_18,140,TOWE,GE06,2,73,2024-02-01
TOWE_POGP37_4_GE06_49_18,141,TOWE,GE06,1,74,2024-03-07
TOWE_POGP37_4_GE06_49_19,43,TOWE,GE06,2,2,2016-01-21
TOWE_POGP37_4_GE06_49_19,55,TOWE,GE06,2,4,2017-01-19
TOWE_POGP37_4_GE06_49_19,56,TOWE,GE06,4,8,2017-02-23
TOWE_POGP37_4_GE06_49_19,58,TOWE,GE06,2,10,2017-04-13
TOWE_POGP37_4_GE06_49_19,69,TOWE,GE06,7,17,2018-03-22
TOWE_POGP37_4_GE06_49_19,70,TOWE,GE06,2,19,2018-04-12
TOWE_POGP37_4_GE06_49_19,81,TOWE,GE06,6,27,2019-03-21
TOWE_POGP37_4_GE06_49_19,80,TOWE,GE06,2,22,2019-02-28
TOWE_POGP37_4_GE06_49_19,82,TOWE,GE06,2,29,2019-04-11
TOWE_POGP37_4_GE06_49_19,84,TOWE,GE06,2,31,2019-06-27
TOWE_POGP37_4_GE06_49_19,85,TOWE,GE06,1,32,2019-07-12
TOWE_POGP37_4_GE06_49_19,92,TOWE,GE06,3,36,2020-02-27
TOWE_POGP37_4_GE06_49_19,93,TOWE,GE06,2,37,2020-03-12
TOWE_POGP37_4_GE06_49_19,94,TOWE,GE06,7,44,2020-04-30
TOWE_POGP37_4_GE06_49_19,106,TOWE,GE06,4,51,2021-04-29
TOWE_POGP37_4_GE06_49_19,105,TOWE,GE06,3,48,2021-03-25
TOWE_POGP37_4_GE06_49_19,107,TOWE,GE06,2,53,2021-05-20
TOWE_POGP37_4_GE06_49_19,118,TOWE,GE06,2,56,2022-04-07
TOWE_POGP37_4_GE06_49_19,117,TOWE,GE06,1,55,2022-03-30
TOWE_POGP37_4_GE06_49_19,119,TOWE,GE06,1,57,2022-05-17
TOWE_POGP37_4_GE06_49_19,120,TOWE,GE06,1,58,2022-06-01
TOWE_POGP37_4_GE06_49_19,129,TOWE,GE06,1,59,2023-03-09
TOWE_POGP37_4_GE06_49_19,130,TOWE,GE06,2,61,2023-04-06
TOWE_POGP37_4_GE06_49_19,131,TOWE,GE06,3,64,2023-05-10
TOWE_POGP37_4_GE06_49_19,140,TOWE,GE06,1,65,2024-02-15
TOWE_POGP37_4_GE06_49_19,141,TOWE,GE06,1,66,2024-03-07
TOWE_POGP37_4_GE06_49_19,143,TOWE,GE06,5,72,2024-05-09
TOWE_POGP37_4_GE06_49_19,142,TOWE,GE06,1,70,2024-04-24
TOWE_POGP37_4_GE06_49_20,43,TOWE,GE06,1,1,2016-01-28
TOWE_POGP37_4_GE06_49_20,47,TOWE,GE06,2,3,2016-05-19
TOWE_POGP37_4_GE06_49_20,57,TOWE,GE06,1,4,2017-03-09
TOWE_POGP37_4_GE06_49_20,59,TOWE,GE06,1,5,2017-05-25
TOWE_POGP37_4_GE06_49_20,60,TOWE,GE06,3,8,2017-06-30
TOWE_POGP37_4_GE06_49_20,62,TOWE,GE06,1,9,2017-08-31
TOWE_POGP37_4_GE06_49_20,63,TOWE,GE06,1,10,2017-09-28
TOWE_POGP37_4_GE06_49_20,64,TOWE,GE06,1,11,2017-10-12
TOWE_POGP37_4_GE06_49_20,67,TOWE,GE06,1,12,2018-01-18
TOWE_POGP37_4_GE06_49_20,69,TOWE,GE06,3,15,2018-03-22
TOWE_POGP37_4_GE06_49_20,70,TOWE,GE06,2,17,2018-04-19
TOWE_POGP37_4_GE06_49_20,79,TOWE,GE06,2,19,2019-01-17
TOWE_POGP37_4_GE06_49_20,80,TOWE,GE06,3,23,2019-02-28
TOWE_POGP37_4_GE06_49_20,81,TOWE,GE06,1,22,2019-03-07
TOWE_POGP37_4_GE06_49_20,82,TOWE,GE06,2,25,2019-04-25
TOWE_POGP37_4_GE06_49_20,83,TOWE,GE06,1,26,2019-05-02
TOWE_POGP37_4_GE06_49_20,91,TOWE,GE06,6,32,2020-01-30
TOWE_POGP37_4_GE06_49_20,92,TOWE,GE06,1,33,2020-02-10
TOWE_POGP37_4_GE06_49_20,93,TOWE,GE06,2,35,2020-03-12
TOWE_POGP37_4_GE06_49_20,94,TOWE,GE06,3,38,2020-04-16
TOWE_POGP37_4_GE06_49_20,105,TOWE,GE06,4,42,2021-03-25
TOWE_POGP37_4_GE06_49_20,106,TOWE,GE06,1,43,2021-04-01
TOWE_POGP37_4_GE06_49_20,115,TOWE,GE06,1,44,2022-01-26
TOWE_POGP37_4_GE06_49_20,116,TOWE,GE06,1,45,2022-02-09
TOWE_POGP37_4_GE06_49_20,117,TOWE,GE06,2,47,2022-03-14
TOWE_POGP37_4_GE06_49_20,118,TOWE,GE06,4,51,2022-04-07
TOWE_POGP37_4_GE06_49_20,119,TOWE,GE06,1,52,2022-05-17
TOWE_POGP37_4_GE06_49_20,131,TOWE,GE06,2,54,2023-05-18
TOWE_POGP37_4_GE06_49_20,139,TOWE,GE06,1,55,2024-01-11
TOWE_POGP37_4_GE06_49_20,140,TOWE,GE06,2,57,2024-02-15
TOWE_POGP37_4_GE06_49_20,141,TOWE,GE06,1,58,2024-03-07
TOWE_POGP37_1_GE02_4_10,45,TOWE,GE02,1,1,2016-03-21
TOWE_POGP37_1_GE02_4_10,47,TOWE,GE02,5,7,2016-05-30
TOWE_POGP37_1_GE02_4_10,46,TOWE,GE02,1,3,2016-04-25
TOWE_POGP37_1_GE02_4_10,48,TOWE,GE02,2,9,2016-06-27
TOWE_POGP37_1_GE02_4_10,49,TOWE,GE02,1,10,2016-07-04
TOWE_POGP37_1_GE02_4_10,58,TOWE,GE02,2,12,2017-04-17
TOWE_POGP37_1_GE02_4_10,59,TOWE,GE02,3,15,2017-05-15
TOWE_POGP37_1_GE02_4_10,60,TOWE,GE02,1,16,2017-06-05
TOWE_POGP37_1_GE02_4_10,62,TOWE,GE02,2,19,2017-08-01
TOWE_POGP37_1_GE02_4_10,61,TOWE,GE02,1,18,2017-07-10
TOWE_POGP37_1_GE02_4_10,63,TOWE,GE02,3,22,2017-09-11
TOWE_POGP37_1_GE02_4_10,68,TOWE,GE02,1,23,2018-02-26
TOWE_POGP37_1_GE02_4_10,69,TOWE,GE02,1,24,2018-03-12
TOWE_POGP37_1_GE02_4_10,72,TOWE,GE02,1,25,2018-06-11
TOWE_POGP37_1_GE02_4_10,73,TOWE,GE02,2,27,2018-07-09
TOWE_POGP37_1_GE02_4_10,74,TOWE,GE02,2,29,2018-08-27
TOWE_POGP37_1_GE02_4_10,75,TOWE,GE02,2,31,2018-09-24
TOWE_POGP37_1_GE02_4_10,80,TOWE,GE02,3,35,2019-02-04
TOWE_POGP37_1_GE02_4_10,79,TOWE,GE02,1,33,2019-01-16
TOWE_POGP37_1_GE02_4_10,81,TOWE,GE02,3,38,2019-03-11
TOWE_POGP37_1_GE02_4_10,86,TOWE,GE02,2,40,2019-08-26
TOWE_POGP37_1_GE02_4_10,87,TOWE,GE02,1,41,2019-09-16
TOWE_POGP37_1_GE02_4_10,91,TOWE,GE02,4,47,2020-01-13
TOWE_POGP37_1_GE02_4_10,90,TOWE,GE02,2,45,2019-12-17
TOWE_POGP37_1_GE02_4_10,92,TOWE,GE02,3,50,2020-02-19
TOWE_POGP37_1_GE02_4_10,93,TOWE,GE02,1,51,2020-03-30
TOWE_POGP37_1_GE02_4_10,94,TOWE,GE02,1,52,2020-04-06
TOWE_POGP37_1_GE02_4_10,104,TOWE,GE02,1,53,2021-02-11
TOWE_POGP37_1_GE02_4_10,105,TOWE,GE02,2,55,2021-03-18
TOWE_POGP37_1_GE02_4_10,106,TOWE,GE02,5,60,2021-04-29
TOWE_POGP37_1_GE02_4_10,107,TOWE,GE02,1,61,2021-05-05
TOWE_POGP37_1_GE02_4_10,118,TOWE,GE02,1,62,2022-04-19
TOWE_POGP37_1_GE02_4_10,120,TOWE,GE02,3,66,2022-06-08
TOWE_POGP37_1_GE02_4_10,119,TOWE,GE02,1,64,2022-05-30
TOWE_POGP37_1_GE02_4_10,129,TOWE,GE02,1,67,2023-03-16
TOWE_POGP37_1_GE02_4_10,130,TOWE,GE02,2,69,2023-04-03
TOWE_POGP37_1_GE02_4_10,140,TOWE,GE02,1,70,2024-02-20
TOWE_POGP37_1_GE02_4_10,141,TOWE,GE02,1,71,2024-03-05
TOWE_POGP37_1_GE02_4_10,142,TOWE,GE02,0,71,2024-04-01
TOWE_POGP37_1_GE03_4_14,44,TOWE,GE03,2,2,2016-02-29
TOWE_POGP37_1_GE03_4_14,47,TOWE,GE03,6,10,2016-05-30
TOWE_POGP37_1_GE03_4_14,46,TOWE,GE03,2,6,2016-04-25
TOWE_POGP37_1_GE03_4_14,48,TOWE,GE03,1,11,2016-06-20
TOWE_POGP37_1_GE03_4_14,49,TOWE,GE03,2,13,2016-07-18
TOWE_POGP37_1_GE03_4_14,50,TOWE,GE03,1,14,2016-08-22
TOWE_POGP37_1_GE03_4_14,57,TOWE,GE03,4,18,2017-03-27
TOWE_POGP37_1_GE03_4_14,58,TOWE,GE03,3,21,2017-04-24
TOWE_POGP37_1_GE03_4_14,59,TOWE,GE03,3,24,2017-05-29
TOWE_POGP37_1_GE03_4_14,60,TOWE,GE03,2,26,2017-06-26
TOWE_POGP37_1_GE03_4_14,61,TOWE,GE03,1,27,2017-07-24
TOWE_POGP37_1_GE03_4_14,62,TOWE,GE03,1,28,2017-08-07
TOWE_POGP37_1_GE03_4_14,63,TOWE,GE03,1,29,2017-09-04
TOWE_POGP37_1_GE03_4_14,70,TOWE,GE03,3,33,2018-04-02
TOWE_POGP37_1_GE03_4_14,69,TOWE,GE03,1,31,2018-03-26
TOWE_POGP37_1_GE03_4_14,74,TOWE,GE03,1,34,2018-08-06
TOWE_POGP37_1_GE03_4_14,75,TOWE,GE03,2,36,2018-09-24
TOWE_POGP37_1_GE03_4_14,76,TOWE,GE03,1,37,2018-10-01
TOWE_POGP37_1_GE03_4_14,77,TOWE,GE03,1,38,2018-11-05
TOWE_POGP37_1_GE03_4_14,80,TOWE,GE03,2,40,2019-02-18
TOWE_POGP37_1_GE03_4_14,81,TOWE,GE03,5,45,2019-03-18
TOWE_POGP37_1_GE03_4_14,82,TOWE,GE03,3,48,2019-04-15
TOWE_POGP37_1_GE03_4_14,93,TOWE,GE03,6,55,2020-03-09
TOWE_POGP37_1_GE03_4_14,92,TOWE,GE03,1,51,2020-02-03
TOWE_POGP37_1_GE03_4_14,94,TOWE,GE03,3,58,2020-04-06
TOWE_POGP37_1_GE03_4_14,95,TOWE,GE03,2,60,2020-05-04
TOWE_POGP37_1_GE03_4_14,105,TOWE,GE03,3,63,2021-03-31
TOWE_POGP37_1_GE03_4_14,106,TOWE,GE03,3,66,2021-04-29
TOWE_POGP37_1_GE03_4_14,107,TOWE,GE03,1,67,2021-05-13
TOWE_POGP37_1_GE03_4_14,117,TOWE,GE03,1,68,2022-03-14
TOWE_POGP37_1_GE03_4_14,118,TOWE,GE03,4,72,2022-04-04
TOWE_POGP37_1_GE03_4_14,119,TOWE,GE03,5,77,2022-05-03
TOWE_POGP37_1_GE03_4_14,120,TOWE,GE03,2,79,2022-06-08
TOWE_POGP37_1_GE03_4_14,121,TOWE,GE03,1,80,2022-07-18
TOWE_POGP37_1_GE03_4_14,131,TOWE,GE03,2,82,2023-05-23
TOWE_POGP37_1_GE03_4_14,140,TOWE,GE03,3,85,2024-02-27
TOWE_POGP37_1_GE03_4_14,141,TOWE,GE03,2,87,2024-03-12
TOWE_POGP37_1_GE03_4_14,142,TOWE,GE03,2,89,2024-04-29
TOWE_POGP37_1_GE03_4_14,143,TOWE,GE03,1,90,2024-05-14
TOWE_POGP37_1_GE03_4_14,144,TOWE,GE03,1,91,2024-06-04
TOWE_POGP37_1_GE03_4_15,41,TOWE,GE03,1,1,2015-11-09
TOWE_POGP37_1_GE03_4_15,44,TOWE,GE03,1,2,2016-02-22
TOWE_POGP37_1_GE03_4_15,45,TOWE,GE03,1,3,2016-03-07
TOWE_POGP37_1_GE03_4_15,47,TOWE,GE03,7,11,2016-05-30
TOWE_POGP37_1_GE03_4_15,46,TOWE,GE03,1,5,2016-04-04
TOWE_POGP37_1_GE03_4_15,48,TOWE,GE03,2,13,2016-06-27
TOWE_POGP37_1_GE03_4_15,49,TOWE,GE03,1,14,2016-07-18
TOWE_POGP37_1_GE03_4_15,50,TOWE,GE03,1,15,2016-08-22
TOWE_POGP37_1_GE03_4_15,51,TOWE,GE03,2,17,2016-09-26
TOWE_POGP37_1_GE03_4_15,58,TOWE,GE03,3,21,2017-04-17
TOWE_POGP37_1_GE03_4_15,59,TOWE,GE03,1,20,2017-05-01
TOWE_POGP37_1_GE03_4_15,60,TOWE,GE03,4,25,2017-06-19
TOWE_POGP37_1_GE03_4_15,61,TOWE,GE03,2,27,2017-07-17
TOWE_POGP37_1_GE03_4_15,62,TOWE,GE03,2,29,2017-08-21
TOWE_POGP37_1_GE03_4_15,63,TOWE,GE03,1,30,2017-09-11
TOWE_POGP37_1_GE03_4_15,64,TOWE,GE03,2,32,2017-10-09
TOWE_POGP37_1_GE03_4_15,69,TOWE,GE03,2,34,2018-03-26
TOWE_POGP37_1_GE03_4_15,70,TOWE,GE03,4,38,2018-04-23
TOWE_POGP37_1_GE03_4_15,75,TOWE,GE03,1,39,2018-09-03
TOWE_POGP37_1_GE03_4_15,76,TOWE,GE03,1,40,2018-10-08
TOWE_POGP37_1_GE03_4_15,81,TOWE,GE03,6,47,2019-03-18
TOWE_POGP37_1_GE03_4_15,80,TOWE,GE03,1,42,2019-02-11
TOWE_POGP37_1_GE03_4_15,82,TOWE,GE03,3,50,2019-04-29
TOWE_POGP37_1_GE03_4_15,92,TOWE,GE03,2,52,2020-02-03
TOWE_POGP37_1_GE03_4_15,93,TOWE,GE03,4,56,2020-03-16
TOWE_POGP37_1_GE03_4_15,94,TOWE,GE03,4,60,2020-04-27
TOWE_POGP37_1_GE03_4_15,95,TOWE,GE03,1,61,2020-05-04
TOWE_POGP37_1_GE03_4_15,99,TOWE,GE03,1,62,2020-09-14
TOWE_POGP37_1_GE03_4_15,105,TOWE,GE03,3,65,2021-03-25
TOWE_POGP37_1_GE03_4_15,106,TOWE,GE03,3,68,2021-04-29
TOWE_POGP37_1_GE03_4_15,107,TOWE,GE03,2,70,2021-05-20
TOWE_POGP37_1_GE03_4_15,108,TOWE,GE03,1,71,2021-06-03
TOWE_POGP37_1_GE03_4_15,119,TOWE,GE03,4,76,2022-05-03
TOWE_POGP37_1_GE03_4_15,118,TOWE,GE03,1,74,2022-04-26
TOWE_POGP37_1_GE03_4_15,120,TOWE,GE03,2,78,2022-06-06
TOWE_POGP37_1_GE03_4_15,121,TOWE,GE03,1,79,2022-07-18
TOWE_POGP37_1_GE03_4_15,130,TOWE,GE03,2,81,2023-04-26
TOWE_POGP37_1_GE03_4_15,132,TOWE,GE03,2,83,2023-06-26
TOWE_POGP37_1_GE03_4_15,140,TOWE,GE03,1,84,2024-02-01
TOWE_POGP37_1_GE03_4_15,141,TOWE,GE03,1,85,2024-03-12
TOWE_POGP37_1_GE03_4_15,142,TOWE,GE03,1,86,2024-04-29
TOWE_POGP37_2_GE12_4_28,42,TOWE,GE12,2,2,2015-12-01
TOWE_POGP37_2_GE12_4_28,44,TOWE,GE12,1,3,2016-02-09
TOWE_POGP37_2_GE12_4_28,45,TOWE,GE12,1,4,2016-03-01
TOWE_POGP37_2_GE12_4_28,46,TOWE,GE12,3,7,2016-04-19
TOWE_POGP37_2_GE12_4_28,47,TOWE,GE12,2,9,2016-05-03
TOWE_POGP37_2_GE12_4_28,59,TOWE,GE12,2,11,2017-05-30
TOWE_POGP37_2_GE12_4_28,60,TOWE,GE12,2,13,2017-06-27
TOWE_POGP37_2_GE12_4_28,63,TOWE,GE12,1,14,2017-09-27
TOWE_POGP37_2_GE12_4_28,64,TOWE,GE12,2,16,2017-10-10
TOWE_POGP37_2_GE12_4_28,65,TOWE,GE12,2,18,2017-11-21
TOWE_POGP37_2_GE12_4_28,66,TOWE,GE12,1,19,2017-12-12
TOWE_POGP37_2_GE12_4_28,73,TOWE,GE12,1,20,2018-07-24
TOWE_POGP37_2_GE12_4_28,74,TOWE,GE12,3,24,2018-08-28
TOWE_POGP37_2_GE12_4_28,75,TOWE,GE12,2,25,2018-09-25
TOWE_POGP37_2_GE12_4_28,76,TOWE,GE12,2,27,2018-10-23
TOWE_POGP37_2_GE12_4_28,77,TOWE,GE12,2,29,2018-11-27
TOWE_POGP37_2_GE12_4_28,78,TOWE,GE12,1,30,2018-12-11
TOWE_POGP37_2_GE12_4_28,82,TOWE,GE12,2,32,2019-04-16
TOWE_POGP37_2_GE12_4_28,88,TOWE,GE12,2,34,2019-10-08
TOWE_POGP37_2_GE12_4_28,89,TOWE,GE12,1,35,2019-11-05
TOWE_POGP37_2_GE12_4_28,90,TOWE,GE12,1,36,2019-12-31
TOWE_POGP37_2_GE12_4_28,91,TOWE,GE12,2,38,2020-01-28
TOWE_POGP37_2_GE12_4_28,93,TOWE,GE12,1,39,2020-03-10
TOWE_POGP37_2_GE12_4_28,97,TOWE,GE12,1,40,2020-07-07
TOWE_POGP37_2_GE12_4_28,99,TOWE,GE12,2,42,2020-09-22
TOWE_POGP37_2_GE12_4_28,100,TOWE,GE12,2,46,2020-10-20
TOWE_POGP37_2_GE12_4_28,101,TOWE,GE12,3,47,2020-11-24
TOWE_POGP37_2_GE12_4_28,105,TOWE,GE12,1,48,2021-03-25
TOWE_POGP37_2_GE12_4_28,102,TOWE,GE12,1,49,2020-12-23
TOWE_POGP37_2_GE12_4_28,106,TOWE,GE12,2,51,2021-04-29
TOWE_POGP37_2_GE12_4_28,107,TOWE,GE12,1,52,2021-05-05
TOWE_POGP37_2_GE12_4_28,118,TOWE,GE12,3,55,2022-04-05
TOWE_POGP37_2_GE12_4_28,121,TOWE,GE12,1,56,2022-07-25
TOWE_POGP37_2_GE12_4_28,130,TOWE,GE12,1,57,2023-04-26
TOWE_POGP37_2_GE12_4_28,131,TOWE,GE12,1,58,2023-05-02
TOWE_POGP37_2_GE12_4_28,135,TOWE,GE12,1,59,2023-09-07
TOWE_POGP37_2_GE12_4_28,142,TOWE,GE12,1,60,2024-04-16
TOWE_POGP37_2_GE12_4_28,144,TOWE,GE12,1,61,2024-06-18
TOWE_POGP37_2_GE12_4_28,145,TOWE,GE12,1,62,2024-07-16
TOWE_POGP37_2_GE12_4_29,41,TOWE,GE12,1,1,2015-11-10
TOWE_POGP37_2_GE12_4_29,45,TOWE,GE12,3,4,2016-03-29
TOWE_POGP37_2_GE12_4_29,47,TOWE,GE12,2,6,2016-05-10
TOWE_POGP37_2_GE12_4_29,49,TOWE,GE12,1,7,2016-07-19
TOWE_POGP37_2_GE12_4_29,56,TOWE,GE12,3,10,2017-02-28
TOWE_POGP37_2_GE12_4_29,59,TOWE,GE12,3,14,2017-05-30
TOWE_POGP37_2_GE12_4_29,60,TOWE,GE12,4,17,2017-06-27
TOWE_POGP37_2_GE12_4_29,61,TOWE,GE12,2,19,2017-07-25
TOWE_POGP37_2_GE12_4_29,62,TOWE,GE12,2,21,2017-08-29
TOWE_POGP37_2_GE12_4_29,63,TOWE,GE12,1,22,2017-09-27
TOWE_POGP37_2_GE12_4_29,70,TOWE,GE12,1,23,2018-04-24
TOWE_POGP37_2_GE12_4_29,73,TOWE,GE12,3,26,2018-07-24
TOWE_POGP37_2_GE12_4_29,74,TOWE,GE12,2,28,2018-08-28
TOWE_POGP37_2_GE12_4_29,75,TOWE,GE12,2,30,2018-09-25
TOWE_POGP37_2_GE12_4_29,76,TOWE,GE12,2,32,2018-10-23
TOWE_POGP37_2_GE12_4_29,81,TOWE,GE12,4,38,2019-03-19
TOWE_POGP37_2_GE12_4_29,80,TOWE,GE12,2,35,2019-02-11
TOWE_POGP37_2_GE12_4_29,82,TOWE,GE12,3,41,2019-04-30
TOWE_POGP37_2_GE12_4_29,86,TOWE,GE12,1,42,2019-08-27
TOWE_POGP37_2_GE12_4_29,87,TOWE,GE12,2,44,2019-09-24
TOWE_POGP37_2_GE12_4_29,88,TOWE,GE12,2,46,2019-10-29
TOWE_POGP37_2_GE12_4_29,89,TOWE,GE12,1,47,2019-11-12
TOWE_POGP37_2_GE12_4_29,93,TOWE,GE12,3,50,2020-03-31
TOWE_POGP37_2_GE12_4_29,94,TOWE,GE12,2,52,2020-04-07
TOWE_POGP37_2_GE12_4_29,99,TOWE,GE12,3,55,2020-09-22
TOWE_POGP37_2_GE12_4_29,100,TOWE,GE12,2,57,2020-10-27
TOWE_POGP37_2_GE12_4_29,101,TOWE,GE12,1,58,2020-11-10
TOWE_POGP37_2_GE12_4_29,105,TOWE,GE12,2,60,2021-03-18
TOWE_POGP37_2_GE12_4_29,106,TOWE,GE12,2,62,2021-04-14
TOWE_POGP37_2_GE12_4_29,112,TOWE,GE12,4,66,2021-10-12
TOWE_POGP37_2_GE12_4_29,113,TOWE,GE12,1,67,2021-11-16
TOWE_POGP37_2_GE12_4_29,117,TOWE,GE12,5,72,2022-03-28
TOWE_POGP37_2_GE12_4_29,118,TOWE,GE12,2,74,2022-04-05
TOWE_POGP37_2_GE12_4_29,130,TOWE,GE12,2,76,2023-04-12
TOWE_POGP37_2_GE12_4_29,131,TOWE,GE12,3,80,2023-05-30
TOWE_POGP37_2_GE12_4_29,132,TOWE,GE12,1,79,2023-06-07
TOWE_POGP37_2_GE12_4_29,141,TOWE,GE12,2,82,2024-03-12
TOWE_POGP37_2_GE12_4_29,142,TOWE,GE12,4,86,2024-04-16
TOWE_POGP37_2_GE12_4_29,143,TOWE,GE12,1,87,2024-05-21
TOWE_POGP37_2_GE12_4_29,144,TOWE,GE12,1,88,2024-06-04
TOWE_POGP37_2_GE12_4_29,145,TOWE,GE12,1,89,2024-07-01
TOWE_POGP37_2_GE12_4_30,60,TOWE,GE12,3,3,2017-06-27
TOWE_POGP37_2_GE12_4_30,61,TOWE,GE12,1,4,2017-07-25
TOWE_POGP37_2_GE12_4_30,62,TOWE,GE12,1,5,2017-08-22
TOWE_POGP37_2_GE12_4_30,64,TOWE,GE12,1,6,2017-10-03
TOWE_POGP37_2_GE12_4_30,76,TOWE,GE12,2,8,2018-10-16
TOWE_POGP37_2_GE12_4_30,86,TOWE,GE12,1,9,2019-08-20
TOWE_POGP37_2_GE12_4_30,89,TOWE,GE12,1,10,2019-11-05
TOWE_POGP37_2_GE12_4_30,88,TOWE,GE12,1,11,2019-10-01
TOWE_POGP37_2_GE12_4_30,90,TOWE,GE12,3,14,2019-12-31
TOWE_POGP37_2_GE12_4_30,93,TOWE,GE12,1,15,2020-03-31
TOWE_POGP37_2_GE12_4_30,105,TOWE,GE12,2,18,2021-03-11
TOWE_POGP37_2_GE12_4_30,106,TOWE,GE12,1,17,2021-04-14
TOWE_POGP37_2_GE12_4_30,111,TOWE,GE12,1,19,2021-09-08
TOWE_POGP37_2_GE12_4_30,119,TOWE,GE12,1,20,2022-05-30
TOWE_POGP37_2_GE12_4_30,132,TOWE,GE12,1,21,2023-06-27
TOWE_POGP37_2_GE12_4_30,142,TOWE,GE12,1,22,2024-04-16
TOWE_POGP37_2_GE12_4_30,143,TOWE,GE12,3,25,2024-05-21
TOWE_POGP37_2_GE12_4_30,144,TOWE,GE12,1,26,2024-06-04
TOWE_POGP37_2_GE12_4_30,145,TOWE,GE12,1,27,2024-07-01
TOWE_POGP37_1_GE02_4_8,41,TOWE,GE02,1,1,2015-11-09
TOWE_POGP37_1_GE02_4_8,46,TOWE,GE02,6,8,2016-04-25
TOWE_POGP37_1_GE02_4_8,47,TOWE,GE02,5,12,2016-05-16
TOWE_POGP37_1_GE02_4_8,48,TOWE,GE02,4,16,2016-06-27
TOWE_POGP37_1_GE02_4_8,58,TOWE,GE02,2,18,2017-04-10
TOWE_POGP37_1_GE02_4_8,59,TOWE,GE02,4,22,2017-05-29
TOWE_POGP37_1_GE02_4_8,60,TOWE,GE02,2,24,2017-06-12
TOWE_POGP37_1_GE02_4_8,61,TOWE,GE02,2,26,2017-07-24
TOWE_POGP37_1_GE02_4_8,62,TOWE,GE02,1,27,2017-08-07
TOWE_POGP37_1_GE02_4_8,64,TOWE,GE02,2,29,2017-10-30
TOWE_POGP37_1_GE02_4_8,69,TOWE,GE02,2,31,2018-03-26
TOWE_POGP37_1_GE02_4_8,72,TOWE,GE02,1,32,2018-06-25
TOWE_POGP37_1_GE02_4_8,73,TOWE,GE02,2,34,2018-07-30
TOWE_POGP37_1_GE02_4_8,74,TOWE,GE02,1,35,2018-08-06
TOWE_POGP37_1_GE02_4_8,75,TOWE,GE02,3,38,2018-09-24
TOWE_POGP37_1_GE02_4_8,76,TOWE,GE02,2,40,2018-10-29
TOWE_POGP37_1_GE02_4_8,77,TOWE,GE02,1,41,2018-11-12
TOWE_POGP37_1_GE02_4_8,78,TOWE,GE02,1,42,2018-12-01
TOWE_POGP37_1_GE02_4_8,80,TOWE,GE02,4,46,2019-02-18
TOWE_POGP37_1_GE02_4_8,81,TOWE,GE02,3,49,2019-03-18
TOWE_POGP37_1_GE02_4_8,82,TOWE,GE02,1,50,2019-04-01
TOWE_POGP37_1_GE02_4_8,92,TOWE,GE02,5,57,2020-02-19
TOWE_POGP37_1_GE02_4_8,91,TOWE,GE02,2,55,2020-01-20
TOWE_POGP37_1_GE02_4_8,93,TOWE,GE02,2,59,2020-03-09
TOWE_POGP37_1_GE02_4_8,96,TOWE,GE02,2,61,2020-06-29
TOWE_POGP37_1_GE02_4_8,105,TOWE,GE02,3,64,2021-03-25
TOWE_POGP37_1_GE02_4_8,106,TOWE,GE02,3,67,2021-04-29
TOWE_POGP37_1_GE02_4_8,108,TOWE,GE02,1,68,2021-06-24
TOWE_POGP37_1_GE02_4_8,109,TOWE,GE02,2,70,2021-07-28
TOWE_POGP37_1_GE02_4_8,118,TOWE,GE02,1,71,2022-04-04
TOWE_POGP37_1_GE02_4_8,119,TOWE,GE02,5,76,2022-05-03
TOWE_POGP37_1_GE02_4_8,120,TOWE,GE02,1,77,2022-06-08
TOWE_POGP37_1_GE02_4_8,132,TOWE,GE02,1,78,2023-06-15
TOWE_POGP37_1_GE02_4_8,140,TOWE,GE02,1,79,2024-02-01
TOWE_POGP37_1_GE02_4_8,141,TOWE,GE02,2,81,2024-03-05
TOWE_POGP37_1_GE02_4_9,45,TOWE,GE02,1,1,2016-03-21
TOWE_POGP37_1_GE02_4_9,46,TOWE,GE02,1,2,2016-04-18
TOWE_POGP37_1_GE02_4_9,47,TOWE,GE02,8,10,2016-05-23
TOWE_POGP37_1_GE02_4_9,48,TOWE,GE02,2,12,2016-06-27
TOWE_POGP37_1_GE02_4_9,57,TOWE,GE02,4,16,2017-03-27
TOWE_POGP37_1_GE02_4_9,59,TOWE,GE02,5,21,2017-05-29
TOWE_POGP37_1_GE02_4_9,60,TOWE,GE02,2,23,2017-06-19
TOWE_POGP37_1_GE02_4_9,61,TOWE,GE02,1,24,2017-07-10
TOWE_POGP37_1_GE02_4_9,62,TOWE,GE02,2,26,2017-08-21
TOWE_POGP37_1_GE02_4_9,63,TOWE,GE02,1,27,2017-09-11
TOWE_POGP37_1_GE02_4_9,64,TOWE,GE02,2,29,2017-10-23
TOWE_POGP37_1_GE02_4_9,69,TOWE,GE02,3,32,2018-03-19
TOWE_POGP37_1_GE02_4_9,70,TOWE,GE02,4,36,2018-04-16
TOWE_POGP37_1_GE02_4_9,73,TOWE,GE02,3,39,2018-07-09
TOWE_POGP37_1_GE02_4_9,74,TOWE,GE02,2,41,2018-08-27
TOWE_POGP37_1_GE02_4_9,75,TOWE,GE02,1,42,2018-09-24
TOWE_POGP37_1_GE02_4_9,76,TOWE,GE02,1,43,2018-10-29
TOWE_POGP37_1_GE02_4_9,81,TOWE,GE02,3,46,2019-03-11
TOWE_POGP37_1_GE02_4_9,82,TOWE,GE02,5,51,2019-04-15
TOWE_POGP37_1_GE02_4_9,83,TOWE,GE02,2,53,2019-05-06
TOWE_POGP37_1_GE02_4_9,88,TOWE,GE02,1,54,2019-10-21
TOWE_POGP37_1_GE02_4_9,93,TOWE,GE02,5,59,2020-03-30
TOWE_POGP37_1_GE02_4_9,94,TOWE,GE02,3,62,2020-04-20
TOWE_POGP37_1_GE02_4_9,98,TOWE,GE02,1,63,2020-08-31
TOWE_POGP37_1_GE02_4_9,100,TOWE,GE02,2,65,2020-10-19
TOWE_POGP37_1_GE02_4_9,105,TOWE,GE02,4,69,2021-03-18
TOWE_POGP37_1_GE02_4_9,106,TOWE,GE02,3,72,2021-04-29
TOWE_POGP37_1_GE02_4_9,107,TOWE,GE02,1,73,2021-05-05
TOWE_POGP37_1_GE02_4_9,118,TOWE,GE02,1,74,2022-04-04
TOWE_POGP37_1_GE02_4_9,119,TOWE,GE02,4,79,2022-05-19
TOWE_POGP37_1_GE02_4_9,120,TOWE,GE02,4,82,2022-06-08
TOWE_POGP37_1_GE02_4_9,121,TOWE,GE02,1,83,2022-07-18
TOWE_POGP37_1_GE02_4_9,131,TOWE,GE02,2,85,2023-05-04
TOWE_POGP37_1_GE02_4_9,132,TOWE,GE02,2,87,2023-06-15
TOWE_POGP37_1_GE02_4_9,141,TOWE,GE02,2,89,2024-03-05
TOWE_POGP37_1_GE02_4_9,144,TOWE,GE02,1,90,2024-06-17
TOWE_POGP37_1_GE02_4_9,145,TOWE,GE02,1,91,2024-07-01
TOWE_POGP37_5_GE06_54_18,43,TOWE,GE06,1,1,2016-01-29
TOWE_POGP37_5_GE06_54_18,44,TOWE,GE06,2,3,2016-02-05
TOWE_POGP37_5_GE06_54_18,46,TOWE,GE06,4,7,2016-04-14
TOWE_POGP37_5_GE06_54_18,47,TOWE,GE06,2,9,2016-05-20
TOWE_POGP37_5_GE06_54_18,58,TOWE,GE06,2,12,2017-04-14
TOWE_POGP37_5_GE06_54_18,57,TOWE,GE06,1,11,2017-03-23
TOWE_POGP37_5_GE06_54_18,59,TOWE,GE06,5,17,2017-05-25
TOWE_POGP37_5_GE06_54_18,69,TOWE,GE06,1,18,2018-03-15
TOWE_POGP37_5_GE06_54_18,70,TOWE,GE06,3,21,2018-04-26
TOWE_POGP37_5_GE06_54_18,71,TOWE,GE06,1,22,2018-05-03
TOWE_POGP37_5_GE06_54_18,79,TOWE,GE06,2,24,2019-01-31
TOWE_POGP37_5_GE06_54_18,80,TOWE,GE06,3,27,2019-02-14
TOWE_POGP37_5_GE06_54_18,81,TOWE,GE06,3,30,2019-03-28
TOWE_POGP37_5_GE06_54_18,82,TOWE,GE06,4,34,2019-04-26
TOWE_POGP37_5_GE06_54_18,83,TOWE,GE06,2,36,2019-05-17
TOWE_POGP37_5_GE06_54_18,84,TOWE,GE06,1,37,2019-06-13
TOWE_POGP37_5_GE06_54_18,93,TOWE,GE06,3,41,2020-03-19
TOWE_POGP37_5_GE06_54_18,94,TOWE,GE06,6,46,2020-04-16
TOWE_POGP37_5_GE06_54_18,95,TOWE,GE06,3,49,2020-05-12
TOWE_POGP37_5_GE06_54_18,96,TOWE,GE06,1,50,2020-06-11
TOWE_POGP37_5_GE06_54_18,106,TOWE,GE06,7,57,2021-04-29
TOWE_POGP37_5_GE06_54_18,107,TOWE,GE06,1,58,2021-05-13
TOWE_POGP37_5_GE06_54_18,118,TOWE,GE06,3,61,2022-04-14
TOWE_POGP37_5_GE06_54_18,120,TOWE,GE06,1,62,2022-06-06
TOWE_POGP37_5_GE06_54_18,129,TOWE,GE06,2,64,2023-03-09
TOWE_POGP37_5_GE06_54_18,130,TOWE,GE06,2,66,2023-04-13
TOWE_POGP37_5_GE06_54_18,131,TOWE,GE06,1,67,2023-05-24
TOWE_POGP37_5_GE06_54_18,141,TOWE,GE06,1,68,2024-03-14
TOWE_POGP37_5_GE06_54_18,143,TOWE,GE06,1,69,2024-05-21
TOWE_POGP37_5_GE06_54_18,142,TOWE,GE06,4,73,2024-04-15
TOWE_POGP37_5_GE06_54_19,43,TOWE,GE06,2,3,2016-01-14
TOWE_POGP37_5_GE06_54_19,42,TOWE,GE06,1,2,2015-12-17
TOWE_POGP37_5_GE06_54_19,46,TOWE,GE06,1,4,2016-04-14
TOWE_POGP37_5_GE06_54_19,59,TOWE,GE06,1,5,2017-05-25
TOWE_POGP37_5_GE06_54_19,60,TOWE,GE06,3,8,2017-06-30
TOWE_POGP37_5_GE06_54_19,62,TOWE,GE06,1,9,2017-08-11
TOWE_POGP37_5_GE06_54_19,63,TOWE,GE06,1,10,2017-09-08
TOWE_POGP37_5_GE06_54_19,68,TOWE,GE06,2,12,2018-02-15
TOWE_POGP37_5_GE06_54_19,69,TOWE,GE06,2,14,2018-03-08
TOWE_POGP37_5_GE06_54_19,75,TOWE,GE06,1,15,2018-09-20
TOWE_POGP37_5_GE06_54_19,78,TOWE,GE06,2,17,2018-12-13
TOWE_POGP37_5_GE06_54_19,79,TOWE,GE06,3,20,2019-01-24
TOWE_POGP37_5_GE06_54_19,80,TOWE,GE06,3,23,2019-02-21
TOWE_POGP37_5_GE06_54_19,81,TOWE,GE06,4,27,2019-03-21
TOWE_POGP37_5_GE06_54_19,82,TOWE,GE06,2,29,2019-04-18
TOWE_POGP37_5_GE06_54_19,91,TOWE,GE06,2,31,2020-01-30
TOWE_POGP37_5_GE06_54_19,92,TOWE,GE06,2,33,2020-02-20
TOWE_POGP37_5_GE06_54_19,93,TOWE,GE06,3,36,2020-03-12
TOWE_POGP37_5_GE06_54_19,94,TOWE,GE06,1,37,2020-04-16
TOWE_POGP37_5_GE06_54_19,95,TOWE,GE06,1,38,2020-05-12
TOWE_POGP37_5_GE06_54_19,104,TOWE,GE06,3,41,2021-02-18
TOWE_POGP37_5_GE06_54_19,105,TOWE,GE06,3,44,2021-03-25
TOWE_POGP37_5_GE06_54_19,106,TOWE,GE06,1,45,2021-04-29
TOWE_POGP37_5_GE06_54_19,107,TOWE,GE06,1,46,2021-05-06
TOWE_POGP37_5_GE06_54_19,117,TOWE,GE06,3,49,2022-03-17
TOWE_POGP37_5_GE06_54_19,118,TOWE,GE06,2,51,2022-04-14
TOWE_POGP37_5_GE06_54_19,119,TOWE,GE06,6,57,2022-05-16
TOWE_POGP37_5_GE06_54_19,120,TOWE,GE06,2,59,2022-06-06
TOWE_POGP37_5_GE06_54_19,141,TOWE,GE06,2,61,2024-03-14
TOWE_POGP37_5_GE06_54_19,142,TOWE,GE06,2,63,2024-04-15
TOWE_POGP37_5_GE06_54_19,143,TOWE,GE06,3,66,2024-05-07
TOWE_POGP37_5_GE06_54_20,45,TOWE,GE06,3,3,2016-03-17
TOWE_POGP37_5_GE06_54_20,46,TOWE,GE06,3,6,2016-04-14
TOWE_POGP37_5_GE06_54_20,55,TOWE,GE06,2,8,2017-01-26
TOWE_POGP37_5_GE06_54_20,56,TOWE,GE06,2,10,2017-02-23
TOWE_POGP37_5_GE06_54_20,63,TOWE,GE06,2,12,2017-09-28
TOWE_POGP37_5_GE06_54_20,68,TOWE,GE06,3,15,2018-02-15
TOWE_POGP37_5_GE06_54_20,69,TOWE,GE06,4,19,2018-03-30
TOWE_POGP37_5_GE06_54_20,70,TOWE,GE06,2,21,2018-04-19
TOWE_POGP37_5_GE06_54_20,71,TOWE,GE06,2,23,2018-05-10
TOWE_POGP37_5_GE06_54_20,81,TOWE,GE06,5,28,2019-03-21
TOWE_POGP37_5_GE06_54_20,82,TOWE,GE06,4,32,2019-04-18
TOWE_POGP37_5_GE06_54_20,83,TOWE,GE06,2,34,2019-05-17
TOWE_POGP37_5_GE06_54_20,93,TOWE,GE06,2,37,2020-03-12
TOWE_POGP37_5_GE06_54_20,94,TOWE,GE06,4,40,2020-04-03
TOWE_POGP37_5_GE06_54_20,95,TOWE,GE06,5,45,2020-05-12
TOWE_POGP37_5_GE06_54_20,96,TOWE,GE06,1,46,2020-06-04
TOWE_POGP37_5_GE06_54_20,106,TOWE,GE06,1,47,2021-04-29
TOWE_POGP37_5_GE06_54_20,107,TOWE,GE06,1,48,2021-05-13
TOWE_POGP37_5_GE06_54_20,117,TOWE,GE06,3,52,2022-03-17
TOWE_POGP37_5_GE06_54_20,116,TOWE,GE06,1,50,2022-02-24
TOWE_POGP37_5_GE06_54_20,120,TOWE,GE06,1,53,2022-06-02
TOWE_POGP37_5_GE06_54_20,131,TOWE,GE06,2,55,2023-05-24
TOWE_POGP37_5_GE06_54_20,142,TOWE,GE06,1,56,2024-04-01
TOWE_POGP37_5_GE06_54_20,143,TOWE,GE06,3,59,2024-05-07
TOWE_POGP37_5_GE12_54_3,41,TOWE,GE12,1,1,2015-11-12
TOWE_POGP37_5_GE12_54_3,42,TOWE,GE12,1,2,2015-12-17
TOWE_POGP37_5_GE12_54_3,44,TOWE,GE12,2,4,2016-02-19
TOWE_POGP37_5_GE12_54_3,46,TOWE,GE12,5,9,2016-04-22
TOWE_POGP37_5_GE12_54_3,47,TOWE,GE12,3,12,2016-05-20
TOWE_POGP37_5_GE12_54_3,48,TOWE,GE12,1,13,2016-06-09
TOWE_POGP37_5_GE12_54_3,59,TOWE,GE12,1,14,2017-05-11
TOWE_POGP37_5_GE12_54_3,60,TOWE,GE12,2,16,2017-06-01
TOWE_POGP37_5_GE12_54_3,62,TOWE,GE12,2,18,2017-08-31
TOWE_POGP37_5_GE12_54_3,63,TOWE,GE12,1,19,2017-09-08
TOWE_POGP37_5_GE12_54_3,65,TOWE,GE12,2,21,2017-11-23
TOWE_POGP37_5_GE12_54_3,67,TOWE,GE12,2,23,2018-01-25
TOWE_POGP37_5_GE12_54_3,68,TOWE,GE12,1,24,2018-02-15
TOWE_POGP37_5_GE12_54_3,69,TOWE,GE12,3,27,2018-03-15
TOWE_POGP37_5_GE12_54_3,80,TOWE,GE12,7,34,2019-02-21
TOWE_POGP37_5_GE12_54_3,81,TOWE,GE12,4,38,2019-03-21
TOWE_POGP37_5_GE12_54_3,82,TOWE,GE12,3,41,2019-04-26
TOWE_POGP37_5_GE12_54_3,94,TOWE,GE12,5,48,2020-04-16
TOWE_POGP37_5_GE12_54_3,93,TOWE,GE12,2,45,2020-03-26
TOWE_POGP37_5_GE12_54_3,95,TOWE,GE12,4,52,2020-05-14
TOWE_POGP37_5_GE12_54_3,107,TOWE,GE12,2,55,2021-05-06
TOWE_POGP37_5_GE12_54_3,106,TOWE,GE12,1,54,2021-04-29
TOWE_POGP37_5_GE12_54_3,108,TOWE,GE12,2,57,2021-06-30
TOWE_POGP37_5_GE12_54_3,117,TOWE,GE12,1,58,2022-03-31
TOWE_POGP37_5_GE12_54_3,118,TOWE,GE12,2,60,2022-04-14
TOWE_POGP37_5_GE12_54_3,119,TOWE,GE12,4,64,2022-05-16
TOWE_POGP37_5_GE12_54_3,120,TOWE,GE12,1,65,2022-06-06
TOWE_POGP37_5_GE12_54_3,131,TOWE,GE12,2,67,2023-05-09
TOWE_POGP37_5_GE12_54_3,132,TOWE,GE12,1,68,2023-06-08
TOWE_POGP37_5_GE12_54_3,133,TOWE,GE12,1,69,2023-07-05
TOWE_POGP37_5_GE12_54_3,141,TOWE,GE12,1,70,2024-03-14
TOWE_POGP37_5_GE12_54_3,142,TOWE,GE12,5,75,2024-04-15
TOWE_POGP37_5_GE12_54_3,143,TOWE,GE12,2,77,2024-05-07
TOWE_POGP37_5_GE12_54_4,42,TOWE,GE12,2,2,2015-12-23
TOWE_POGP37_5_GE12_54_4,44,TOWE,GE12,1,3,2016-02-19
TOWE_POGP37_5_GE12_54_4,47,TOWE,GE12,2,5,2016-05-20
TOWE_POGP37_5_GE12_54_4,60,TOWE,GE12,1,6,2017-06-16
TOWE_POGP37_5_GE12_54_4,61,TOWE,GE12,3,9,2017-07-27
TOWE_POGP37_5_GE12_54_4,68,TOWE,GE12,1,10,2018-02-22
TOWE_POGP37_5_GE12_54_4,69,TOWE,GE12,1,11,2018-03-02
TOWE_POGP37_5_GE12_54_4,72,TOWE,GE12,2,13,2018-06-13
TOWE_POGP37_5_GE12_54_4,73,TOWE,GE12,2,15,2018-07-26
TOWE_POGP37_5_GE12_54_4,74,TOWE,GE12,1,16,2018-08-09
TOWE_POGP37_5_GE12_54_4,79,TOWE,GE12,1,17,2019-01-24
TOWE_POGP37_5_GE12_54_4,80,TOWE,GE12,5,22,2019-02-28
TOWE_POGP37_5_GE12_54_4,81,TOWE,GE12,3,25,2019-03-21
TOWE_POGP37_5_GE12_54_4,93,TOWE,GE12,3,29,2020-03-19
TOWE_POGP37_5_GE12_54_4,92,TOWE,GE12,1,27,2020-02-10
TOWE_POGP37_5_GE12_54_4,98,TOWE,GE12,2,31,2020-08-27
TOWE_POGP37_5_GE12_54_4,99,TOWE,GE12,1,32,2020-09-14
TOWE_POGP37_5_GE12_54_4,100,TOWE,GE12,1,33,2020-10-08
TOWE_POGP37_5_GE12_54_4,102,TOWE,GE12,2,35,2020-12-17
TOWE_POGP37_5_GE12_54_4,111,TOWE,GE12,1,36,2021-09-09
TOWE_POGP37_5_GE12_54_4,112,TOWE,GE12,1,37,2021-10-07
TOWE_POGP37_5_GE12_54_4,113,TOWE,GE12,1,38,2021-11-10
TOWE_POGP37_5_GE12_54_4,114,TOWE,GE12,1,39,2021-12-22
TOWE_POGP37_5_GE12_54_4,115,TOWE,GE12,1,40,2022-01-12
TOWE_POGP37_5_GE12_54_4,117,TOWE,GE12,1,41,2022-03-17
TOWE_POGP37_5_GE12_54_4,119,TOWE,GE12,1,42,2022-05-16
TOWE_POGP37_5_GE12_54_4,129,TOWE,GE12,2,44,2023-03-01
TOWE_POGP37_5_GE12_54_4,132,TOWE,GE12,1,45,2023-06-08
TOWE_POGP37_5_GE12_54_4,139,TOWE,GE12,1,46,2024-01-25
TOWE_POGP37_5_GE12_54_4,141,TOWE,GE12,1,47,2024-03-14
TOWE_POGP37_5_GE12_54_4,142,TOWE,GE12,1,48,2024-04-01
TOWE_POGP37_5_GE12_54_4,143,TOWE,GE12,1,49,2024-05-07
TOWE_POGP37_5_GE12_54_5,42,TOWE,GE12,3,3,2015-12-23
TOWE_POGP37_5_GE12_54_5,43,TOWE,GE12,1,4,2016-01-08
TOWE_POGP37_5_GE12_54_5,45,TOWE,GE12,1,5,2016-03-11
TOWE_POGP37_5_GE12_54_5,46,TOWE,GE12,1,6,2016-04-14
TOWE_POGP37_5_GE12_54_5,47,TOWE,GE12,3,9,2016-05-20
TOWE_POGP37_5_GE12_54_5,60,TOWE,GE12,2,11,2017-06-30
TOWE_POGP37_5_GE12_54_5,62,TOWE,GE12,1,12,2017-08-25
TOWE_POGP37_5_GE12_54_5,69,TOWE,GE12,2,14,2018-03-15
TOWE_POGP37_5_GE12_54_5,75,TOWE,GE12,1,15,2018-09-20
TOWE_POGP37_5_GE12_54_5,80,TOWE,GE12,5,20,2019-02-28
TOWE_POGP37_5_GE12_54_5,81,TOWE,GE12,3,23,2019-03-08
TOWE_POGP37_5_GE12_54_5,87,TOWE,GE12,1,24,2019-09-26
TOWE_POGP37_5_GE12_54_5,88,TOWE,GE12,1,25,2019-10-10
TOWE_POGP37_5_GE12_54_5,91,TOWE,GE12,3,28,2020-01-30
TOWE_POGP37_5_GE12_54_5,92,TOWE,GE12,1,29,2020-02-10
TOWE_POGP37_5_GE12_54_5,93,TOWE,GE12,1,30,2020-03-26
TOWE_POGP37_5_GE12_54_5,94,TOWE,GE12,3,33,2020-04-16
TOWE_POGP37_5_GE12_54_5,104,TOWE,GE12,1,34,2021-02-25
TOWE_POGP37_5_GE12_54_5,106,TOWE,GE12,2,36,2021-04-29
TOWE_POGP37_5_GE12_54_5,114,TOWE,GE12,1,37,2021-12-13
TOWE_POGP37_5_GE12_54_5,115,TOWE,GE12,2,39,2022-01-26
TOWE_POGP37_5_GE12_54_5,116,TOWE,GE12,2,41,2022-02-24
TOWE_POGP37_5_GE12_54_5,117,TOWE,GE12,2,43,2022-03-24
TOWE_POGP37_5_GE12_54_5,118,TOWE,GE12,1,44,2022-04-14
TOWE_POGP37_5_GE12_54_5,119,TOWE,GE12,2,46,2022-05-26
TOWE_POGP37_5_GE12_54_5,131,TOWE,GE12,1,47,2023-05-24
TOWE_POGP37_5_GE12_54_5,132,TOWE,GE12,1,48,2023-06-01
TOWE_POGP37_5_GE12_54_5,141,TOWE,GE12,2,50,2024-03-14
TOWE_POGP37_5_GE12_54_5,142,TOWE,GE12,2,52,2024-04-15
TOWE_POGP37_5_GE03_54_8,42,TOWE,GE03,3,3,2015-12-03
TOWE_POGP37_5_GE03_54_8,43,TOWE,GE03,2,5,2016-01-01
TOWE_POGP37_5_GE03_54_8,44,TOWE,GE03,2,7,2016-02-05
TOWE_POGP37_5_GE03_54_8,45,TOWE,GE03,1,8,2016-03-11
TOWE_POGP37_5_GE03_54_8,46,TOWE,GE03,2,10,2016-04-14
TOWE_POGP37_5_GE03_54_8,57,TOWE,GE03,1,11,2017-03-31
TOWE_POGP37_5_GE03_54_8,58,TOWE,GE03,2,13,2017-04-20
TOWE_POGP37_5_GE03_54_8,59,TOWE,GE03,2,15,2017-05-25
TOWE_POGP37_5_GE03_54_8,60,TOWE,GE03,1,16,2017-06-08
TOWE_POGP37_5_GE03_54_8,61,TOWE,GE03,1,17,2017-07-07
TOWE_POGP37_5_GE03_54_8,63,TOWE,GE03,1,18,2017-09-21
TOWE_POGP37_5_GE03_54_8,68,TOWE,GE03,3,21,2018-02-22
TOWE_POGP37_5_GE03_54_8,73,TOWE,GE03,1,22,2018-07-26
TOWE_POGP37_5_GE03_54_8,74,TOWE,GE03,1,23,2018-08-16
TOWE_POGP37_5_GE03_54_8,78,TOWE,GE03,3,27,2018-12-27
TOWE_POGP37_5_GE03_54_8,77,TOWE,GE03,1,25,2018-11-29
TOWE_POGP37_5_GE03_54_8,79,TOWE,GE03,4,32,2019-01-31
TOWE_POGP37_5_GE03_54_8,80,TOWE,GE03,4,35,2019-02-28
TOWE_POGP37_5_GE03_54_8,81,TOWE,GE03,3,38,2019-03-21
TOWE_POGP37_5_GE03_54_8,82,TOWE,GE03,1,39,2019-04-11
TOWE_POGP37_5_GE03_54_8,91,TOWE,GE03,8,47,2020-01-30
TOWE_POGP37_5_GE03_54_8,92,TOWE,GE03,2,49,2020-02-10
TOWE_POGP37_5_GE03_54_8,93,TOWE,GE03,1,50,2020-03-05
TOWE_POGP37_5_GE03_54_8,94,TOWE,GE03,4,54,2020-04-16
TOWE_POGP37_5_GE03_54_8,104,TOWE,GE03,3,57,2021-02-18
TOWE_POGP37_5_GE03_54_8,105,TOWE,GE03,4,61,2021-03-18
TOWE_POGP37_5_GE03_54_8,106,TOWE,GE03,3,64,2021-04-29
TOWE_POGP37_5_GE03_54_8,116,TOWE,GE03,4,68,2022-02-24
TOWE_POGP37_5_GE03_54_8,117,TOWE,GE03,3,71,2022-03-17
TOWE_POGP37_5_GE03_54_8,118,TOWE,GE03,4,75,2022-04-14
TOWE_POGP37_5_GE03_54_8,119,TOWE,GE03,2,77,2022-05-16
TOWE_POGP37_5_GE03_54_8,129,TOWE,GE03,2,79,2023-03-09
TOWE_POGP37_5_GE03_54_8,130,TOWE,GE03,3,82,2023-04-21
TOWE_POGP37_5_GE03_54_8,139,TOWE,GE03,2,84,2024-01-22
TOWE_POGP37_5_GE03_54_8,140,TOWE,GE03,2,86,2024-02-06
TOWE_POGP37_5_GE03_54_8,141,TOWE,GE03,3,89,2024-03-14
TOWE_POGP37_5_GE03_54_8,142,TOWE,GE03,3,92,2024-04-15
TOWE_POGP37_5_GE03_54_9,42,TOWE,GE03,1,1,2015-12-23
TOWE_POGP37_5_GE03_54_9,43,TOWE,GE03,2,3,2016-01-29
TOWE_POGP37_5_GE03_54_9,46,TOWE,GE03,1,4,2016-04-14
TOWE_POGP37_5_GE03_54_9,57,TOWE,GE03,1,5,2017-03-09
TOWE_POGP37_5_GE03_54_9,59,TOWE,GE03,1,6,2017-05-11
TOWE_POGP37_5_GE03_54_9,60,TOWE,GE03,2,8,2017-06-16
TOWE_POGP37_5_GE03_54_9,63,TOWE,GE03,1,9,2017-09-28
TOWE_POGP37_5_GE03_54_9,67,TOWE,GE03,3,12,2018-01-11
TOWE_POGP37_5_GE03_54_9,69,TOWE,GE03,4,17,2018-03-08
TOWE_POGP37_5_GE03_54_9,68,TOWE,GE03,1,14,2018-02-22
TOWE_POGP37_5_GE03_54_9,70,TOWE,GE03,2,19,2018-04-26
TOWE_POGP37_5_GE03_54_9,79,TOWE,GE03,2,21,2019-01-31
TOWE_POGP37_5_GE03_54_9,80,TOWE,GE03,3,24,2019-02-28
TOWE_POGP37_5_GE03_54_9,81,TOWE,GE03,6,30,2019-03-28
TOWE_POGP37_5_GE03_54_9,82,TOWE,GE03,2,32,2019-04-26
TOWE_POGP37_5_GE03_54_9,83,TOWE,GE03,1,33,2019-05-09
TOWE_POGP37_5_GE03_54_9,92,TOWE,GE03,5,39,2020-02-20
TOWE_POGP37_5_GE03_54_9,91,TOWE,GE03,1,36,2020-01-30
TOWE_POGP37_5_GE03_54_9,93,TOWE,GE03,2,41,2020-03-12
TOWE_POGP37_5_GE03_54_9,94,TOWE,GE03,3,44,2020-04-03
TOWE_POGP37_5_GE03_54_9,104,TOWE,GE03,2,46,2021-02-18
TOWE_POGP37_5_GE03_54_9,105,TOWE,GE03,1,47,2021-03-04
TOWE_POGP37_5_GE03_54_9,106,TOWE,GE03,3,50,2021-04-22
TOWE_POGP37_5_GE03_54_9,107,TOWE,GE03,1,51,2021-05-06
TOWE_POGP37_5_GE03_54_9,108,TOWE,GE03,1,52,2021-06-03
TOWE_POGP37_5_GE03_54_9,117,TOWE,GE03,3,55,2022-03-17
TOWE_POGP37_5_GE03_54_9,118,TOWE,GE03,3,58,2022-04-14
TOWE_POGP37_5_GE03_54_9,119,TOWE,GE03,3,61,2022-05-16
TOWE_POGP37_5_GE03_54_9,131,TOWE,GE03,2,63,2023-05-09
TOWE_POGP37_5_GE03_54_9,138,TOWE,GE03,1,64,2023-12-25
TOWE_POGP37_5_GE03_54_9,139,TOWE,GE03,1,65,2024-01-22
TOWE_POGP37_5_GE03_54_9,140,TOWE,GE03,1,66,2024-02-06
TOWE_POGP37_5_GE03_54_9,141,TOWE,GE03,3,69,2024-03-14
TOWE_POGP37_5_GE03_54_9,142,TOWE,GE03,4,73,2024-04-15
TOWE_POGP37_5_GE03_54_9,143,TOWE,GE03,1,74,2024-05-07
TOWE_POGP37_5_GE03_55_10,41,TOWE,GE03,1,1,2015-11-12
TOWE_POGP37_5_GE03_55_10,42,TOWE,GE03,1,2,2015-12-17
TOWE_POGP37_5_GE03_55_10,46,TOWE,GE03,3,5,2016-04-22
TOWE_POGP37_5_GE03_55_10,47,TOWE,GE03,2,7,2016-05-20
TOWE_POGP37_5_GE03_55_10,48,TOWE,GE03,1,8,2016-06-09
TOWE_POGP37_5_GE03_55_10,57,TOWE,GE03,2,10,2017-03-16
TOWE_POGP37_5_GE03_55_10,58,TOWE,GE03,1,11,2017-04-06
TOWE_POGP37_5_GE03_55_10,67,TOWE,GE03,2,13,2018-01-11
TOWE_POGP37_5_GE03_55_10,68,TOWE,GE03,2,16,2018-02-15
TOWE_POGP37_5_GE03_55_10,69,TOWE,GE03,5,20,2018-03-22
TOWE_POGP37_5_GE03_55_10,70,TOWE,GE03,3,23,2018-04-19
TOWE_POGP37_5_GE03_55_10,71,TOWE,GE03,1,24,2018-05-10
TOWE_POGP37_5_GE03_55_10,81,TOWE,GE03,2,26,2019-03-08
TOWE_POGP37_5_GE03_55_10,82,TOWE,GE03,1,27,2019-04-04
TOWE_POGP37_5_GE03_55_10,84,TOWE,GE03,2,29,2019-06-27
TOWE_POGP37_5_GE03_55_10,89,TOWE,GE03,1,30,2019-11-28
TOWE_POGP37_5_GE03_55_10,90,TOWE,GE03,1,31,2019-12-26
TOWE_POGP37_5_GE03_55_10,91,TOWE,GE03,5,36,2020-01-30
TOWE_POGP37_5_GE03_55_10,92,TOWE,GE03,1,37,2020-02-10
TOWE_POGP37_5_GE03_55_10,93,TOWE,GE03,1,38,2020-03-26
TOWE_POGP37_5_GE03_55_10,94,TOWE,GE03,4,42,2020-04-16
TOWE_POGP37_5_GE03_55_10,95,TOWE,GE03,2,44,2020-05-12
TOWE_POGP37_5_GE03_55_10,96,TOWE,GE03,1,45,2020-06-04
TOWE_POGP37_5_GE03_55_10,105,TOWE,GE03,1,46,2021-03-25
TOWE_POGP37_5_GE03_55_10,106,TOWE,GE03,5,51,2021-04-29
TOWE_POGP37_5_GE03_55_10,107,TOWE,GE03,2,53,2021-05-20
TOWE_POGP37_5_GE03_55_10,117,TOWE,GE03,1,54,2022-03-31
TOWE_POGP37_5_GE03_55_10,118,TOWE,GE03,4,58,2022-04-14
TOWE_POGP37_5_GE03_55_10,119,TOWE,GE03,3,61,2022-05-16
TOWE_POGP37_5_GE03_55_10,129,TOWE,GE03,1,62,2023-03-23
TOWE_POGP37_5_GE03_55_10,132,TOWE,GE03,1,63,2023-06-01
TOWE_POGP37_5_GE03_55_10,139,TOWE,GE03,2,65,2024-01-22
TOWE_POGP37_5_GE03_55_10,142,TOWE,GE03,2,67,2024-04-15
TOWE_POGP37_5_GE09_58_4,42,TOWE,GE09,1,1,2015-12-03
TOWE_POGP37_5_GE09_58_4,43,TOWE,GE09,2,3,2016-01-29
TOWE_POGP37_5_GE09_58_4,44,TOWE,GE09,1,4,2016-02-05
TOWE_POGP37_5_GE09_58_4,46,TOWE,GE09,2,7,2016-04-22
TOWE_POGP37_5_GE09_58_4,47,TOWE,GE09,3,9,2016-05-06
TOWE_POGP37_5_GE09_58_4,57,TOWE,GE09,3,12,2017-03-16
TOWE_POGP37_5_GE09_58_4,58,TOWE,GE09,1,13,2017-04-06
TOWE_POGP37_5_GE09_58_4,60,TOWE,GE09,3,16,2017-06-16
TOWE_POGP37_5_GE09_58_4,61,TOWE,GE09,1,17,2017-07-20
TOWE_POGP37_5_GE09_58_4,62,TOWE,GE09,1,18,2017-08-11
TOWE_POGP37_5_GE09_58_4,69,TOWE,GE09,6,24,2018-03-30
TOWE_POGP37_5_GE09_58_4,70,TOWE,GE09,1,25,2018-04-05
TOWE_POGP37_5_GE09_58_4,75,TOWE,GE09,1,26,2018-09-20
TOWE_POGP37_5_GE09_58_4,76,TOWE,GE09,1,27,2018-10-18
TOWE_POGP37_5_GE09_58_4,79,TOWE,GE09,2,29,2019-01-31
TOWE_POGP37_5_GE09_58_4,80,TOWE,GE09,2,31,2019-02-14
TOWE_POGP37_5_GE09_58_4,84,TOWE,GE09,3,34,2019-06-27
TOWE_POGP37_5_GE09_58_4,91,TOWE,GE09,5,39,2020-01-23
TOWE_POGP37_5_GE09_58_4,92,TOWE,GE09,3,42,2020-02-13
TOWE_POGP37_5_GE09_58_4,94,TOWE,GE09,3,45,2020-04-03
TOWE_POGP37_5_GE09_58_4,95,TOWE,GE09,5,50,2020-05-28
TOWE_POGP37_5_GE09_58_4,106,TOWE,GE09,4,54,2021-04-29
TOWE_POGP37_5_GE09_58_4,107,TOWE,GE09,2,56,2021-05-20
TOWE_POGP37_5_GE09_58_4,108,TOWE,GE09,1,57,2021-06-03
TOWE_POGP37_5_GE09_58_4,119,TOWE,GE09,7,64,2022-05-16
TOWE_POGP37_5_GE09_58_4,120,TOWE,GE09,1,65,2022-06-06
TOWE_POGP37_5_GE09_58_4,131,TOWE,GE09,2,67,2023-05-10
TOWE_POGP37_5_GE09_58_4,133,TOWE,GE09,2,70,2023-07-05
TOWE_POGP37_5_GE09_58_4,132,TOWE,GE09,1,69,2023-06-08
TOWE_POGP37_5_GE09_58_4,141,TOWE,GE09,1,71,2024-03-14
TOWE_POGP37_5_GE09_58_4,142,TOWE,GE09,2,73,2024-04-15
TOWE_POGP37_5_GE09_58_4,143,TOWE,GE09,1,74,2024-05-07
TOWE_POGP37_5_GE09_58_4,144,TOWE,GE09,1,75,2024-06-27
TOWE_POGP37_5_GE02_59_13,43,TOWE,GE02,1,1,2016-01-01
TOWE_POGP37_5_GE02_59_13,46,TOWE,GE02,1,2,2016-04-22
TOWE_POGP37_5_GE02_59_13,47,TOWE,GE02,5,7,2016-05-20
TOWE_POGP37_5_GE02_59_13,48,TOWE,GE02,1,8,2016-06-02
TOWE_POGP37_5_GE02_59_13,60,TOWE,GE02,2,10,2017-06-23
TOWE_POGP37_5_GE02_59_13,62,TOWE,GE02,1,11,2017-08-31
TOWE_POGP37_5_GE02_59_13,63,TOWE,GE02,1,12,2017-09-21
TOWE_POGP37_5_GE02_59_13,67,TOWE,GE02,3,15,2018-01-11
TOWE_POGP37_5_GE02_59_13,68,TOWE,GE02,1,16,2018-02-08
TOWE_POGP37_5_GE02_59_13,69,TOWE,GE02,4,20,2018-03-30
TOWE_POGP37_5_GE02_59_13,70,TOWE,GE02,1,21,2018-04-05
TOWE_POGP37_5_GE02_59_13,81,TOWE,GE02,1,22,2019-03-08
TOWE_POGP37_5_GE02_59_13,82,TOWE,GE02,3,25,2019-04-18
TOWE_POGP37_5_GE02_59_13,83,TOWE,GE02,1,26,2019-05-09
TOWE_POGP37_5_GE02_59_13,87,TOWE,GE02,1,27,2019-09-26
TOWE_POGP37_5_GE02_59_13,91,TOWE,GE02,6,33,2020-01-30
TOWE_POGP37_5_GE02_59_13,92,TOWE,GE02,1,34,2020-02-10
TOWE_POGP37_5_GE02_59_13,93,TOWE,GE02,1,35,2020-03-12
TOWE_POGP37_5_GE02_59_13,94,TOWE,GE02,6,41,2020-04-30
TOWE_POGP37_5_GE02_59_13,106,TOWE,GE02,4,46,2021-04-22
TOWE_POGP37_5_GE02_59_13,105,TOWE,GE02,1,43,2021-03-25
TOWE_POGP37_5_GE02_59_13,107,TOWE,GE02,3,49,2021-05-13
TOWE_POGP37_5_GE02_59_13,118,TOWE,GE02,3,52,2022-04-14
TOWE_POGP37_5_GE02_59_13,119,TOWE,GE02,8,60,2022-05-16
TOWE_POGP37_5_GE02_59_13,141,TOWE,GE02,2,62,2024-03-07
TOWE_POGP37_5_GE02_59_14,47,TOWE,GE02,6,6,2016-05-20
TOWE_POGP37_5_GE02_59_14,48,TOWE,GE02,1,7,2016-06-02
TOWE_POGP37_5_GE02_59_14,58,TOWE,GE02,1,8,2017-04-06
TOWE_POGP37_5_GE02_59_14,57,TOWE,GE02,1,9,2017-03-31
TOWE_POGP37_5_GE02_59_14,59,TOWE,GE02,5,14,2017-05-11
TOWE_POGP37_5_GE02_59_14,60,TOWE,GE02,2,16,2017-06-23
TOWE_POGP37_5_GE02_59_14,69,TOWE,GE02,2,19,2018-03-15
TOWE_POGP37_5_GE02_59_14,70,TOWE,GE02,6,24,2018-04-26
TOWE_POGP37_5_GE02_59_14,81,TOWE,GE02,2,26,2019-03-14
TOWE_POGP37_5_GE02_59_14,82,TOWE,GE02,8,34,2019-04-26
TOWE_POGP37_5_GE02_59_14,83,TOWE,GE02,1,35,2019-05-09
TOWE_POGP37_5_GE02_59_14,87,TOWE,GE02,1,36,2019-09-12
TOWE_POGP37_5_GE02_59_14,88,TOWE,GE02,1,37,2019-10-03
TOWE_POGP37_5_GE02_59_14,94,TOWE,GE02,3,42,2020-04-30
TOWE_POGP37_5_GE02_59_14,95,TOWE,GE02,7,47,2020-05-12
TOWE_POGP37_5_GE02_59_14,106,TOWE,GE02,2,49,2021-04-29
TOWE_POGP37_5_GE02_59_14,107,TOWE,GE02,3,52,2021-05-20
TOWE_POGP37_5_GE02_59_14,118,TOWE,GE02,4,56,2022-04-20
TOWE_POGP37_5_GE02_59_14,119,TOWE,GE02,6,62,2022-05-16
TOWE_POGP37_5_GE02_59_14,120,TOWE,GE02,2,64,2022-06-06
TOWE_POGP37_5_GE02_59_14,132,TOWE,GE02,1,65,2023-06-08
TOWE_POGP37_5_GE02_59_14,131,TOWE,GE02,2,67,2023-05-24
TOWE_POGP37_5_GE02_59_14,133,TOWE,GE02,1,68,2023-07-05
TOWE_POGP37_5_GE02_59_14,141,TOWE,GE02,2,70,2024-03-14
TOWE_POGP37_5_GE02_59_14,142,TOWE,GE02,3,73,2024-04-15
TOWE_POGP37_5_GE02_59_14,143,TOWE,GE02,4,77,2024-05-09
TOWE_POGP37_5_GE02_59_14,144,TOWE,GE02,1,78,2024-06-27
TOWE_POGP37_5_GE02_59_14,145,TOWE,GE02,1,79,2024-07-18
TOWE_POGP37_5_GE02_59_15,42,TOWE,GE02,1,1,2015-12-17
TOWE_POGP37_5_GE02_59_15,47,TOWE,GE02,6,7,2016-05-20
TOWE_POGP37_5_GE02_59_15,48,TOWE,GE02,1,8,2016-06-02
TOWE_POGP37_5_GE02_59_15,59,TOWE,GE02,1,9,2017-05-18
TOWE_POGP37_5_GE02_59_15,60,TOWE,GE02,1,10,2017-06-23
TOWE_POGP37_5_GE02_59_15,61,TOWE,GE02,2,12,2017-07-27
TOWE_POGP37_5_GE02_59_15,62,TOWE,GE02,1,13,2017-08-25
TOWE_POGP37_5_GE02_59_15,63,TOWE,GE02,1,14,2017-09-14
TOWE_POGP37_5_GE02_59_15,64,TOWE,GE02,1,15,2017-10-26
TOWE_POGP37_5_GE02_59_15,69,TOWE,GE02,2,17,2018-03-30
TOWE_POGP37_5_GE02_59_15,81,TOWE,GE02,5,23,2019-03-08
TOWE_POGP37_5_GE02_59_15,80,TOWE,GE02,1,19,2019-02-21
TOWE_POGP37_5_GE02_59_15,91,TOWE,GE02,4,28,2020-01-08
TOWE_POGP37_5_GE02_59_15,90,TOWE,GE02,1,25,2019-12-19
TOWE_POGP37_5_GE02_59_15,92,TOWE,GE02,2,30,2020-02-10
TOWE_POGP37_5_GE02_59_15,93,TOWE,GE02,1,31,2020-03-12
TOWE_POGP37_5_GE02_59_15,97,TOWE,GE02,1,32,2020-07-20
TOWE_POGP37_5_GE02_59_15,105,TOWE,GE02,2,36,2021-03-25
TOWE_POGP37_5_GE02_59_15,103,TOWE,GE02,2,35,2021-01-28
TOWE_POGP37_5_GE02_59_15,106,TOWE,GE02,3,41,2021-04-29
TOWE_POGP37_5_GE02_59_15,107,TOWE,GE02,2,40,2021-05-06
TOWE_POGP37_5_GE02_59_15,118,TOWE,GE02,2,43,2022-04-14
TOWE_POGP37_5_GE02_59_15,119,TOWE,GE02,3,46,2022-05-16
TOWE_POGP37_5_GE02_59_15,120,TOWE,GE02,1,47,2022-06-06
TOWE_POGP37_5_GE02_59_15,130,TOWE,GE02,2,49,2023-04-21
TOWE_POGP37_5_GE02_59_15,133,TOWE,GE02,1,50,2023-07-05
TOWE_POGP37_5_GE02_59_15,141,TOWE,GE02,3,53,2024-03-14
TOWE_POGP37_5_GE02_59_15,142,TOWE,GE02,1,54,2024-04-25
TOWE_POGP37_5_GE02_59_15,143,TOWE,GE02,3,57,2024-05-09
TOWE_POGP37_5_GE09_59_3,42,TOWE,GE09,2,2,2015-12-23
TOWE_POGP37_5_GE09_59_3,47,TOWE,GE09,8,10,2016-05-27
TOWE_POGP37_5_GE09_59_3,59,TOWE,GE09,7,18,2017-05-11
TOWE_POGP37_5_GE09_59_3,58,TOWE,GE09,1,12,2017-04-28
TOWE_POGP37_5_GE09_59_3,60,TOWE,GE09,4,22,2017-06-23
TOWE_POGP37_5_GE09_59_3,61,TOWE,GE09,1,23,2017-07-07
TOWE_POGP37_5_GE09_59_3,70,TOWE,GE09,1,24,2018-04-19
TOWE_POGP37_5_GE09_59_3,74,TOWE,GE09,1,25,2018-08-02
TOWE_POGP37_5_GE09_59_3,75,TOWE,GE09,1,26,2018-09-06
TOWE_POGP37_5_GE09_59_3,78,TOWE,GE09,1,27,2018-12-27
TOWE_POGP37_5_GE09_59_3,79,TOWE,GE09,1,28,2019-01-10
TOWE_POGP37_5_GE09_59_3,80,TOWE,GE09,3,31,2019-02-21
TOWE_POGP37_5_GE09_59_3,81,TOWE,GE09,5,36,2019-03-21
TOWE_POGP37_5_GE09_59_3,82,TOWE,GE09,4,40,2019-04-18
TOWE_POGP37_5_GE09_59_3,83,TOWE,GE09,1,41,2019-05-02
TOWE_POGP37_5_GE09_59_3,87,TOWE,GE09,1,42,2019-09-19
TOWE_POGP37_5_GE09_59_3,94,TOWE,GE09,4,46,2020-04-03
TOWE_POGP37_5_GE09_59_3,95,TOWE,GE09,5,51,2020-05-14
TOWE_POGP37_5_GE09_59_3,106,TOWE,GE09,1,52,2021-04-29
TOWE_POGP37_5_GE09_59_3,107,TOWE,GE09,3,55,2021-05-20
TOWE_POGP37_5_GE09_59_3,119,TOWE,GE09,3,58,2022-05-16
TOWE_POGP37_5_GE09_59_3,120,TOWE,GE09,3,61,2022-06-06
TOWE_POGP37_5_GE09_59_3,131,TOWE,GE09,1,62,2023-05-10
TOWE_POGP37_5_GE09_59_3,132,TOWE,GE09,2,64,2023-06-01
TOWE_POGP37_5_GE09_59_3,133,TOWE,GE09,1,65,2023-07-05
TOWE_POGP37_5_GE09_59_3,141,TOWE,GE09,3,68,2024-03-14
TOWE_POGP37_5_GE09_59_3,142,TOWE,GE09,2,70,2024-04-15
TOWE_POGP37_5_GE09_59_3,143,TOWE,GE09,1,71,2024-05-07
TOWE_POGP37_5_GE09_59_4,55,TOWE,GE09,1,1,2017-01-26
TOWE_POGP37_5_GE09_59_4,59,TOWE,GE09,4,7,2017-05-11
TOWE_POGP37_5_GE09_59_4,57,TOWE,GE09,1,3,2017-03-31
TOWE_POGP37_5_GE09_59_4,58,TOWE,GE09,1,4,2017-04-28
TOWE_POGP37_5_GE09_59_4,60,TOWE,GE09,1,8,2017-06-16
TOWE_POGP37_5_GE09_59_4,70,TOWE,GE09,5,13,2018-04-05
TOWE_POGP37_5_GE09_59_4,72,TOWE,GE09,1,14,2018-06-13
TOWE_POGP37_5_GE09_59_4,73,TOWE,GE09,1,15,2018-07-05
TOWE_POGP37_5_GE09_59_4,74,TOWE,GE09,1,16,2018-08-02
TOWE_POGP37_5_GE09_59_4,76,TOWE,GE09,1,17,2018-10-04
TOWE_POGP37_5_GE09_59_4,81,TOWE,GE09,9,28,2019-03-21
TOWE_POGP37_5_GE09_59_4,80,TOWE,GE09,2,23,2019-02-28
TOWE_POGP37_5_GE09_59_4,82,TOWE,GE09,1,29,2019-04-11
TOWE_POGP37_5_GE09_59_4,86,TOWE,GE09,2,31,2019-08-29
TOWE_POGP37_5_GE09_59_4,87,TOWE,GE09,2,33,2019-09-19
TOWE_POGP37_5_GE09_59_4,91,TOWE,GE09,2,35,2020-01-30
TOWE_POGP37_5_GE09_59_4,92,TOWE,GE09,4,40,2020-02-20
TOWE_POGP37_5_GE09_59_4,93,TOWE,GE09,1,39,2020-03-05
TOWE_POGP37_5_GE09_59_4,94,TOWE,GE09,5,45,2020-04-16
TOWE_POGP37_5_GE09_59_4,106,TOWE,GE09,6,53,2021-04-15
TOWE_POGP37_5_GE09_59_4,105,TOWE,GE09,2,49,2021-03-18
TOWE_POGP37_5_GE09_59_4,107,TOWE,GE09,1,54,2021-05-13
TOWE_POGP37_5_GE09_59_4,118,TOWE,GE09,1,55,2022-04-14
TOWE_POGP37_5_GE09_59_4,117,TOWE,GE09,2,57,2022-03-24
TOWE_POGP37_5_GE09_59_4,119,TOWE,GE09,8,65,2022-05-16
TOWE_POGP37_5_GE09_59_4,120,TOWE,GE09,2,67,2022-06-06
TOWE_POGP37_5_GE09_59_4,131,TOWE,GE09,3,70,2023-05-24
TOWE_POGP37_5_GE09_59_4,142,TOWE,GE09,6,76,2024-04-15
TOWE_POGP37_5_GE09_59_4,143,TOWE,GE09,1,77,2024-05-07
TOWE_POGP37_1_GE03_5_15,44,TOWE,GE03,2,2,2016-02-01
TOWE_POGP37_1_GE03_5_15,45,TOWE,GE03,4,7,2016-03-29
TOWE_POGP37_1_GE03_5_15,46,TOWE,GE03,4,10,2016-04-18
TOWE_POGP37_1_GE03_5_15,47,TOWE,GE03,3,13,2016-05-30
TOWE_POGP37_1_GE03_5_15,48,TOWE,GE03,1,14,2016-06-20
TOWE_POGP37_1_GE03_5_15,49,TOWE,GE03,2,16,2016-07-25
TOWE_POGP37_1_GE03_5_15,50,TOWE,GE03,1,17,2016-08-08
TOWE_POGP37_1_GE03_5_15,51,TOWE,GE03,1,18,2016-09-12
TOWE_POGP37_1_GE03_5_15,55,TOWE,GE03,2,21,2017-01-23
TOWE_POGP37_1_GE03_5_15,56,TOWE,GE03,3,24,2017-02-13
TOWE_POGP37_1_GE03_5_15,57,TOWE,GE03,6,29,2017-03-20
TOWE_POGP37_1_GE03_5_15,58,TOWE,GE03,3,32,2017-04-24
TOWE_POGP37_1_GE03_5_15,59,TOWE,GE03,3,35,2017-05-29
TOWE_POGP37_1_GE03_5_15,60,TOWE,GE03,1,36,2017-06-19
TOWE_POGP37_1_GE03_5_15,61,TOWE,GE03,1,37,2017-07-10
TOWE_POGP37_1_GE03_5_15,62,TOWE,GE03,1,38,2017-08-14
TOWE_POGP37_1_GE03_5_15,68,TOWE,GE03,2,40,2018-02-26
TOWE_POGP37_1_GE03_5_15,69,TOWE,GE03,4,44,2018-03-12
TOWE_POGP37_1_GE03_5_15,72,TOWE,GE03,1,45,2018-06-18
TOWE_POGP37_1_GE03_5_15,79,TOWE,GE03,1,46,2019-01-07
TOWE_POGP37_1_GE03_5_15,80,TOWE,GE03,5,51,2019-02-18
TOWE_POGP37_1_GE03_5_15,81,TOWE,GE03,3,54,2019-03-18
TOWE_POGP37_1_GE03_5_15,82,TOWE,GE03,3,57,2019-04-15
TOWE_POGP37_1_GE03_5_15,83,TOWE,GE03,1,58,2019-05-13
TOWE_POGP37_1_GE03_5_15,85,TOWE,GE03,1,59,2019-07-22
TOWE_POGP37_1_GE03_5_15,86,TOWE,GE03,1,60,2019-08-12
TOWE_POGP37_1_GE03_5_15,92,TOWE,GE03,4,66,2020-02-19
TOWE_POGP37_1_GE03_5_15,91,TOWE,GE03,1,62,2020-01-27
TOWE_POGP37_1_GE03_5_15,93,TOWE,GE03,4,69,2020-03-09
TOWE_POGP37_1_GE03_5_15,94,TOWE,GE03,2,71,2020-04-06
TOWE_POGP37_1_GE03_5_15,97,TOWE,GE03,2,73,2020-07-27
TOWE_POGP37_1_GE03_5_15,98,TOWE,GE03,1,74,2020-08-10
TOWE_POGP37_1_GE03_5_15,104,TOWE,GE03,2,76,2021-02-18
TOWE_POGP37_1_GE03_5_15,105,TOWE,GE03,4,80,2021-03-31
TOWE_POGP37_1_GE03_5_15,106,TOWE,GE03,1,81,2021-04-07
TOWE_POGP37_1_GE03_5_15,116,TOWE,GE03,3,84,2022-02-24
TOWE_POGP37_1_GE03_5_15,117,TOWE,GE03,1,85,2022-03-14
TOWE_POGP37_1_GE03_5_15,118,TOWE,GE03,4,89,2022-04-04
TOWE_POGP37_1_GE03_5_15,119,TOWE,GE03,3,92,2022-05-03
TOWE_POGP37_1_GE03_5_15,131,TOWE,GE03,1,93,2023-05-15
TOWE_POGP37_1_GE03_5_15,139,TOWE,GE03,2,95,2024-01-31
TOWE_POGP37_1_GE03_5_15,141,TOWE,GE03,2,97,2024-03-12
TOWE_POGP37_1_GE03_5_15,142,TOWE,GE03,2,99,2024-04-29
