TreeId,MAP,Site,IdGenotype,sum_stalk_biomass_mes,Cumulated_stalk_biomass_mes,Date
PR_G5-1_1_GE02_14_19,46,PR,GE02,0.4674027491485057,0.4674027491485057,2014-03-31
PR_G5-1_1_GE02_14_19,48,PR,GE02,0.49041849241267466,1.448239733973855,2014-05-26
PR_G5-1_1_GE02_14_19,50,PR,GE02,0.3610985248706863,1.8093382588445412,2014-07-21
PR_G5-1_1_GE02_14_19,51,PR,GE02,0.4108280203635656,2.6309942995716726,2014-08-27
PR_G5-1_1_GE02_14_19,57,PR,GE02,0.57178167642518,3.2027759759968526,2015-02-11
PR_G5-1_1_GE02_14_19,58,PR,GE02,0.7697142597595501,4.742204495515953,2015-03-30
PR_G5-1_1_GE02_14_19,59,PR,GE02,0.761337355646271,5.503541851162224,2015-04-27
PR_G5-1_1_GE02_14_19,61,PR,GE02,0.495176772472222,5.998718623634446,2015-06-12
PR_G5-1_1_GE02_14_19,62,PR,GE02,0.566100221274354,6.5648188449088,2015-07-01
PR_G5-1_1_GE02_14_19,64,PR,GE02,0.4406452004834166,7.005464045392216,2015-09-04
PR_G5-1_1_GE02_14_19,65,PR,GE02,0.4236270661406252,7.429091111532841,2015-10-02
PR_G5-1_1_GE02_14_19,70,PR,GE02,0.8323160856594976,9.093723282851835,2016-03-28
PR_G5-1_1_GE02_14_19,73,PR,GE02,0.7186437679407285,10.531010818733293,2016-06-29
PR_G5-1_1_GE02_14_19,75,PR,GE02,0.282574549980605,10.813585368713898,2016-08-24
PR_G5-1_1_GE02_14_19,76,PR,GE02,0.43334285366671993,11.680271076047338,2016-09-30
PR_G5-1_1_GE02_14_19,85,PR,GE02,0.890040968677906,13.46035301340315,2017-06-28
PR_G5-1_1_GE02_14_19,87,PR,GE02,0.770382665817009,14.230735679220158,2017-08-23
PR_G5-1_1_GE02_14_19,88,PR,GE02,0.896892530910053,15.127628210130212,2017-09-01
PR_G5-1_1_GE02_14_19,89,PR,GE02,1.1414589421267491,17.41054609438371,2017-10-27
PR_G5-1_1_GE02_14_19,90,PR,GE02,1.288476503100915,18.69902259748463,2017-11-24
PR_G5-1_1_GE02_14_19,92,PR,GE02,0.917992439670609,19.617015037155237,2018-01-29
PR_G5-1_1_GE02_14_19,98,PR,GE02,0.952335573049183,20.56935061020442,2018-07-25
PR_G5-1_1_GE02_14_19,100,PR,GE02,1.4357917355375034,23.44093408127943,2018-09-28
PR_G5-1_1_GE02_14_19,102,PR,GE02,1.3082552773443,24.74918935862373,2018-11-05
PR_G5-1_1_GE02_14_19,103,PR,GE02,1.243312657227771,25.992502015851503,2018-12-21
PR_G5-1_1_GE02_14_19,104,PR,GE02,1.1979267377198075,28.38835549129112,2019-01-28
PR_G5-1_1_GE02_14_19,105,PR,GE02,0.8357483686114711,29.22410385990259,2019-02-25
PR_G5-1_1_GE02_14_19,113,PR,GE02,1.671780519469766,30.895884379372358,2019-10-07
PR_G5-1_1_GE02_14_19,114,PR,GE02,1.29025278566133,32.186137165033685,2019-11-04
PR_G5-1_1_GE02_14_19,116,PR,GE02,1.591847916085055,33.77798508111874,2020-01-27
PR_G5-1_1_GE02_14_19,119,PR,GE02,1.536112371075271,35.31409745219401,2020-04-01
PR_G5-1_1_GE02_14_19,125,PR,GE02,1.4708200762352,36.78491752842921,2020-10-05
PR_G5-1_1_GE02_14_19,129,PR,GE02,2.04792058338098,38.83283811181019,2021-02-08
PR_G5-1_1_GE02_14_19,130,PR,GE02,2.0990250296786392,40.93186314148883,2021-03-26
PR_G5-1_1_GE02_14_19,131,PR,GE02,2.153079059691914,43.084942201180745,2021-04-07
PR_G5-1_1_GE02_14_19,132,PR,GE02,1.923889246015869,45.00883144719661,2021-05-12
PR_G5-1_1_GE02_14_19,133,PR,GE02,0.3634222603646659,45.37225370756128,2021-06-04
PR_G5-1_1_GE02_14_19,144,PR,GE02,1.575215761853968,46.947469469415246,2022-05-02
PR_G5-1_1_GE02_14_19,145,PR,GE02,2.308450892197235,49.25592036161248,2022-06-06
PR_G5-1_1_GE02_14_19,147,PR,GE02,1.488535000666678,50.74445536227916,2022-08-03
PR_G5-1_1_GE02_14_19,148,PR,GE02,1.4956804874669098,52.240135849746075,2022-09-07
PR_G5-1_1_GE02_14_19,158,PR,GE02,1.2316810474703441,53.47181689721642,2023-07-13
PR_G5-1_1_GE02_14_19,159,PR,GE02,1.795467467937287,57.062751833091,2023-08-29
PR_G5-1_1_GE02_14_19,161,PR,GE02,1.382938403370883,58.445690236461886,2023-10-03
PR_G5-1_1_GE02_14_19,164,PR,GE02,1.5022134779108198,59.94790371437271,2024-01-10
PR_G5-1_1_GE02_14_20,46,PR,GE02,0.4254353949550807,0.4254353949550807,2014-03-31
PR_G5-1_1_GE02_14_20,48,PR,GE02,0.6176739832355963,1.043109378190677,2014-05-26
PR_G5-1_1_GE02_14_20,50,PR,GE02,0.4535745458659374,1.9502584699225518,2014-07-30
PR_G5-1_1_GE02_14_20,51,PR,GE02,0.3879376436135878,2.3381961135361395,2014-08-27
PR_G5-1_1_GE02_14_20,53,PR,GE02,0.36874679056951876,2.7069429041056585,2014-10-13
PR_G5-1_1_GE02_14_20,54,PR,GE02,0.4447936942435131,3.5965302925926848,2014-11-28
PR_G5-1_1_GE02_14_20,56,PR,GE02,0.4813019685625493,4.077832261155234,2015-01-05
PR_G5-1_1_GE02_14_20,57,PR,GE02,0.580990297965417,4.658822559120651,2015-02-02
PR_G5-1_1_GE02_14_20,58,PR,GE02,0.7054460010705226,6.069714561261696,2015-03-30
PR_G5-1_1_GE02_14_20,59,PR,GE02,0.674874146206506,6.744588707468202,2015-04-27
PR_G5-1_1_GE02_14_20,61,PR,GE02,0.41498771312117344,7.159576420589375,2015-06-12
PR_G5-1_1_GE02_14_20,62,PR,GE02,0.594521574364172,7.754097994953547,2015-07-20
PR_G5-1_1_GE02_14_20,63,PR,GE02,0.469588426848101,8.223686421801649,2015-08-07
PR_G5-1_1_GE02_14_20,69,PR,GE02,0.566464249751979,9.356614921305606,2016-02-29
PR_G5-1_1_GE02_14_20,71,PR,GE02,0.682622964321429,10.039237885627035,2016-04-06
PR_G5-1_1_GE02_14_20,72,PR,GE02,0.891044772200436,10.93028265782747,2016-05-04
PR_G5-1_1_GE02_14_20,73,PR,GE02,0.5869724379796105,12.104227533786691,2016-06-29
PR_G5-1_1_GE02_14_20,74,PR,GE02,0.552751773728476,12.656979307515167,2016-07-27
PR_G5-1_1_GE02_14_20,76,PR,GE02,0.44331981216725,13.100299119682417,2016-09-12
PR_G5-1_1_GE02_14_20,84,PR,GE02,1.0040162381138469,14.104315357796263,2017-05-12
PR_G5-1_1_GE02_14_20,85,PR,GE02,0.9708367713573,15.075152129153564,2017-06-09
PR_G5-1_1_GE02_14_20,86,PR,GE02,0.804500616698652,15.879652745852216,2017-07-26
PR_G5-1_1_GE02_14_20,88,PR,GE02,0.8775623307758764,17.63477740740397,2017-09-29
PR_G5-1_1_GE02_14_20,90,PR,GE02,0.892460774354936,18.527238181758907,2017-11-15
PR_G5-1_1_GE02_14_20,97,PR,GE02,1.121526268737877,19.648764450496785,2018-06-27
PR_G5-1_1_GE02_14_20,99,PR,GE02,1.236985930805502,20.885750381302287,2018-08-22
PR_G5-1_1_GE02_14_20,100,PR,GE02,1.205320206075899,23.296390793454083,2018-09-28
PR_G5-1_1_GE02_14_20,101,PR,GE02,1.156922457718346,24.45331325117243,2018-10-26
PR_G5-1_1_GE02_14_20,103,PR,GE02,1.117341802822705,25.570655053995132,2018-12-03
PR_G5-1_1_GE02_14_20,112,PR,GE02,1.18009549693048,26.750750550925613,2019-09-09
PR_G5-1_1_GE02_14_20,114,PR,GE02,0.992948623655583,27.743699174581195,2019-11-04
PR_G5-1_1_GE02_14_20,115,PR,GE02,0.92720245465141,28.670901629232606,2019-12-02
PR_G5-1_1_GE02_14_20,116,PR,GE02,1.1927946932006641,29.86369632243327,2020-01-27
PR_G5-1_1_GE02_14_20,118,PR,GE02,1.3646889060975549,31.228385228530826,2020-03-04
PR_G5-1_1_GE02_14_20,119,PR,GE02,1.339853810869435,32.56823903940026,2020-04-20
PR_G5-1_1_GE02_14_20,120,PR,GE02,1.55744386562221,34.12568290502247,2020-05-27
PR_G5-1_1_GE02_14_20,130,PR,GE02,1.174393348743027,35.300076253765496,2021-03-03
PR_G5-1_1_GE02_14_20,131,PR,GE02,1.70081897274823,38.70171419926196,2021-04-30
PR_G5-1_1_GE02_14_20,133,PR,GE02,1.561971271475913,40.26368547073787,2021-06-04
PR_G5-1_1_GE02_14_20,135,PR,GE02,1.338340270177895,42.94036601109366,2021-08-27
PR_G5-1_1_GE02_14_20,137,PR,GE02,1.337132325638704,44.277498336732364,2021-10-01
PR_G5-1_1_GE02_14_20,138,PR,GE02,1.226622188155178,45.50412052488754,2021-11-17
PR_G5-1_1_GE02_14_20,139,PR,GE02,1.23476443650442,46.73888496139196,2021-12-10
PR_G5-1_1_GE02_14_20,148,PR,GE02,1.6016195622592369,48.3405045236512,2022-09-07
PR_G5-1_1_GE02_14_20,149,PR,GE02,1.358534568689275,49.69903909234047,2022-10-12
PR_G5-1_1_GE02_14_20,152,PR,GE02,1.6677132229829579,51.36675231532343,2023-01-16
PR_G5-1_1_GE02_14_20,154,PR,GE02,1.406907427368734,54.180567170060904,2023-03-29
PR_G5-1_1_GE02_14_20,156,PR,GE02,1.568485340798106,55.74905251085901,2023-05-03
PR_G5-1_1_GE02_14_20,157,PR,GE02,1.478129821518239,57.22718233237725,2023-06-07
PR_G5-1_1_GE02_14_21,47,PR,GE02,0.4577142597051519,0.9154285194103038,2014-04-28
PR_G5-1_1_GE02_14_21,48,PR,GE02,0.4419392199372786,1.3573677393475823,2014-05-26
PR_G5-1_1_GE02_14_21,50,PR,GE02,0.4389967381890426,2.2353612157256673,2014-07-30
PR_G5-1_1_GE02_14_21,51,PR,GE02,0.5723956108807353,2.8077568266064024,2014-08-27
PR_G5-1_1_GE02_14_21,53,PR,GE02,0.5222711934829296,3.8522992135722616,2014-10-31
PR_G5-1_1_GE02_14_21,54,PR,GE02,0.5402822179989704,4.392581431571232,2014-11-28
PR_G5-1_1_GE02_14_21,59,PR,GE02,0.5710949387471167,5.534771309065466,2015-04-27
PR_G5-1_1_GE02_14_21,61,PR,GE02,0.5744464542176554,6.109217763283121,2015-06-12
PR_G5-1_1_GE02_14_21,62,PR,GE02,0.519925816846879,6.62914358013,2015-07-01
PR_G5-1_1_GE02_14_21,63,PR,GE02,0.5578573552311523,7.187000935361152,2015-08-17
PR_G5-1_1_GE02_14_21,64,PR,GE02,0.58867567900106,7.7756766143622125,2015-09-04
PR_G5-1_1_GE02_14_21,65,PR,GE02,0.48479905482634655,8.745274724014905,2015-10-30
PR_G5-1_1_GE02_14_21,66,PR,GE02,0.40222741048879823,9.147502134503704,2015-11-27
PR_G5-1_1_GE02_14_21,68,PR,GE02,0.427496444534742,9.574998579038446,2016-01-22
PR_G5-1_1_GE02_14_21,74,PR,GE02,0.6971301008134521,10.96925878066535,2016-07-27
PR_G5-1_1_GE02_14_21,76,PR,GE02,0.756423566320668,11.725682346986018,2016-09-02
PR_G5-1_1_GE02_14_21,77,PR,GE02,0.7808938138628735,13.287469974711765,2016-10-28
PR_G5-1_1_GE02_14_21,79,PR,GE02,0.5270562239288152,13.81452619864058,2016-12-05
PR_G5-1_1_GE02_14_21,80,PR,GE02,0.5042655826500084,14.823057363940597,2017-01-30
PR_G5-1_1_GE02_14_21,81,PR,GE02,0.44928545285215404,15.27234281679275,2017-02-27
PR_G5-1_1_GE02_14_21,88,PR,GE02,0.889018546291453,16.161361363084204,2017-09-01
PR_G5-1_1_GE02_14_21,89,PR,GE02,0.854535964934942,17.015897328019147,2017-10-09
PR_G5-1_1_GE02_14_21,90,PR,GE02,0.878728787926029,18.773354903871205,2017-11-24
PR_G5-1_1_GE02_14_21,92,PR,GE02,0.852017975994405,19.62537287986561,2018-01-10
PR_G5-1_1_GE02_14_21,93,PR,GE02,0.5538563320537591,20.73308554397313,2018-02-26
PR_G5-1_1_GE02_14_21,101,PR,GE02,1.1760662924665368,23.085218128906202,2018-10-08
PR_G5-1_1_GE02_14_21,102,PR,GE02,1.1086408985492309,24.19385902745543,2018-11-23
PR_G5-1_1_GE02_14_21,105,PR,GE02,0.950207452915381,25.144066480370814,2019-02-06
PR_G5-1_1_GE02_14_21,114,PR,GE02,1.527092296239903,26.671158776610717,2019-11-13
PR_G5-1_1_GE02_14_21,115,PR,GE02,0.782932156294315,27.454090932905032,2019-12-11
PR_G5-1_1_GE02_14_21,117,PR,GE02,1.4962444311674399,28.950335364072473,2020-02-14
PR_G5-1_1_GE02_14_21,118,PR,GE02,1.460126464154044,30.410461828226516,2020-03-13
PR_G5-1_1_GE02_14_21,120,PR,GE02,1.690003152968968,32.100464981195486,2020-05-27
PR_G5-1_1_GE02_14_21,122,PR,GE02,1.779093147897708,33.8795581290932,2020-07-04
PR_G5-1_1_GE02_14_21,124,PR,GE02,1.492648547556233,35.372206676649434,2020-09-23
PR_G5-1_1_GE02_14_21,125,PR,GE02,1.2655274062526969,36.63773408290213,2020-10-05
PR_G5-1_1_GE02_14_21,132,PR,GE02,1.664595489045077,38.302329571947205,2021-05-12
PR_G5-1_1_GE02_14_21,133,PR,GE02,1.7215748115193361,41.745479194985876,2021-06-28
PR_G5-1_1_GE02_14_21,135,PR,GE02,1.620376850576392,44.98623289613866,2021-08-27
PR_G5-1_1_GE02_14_21,138,PR,GE02,1.018223853512723,46.00445674965138,2021-11-17
PR_G5-1_1_GE02_14_21,139,PR,GE02,1.08510662652299,47.089563376174375,2021-12-10
PR_G5-1_1_GE02_14_21,147,PR,GE02,1.509434356452133,48.59899773262651,2022-08-03
PR_G5-1_1_GE02_14_21,149,PR,GE02,1.7598282252719728,50.35882595789848,2022-10-24
PR_G5-1_1_GE02_14_21,150,PR,GE02,1.225938793264173,51.58476475116265,2022-11-04
PR_G5-1_1_GE02_14_21,162,PR,GE02,2.040869454772455,53.62563420593511,2023-11-25
PR_G5-1_1_GE06_14_14,47,PR,GE06,0.32278693231300243,0.6455738646260049,2014-04-28
PR_G5-1_1_GE06_14_14,48,PR,GE06,0.3581973675576632,1.003771232183668,2014-05-26
PR_G5-1_1_GE06_14_14,50,PR,GE06,0.4143112983162019,1.4180825304998699,2014-07-02
PR_G5-1_1_GE06_14_14,51,PR,GE06,0.43838946998318734,2.2948614704662447,2014-08-27
PR_G5-1_1_GE06_14_14,53,PR,GE06,0.45821729059136185,2.7530787610576066,2014-10-13
PR_G5-1_1_GE06_14_14,54,PR,GE06,0.36358407747672916,3.480246916011065,2014-11-28
PR_G5-1_1_GE06_14_14,56,PR,GE06,0.3788524557216431,3.8590993717327082,2015-01-05
PR_G5-1_1_GE06_14_14,57,PR,GE06,0.533377736420569,4.392477108153277,2015-02-20
PR_G5-1_1_GE06_14_14,58,PR,GE06,0.36597524273210885,5.124427593617495,2015-03-30
PR_G5-1_1_GE06_14_14,59,PR,GE06,0.6413179828198902,5.765745576437385,2015-04-27
PR_G5-1_1_GE06_14_14,61,PR,GE06,0.5060922353857209,6.271837811823106,2015-06-12
PR_G5-1_1_GE06_14_14,62,PR,GE06,0.5394683210053288,6.811306132828435,2015-07-20
PR_G5-1_1_GE06_14_14,63,PR,GE06,0.5368530978350335,7.885012328498501,2015-08-26
PR_G5-1_1_GE06_14_14,65,PR,GE06,0.4827042820669416,8.367716610565443,2015-10-12
PR_G5-1_1_GE06_14_14,68,PR,GE06,0.5001721831258832,8.867888793691327,2016-01-04
PR_G5-1_1_GE06_14_14,69,PR,GE06,0.4848681709200065,9.352756964611332,2016-02-01
PR_G5-1_1_GE06_14_14,71,PR,GE06,0.6877225534336742,10.040479518045007,2016-04-15
PR_G5-1_1_GE06_14_14,72,PR,GE06,0.5865556816965882,10.627035199741595,2016-05-04
PR_G5-1_1_GE06_14_14,73,PR,GE06,0.4541995584572117,11.53543431665602,2016-06-29
PR_G5-1_1_GE06_14_14,74,PR,GE06,0.3994521445667677,11.934886461222787,2016-07-27
PR_G5-1_1_GE06_14_14,76,PR,GE06,0.3091752811908387,12.244061742413626,2016-09-12
PR_G5-1_1_GE06_14_14,80,PR,GE06,0.6629119942663555,13.569885730946337,2017-01-30
PR_G5-1_1_GE06_14_14,81,PR,GE06,0.550071621480244,14.119957352426582,2017-02-27
PR_G5-1_1_GE06_14_14,85,PR,GE06,0.6030602709344031,14.723017623360985,2017-06-19
PR_G5-1_1_GE06_14_14,86,PR,GE06,0.7440185754997239,15.467036198860708,2017-07-07
PR_G5-1_1_GE06_14_14,87,PR,GE06,0.74885123330155,16.21588743216226,2017-08-14
PR_G5-1_1_GE06_14_14,88,PR,GE06,0.869400631828591,17.08528806399085,2017-09-29
PR_G5-1_1_GE06_14_14,90,PR,GE06,1.043208340248963,18.12849640423981,2017-11-15
PR_G5-1_1_GE06_14_14,91,PR,GE06,1.006831413417951,19.135327817657764,2017-12-04
PR_G5-1_1_GE06_14_14,96,PR,GE06,1.039620557635851,20.174948375293614,2018-05-11
PR_G5-1_1_GE06_14_14,99,PR,GE06,1.114996050568045,21.28994442586166,2018-08-22
PR_G5-1_1_GE06_14_14,100,PR,GE06,1.075412540147223,22.365356966008882,2018-09-10
PR_G5-1_1_GE06_14_14,101,PR,GE06,0.9340647133832121,23.299421679392093,2018-10-08
PR_G5-1_1_GE06_14_14,102,PR,GE06,1.022316605337766,24.32173828472986,2018-11-05
PR_G5-1_1_GE06_14_14,103,PR,GE06,0.831520665982986,25.153258950712846,2018-12-03
PR_G5-1_1_GE06_14_14,110,PR,GE06,0.799890237441215,25.95314918815406,2019-07-15
PR_G5-1_1_GE06_14_14,111,PR,GE06,1.0998134741129562,27.052962662267017,2019-08-02
PR_G5-1_1_GE06_14_14,112,PR,GE06,1.123041468703795,28.176004130970814,2019-09-09
PR_G5-1_1_GE06_14_14,113,PR,GE06,1.087624756126918,30.35125364322465,2019-10-25
PR_G5-1_1_GE06_14_14,114,PR,GE06,1.11614806913125,31.467401712355898,2019-11-22
PR_G5-1_1_GE06_14_14,120,PR,GE06,0.836999270756834,32.30440098311273,2020-05-27
PR_G5-1_1_GE06_14_14,122,PR,GE06,0.665069761527497,32.969470744640226,2020-07-25
PR_G5-1_1_GE06_14_14,123,PR,GE06,1.06143631721005,35.09234337906033,2020-08-29
PR_G5-1_1_GE06_14_14,125,PR,GE06,1.1527128608044859,36.245056239864816,2020-10-05
PR_G5-1_1_GE06_14_14,126,PR,GE06,1.001474603629418,37.246530843494234,2020-11-03
PR_G5-1_1_GE06_14_14,135,PR,GE06,1.346729058926075,39.93998896134639,2021-08-27
PR_G5-1_1_GE06_14_14,148,PR,GE06,1.5532195676677638,41.493208529014154,2022-09-30
PR_G5-1_1_GE06_14_14,157,PR,GE06,1.8813258724461561,43.37453440146031,2023-06-30
PR_G5-1_1_GE06_14_14,163,PR,GE06,1.206152512353261,44.58068691381357,2023-12-18
PR_G5-1_1_GE06_14_14,164,PR,GE06,1.044346652080623,45.62503356589419,2024-01-22
PR_G5-1_1_GE06_14_15,46,PR,GE06,0.40676795357814177,0.40676795357814177,2014-03-31
PR_G5-1_1_GE06_14_15,48,PR,GE06,0.4223729849072165,1.2515139233925747,2014-05-26
PR_G5-1_1_GE06_14_15,50,PR,GE06,0.5078089878313996,1.7593229112239743,2014-07-11
PR_G5-1_1_GE06_14_15,51,PR,GE06,0.5410441996573536,2.841411310538682,2014-08-27
PR_G5-1_1_GE06_14_15,53,PR,GE06,0.4652448794376074,3.7719010694138966,2014-10-31
PR_G5-1_1_GE06_14_15,54,PR,GE06,0.4627937221615871,4.234694791575484,2014-11-28
PR_G5-1_1_GE06_14_15,56,PR,GE06,0.3337581027914997,4.568452894366983,2015-01-05
PR_G5-1_1_GE06_14_15,57,PR,GE06,0.3530306697699404,4.921483564136923,2015-02-02
PR_G5-1_1_GE06_14_15,58,PR,GE06,0.4360274004312983,5.79353836499952,2015-03-30
PR_G5-1_1_GE06_14_15,60,PR,GE06,0.869710407208694,6.663248772208214,2015-05-06
PR_G5-1_1_GE06_14_15,61,PR,GE06,0.5276648386746912,7.190913610882905,2015-06-12
PR_G5-1_1_GE06_14_15,64,PR,GE06,0.643583065354487,7.834496676237392,2015-09-04
PR_G5-1_1_GE06_14_15,65,PR,GE06,0.697804249725317,8.532300925962709,2015-10-02
PR_G5-1_1_GE06_14_15,68,PR,GE06,0.5675996332670861,9.099900559229795,2016-01-13
PR_G5-1_1_GE06_14_15,69,PR,GE06,0.634040041267212,9.733940600497007,2016-02-01
PR_G5-1_1_GE06_14_15,70,PR,GE06,0.669734023078683,10.40367462357569,2016-03-09
PR_G5-1_1_GE06_14_15,71,PR,GE06,0.9349556342677391,11.338630257843429,2016-04-06
PR_G5-1_1_GE06_14_15,72,PR,GE06,0.7172206876557019,12.055850945499131,2016-05-13
PR_G5-1_1_GE06_14_15,73,PR,GE06,0.6940682035913339,13.4439873526818,2016-06-29
PR_G5-1_1_GE06_14_15,74,PR,GE06,0.7246489561771,14.1686363088589,2016-07-27
PR_G5-1_1_GE06_14_15,76,PR,GE06,0.6383902665571191,15.445416841973138,2016-09-30
PR_G5-1_1_GE06_14_15,81,PR,GE06,0.9188135853360739,17.283044012645288,2017-02-27
PR_G5-1_1_GE06_14_15,83,PR,GE06,1.288464622704732,18.57150863535002,2017-04-05
PR_G5-1_1_GE06_14_15,86,PR,GE06,0.922389083643729,19.49389771899375,2017-07-07
PR_G5-1_1_GE06_14_15,87,PR,GE06,0.701732921024816,20.195630640018567,2017-08-23
PR_G5-1_1_GE06_14_15,92,PR,GE06,1.219926272553263,21.41555691257183,2018-01-29
PR_G5-1_1_GE06_14_15,93,PR,GE06,1.052931925317633,22.468488837889463,2018-02-26
PR_G5-1_1_GE06_14_15,97,PR,GE06,1.266838871876786,23.73532770976625,2018-06-18
PR_G5-1_1_GE06_14_15,98,PR,GE06,1.5428743873848498,25.278202097151098,2018-07-25
PR_G5-1_1_GE06_14_15,100,PR,GE06,1.551083463715151,26.82928556086625,2018-09-28
PR_G5-1_1_GE06_14_15,103,PR,GE06,1.4605757097720151,28.289861270638266,2018-12-21
PR_G5-1_1_GE06_14_15,105,PR,GE06,1.4833340423946788,29.773195313032943,2019-02-06
PR_G5-1_1_GE06_14_15,106,PR,GE06,1.0411522999492981,30.814347612982242,2019-03-06
PR_G5-1_1_GE06_14_15,107,PR,GE06,1.2347982145471899,32.04914582752943,2019-04-03
PR_G5-1_1_GE06_14_15,116,PR,GE06,1.9408750230716425,35.93089587367272,2020-01-27
PR_G5-1_1_GE06_14_15,118,PR,GE06,2.038626578293709,37.96952245196643,2020-03-13
PR_G5-1_1_GE06_14_15,119,PR,GE06,2.2655310771081623,40.23505352907459,2020-04-01
PR_G5-1_1_GE06_14_15,122,PR,GE06,1.236180991199456,41.471234520274045,2020-07-04
PR_G5-1_1_GE06_14_15,128,PR,GE06,2.015110420728325,43.48634494100237,2021-01-27
PR_G5-1_1_GE06_14_15,133,PR,GE06,1.802505392897396,45.28885033389977,2021-06-04
PR_G5-1_1_GE06_14_15,135,PR,GE06,2.081955174826542,47.370805508726306,2021-08-04
PR_G5-1_1_GE06_14_15,140,PR,GE06,2.596754405590326,49.96755991431663,2022-01-17
PR_G5-1_1_GE06_14_15,141,PR,GE06,2.207077175851018,52.17463709016765,2022-02-21
PR_G5-1_1_GE06_14_15,142,PR,GE06,2.195488379429079,54.37012546959673,2022-03-16
PR_G5-1_1_GE06_14_15,152,PR,GE06,1.90641688396632,56.27654235356305,2023-01-16
PR_G5-1_1_GE06_14_15,163,PR,GE06,2.183556168407185,58.46009852197024,2023-12-18
PR_G5-1_1_GE06_14_15,164,PR,GE06,2.488086261980831,60.94818478395107,2024-01-16
PR_G5-1_1_GE06_15_15,46,PR,GE06,0.4773605365883664,0.4773605365883664,2014-03-31
PR_G5-1_1_GE06_15_15,48,PR,GE06,0.5277592597553764,1.5328790560991192,2014-05-26
PR_G5-1_1_GE06_15_15,50,PR,GE06,0.7172739528719625,2.967426961843044,2014-07-30
PR_G5-1_1_GE06_15_15,51,PR,GE06,0.6643808949708061,3.6318078568138503,2014-08-27
PR_G5-1_1_GE06_15_15,53,PR,GE06,0.606960300839587,4.845728458493024,2014-10-31
PR_G5-1_1_GE06_15_15,54,PR,GE06,0.5667189722278276,5.412447430720852,2014-11-28
PR_G5-1_1_GE06_15_15,56,PR,GE06,0.386522841019138,5.79897027173999,2015-01-05
PR_G5-1_1_GE06_15_15,57,PR,GE06,0.3867825790068921,6.185752850746883,2015-02-11
PR_G5-1_1_GE06_15_15,58,PR,GE06,0.4577930895742244,7.101339029895331,2015-03-30
PR_G5-1_1_GE06_15_15,59,PR,GE06,0.5939278335036869,7.695266863399018,2015-04-27
PR_G5-1_1_GE06_15_15,61,PR,GE06,0.4738166800317274,8.169083543430746,2015-06-03
PR_G5-1_1_GE06_15_15,62,PR,GE06,0.5269745023533907,9.223032548137528,2015-07-29
PR_G5-1_1_GE06_15_15,64,PR,GE06,0.5649842370387715,9.7880167851763,2015-09-14
PR_G5-1_1_GE06_15_15,65,PR,GE06,0.577878299136234,10.365895084312534,2015-10-02
PR_G5-1_1_GE06_15_15,69,PR,GE06,0.2947467661399578,10.660641850452492,2016-02-29
PR_G5-1_1_GE06_15_15,70,PR,GE06,0.4418033208039238,11.102445171256417,2016-03-28
PR_G5-1_1_GE06_15_15,73,PR,GE06,0.5414476334932685,12.185340438242953,2016-06-29
PR_G5-1_1_GE06_15_15,75,PR,GE06,0.32409466491755645,12.50943510316051,2016-08-15
PR_G5-1_1_GE06_15_15,76,PR,GE06,0.373587124922312,12.88302222808282,2016-09-30
PR_G5-1_1_GE06_15_15,83,PR,GE06,0.2409330379179791,13.1239552660008,2017-04-05
PR_G5-1_1_GE06_15_15,84,PR,GE06,0.7315441736097874,14.587043613220377,2017-05-31
PR_G5-1_1_GE06_15_15,85,PR,GE06,0.8550501917792309,15.442093804999608,2017-06-28
PR_G5-1_1_GE06_15_15,87,PR,GE06,0.675162930086112,16.11725673508572,2017-08-04
PR_G5-1_1_GE06_15_15,88,PR,GE06,0.849036331828338,16.96629306691406,2017-09-01
PR_G5-1_1_GE06_15_15,89,PR,GE06,0.9353835188789565,18.837060104671973,2017-10-27
PR_G5-1_1_GE06_15_15,91,PR,GE06,0.7869002059356449,19.623960310607618,2017-12-04
PR_G5-1_1_GE06_15_15,92,PR,GE06,0.724070634512169,20.34803094511979,2018-01-10
PR_G5-1_1_GE06_15_15,97,PR,GE06,1.3550475443993235,23.058126033918434,2018-06-27
PR_G5-1_1_GE06_15_15,99,PR,GE06,1.18237784679089,24.240503880709323,2018-08-31
PR_G5-1_1_GE06_15_15,101,PR,GE06,1.077425245240138,25.317929125949462,2018-10-08
PR_G5-1_1_GE06_15_15,102,PR,GE06,0.9880215047047429,27.293972135358946,2018-11-23
PR_G5-1_1_GE06_15_15,104,PR,GE06,0.722860191432664,28.739692518224274,2019-01-28
PR_G5-1_1_GE06_15_15,106,PR,GE06,0.708773027191829,29.448465545416102,2019-03-06
PR_G5-1_1_GE06_15_15,111,PR,GE06,1.3804138416043914,32.20929322862489,2019-08-30
PR_G5-1_1_GE06_15_15,112,PR,GE06,1.411486118456226,33.62077934708111,2019-09-27
PR_G5-1_1_GE06_15_15,114,PR,GE06,1.109996846083057,34.73077619316417,2019-11-13
PR_G5-1_1_GE06_15_15,115,PR,GE06,1.048454515832814,35.779230708996984,2019-12-02
PR_G5-1_1_GE06_15_15,116,PR,GE06,0.5711349268345328,36.350365635831515,2020-01-17
PR_G5-1_1_GE06_15_15,117,PR,GE06,0.7109673690687169,37.061333004900234,2020-02-05
PR_G5-1_1_GE06_15_15,118,PR,GE06,0.885788793718723,37.94712179861896,2020-03-13
PR_G5-1_1_GE06_15_15,123,PR,GE06,1.387157921314784,39.33427971993374,2020-08-06
PR_G5-1_1_GE06_15_15,128,PR,GE06,1.3400538762727856,42.014387472479314,2021-01-27
PR_G5-1_1_GE06_15_15,130,PR,GE06,1.844497801115192,43.8588852735945,2021-03-15
PR_G5-1_1_GE06_15_15,133,PR,GE06,1.871571851503473,45.73045712509798,2021-06-16
PR_G5-1_1_GE06_15_15,142,PR,GE06,1.793101922082302,47.52355904718028,2022-03-28
PR_G5-1_1_GE06_15_15,146,PR,GE06,1.574200053116736,49.09775910029701,2022-07-11
PR_G5-1_1_GE06_15_15,147,PR,GE06,1.139633719843669,50.237392820140684,2022-08-26
PR_G5-1_1_GE06_15_15,148,PR,GE06,1.455622240753943,51.69301506089462,2022-09-30
PR_G5-1_1_GE06_15_15,150,PR,GE06,0.719112707507759,52.412127768402385,2022-11-16
PR_G5-1_1_GE06_15_15,154,PR,GE06,2.032201205289576,54.44432897369196,2023-03-16
PR_G5-1_1_GE06_15_15,155,PR,GE06,1.664059444848447,56.10838841854041,2023-04-21
PR_G5-1_1_GE06_15_15,158,PR,GE06,1.293002196857637,57.40139061539804,2023-07-25
PR_G5-1_1_GE06_15_15,161,PR,GE06,1.2167022256887001,58.61809284108674,2023-10-03
PR_G5-1_1_GE09_3_10,46,PR,GE09,0.6742248941949145,0.6742248941949145,2014-03-31
PR_G5-1_1_GE09_3_10,47,PR,GE09,0.5868077116634381,1.2610326058583525,2014-04-28
PR_G5-1_1_GE09_3_10,48,PR,GE09,0.5776831124094159,1.8387157182677685,2014-05-26
PR_G5-1_1_GE09_3_10,50,PR,GE09,0.666004562063687,3.1707248423951424,2014-07-30
PR_G5-1_1_GE09_3_10,51,PR,GE09,0.63898804882854,3.8097128912236826,2014-08-27
PR_G5-1_1_GE09_3_10,53,PR,GE09,0.544138759939457,4.35385165116314,2014-10-03
PR_G5-1_1_GE09_3_10,54,PR,GE09,0.48442350313457494,5.322698657432289,2014-11-28
PR_G5-1_1_GE09_3_10,56,PR,GE09,0.48638237003671536,5.809081027469004,2015-01-05
PR_G5-1_1_GE09_3_10,58,PR,GE09,0.4466345353995963,6.702350098268196,2015-03-30
PR_G5-1_1_GE09_3_10,59,PR,GE09,0.6821907619872681,7.3845408602554645,2015-04-27
PR_G5-1_1_GE09_3_10,61,PR,GE09,0.6011108989860889,7.985651759241554,2015-06-03
PR_G5-1_1_GE09_3_10,62,PR,GE09,0.6791074495235505,9.343866658288656,2015-07-29
PR_G5-1_1_GE09_3_10,63,PR,GE09,0.719034327984811,10.062900986273467,2015-08-26
PR_G5-1_1_GE09_3_10,65,PR,GE09,0.721720002942691,10.784620989216158,2015-10-02
PR_G5-1_1_GE09_3_10,66,PR,GE09,0.590882990928867,11.375503980145025,2015-11-09
PR_G5-1_1_GE09_3_10,67,PR,GE09,0.5446439952952394,11.920147975440264,2015-12-07
PR_G5-1_1_GE09_3_10,68,PR,GE09,0.649401039820394,12.569549015260657,2016-01-22
PR_G5-1_1_GE09_3_10,70,PR,GE09,0.777899427995385,13.347448443256042,2016-03-18
PR_G5-1_1_GE09_3_10,72,PR,GE09,0.8631902221821021,14.210638665438143,2016-05-04
PR_G5-1_1_GE09_3_10,73,PR,GE09,0.7911776944813349,15.001816359919477,2016-06-10
PR_G5-1_1_GE09_3_10,74,PR,GE09,0.7257462093477569,16.45330877861499,2016-07-27
PR_G5-1_1_GE09_3_10,76,PR,GE09,0.5481380263719478,17.001446804986937,2016-09-21
PR_G5-1_1_GE09_3_10,77,PR,GE09,0.5600570513591908,17.56150385634613,2016-10-10
PR_G5-1_1_GE09_3_10,78,PR,GE09,0.5088494756873556,18.070353332033484,2016-11-16
PR_G5-1_1_GE09_3_10,79,PR,GE09,0.645479674631265,18.71583300666475,2016-12-14
PR_G5-1_1_GE09_3_10,83,PR,GE09,0.996710782947896,19.712543789612646,2017-04-24
PR_G5-1_1_GE09_3_10,84,PR,GE09,0.963707544870247,20.67625133448289,2017-05-03
PR_G5-1_1_GE09_3_10,85,PR,GE09,0.850802747032114,21.527054081515004,2017-06-19
PR_G5-1_1_GE09_3_10,86,PR,GE09,0.941956446723705,22.46901052823871,2017-07-17
PR_G5-1_1_GE09_3_10,87,PR,GE09,0.958007087830502,23.42701761606921,2017-08-23
PR_G5-1_1_GE09_3_10,88,PR,GE09,1.007814186768507,25.442645989606223,2017-09-29
PR_G5-1_1_GE09_3_10,90,PR,GE09,1.152411885953923,26.595057875560148,2017-11-15
PR_G5-1_1_GE09_3_10,91,PR,GE09,1.073775327719384,27.668833203279533,2017-12-13
PR_G5-1_1_GE09_3_10,92,PR,GE09,0.959522292255763,28.628355495535295,2018-01-19
PR_G5-1_1_GE09_3_10,93,PR,GE09,0.8590821924012135,30.346519880337723,2018-02-26
PR_G5-1_1_GE09_3_10,102,PR,GE09,0.97627294615367,31.322792826491394,2018-11-05
PR_G5-1_1_GE09_3_10,103,PR,GE09,1.146469285342775,32.46926211183417,2018-12-03
PR_G5-1_1_GE09_3_10,104,PR,GE09,1.3674602382413514,35.204182588316876,2019-01-28
PR_G5-1_1_GE09_3_10,105,PR,GE09,1.0216365523305408,36.22581914064742,2019-02-25
PR_G5-1_1_GE09_3_10,109,PR,GE09,1.1419195581552564,38.509658256957934,2019-06-26
PR_G5-1_1_GE09_3_10,116,PR,GE09,1.7523297203810315,42.014317697719996,2020-01-27
PR_G5-1_1_GE09_3_10,118,PR,GE09,1.706217527892651,43.72053522561265,2020-03-04
PR_G5-1_1_GE09_3_10,119,PR,GE09,1.376269435988372,45.09680466160102,2020-04-10
PR_G5-1_1_GE09_3_10,121,PR,GE09,1.520103592091845,46.61690825369286,2020-06-15
PR_G5-1_1_GE09_3_10,122,PR,GE09,1.4224797095959598,48.039387963288824,2020-07-14
PR_G5-1_1_GE09_3_10,123,PR,GE09,1.319200775650154,49.35858873893898,2020-08-06
PR_G5-1_1_GE09_3_10,129,PR,GE09,1.924874695760322,51.2834634346993,2021-02-08
PR_G5-1_1_GE09_3_10,130,PR,GE09,1.6418647957162291,52.92532823041553,2021-03-03
PR_G5-1_1_GE09_3_10,131,PR,GE09,1.9045351324462139,54.829863362861744,2021-04-19
PR_G5-1_1_GE09_3_10,132,PR,GE09,1.5309396188674171,56.36080298172916,2021-05-12
PR_G5-1_1_GE09_3_10,143,PR,GE09,0.872948923743363,57.23375190547252,2022-04-08
PR_G5-1_1_GE09_3_10,147,PR,GE09,1.501802548457928,58.735554453930455,2022-08-15
PR_G5-1_1_GE09_3_10,148,PR,GE09,1.364665490264076,60.10021994419453,2022-09-19
PR_G5-1_1_GE09_3_10,149,PR,GE09,1.3111344773184541,61.41135442151298,2022-10-12
PR_G5-1_1_GE09_3_10,150,PR,GE09,1.569269936317744,62.98062435783073,2022-11-04
PR_G5-1_1_GE09_3_10,154,PR,GE09,1.448709351503759,64.42933370933449,2023-03-16
PR_G5-1_1_GE09_3_10,156,PR,GE09,1.2973321560331659,65.72666586536765,2023-05-03
PR_G5-1_1_GE09_3_10,164,PR,GE09,1.5379636627404971,67.26462952810814,2024-01-04
PR_G5-1_1_GE09_3_8,46,PR,GE09,0.4441767079181435,0.4441767079181435,2014-03-31
PR_G5-1_1_GE09_3_8,47,PR,GE09,0.515892902724805,0.9600696106429485,2014-04-28
PR_G5-1_1_GE09_3_8,48,PR,GE09,0.39639421433924094,1.3564638249821894,2014-05-26
PR_G5-1_1_GE09_3_8,50,PR,GE09,0.523622502464983,2.4037088299121554,2014-07-30
PR_G5-1_1_GE09_3_8,51,PR,GE09,0.5017528025476642,2.9054616324598195,2014-08-27
PR_G5-1_1_GE09_3_8,53,PR,GE09,0.48652144263461,3.3919830750944295,2014-10-03
PR_G5-1_1_GE09_3_8,54,PR,GE09,0.49190832706705445,3.883891402161484,2014-11-10
PR_G5-1_1_GE09_3_8,55,PR,GE09,0.5266549761644659,4.41054637832595,2014-12-08
PR_G5-1_1_GE09_3_8,59,PR,GE09,0.5693237278191073,5.549193833964164,2015-04-27
PR_G5-1_1_GE09_3_8,61,PR,GE09,0.4684882908072898,6.017682124771454,2015-06-12
PR_G5-1_1_GE09_3_8,62,PR,GE09,0.5445147632187635,7.106711651208981,2015-07-29
PR_G5-1_1_GE09_3_8,63,PR,GE09,0.5953249271904512,7.702036578399432,2015-08-26
PR_G5-1_1_GE09_3_8,65,PR,GE09,0.4855465114791425,8.673129601357717,2015-10-30
PR_G5-1_1_GE09_3_8,72,PR,GE09,0.677192476621411,9.350322077979127,2016-05-04
PR_G5-1_1_GE09_3_8,73,PR,GE09,0.3649978301713558,10.080317738321838,2016-06-29
PR_G5-1_1_GE09_3_8,74,PR,GE09,0.7317295115986543,10.812047249920493,2016-07-27
PR_G5-1_1_GE09_3_8,76,PR,GE09,0.7578611990812829,12.32776964808306,2016-09-30
PR_G5-1_1_GE09_3_8,78,PR,GE09,0.691954597922278,13.019724246005337,2016-11-16
PR_G5-1_1_GE09_3_8,79,PR,GE09,0.8165894241546973,13.836313670160035,2016-12-05
PR_G5-1_1_GE09_3_8,80,PR,GE09,0.793610316859766,14.6299239870198,2017-01-03
PR_G5-1_1_GE09_3_8,81,PR,GE09,0.6701440996865304,15.97021218639286,2017-02-27
PR_G5-1_1_GE09_3_8,88,PR,GE09,0.6958481536246228,17.361908493642105,2017-09-01
PR_G5-1_1_GE09_3_8,90,PR,GE09,1.097738936483771,18.459647430125877,2017-11-06
PR_G5-1_1_GE09_3_8,91,PR,GE09,1.245681426249712,19.705328856375587,2017-12-13
PR_G5-1_1_GE09_3_8,92,PR,GE09,1.2158358026663951,20.92116465904198,2018-01-10
PR_G5-1_1_GE09_3_8,93,PR,GE09,0.788706451772651,21.709871110814632,2018-02-16
PR_G5-1_1_GE09_3_8,95,PR,GE09,0.911625144072789,22.621496254887422,2018-04-04
PR_G5-1_1_GE09_3_8,102,PR,GE09,1.1838237970563186,24.989143849000058,2018-11-23
PR_G5-1_1_GE09_3_8,104,PR,GE09,1.1610958906362066,27.31133563027247,2019-01-28
PR_G5-1_1_GE09_3_8,105,PR,GE09,1.035665821139902,28.34700145141237,2019-02-25
PR_G5-1_1_GE09_3_8,107,PR,GE09,1.027478885658375,29.374480337070747,2019-04-22
PR_G5-1_1_GE09_3_8,108,PR,GE09,0.909483665589788,30.283964002660536,2019-05-10
PR_G5-1_1_GE09_3_8,116,PR,GE09,1.2898494295197578,31.573813432180295,2020-01-08
PR_G5-1_1_GE09_3_8,120,PR,GE09,1.675578610295085,33.24939204247538,2020-05-27
PR_G5-1_1_GE09_3_8,122,PR,GE09,1.405761330094575,34.655153372569956,2020-07-14
PR_G5-1_1_GE09_3_8,123,PR,GE09,2.07254811620605,36.727701488776006,2020-08-18
PR_G5-1_1_GE09_3_8,124,PR,GE09,1.553090329830407,38.28079181860641,2020-09-10
PR_G5-1_1_GE09_3_8,125,PR,GE09,1.36271677494941,39.64350859355582,2020-10-05
PR_G5-1_1_GE09_3_8,128,PR,GE09,1.380555283520211,42.40461916059625,2021-01-27
PR_G5-1_1_GE09_3_8,136,PR,GE09,1.5397127583150678,43.94433191891132,2021-09-08
PR_G5-1_1_GE09_3_8,140,PR,GE09,1.5685881191651538,45.51292003807647,2022-01-17
PR_G5-1_1_GE09_3_8,141,PR,GE09,1.402916384231378,46.91583642230785,2022-02-21
PR_G5-1_1_GE09_3_8,147,PR,GE09,1.216760321523761,48.132596743831606,2022-08-03
PR_G5-1_1_GE09_3_8,152,PR,GE09,2.2809921326322042,50.41358887646381,2023-01-27
PR_G5-1_1_GE09_3_8,154,PR,GE09,2.260201646067964,52.673790522531775,2023-03-29
PR_G5-1_1_GE09_3_8,158,PR,GE09,1.15139490700291,53.825185429534685,2023-07-25
PR_G5-1_1_GE09_3_8,159,PR,GE09,1.38897842778452,55.21416385731921,2023-08-17
PR_G5-1_1_GE09_3_8,161,PR,GE09,1.48966132054938,56.70382517786859,2023-10-03
PR_G5-1_1_GE09_3_8,164,PR,GE09,1.4446642695744398,58.148489447443026,2024-01-22
PR_G5-1_1_GE09_4_9,47,PR,GE09,0.5061536820615893,1.0123073641231786,2014-04-28
PR_G5-1_1_GE09_4_9,49,PR,GE09,0.5274337500774934,1.5397411142006718,2014-06-04
PR_G5-1_1_GE09_4_9,50,PR,GE09,0.564992420801794,2.104733535002466,2014-07-02
PR_G5-1_1_GE09_4_9,51,PR,GE09,0.6074002801971695,3.319534095396805,2014-08-27
PR_G5-1_1_GE09_4_9,53,PR,GE09,0.603221003955439,3.922755099352244,2014-10-13
PR_G5-1_1_GE09_4_9,54,PR,GE09,0.7252953273382998,4.648050426690544,2014-11-10
PR_G5-1_1_GE09_4_9,55,PR,GE09,0.5440778769698884,5.192128303660432,2014-12-08
PR_G5-1_1_GE09_4_9,56,PR,GE09,0.7372164063547798,5.929344710015212,2015-01-05
PR_G5-1_1_GE09_4_9,57,PR,GE09,0.6940060758913214,6.623350785906534,2015-02-02
PR_G5-1_1_GE09_4_9,58,PR,GE09,0.743569043279172,8.110488872464877,2015-03-30
PR_G5-1_1_GE09_4_9,59,PR,GE09,0.8344166604112462,8.944905532876124,2015-04-27
PR_G5-1_1_GE09_4_9,61,PR,GE09,0.5302517127471668,9.47515724562329,2015-06-12
PR_G5-1_1_GE09_4_9,62,PR,GE09,0.5919631100388533,10.067120355662142,2015-07-29
PR_G5-1_1_GE09_4_9,63,PR,GE09,0.575175,10.642295355662142,2015-08-26
PR_G5-1_1_GE09_4_9,65,PR,GE09,0.4829318091793593,11.125227164841501,2015-10-12
PR_G5-1_1_GE09_4_9,69,PR,GE09,0.659248950498428,11.78447611533993,2016-02-10
PR_G5-1_1_GE09_4_9,70,PR,GE09,0.7014176552342413,13.187311425808412,2016-03-28
PR_G5-1_1_GE09_4_9,72,PR,GE09,0.830546052631579,14.017857478439991,2016-05-23
PR_G5-1_1_GE09_4_9,73,PR,GE09,0.747432264487227,14.765289742927218,2016-06-01
PR_G5-1_1_GE09_4_9,74,PR,GE09,0.705216474145801,15.47050621707302,2016-07-08
PR_G5-1_1_GE09_4_9,75,PR,GE09,0.581987905735882,16.052494122808902,2016-08-15
PR_G5-1_1_GE09_4_9,76,PR,GE09,0.5582565786787992,17.1690072801665,2016-09-30
PR_G5-1_1_GE09_4_9,82,PR,GE09,0.7673491968886016,17.936356477055103,2017-03-08
PR_G5-1_1_GE09_4_9,83,PR,GE09,0.699216274509804,18.635572751564908,2017-04-05
PR_G5-1_1_GE09_4_9,84,PR,GE09,0.970232781731692,19.6058055332966,2017-05-12
PR_G5-1_1_GE09_4_9,85,PR,GE09,1.025138842641871,20.63094437593847,2017-06-09
PR_G5-1_1_GE09_4_9,86,PR,GE09,0.9804977898206021,21.611442165759073,2017-07-07
PR_G5-1_1_GE09_4_9,87,PR,GE09,0.935699188456861,22.547141354215935,2017-08-14
PR_G5-1_1_GE09_4_9,88,PR,GE09,0.8150520674278928,24.17724548907172,2017-09-29
PR_G5-1_1_GE09_4_9,90,PR,GE09,0.943200822073478,26.063647133218673,2017-11-24
PR_G5-1_1_GE09_4_9,93,PR,GE09,0.864446548790828,26.9280936820095,2018-02-26
PR_G5-1_1_GE09_4_9,95,PR,GE09,0.9102895485323701,27.83838323054187,2018-04-13
PR_G5-1_1_GE09_4_9,96,PR,GE09,1.214887931171368,29.053271161713237,2018-05-11
PR_G5-1_1_GE09_4_9,107,PR,GE09,1.152958134219686,30.20622929593292,2019-04-03
PR_G5-1_1_GE09_4_9,108,PR,GE09,0.9466224948875255,31.152851790820446,2019-05-01
PR_G5-1_1_GE09_4_9,109,PR,GE09,1.299873605503479,32.45272539632393,2019-06-26
PR_G5-1_1_GE09_4_9,111,PR,GE09,1.0501805905970119,34.55308657751795,2019-08-30
PR_G5-1_1_GE09_4_9,113,PR,GE09,1.0493421060003503,35.602428683518305,2019-10-07
PR_G5-1_1_GE09_4_9,114,PR,GE09,1.132952462230947,36.73538114574925,2019-11-04
PR_G5-1_1_GE09_4_9,115,PR,GE09,1.229508519881775,37.96488966563103,2019-12-02
PR_G5-1_1_GE09_4_9,119,PR,GE09,1.539490366251739,39.50438003188277,2020-04-29
PR_G5-1_1_GE09_4_9,121,PR,GE09,1.31268590207462,40.81706593395739,2020-06-24
PR_G5-1_1_GE09_4_9,122,PR,GE09,1.6180116253519061,42.43507755930929,2020-07-14
PR_G5-1_1_GE09_4_9,123,PR,GE09,1.2988165000484935,45.032710559406276,2020-08-29
PR_G5-1_1_GE09_4_9,125,PR,GE09,1.4799250422410961,46.512635601647375,2020-10-05
PR_G5-1_1_GE09_4_9,126,PR,GE09,1.2666165885304035,49.04586877870818,2020-11-26
PR_G5-1_1_GE09_4_9,128,PR,GE09,1.137481996434938,50.18335077514312,2021-01-15
PR_G5-1_1_GE09_4_9,129,PR,GE09,1.2546369238712152,51.437987699014336,2021-02-08
PR_G5-1_1_GE09_4_9,130,PR,GE09,1.340954556846666,52.778942255861004,2021-03-15
PR_G5-1_1_GE09_4_9,131,PR,GE09,1.457383619100262,54.23632587496127,2021-04-19
PR_G5-1_1_GE09_4_9,133,PR,GE09,1.3541246438949885,56.94457516275124,2021-06-28
PR_G5-1_1_GE09_4_9,135,PR,GE09,1.349308629742986,58.29388379249423,2021-08-27
PR_G5-1_1_GE09_4_9,138,PR,GE09,1.440709540761366,59.734593333255596,2021-11-17
PR_G5-1_1_GE09_4_9,139,PR,GE09,1.485488832064487,61.220082165320086,2021-12-10
PR_G5-1_1_GE09_4_9,142,PR,GE09,1.5943440302817762,64.40877022588364,2022-03-28
PR_G5-1_1_GE09_4_9,147,PR,GE09,1.197897892688058,66.80456601125977,2022-08-26
PR_G5-1_1_GE09_4_9,150,PR,GE09,1.4421333272653873,69.68883266579053,2022-11-28
PR_G5-1_1_GE09_4_9,153,PR,GE09,1.41983329504786,71.1086659608384,2023-02-20
PR_G5-1_1_GE09_4_9,154,PR,GE09,1.3900628699601718,72.49872883079857,2023-03-29
PR_G5-1_1_GE09_4_9,157,PR,GE09,1.610354071993169,74.10908290279174,2023-06-07
PR_G5-1_1_GE09_4_9,158,PR,GE09,1.26094904458599,75.37003194737773,2023-07-13
PR_G5-1_1_GE12_10_4,46,PR,GE12,0.5009428642481702,0.5009428642481702,2014-03-31
PR_G5-1_1_GE12_10_4,47,PR,GE12,0.5478598566365829,1.048802720884753,2014-04-28
PR_G5-1_1_GE12_10_4,49,PR,GE12,0.568699864927543,1.617502585812296,2014-06-04
PR_G5-1_1_GE12_10_4,50,PR,GE12,0.630952999329252,2.248455585141548,2014-07-02
PR_G5-1_1_GE12_10_4,51,PR,GE12,0.5522540813253344,3.3529637477922165,2014-08-27
PR_G5-1_1_GE12_10_4,58,PR,GE12,0.784165339149743,4.137129086941959,2015-03-20
PR_G5-1_1_GE12_10_4,59,PR,GE12,0.9499930843044335,6.037115255550827,2015-04-27
PR_G5-1_1_GE12_10_4,61,PR,GE12,0.878091760107465,6.915207015658292,2015-06-12
PR_G5-1_1_GE12_10_4,62,PR,GE12,0.879477416387132,8.674161848432556,2015-07-29
PR_G5-1_1_GE12_10_4,63,PR,GE12,0.728250409667351,9.402412258099908,2015-08-26
PR_G5-1_1_GE12_10_4,65,PR,GE12,0.590740030233608,9.993152288333516,2015-10-02
PR_G5-1_1_GE12_10_4,66,PR,GE12,0.543258117092706,10.53641040542622,2015-11-09
PR_G5-1_1_GE12_10_4,74,PR,GE12,1.1188788123233,12.77416803007282,2016-07-27
PR_G5-1_1_GE12_10_4,76,PR,GE12,1.0651118209988972,14.904391672070613,2016-09-30
PR_G5-1_1_GE12_10_4,77,PR,GE12,1.1511128388436411,16.055504510914254,2016-10-28
PR_G5-1_1_GE12_10_4,78,PR,GE12,1.023375806451613,17.07888031736587,2016-11-25
PR_G5-1_1_GE12_10_4,87,PR,GE12,1.08288263068765,18.161762948053518,2017-08-04
PR_G5-1_1_GE12_10_4,88,PR,GE12,1.6694578001766587,21.500678548406835,2017-09-29
PR_G5-1_1_GE12_10_4,89,PR,GE12,1.630452956257621,23.131131504664456,2017-10-27
PR_G5-1_1_GE12_10_4,90,PR,GE12,1.5652320233155559,24.69636352798001,2017-11-24
PR_G5-1_1_GE12_10_4,93,PR,GE12,1.0741095759242385,26.844582679828488,2018-02-26
PR_G5-1_1_GE12_10_4,96,PR,GE12,1.2762419624510621,28.12082464227955,2018-05-30
PR_G5-1_1_GE12_10_4,97,PR,GE12,1.362556230225077,29.48338087250463,2018-06-27
PR_G5-1_1_GE12_10_4,99,PR,GE12,1.6506672732138339,31.134048145718463,2018-08-31
PR_G5-1_1_GE12_10_4,100,PR,GE12,1.517401762120536,32.651449907839,2018-09-28
PR_G5-1_1_GE12_10_4,104,PR,GE12,1.53866654036661,35.72878298857222,2019-01-28
PR_G5-1_1_GE12_10_4,105,PR,GE12,1.248128296651974,36.9769112852242,2019-02-25
PR_G5-1_1_GE12_10_4,107,PR,GE12,1.5774068335469589,38.55431811877116,2019-04-03
PR_G5-1_1_GE12_10_4,110,PR,GE12,1.2297522507264531,39.78407036949761,2019-07-15
PR_G5-1_1_GE12_10_4,111,PR,GE12,1.886148212418456,43.55636679433452,2019-08-30
PR_G5-1_1_GE12_10_4,126,PR,GE12,3.173339718493316,46.72970651282784,2020-11-03
PR_G5-1_1_GE12_10_4,138,PR,GE12,2.8849660664783863,49.61467257930622,2021-11-05
PR_G5-1_1_GE12_10_4,142,PR,GE12,3.191781733165706,52.80645431247193,2022-03-28
PR_G5-1_1_GE12_10_4,146,PR,GE12,2.552421359961578,55.358875672433506,2022-07-11
PR_G5-1_1_GE12_10_4,147,PR,GE12,2.996714053300037,58.355589725733545,2022-08-03
PR_G5-1_1_GE12_10_4,148,PR,GE12,1.551855972827817,59.90744569856136,2022-09-19
PR_G5-1_1_GE12_10_4,149,PR,GE12,1.8716472899497238,61.77909298851108,2022-10-12
PR_G5-1_1_GE12_10_4,150,PR,GE12,2.118083070283655,63.897176058794734,2022-11-28
PR_G5-1_1_GE12_10_4,157,PR,GE12,2.041394085049291,65.93857014384403,2023-06-19
PR_G5-1_1_GE12_10_4,158,PR,GE12,2.0484511512654198,67.98702129510946,2023-07-13
PR_G5-1_1_GE12_10_4,161,PR,GE12,1.584126576289562,69.57114787139902,2023-10-03
PR_G5-1_1_GE12_10_4,163,PR,GE12,1.33179623787868,70.9029441092777,2023-12-12
PR_G5-1_1_GE12_10_5,46,PR,GE12,0.4481761839080457,0.4481761839080457,2014-03-31
PR_G5-1_1_GE12_10_5,47,PR,GE12,0.4835492143025175,0.9317253982105632,2014-04-28
PR_G5-1_1_GE12_10_5,48,PR,GE12,0.6557514439418046,1.587476842152368,2014-05-26
PR_G5-1_1_GE12_10_5,50,PR,GE12,0.4304392390497797,2.0179160812021477,2014-07-11
PR_G5-1_1_GE12_10_5,52,PR,GE12,0.5187937492425161,2.536709830444664,2014-09-15
PR_G5-1_1_GE12_10_5,60,PR,GE12,0.859996255278087,3.3967060857227507,2015-05-06
PR_G5-1_1_GE12_10_5,61,PR,GE12,0.710863431341356,4.107569517064107,2015-06-03
PR_G5-1_1_GE12_10_5,62,PR,GE12,0.757405854367886,5.622381225799879,2015-07-29
PR_G5-1_1_GE12_10_5,63,PR,GE12,0.7622790449643511,6.38466027076423,2015-08-26
PR_G5-1_1_GE12_10_5,65,PR,GE12,0.656410666055973,7.041070936820203,2015-10-12
PR_G5-1_1_GE12_10_5,66,PR,GE12,0.695737792880688,7.736808729700892,2015-11-18
PR_G5-1_1_GE12_10_5,67,PR,GE12,0.581235659646936,8.318044389347827,2015-12-07
PR_G5-1_1_GE12_10_5,75,PR,GE12,0.499216185431972,8.8172605747798,2016-08-15
PR_G5-1_1_GE12_10_5,76,PR,GE12,0.745688454268191,9.56294902904799,2016-09-02
PR_G5-1_1_GE12_10_5,77,PR,GE12,0.8093705456757935,11.181690120399578,2016-10-28
PR_G5-1_1_GE12_10_5,80,PR,GE12,0.6926892859390835,12.567068692277745,2017-01-30
PR_G5-1_1_GE12_10_5,89,PR,GE12,1.3407798795195236,15.248628451316792,2017-10-27
PR_G5-1_1_GE12_10_5,90,PR,GE12,1.134685775987043,16.383314227303835,2017-11-24
PR_G5-1_1_GE12_10_5,98,PR,GE12,1.154872989034763,17.5381872163386,2018-07-06
PR_G5-1_1_GE12_10_5,105,PR,GE12,1.837364842950978,21.212916902240558,2019-02-25
PR_G5-1_1_GE12_10_5,108,PR,GE12,2.317003951250729,23.529920853491287,2019-05-10
PR_G5-1_1_GE12_10_5,109,PR,GE12,2.193458686764726,25.723379540256012,2019-06-26
PR_G5-1_1_GE12_10_5,111,PR,GE12,1.779240412832177,27.50261995308819,2019-08-02
PR_G5-1_1_GE12_10_5,112,PR,GE12,1.5567812287106748,29.059401181798865,2019-09-09
PR_G5-1_1_GE12_10_5,113,PR,GE12,1.335443223391235,30.3948444051901,2019-10-07
PR_G5-1_1_GE12_10_5,148,PR,GE12,2.705492645375471,33.10033705056557,2022-09-30
PR_G5-1_1_GE12_10_5,154,PR,GE12,3.3663650661602267,39.833067182886026,2023-03-29
PR_G5-1_1_GE12_10_5,157,PR,GE12,2.5268740502023848,42.35994123308841,2023-06-19
PR_G5-1_1_GE12_10_5,159,PR,GE12,2.080240386974061,44.440181620062475,2023-08-05
PR_G5-1_1_GE12_9_5,46,PR,GE12,0.409896800063704,0.409896800063704,2014-03-31
PR_G5-1_1_GE12_9_5,47,PR,GE12,0.4977886959188395,0.9076854959825436,2014-04-28
PR_G5-1_1_GE12_9_5,48,PR,GE12,0.35029395216425463,1.257979448146798,2014-05-26
PR_G5-1_1_GE12_9_5,50,PR,GE12,0.542228049870996,1.800207498017794,2014-07-02
PR_G5-1_1_GE12_9_5,51,PR,GE12,0.4020909136520999,2.202298411669894,2014-08-08
PR_G5-1_1_GE12_9_5,58,PR,GE12,0.939026848795714,3.141325260465608,2015-03-30
PR_G5-1_1_GE12_9_5,60,PR,GE12,0.838948264998683,3.980273525464291,2015-05-06
PR_G5-1_1_GE12_9_5,61,PR,GE12,0.7238595994313489,4.70413312489564,2015-06-03
PR_G5-1_1_GE12_9_5,62,PR,GE12,0.855747767157097,5.559880892052737,2015-07-01
PR_G5-1_1_GE12_9_5,64,PR,GE12,0.795687139331999,6.3555680313847365,2015-09-04
PR_G5-1_1_GE12_9_5,65,PR,GE12,0.880351470174847,7.235919501559583,2015-10-30
PR_G5-1_1_GE12_9_5,66,PR,GE12,0.749225030349851,7.985144531909434,2015-11-27
PR_G5-1_1_GE12_9_5,71,PR,GE12,0.7015918717101239,8.686736403619557,2016-04-15
PR_G5-1_1_GE12_9_5,72,PR,GE12,0.915313607584519,9.602050011204076,2016-05-04
PR_G5-1_1_GE12_9_5,73,PR,GE12,1.0921619841808017,11.78637397956568,2016-06-29
PR_G5-1_1_GE12_9_5,75,PR,GE12,0.887942410582635,12.674316390148315,2016-08-05
PR_G5-1_1_GE12_9_5,76,PR,GE12,0.6836116754281241,13.357928065576438,2016-09-12
PR_G5-1_1_GE12_9_5,77,PR,GE12,0.4953894749407922,13.85331754051723,2016-10-10
PR_G5-1_1_GE12_9_5,78,PR,GE12,0.4711503313508848,14.795618203219,2016-11-25
PR_G5-1_1_GE12_9_5,87,PR,GE12,0.9444377707146829,15.740055973933682,2017-08-23
PR_G5-1_1_GE12_9_5,88,PR,GE12,1.065016714397845,16.805072688331528,2017-09-11
PR_G5-1_1_GE12_9_5,89,PR,GE12,1.054360816983899,17.859433505315426,2017-10-18
PR_G5-1_1_GE12_9_5,90,PR,GE12,1.3320175353196029,20.52346857595463,2017-11-24
PR_G5-1_1_GE12_9_5,92,PR,GE12,1.0357450168441429,21.559213592798773,2018-01-19
PR_G5-1_1_GE12_9_5,99,PR,GE12,1.572882933154371,23.132096525953145,2018-08-31
PR_G5-1_1_GE12_9_5,100,PR,GE12,2.096319367573904,25.22841589352705,2018-09-28
PR_G5-1_1_GE12_9_5,101,PR,GE12,1.481959616383767,26.71037550991082,2018-10-26
PR_G5-1_1_GE12_9_5,103,PR,GE12,1.718120759589531,28.42849626950035,2018-12-03
PR_G5-1_1_GE12_9_5,104,PR,GE12,1.1057788353940339,29.534275104894384,2019-01-18
PR_G5-1_1_GE12_9_5,105,PR,GE12,1.1933859997606802,30.727661104655063,2019-02-06
PR_G5-1_1_GE12_9_5,106,PR,GE12,0.804238753786654,31.531899858441715,2019-03-06
PR_G5-1_1_GE12_9_5,113,PR,GE12,1.6551268476973255,34.84215355383636,2019-10-25
PR_G5-1_1_GE12_9_5,115,PR,GE12,1.602079315355991,36.444232869192355,2019-12-11
PR_G5-1_1_GE12_9_5,120,PR,GE12,1.811510316544761,38.25574318573712,2020-05-08
PR_G5-1_1_GE12_9_5,121,PR,GE12,1.4371372843939798,39.692880470131094,2020-06-05
PR_G5-1_1_GE12_9_5,124,PR,GE12,1.4320728237279918,41.124953293859086,2020-09-23
PR_G5-1_1_GE12_9_5,125,PR,GE12,2.168071432219135,43.29302472607822,2020-10-05
PR_G5-1_1_GE12_9_5,130,PR,GE12,2.264529387198411,45.55755411327663,2021-03-26
PR_G5-1_1_GE12_9_5,135,PR,GE12,3.088632635531114,48.64618674880774,2021-08-04
PR_G5-1_1_GE12_9_5,136,PR,GE12,2.533156303588437,51.17934305239618,2021-09-08
PR_G5-1_1_GE12_9_5,137,PR,GE12,2.695732316294,53.875075368690176,2021-10-01
PR_G5-1_1_GE12_9_5,140,PR,GE12,1.7992783748620171,55.674353743552196,2022-01-28
PR_G5-1_1_GE12_9_5,143,PR,GE12,2.170833880098073,57.84518762365027,2022-04-08
PR_G5-1_1_GE12_9_5,149,PR,GE12,2.54505435097855,60.39024197462882,2022-10-12
PR_G5-1_1_GE12_9_5,154,PR,GE12,2.577427638746717,62.96766961337554,2023-03-29
PR_G5-1_1_GE12_9_5,157,PR,GE12,2.761384019655176,65.72905363303072,2023-06-30
PR_G5-1_1_GE12_9_5,159,PR,GE12,2.395771908146291,68.124825541177,2023-08-17
PR_G5-1_1_GE12_9_5,162,PR,GE12,2.128873722551816,70.25369926372882,2023-11-30
PR_G5-1_1_GE12_9_5,164,PR,GE12,2.302825532475933,72.55652479620476,2024-01-10
PR_G5-1_2_GE02_29_13,47,PR,GE02,0.30614582995416173,0.6122916599083235,2014-04-30
PR_G5-1_2_GE02_29_13,48,PR,GE02,0.4132131593778732,1.0255048192861966,2014-05-28
PR_G5-1_2_GE02_29_13,50,PR,GE02,0.3595951398908508,1.3850999591770474,2014-07-04
PR_G5-1_2_GE02_29_13,56,PR,GE02,0.36476811454929897,1.7498680737263463,2015-01-26
PR_G5-1_2_GE02_29_13,57,PR,GE02,0.60386027405029,2.353728347776636,2015-02-04
PR_G5-1_2_GE02_29_13,58,PR,GE02,0.78857548305461,3.142303830831246,2015-03-13
PR_G5-1_2_GE02_29_13,59,PR,GE02,0.7476879456942644,4.637679722219775,2015-04-29
PR_G5-1_2_GE02_29_13,70,PR,GE02,0.7620094371418941,5.399689159361669,2016-03-30
PR_G5-1_2_GE02_29_13,72,PR,GE02,0.583351927807079,5.983041087168748,2016-05-16
PR_G5-1_2_GE02_29_13,73,PR,GE02,0.731283367617685,6.714324454786433,2016-06-13
PR_G5-1_2_GE02_29_13,74,PR,GE02,0.5535187521580109,7.821361959102455,2016-07-29
PR_G5-1_2_GE02_29_13,76,PR,GE02,0.54111958600633,8.362481545108785,2016-09-23
PR_G5-1_2_GE02_29_13,85,PR,GE02,0.981044396030419,9.343525941139205,2017-06-12
PR_G5-1_2_GE02_29_13,86,PR,GE02,0.774241832599663,10.11776777373887,2017-07-10
PR_G5-1_2_GE02_29_13,87,PR,GE02,0.7431581229297021,10.86092589666857,2017-08-16
PR_G5-1_2_GE02_29_13,88,PR,GE02,0.8153410617600141,11.676266958428585,2017-09-04
PR_G5-1_2_GE02_29_13,89,PR,GE02,1.0807431039785145,13.837753166385614,2017-10-30
PR_G5-1_2_GE02_29_13,90,PR,GE02,0.971816514585072,14.809569680970686,2017-11-27
PR_G5-1_2_GE02_29_13,99,PR,GE02,1.069961979983987,15.879531660954672,2018-08-15
PR_G5-1_2_GE02_29_13,100,PR,GE02,1.121904963881188,17.00143662483586,2018-09-03
PR_G5-1_2_GE02_29_13,101,PR,GE02,1.010861622439565,18.012298247275425,2018-10-10
PR_G5-1_2_GE02_29_13,102,PR,GE02,1.026585967681635,19.038884214957058,2018-11-07
PR_G5-1_2_GE02_29_13,104,PR,GE02,0.7707775641844145,20.580439343325885,2019-01-30
PR_G5-1_2_GE02_29_13,111,PR,GE02,1.416721822629523,21.997161165955408,2019-08-23
PR_G5-1_2_GE02_29_13,112,PR,GE02,1.4214890323288245,24.840139230613055,2019-09-30
PR_G5-1_2_GE02_29_13,118,PR,GE02,1.053604711923706,25.893743942536762,2020-03-25
PR_G5-1_2_GE02_29_13,122,PR,GE02,1.9057834884183291,27.79952743095509,2020-07-28
PR_G5-1_2_GE02_29_13,131,PR,GE02,2.560021223800209,30.3595486547553,2021-04-09
PR_G5-1_2_GE02_29_13,132,PR,GE02,2.213522608179678,32.57307126293498,2021-05-03
PR_G5-1_2_GE02_29_13,141,PR,GE02,1.515105026881766,34.088176289816744,2022-02-23
PR_G5-1_2_GE02_29_13,145,PR,GE02,1.860920924630393,35.949097214447136,2022-06-20
PR_G5-1_2_GE02_29_13,148,PR,GE02,2.049372776670549,37.99846999111769,2022-09-21
PR_G5-1_2_GE02_29_13,149,PR,GE02,2.10273216642283,40.10120215754052,2022-10-03
PR_G5-1_2_GE02_29_13,150,PR,GE02,1.277580125851126,41.378782283391644,2022-11-07
PR_G5-1_2_GE02_29_13,151,PR,GE02,2.075555377194767,43.45433766058641,2022-12-12
PR_G5-1_2_GE02_29_13,152,PR,GE02,2.241870845232277,45.69620850581869,2023-01-30
PR_G5-1_2_GE02_29_13,164,PR,GE02,1.752595336976318,47.44880384279501,2024-01-30
PR_G5-1_2_GE02_29_14,47,PR,GE02,0.40504653647258154,0.8100930729451631,2014-04-30
PR_G5-1_2_GE02_29_14,48,PR,GE02,0.5738644108148897,1.3839574837600528,2014-05-28
PR_G5-1_2_GE02_29_14,50,PR,GE02,0.42874443538786716,1.81270191914792,2014-07-04
PR_G5-1_2_GE02_29_14,51,PR,GE02,0.405973094200813,2.624648107549546,2014-08-29
PR_G5-1_2_GE02_29_14,57,PR,GE02,0.517528289409102,3.142176396958648,2015-02-13
PR_G5-1_2_GE02_29_14,58,PR,GE02,0.5851034502028678,3.7272798471615154,2015-03-04
PR_G5-1_2_GE02_29_14,59,PR,GE02,0.9899491765399435,5.707178200241402,2015-04-29
PR_G5-1_2_GE02_29_14,61,PR,GE02,0.570097358457383,6.2772755586987845,2015-06-05
PR_G5-1_2_GE02_29_14,62,PR,GE02,0.664461960259711,7.606199479218207,2015-07-31
PR_G5-1_2_GE02_29_14,70,PR,GE02,0.715179586526981,8.321379065745187,2016-03-30
PR_G5-1_2_GE02_29_14,72,PR,GE02,0.895593418572889,9.216972484318076,2016-05-06
PR_G5-1_2_GE02_29_14,73,PR,GE02,0.8317058122600289,10.048678296578105,2016-06-03
PR_G5-1_2_GE02_29_14,74,PR,GE02,0.699871569743125,11.448421436064354,2016-07-29
PR_G5-1_2_GE02_29_14,76,PR,GE02,0.405318165462343,11.853739601526698,2016-09-05
PR_G5-1_2_GE02_29_14,77,PR,GE02,0.2874342208946732,12.14117382242137,2016-10-21
PR_G5-1_2_GE02_29_14,84,PR,GE02,1.1445379497372319,13.285711772158603,2017-05-15
PR_G5-1_2_GE02_29_14,85,PR,GE02,0.944465984180877,14.23017775633948,2017-06-30
PR_G5-1_2_GE02_29_14,87,PR,GE02,0.992394564187857,15.222572320527336,2017-08-07
PR_G5-1_2_GE02_29_14,88,PR,GE02,1.108330320166383,16.33090264069372,2017-09-13
PR_G5-1_2_GE02_29_14,89,PR,GE02,1.295471933911115,17.626374574604835,2017-10-11
PR_G5-1_2_GE02_29_14,90,PR,GE02,1.524473027455904,19.15084760206074,2017-11-08
PR_G5-1_2_GE02_29_14,91,PR,GE02,1.3852591992241639,20.5361068012849,2017-12-06
PR_G5-1_2_GE02_29_14,99,PR,GE02,1.334150327440984,21.870257128725886,2018-08-06
PR_G5-1_2_GE02_29_14,100,PR,GE02,1.27472213315787,23.144979261883755,2018-09-03
PR_G5-1_2_GE02_29_14,101,PR,GE02,1.5241284546258518,26.19323617113546,2018-10-29
PR_G5-1_2_GE02_29_14,103,PR,GE02,1.44598857034205,27.63922474147751,2018-12-05
PR_G5-1_2_GE02_29_14,104,PR,GE02,0.913997774753056,28.553222516230566,2019-01-11
PR_G5-1_2_GE02_29_14,112,PR,GE02,1.336807379134883,31.226837274500333,2019-09-02
PR_G5-1_2_GE02_29_14,113,PR,GE02,1.7313576105362198,32.958194885036555,2019-10-28
PR_G5-1_2_GE02_29_14,114,PR,GE02,1.7891540890447222,34.74734897408128,2019-11-25
PR_G5-1_2_GE02_29_14,116,PR,GE02,1.228867536226768,35.97621651030804,2020-01-29
PR_G5-1_2_GE02_29_14,117,PR,GE02,0.969173068185833,36.945389578493874,2020-02-26
PR_G5-1_2_GE02_29_14,119,PR,GE02,1.1569485730905869,38.10233815158446,2020-04-03
PR_G5-1_2_GE02_29_14,125,PR,GE02,0.7696308438409311,38.87196899542539,2020-10-19
PR_G5-1_2_GE02_29_14,129,PR,GE02,2.069850140707915,40.941819136133304,2021-02-10
PR_G5-1_2_GE02_29_14,131,PR,GE02,1.981370356232095,42.9231894923654,2021-04-21
PR_G5-1_2_GE02_29_14,132,PR,GE02,2.0862222709829252,45.009411763348325,2021-05-03
PR_G5-1_2_GE02_29_14,133,PR,GE02,2.1928369991309706,49.39508576161027,2021-06-30
PR_G5-1_2_GE02_29_14,136,PR,GE02,1.584551488926472,50.97963725053674,2021-09-10
PR_G5-1_2_GE02_29_14,144,PR,GE02,1.660762125902989,52.64039937643973,2022-05-04
PR_G5-1_2_GE02_29_14,145,PR,GE02,1.90442920622787,54.5448285826676,2022-06-08
PR_G5-1_2_GE02_29_14,146,PR,GE02,1.648140913302407,56.192969495970004,2022-07-13
PR_G5-1_2_GE02_29_14,147,PR,GE02,1.75025175258482,59.693473001139644,2022-08-29
PR_G5-1_2_GE02_29_14,156,PR,GE02,1.743616215746135,61.43708921688578,2023-05-29
PR_G5-1_2_GE02_29_14,157,PR,GE02,1.69906097560976,63.13615019249554,2023-06-21
PR_G5-1_2_GE02_29_14,158,PR,GE02,1.858104380939331,64.99425457343487,2023-07-04
PR_G5-1_2_GE02_29_15,47,PR,GE02,0.34372924961775586,0.6874584992355117,2014-04-30
PR_G5-1_2_GE02_29_15,49,PR,GE02,0.3296026340850636,1.0170611333205752,2014-06-06
PR_G5-1_2_GE02_29_15,50,PR,GE02,0.30949783817324383,1.326558971493819,2014-07-14
PR_G5-1_2_GE02_29_15,51,PR,GE02,0.31635357567893063,1.9592661228516803,2014-08-29
PR_G5-1_2_GE02_29_15,57,PR,GE02,0.422721353178112,2.381987476029792,2015-02-04
PR_G5-1_2_GE02_29_15,58,PR,GE02,0.48158860239344903,2.8635760784232414,2015-03-04
PR_G5-1_2_GE02_29_15,59,PR,GE02,0.644677902396241,4.152931883215723,2015-04-29
PR_G5-1_2_GE02_29_15,61,PR,GE02,0.46028046998538796,4.613212353201112,2015-06-15
PR_G5-1_2_GE02_29_15,62,PR,GE02,0.4284072592905363,5.470026871782184,2015-07-31
PR_G5-1_2_GE02_29_15,63,PR,GE02,0.3714849399135044,5.841511811695688,2015-08-28
PR_G5-1_2_GE02_29_15,65,PR,GE02,0.37222998273789426,6.213741794433583,2015-10-05
PR_G5-1_2_GE02_29_15,70,PR,GE02,0.518528371498865,6.732270165932448,2016-03-02
PR_G5-1_2_GE02_29_15,71,PR,GE02,0.675249757557409,7.407519923489857,2016-04-08
PR_G5-1_2_GE02_29_15,72,PR,GE02,0.626083355663875,8.033603279153732,2016-05-06
PR_G5-1_2_GE02_29_15,73,PR,GE02,0.562632041298058,8.59623532045179,2016-06-13
PR_G5-1_2_GE02_29_15,74,PR,GE02,0.5330471997414294,9.662329719934649,2016-07-29
PR_G5-1_2_GE02_29_15,76,PR,GE02,0.43518331161081397,10.097513031545462,2016-09-05
PR_G5-1_2_GE02_29_15,77,PR,GE02,0.41397833417934704,10.51149136572481,2016-10-03
PR_G5-1_2_GE02_29_15,83,PR,GE02,0.5400027473866672,11.051494113111477,2017-04-26
PR_G5-1_2_GE02_29_15,85,PR,GE02,0.6525619528961766,12.35661801890383,2017-06-30
PR_G5-1_2_GE02_29_15,87,PR,GE02,0.62115344490366,12.97777146380749,2017-08-07
PR_G5-1_2_GE02_29_15,88,PR,GE02,0.7469804512149211,13.724751915022411,2017-09-04
PR_G5-1_2_GE02_29_15,89,PR,GE02,0.8383357672088101,15.401423449440031,2017-10-30
PR_G5-1_2_GE02_29_15,91,PR,GE02,0.8202944869918849,16.221717936431915,2017-12-06
PR_G5-1_2_GE02_29_15,99,PR,GE02,1.079779045925048,17.301496982356962,2018-08-06
PR_G5-1_2_GE02_29_15,100,PR,GE02,1.079863009492618,18.381359991849582,2018-09-12
PR_G5-1_2_GE02_29_15,101,PR,GE02,0.9708366492012259,20.323033290252035,2018-10-29
PR_G5-1_2_GE02_29_15,103,PR,GE02,1.060508127652212,21.383541417904247,2018-12-14
PR_G5-1_2_GE02_29_15,104,PR,GE02,0.8618518253166271,22.245393243220875,2019-01-11
PR_G5-1_2_GE02_29_15,105,PR,GE02,0.6508072907789115,23.5470078247787,2019-02-27
PR_G5-1_2_GE02_29_15,112,PR,GE02,1.0863043294854866,25.71961648374967,2019-09-30
PR_G5-1_2_GE02_29_15,114,PR,GE02,1.144206705724292,28.008029895198256,2019-11-25
PR_G5-1_2_GE02_29_15,117,PR,GE02,0.828568115548464,28.83659801074672,2020-02-26
PR_G5-1_2_GE02_29_15,124,PR,GE02,1.521164167717822,30.35776217846454,2020-09-01
PR_G5-1_2_GE02_29_15,129,PR,GE02,1.766753440707366,32.12451561917191,2021-02-10
PR_G5-1_2_GE02_29_15,132,PR,GE02,1.797593766464793,33.9221093856367,2021-05-14
PR_G5-1_2_GE02_29_15,133,PR,GE02,1.808790956338786,35.730900341975484,2021-06-30
PR_G5-1_2_GE02_29_15,140,PR,GE02,2.130864676492143,37.86176501846763,2022-01-31
PR_G5-1_2_GE02_29_15,145,PR,GE02,1.5008740559504612,39.36263907441809,2022-06-20
PR_G5-1_2_GE02_29_15,146,PR,GE02,1.868137214740158,41.23077628915825,2022-07-13
PR_G5-1_2_GE02_29_15,147,PR,GE02,1.655301583265173,42.88607787242342,2022-08-17
PR_G5-1_2_GE02_29_15,149,PR,GE02,1.5392329032258099,44.42531077564923,2022-10-14
PR_G5-1_2_GE02_29_15,152,PR,GE02,1.604859514797543,46.030170290446776,2023-01-30
PR_G5-1_2_GE02_29_15,157,PR,GE02,1.7506837966227962,47.78085408706957,2023-06-09
PR_G5-1_2_GE02_29_15,158,PR,GE02,1.561846691077797,49.34270077814737,2023-07-15
PR_G5-1_2_GE02_29_15,160,PR,GE02,1.415983924632753,50.75868470278012,2023-09-23
PR_G5-1_2_GE02_29_15,164,PR,GE02,1.235958792688071,51.994643495468196,2024-01-22
PR_G5-1_2_GE06_34_10,47,PR,GE06,0.7175116157661181,0.7175116157661181,2014-04-11
PR_G5-1_2_GE06_34_10,48,PR,GE06,0.6093460712539169,1.936203758273952,2014-05-28
PR_G5-1_2_GE06_34_10,50,PR,GE06,0.599968235019334,2.5361719932932862,2014-07-14
PR_G5-1_2_GE06_34_10,51,PR,GE06,0.624634656679963,3.1608066499732494,2014-08-11
PR_G5-1_2_GE06_34_10,56,PR,GE06,0.932499437266166,4.093306087239416,2015-01-07
PR_G5-1_2_GE06_34_10,57,PR,GE06,0.9539177708730799,5.0472238581124955,2015-02-13
PR_G5-1_2_GE06_34_10,59,PR,GE06,0.920263079501167,6.887750017114829,2015-04-29
PR_G5-1_2_GE06_34_10,63,PR,GE06,1.078781327845771,7.9665313449606,2015-08-10
PR_G5-1_2_GE06_34_10,66,PR,GE06,0.98677323497172,9.94007781490404,2015-11-30
PR_G5-1_2_GE06_34_10,72,PR,GE06,1.084960702354856,11.025038517258896,2016-05-16
PR_G5-1_2_GE06_34_10,73,PR,GE06,1.1162885897519659,12.141327107010861,2016-06-03
PR_G5-1_2_GE06_34_10,74,PR,GE06,1.108598184131947,13.249925291142809,2016-07-11
PR_G5-1_2_GE06_34_10,75,PR,GE06,1.128191039418194,14.378116330561003,2016-08-08
PR_G5-1_2_GE06_34_10,77,PR,GE06,1.041222031772345,15.419338362333349,2016-10-03
PR_G5-1_2_GE06_34_10,78,PR,GE06,0.930442488252187,17.280223338837725,2016-11-28
PR_G5-1_2_GE06_34_10,80,PR,GE06,0.981737294223287,18.261960633061012,2017-01-04
PR_G5-1_2_GE06_34_10,81,PR,GE06,0.9106819950072811,19.172642628068292,2017-02-01
PR_G5-1_2_GE06_34_10,83,PR,GE06,1.083837238244092,20.256479866312382,2017-04-17
PR_G5-1_2_GE06_34_10,84,PR,GE06,1.31658049410969,21.573060360422073,2017-05-05
PR_G5-1_2_GE06_34_10,85,PR,GE06,1.1145853399669878,23.802231040356048,2017-06-30
PR_G5-1_2_GE06_34_10,91,PR,GE06,1.566814804982667,25.369045845338714,2017-12-15
PR_G5-1_2_GE06_34_10,92,PR,GE06,1.2475536379724388,26.616599483311152,2018-01-03
PR_G5-1_2_GE06_34_10,93,PR,GE06,1.299250424838329,27.915849908149482,2018-02-19
PR_G5-1_2_GE06_34_10,96,PR,GE06,1.149986900584795,29.06583680873428,2018-05-23
PR_G5-1_2_GE06_34_10,97,PR,GE06,1.0268370404452831,30.092673849179562,2018-06-20
PR_G5-1_2_GE06_34_10,98,PR,GE06,1.302948439894942,31.395622289074502,2018-07-18
PR_G5-1_2_GE06_34_10,107,PR,GE06,1.4943120580848859,32.88993434715939,2019-04-15
PR_G5-1_2_GE06_34_10,108,PR,GE06,1.7931329613417573,36.476200269842906,2019-05-31
PR_G5-1_2_GE06_34_10,110,PR,GE06,1.3666524596139071,37.842852729456816,2019-07-26
PR_G5-1_2_GE06_34_10,115,PR,GE06,1.374300119949183,39.217152849406,2019-12-04
PR_G5-1_2_GE06_34_10,117,PR,GE06,0.877408534068832,40.09456138347483,2020-02-26
PR_G5-1_2_GE06_34_10,121,PR,GE06,2.253896166813584,42.348457550288416,2020-06-08
PR_G5-1_2_GE06_34_10,122,PR,GE06,1.826611979030561,44.175069529318975,2020-07-16
PR_G5-1_2_GE06_34_10,123,PR,GE06,1.670683251879375,45.84575278119835,2020-08-08
PR_G5-1_2_GE06_34_10,126,PR,GE06,1.701197451969795,49.24814768513794,2020-11-28
PR_G5-1_2_GE06_34_10,128,PR,GE06,1.961742544545942,53.17163277422982,2021-01-18
PR_G5-1_2_GE06_34_10,133,PR,GE06,1.755928664910344,54.92756143914016,2021-06-18
PR_G5-1_2_GE06_34_10,136,PR,GE06,1.6731282046608271,56.60068964380099,2021-09-22
PR_G5-1_2_GE06_34_10,140,PR,GE06,2.0941647887143215,60.78901922122963,2022-01-31
PR_G5-1_2_GE06_34_10,144,PR,GE06,2.132762934861696,62.921782156091325,2022-05-16
PR_G5-1_2_GE06_34_10,147,PR,GE06,2.0124267726684613,64.93420892875979,2022-08-17
PR_G5-1_2_GE06_34_10,148,PR,GE06,2.190417345809384,67.12462627456917,2022-09-09
PR_G5-1_2_GE06_34_10,154,PR,GE06,3.115116144903433,70.2397424194726,2023-03-07
PR_G5-1_2_GE06_34_10,158,PR,GE06,1.7070050063090718,71.94674742578168,2023-07-15
PR_G5-1_2_GE06_34_10,160,PR,GE06,2.0293041861634737,73.97605161194515,2023-09-12
PR_G5-1_2_GE06_34_10,164,PR,GE06,1.7378663545749236,77.451784321095,2024-01-30
PR_G5-1_2_GE06_34_11,47,PR,GE06,0.44739904282958887,0.8947980856591777,2014-04-30
PR_G5-1_2_GE06_34_11,48,PR,GE06,0.5060518221165513,1.400849907775729,2014-05-28
PR_G5-1_2_GE06_34_11,50,PR,GE06,0.5702766084498819,1.971126516225611,2014-07-14
PR_G5-1_2_GE06_34_11,51,PR,GE06,0.48874268918818387,2.4598692054137947,2014-08-11
PR_G5-1_2_GE06_34_11,52,PR,GE06,0.6022419028340079,3.0621111082478025,2014-09-08
PR_G5-1_2_GE06_34_11,53,PR,GE06,0.5321730198617206,3.594284128109523,2014-10-24
PR_G5-1_2_GE06_34_11,54,PR,GE06,0.634129479074061,4.228413607183584,2014-11-03
PR_G5-1_2_GE06_34_11,55,PR,GE06,0.5872788675843397,4.815692474767924,2014-12-10
PR_G5-1_2_GE06_34_11,56,PR,GE06,0.5616735706556418,5.377366045423566,2015-01-07
PR_G5-1_2_GE06_34_11,57,PR,GE06,0.669906060374974,6.047272105798539,2015-02-23
PR_G5-1_2_GE06_34_11,58,PR,GE06,0.551466970650142,6.598739076448681,2015-03-23
PR_G5-1_2_GE06_34_11,59,PR,GE06,0.5921570044661723,7.783053085381026,2015-04-29
PR_G5-1_2_GE06_34_11,61,PR,GE06,0.591185101590161,8.374238186971187,2015-06-05
PR_G5-1_2_GE06_34_11,62,PR,GE06,0.653800865731198,9.028039052702384,2015-07-31
PR_G5-1_2_GE06_34_11,63,PR,GE06,0.641988199052133,9.670027251754517,2015-08-28
PR_G5-1_2_GE06_34_11,65,PR,GE06,0.634487423306376,10.304514675060894,2015-10-14
PR_G5-1_2_GE06_34_11,69,PR,GE06,0.731038865531364,11.035553540592257,2016-02-22
PR_G5-1_2_GE06_34_11,70,PR,GE06,0.6642734068165977,12.364100354225453,2016-03-30
PR_G5-1_2_GE06_34_11,72,PR,GE06,0.747284258317063,13.111384612542516,2016-05-06
PR_G5-1_2_GE06_34_11,73,PR,GE06,0.897699643294632,14.009084255837148,2016-06-13
PR_G5-1_2_GE06_34_11,74,PR,GE06,0.6981335784643701,15.405351412765889,2016-07-29
PR_G5-1_2_GE06_34_11,76,PR,GE06,0.5098525849620371,15.915203997727925,2016-09-14
PR_G5-1_2_GE06_34_11,77,PR,GE06,0.5864520682012839,16.501656065929208,2016-10-03
PR_G5-1_2_GE06_34_11,82,PR,GE06,0.837612043758603,17.33926810968781,2017-03-01
PR_G5-1_2_GE06_34_11,88,PR,GE06,0.811437595409509,18.15070570509732,2017-09-13
PR_G5-1_2_GE06_34_11,89,PR,GE06,0.9586462907308075,20.067998286558932,2017-10-30
PR_G5-1_2_GE06_34_11,94,PR,GE06,1.09685653655985,21.164854823118784,2018-03-09
PR_G5-1_2_GE06_34_11,98,PR,GE06,1.144578410208331,22.309433233327116,2018-07-18
PR_G5-1_2_GE06_34_11,101,PR,GE06,1.312400266301512,23.62183349962863,2018-10-01
PR_G5-1_2_GE06_34_11,102,PR,GE06,1.559003450182748,25.180836949811376,2018-11-07
PR_G5-1_2_GE06_34_11,104,PR,GE06,1.452890650494274,28.086618250799926,2019-01-30
PR_G5-1_2_GE06_34_11,106,PR,GE06,1.3204378995014858,29.40705615030141,2019-03-08
PR_G5-1_2_GE06_34_11,108,PR,GE06,1.217471527954527,30.624527678255937,2019-05-03
PR_G5-1_2_GE06_34_11,109,PR,GE06,1.221065745416903,31.84559342367284,2019-06-28
PR_G5-1_2_GE06_34_11,111,PR,GE06,1.0899274637985321,32.93552088747138,2019-08-05
PR_G5-1_2_GE06_34_11,112,PR,GE06,1.122006383488068,35.17953365444751,2019-09-30
PR_G5-1_2_GE06_34_11,117,PR,GE06,1.6217248068861339,38.42298326821978,2020-02-26
PR_G5-1_2_GE06_34_11,119,PR,GE06,1.699660377358495,40.12264364557828,2020-04-03
PR_G5-1_2_GE06_34_11,120,PR,GE06,1.414446701030637,41.53709034660891,2020-05-01
PR_G5-1_2_GE06_34_11,125,PR,GE06,1.439761428283773,42.97685177489269,2020-10-07
PR_G5-1_2_GE06_34_11,128,PR,GE06,1.9290533889682,44.905905163860886,2021-01-29
PR_G5-1_2_GE06_34_11,130,PR,GE06,2.224235132842646,47.13014029670353,2021-03-05
PR_G5-1_2_GE06_34_11,131,PR,GE06,2.365437458215557,49.49557775491909,2021-04-09
PR_G5-1_2_GE06_34_11,134,PR,GE06,1.6020096643626842,51.09758741928177,2021-07-26
PR_G5-1_2_GE06_34_11,137,PR,GE06,1.379070858107142,52.476658277388914,2021-10-27
PR_G5-1_2_GE06_34_11,140,PR,GE06,1.912651195307364,54.389309472696276,2022-01-19
PR_G5-1_2_GE06_34_11,153,PR,GE06,1.740404534440985,56.12971400713726,2023-02-10
PR_G5-1_2_GE06_34_9,47,PR,GE06,0.3306859915153473,0.6613719830306946,2014-04-30
PR_G5-1_2_GE06_34_9,48,PR,GE06,0.3686534071507662,1.0300253901814607,2014-05-28
PR_G5-1_2_GE06_34_9,50,PR,GE06,0.2895583456040134,1.319583735785474,2014-07-04
PR_G5-1_2_GE06_34_9,51,PR,GE06,0.36746583014055545,1.6870495659260296,2014-08-01
PR_G5-1_2_GE06_34_9,54,PR,GE06,0.2886081983817701,1.9756577643077997,2014-11-12
PR_G5-1_2_GE06_34_9,57,PR,GE06,0.44381864580262037,2.4194764101104203,2015-02-13
PR_G5-1_2_GE06_34_9,58,PR,GE06,0.5212756883601147,2.940752098470535,2015-03-13
PR_G5-1_2_GE06_34_9,59,PR,GE06,0.6112903863330104,4.163332871136555,2015-04-29
PR_G5-1_2_GE06_34_9,61,PR,GE06,0.545388670344991,4.708721541481546,2015-06-24
PR_G5-1_2_GE06_34_9,63,PR,GE06,0.5860639455304191,5.880849432542385,2015-08-28
PR_G5-1_2_GE06_34_9,65,PR,GE06,0.547894521968289,6.428743954510674,2015-10-05
PR_G5-1_2_GE06_34_9,66,PR,GE06,0.5446943244358935,7.518132603382461,2015-11-30
PR_G5-1_2_GE06_34_9,69,PR,GE06,0.5132620161030162,8.031394619485477,2016-02-22
PR_G5-1_2_GE06_34_9,70,PR,GE06,0.5312168688246869,9.09382835713485,2016-03-30
PR_G5-1_2_GE06_34_9,72,PR,GE06,0.6223579541110278,9.716186311245878,2016-05-06
PR_G5-1_2_GE06_34_9,73,PR,GE06,0.604027814770693,10.32021412601657,2016-06-03
PR_G5-1_2_GE06_34_9,74,PR,GE06,0.5644693391935963,11.449152804403763,2016-07-29
PR_G5-1_2_GE06_34_9,76,PR,GE06,0.4701436749153678,11.919296479319131,2016-09-14
PR_G5-1_2_GE06_34_9,77,PR,GE06,0.4662322996364804,12.85176107859209,2016-10-31
PR_G5-1_2_GE06_34_9,80,PR,GE06,0.3575980128871401,13.20935909147923,2017-01-23
PR_G5-1_2_GE06_34_9,81,PR,GE06,0.5463102800843634,13.755669371563593,2017-02-01
PR_G5-1_2_GE06_34_9,82,PR,GE06,0.5719878549302121,14.327657226493805,2017-03-01
PR_G5-1_2_GE06_34_9,88,PR,GE06,0.777729994423459,15.105387220917265,2017-09-22
PR_G5-1_2_GE06_34_9,89,PR,GE06,1.0010095798465755,17.107406380610417,2017-10-30
PR_G5-1_2_GE06_34_9,97,PR,GE06,1.3737015526207759,19.85480948585197,2018-06-29
PR_G5-1_2_GE06_34_9,100,PR,GE06,1.473622297921219,21.32843178377319,2018-09-12
PR_G5-1_2_GE06_34_9,101,PR,GE06,1.5343884302825845,24.39720864433836,2018-10-29
PR_G5-1_2_GE06_34_9,104,PR,GE06,1.238961919037012,25.636170563375373,2019-01-11
PR_G5-1_2_GE06_34_9,107,PR,GE06,1.1599581091109399,26.79612867248631,2019-04-24
PR_G5-1_2_GE06_34_9,108,PR,GE06,1.293849411083881,28.08997808357019,2019-05-13
PR_G5-1_2_GE06_34_9,109,PR,GE06,1.351529522096302,29.441507605666494,2019-06-10
PR_G5-1_2_GE06_34_9,110,PR,GE06,1.699174191429169,31.140681797095663,2019-07-08
PR_G5-1_2_GE06_34_9,111,PR,GE06,1.123803089244584,32.26448488634025,2019-08-05
PR_G5-1_2_GE06_34_9,112,PR,GE06,1.068352803678362,33.33283769001861,2019-09-11
PR_G5-1_2_GE06_34_9,113,PR,GE06,1.018913980719669,34.351751670738274,2019-10-09
PR_G5-1_2_GE06_34_9,114,PR,GE06,0.944121765065606,35.29587343580388,2019-11-25
PR_G5-1_2_GE06_34_9,120,PR,GE06,1.038726911392716,36.33460034719659,2020-05-20
PR_G5-1_2_GE06_34_9,128,PR,GE06,1.406887843075193,37.74148819027178,2021-01-18
PR_G5-1_2_GE06_34_9,129,PR,GE06,1.547995275928108,39.28948346619989,2021-02-10
PR_G5-1_2_GE06_34_9,130,PR,GE06,1.4382626278758,40.72774609407569,2021-03-17
PR_G5-1_2_GE06_34_9,135,PR,GE06,1.13432037285842,41.86206646693411,2021-08-06
PR_G5-1_2_GE06_34_9,136,PR,GE06,1.351061486752533,43.213127953686644,2021-09-22
PR_G5-1_2_GE06_34_9,138,PR,GE06,1.504412834653901,44.71754078834054,2021-11-08
PR_G5-1_2_GE06_34_9,140,PR,GE06,1.388760150436756,46.106300938777295,2022-01-07
PR_G5-1_2_GE06_34_9,164,PR,GE06,1.457617578175307,47.563918516952604,2024-01-22
PR_G5-1_2_GE09_28_25,47,PR,GE09,0.25672489356619504,0.5134497871323901,2014-04-30
PR_G5-1_2_GE09_28_25,48,PR,GE09,0.31637017525458644,0.8298199623869765,2014-05-28
PR_G5-1_2_GE09_28_25,50,PR,GE09,0.3539573187279502,1.1837772811149267,2014-07-14
PR_G5-1_2_GE09_28_25,51,PR,GE09,0.2034877006016857,1.3872649817166125,2014-08-01
PR_G5-1_2_GE09_28_25,52,PR,GE09,0.3872411943771558,1.7745061760937684,2014-09-08
PR_G5-1_2_GE09_28_25,53,PR,GE09,0.423683724345955,2.1981899004397234,2014-10-06
PR_G5-1_2_GE09_28_25,54,PR,GE09,0.3962946138809358,2.5944845143206594,2014-11-03
PR_G5-1_2_GE09_28_25,55,PR,GE09,0.3610410396722759,2.9555255539929353,2014-12-01
PR_G5-1_2_GE09_28_25,56,PR,GE09,0.4388466236801575,3.394372177673093,2015-01-07
PR_G5-1_2_GE09_28_25,57,PR,GE09,0.5358439869594859,3.930216164632579,2015-02-04
PR_G5-1_2_GE09_28_25,58,PR,GE09,0.6622262536793938,4.592442418311973,2015-03-04
PR_G5-1_2_GE09_28_25,59,PR,GE09,0.595483475801439,5.187925894113412,2015-04-01
PR_G5-1_2_GE09_28_25,60,PR,GE09,0.59760011134632,5.785526005459731,2015-05-08
PR_G5-1_2_GE09_28_25,61,PR,GE09,0.507704875983061,6.293230881442792,2015-06-05
PR_G5-1_2_GE09_28_25,64,PR,GE09,0.4511581172000561,6.744388998642848,2015-09-07
PR_G5-1_2_GE09_28_25,65,PR,GE09,0.40881147312690225,7.15320047176975,2015-10-14
PR_G5-1_2_GE09_28_25,69,PR,GE09,0.5594036980641156,7.712604169833866,2016-02-12
PR_G5-1_2_GE09_28_25,70,PR,GE09,0.5682235017471758,8.849051173328217,2016-03-30
PR_G5-1_2_GE09_28_25,72,PR,GE09,0.7346783464773761,9.583729519805592,2016-05-06
PR_G5-1_2_GE09_28_25,73,PR,GE09,0.810947379781749,10.394676899587342,2016-06-13
PR_G5-1_2_GE09_28_25,74,PR,GE09,0.7675963457257351,11.162273245313077,2016-07-11
PR_G5-1_2_GE09_28_25,75,PR,GE09,0.647730900611307,11.810004145924385,2016-08-08
PR_G5-1_2_GE09_28_25,76,PR,GE09,0.592468159637426,12.40247230556181,2016-09-23
PR_G5-1_2_GE09_28_25,77,PR,GE09,0.6155827346400304,13.633637774841871,2016-10-31
PR_G5-1_2_GE09_28_25,82,PR,GE09,0.740557976682683,14.374195751524553,2017-03-10
PR_G5-1_2_GE09_28_25,84,PR,GE09,0.823632801767122,15.197828553291675,2017-05-05
PR_G5-1_2_GE09_28_25,86,PR,GE09,0.797675705977024,15.9955042592687,2017-07-10
PR_G5-1_2_GE09_28_25,87,PR,GE09,0.650928497671202,16.6464327569399,2017-08-25
PR_G5-1_2_GE09_28_25,88,PR,GE09,0.5407819258123849,17.187214682752288,2017-09-22
PR_G5-1_2_GE09_28_25,89,PR,GE09,0.656745505343481,18.50070569343925,2017-10-30
PR_G5-1_2_GE09_28_25,95,PR,GE09,0.691912796101631,19.19261848954088,2018-04-06
PR_G5-1_2_GE09_28_25,96,PR,GE09,0.981634933555037,20.174253423095916,2018-05-04
PR_G5-1_2_GE09_28_25,97,PR,GE09,1.067783051382567,21.242036474478482,2018-06-20
PR_G5-1_2_GE09_28_25,98,PR,GE09,0.9284235411637389,22.17046001564222,2018-07-09
PR_G5-1_2_GE09_28_25,99,PR,GE09,0.846629816554682,23.017089832196902,2018-08-24
PR_G5-1_2_GE09_28_25,102,PR,GE09,0.8630847474487054,24.743259327094314,2018-11-26
PR_G5-1_2_GE09_28_25,104,PR,GE09,0.9707976667143341,25.714056993808647,2019-01-11
PR_G5-1_2_GE09_28_25,107,PR,GE09,0.944494368068057,26.658551361876704,2019-04-15
PR_G5-1_2_GE09_28_25,108,PR,GE09,1.118907614708212,28.896366591293127,2019-05-31
PR_G5-1_2_GE09_28_25,109,PR,GE09,1.2860406816022751,30.182407272895404,2019-06-28
PR_G5-1_2_GE09_28_25,112,PR,GE09,0.879860504140372,31.062267777035775,2019-09-02
PR_G5-1_2_GE09_28_25,115,PR,GE09,0.938717881081081,32.00098565811685,2019-12-13
PR_G5-1_2_GE09_28_25,116,PR,GE09,0.6792771788380241,32.680262836954874,2020-01-10
PR_G5-1_2_GE09_28_25,120,PR,GE09,1.217946510638577,33.89820934759345,2020-05-29
PR_G5-1_2_GE09_28_25,122,PR,GE09,1.175436568641788,35.073645916235236,2020-07-07
PR_G5-1_2_GE09_28_25,123,PR,GE09,1.204475010760919,36.27812092699615,2020-08-08
PR_G5-1_2_GE09_28_25,124,PR,GE09,0.963632178643,37.241753105639155,2020-09-01
PR_G5-1_2_GE09_28_25,126,PR,GE09,0.884105410654351,38.125858516293505,2020-11-28
PR_G5-1_2_GE09_28_25,131,PR,GE09,1.365677917620138,39.491536433913645,2021-04-09
PR_G5-1_2_GE09_28_25,132,PR,GE09,1.441087464039239,40.93262389795289,2021-05-03
PR_G5-1_2_GE09_28_25,133,PR,GE09,1.250811982944153,42.183435880897036,2021-06-30
PR_G5-1_2_GE09_28_25,138,PR,GE09,0.9434473831135219,43.12688326401056,2021-11-08
PR_G5-1_2_GE09_28_25,139,PR,GE09,1.037442697887124,44.16432596189768,2021-12-13
PR_G5-1_2_GE09_28_25,142,PR,GE09,1.1461661153905904,46.456658192678866,2022-03-30
PR_G5-1_2_GE09_28_25,145,PR,GE09,1.09624130981837,47.55289950249723,2022-06-20
PR_G5-1_2_GE09_28_25,146,PR,GE09,1.112092468870081,48.664991971367314,2022-07-13
PR_G5-1_2_GE09_28_25,148,PR,GE09,0.926422049678033,49.591414021045345,2022-09-09
PR_G5-1_2_GE09_28_25,154,PR,GE09,1.187050745433389,51.96551551191212,2023-03-31
PR_G5-1_2_GE09_28_25,156,PR,GE09,1.158142603271316,53.12365811518344,2023-05-05
PR_G5-1_2_GE09_28_25,157,PR,GE09,0.990553882620539,54.11421199780398,2023-06-21
PR_G5-1_2_GE09_28_25,158,PR,GE09,0.9402090202440601,55.05442101804804,2023-07-04
PR_G5-1_2_GE09_28_26,47,PR,GE09,0.6970123154962274,1.3940246309924549,2014-04-30
PR_G5-1_2_GE09_28_26,49,PR,GE09,0.7219560307820758,2.1159806617745307,2014-06-16
PR_G5-1_2_GE09_28_26,50,PR,GE09,0.792522907876452,2.908503569650983,2014-07-04
PR_G5-1_2_GE09_28_26,51,PR,GE09,0.6686467987487417,4.245797167148466,2014-08-29
PR_G5-1_2_GE09_28_26,53,PR,GE09,0.618228374304267,4.864025541452733,2014-10-06
PR_G5-1_2_GE09_28_26,54,PR,GE09,0.597379271215791,5.461404812668524,2014-11-12
PR_G5-1_2_GE09_28_26,55,PR,GE09,0.6276232136538026,6.089028026322327,2014-12-01
PR_G5-1_2_GE09_28_26,57,PR,GE09,0.9210440259253699,7.010072052247697,2015-02-23
PR_G5-1_2_GE09_28_26,58,PR,GE09,0.9636655153568691,7.973737567604566,2015-03-23
PR_G5-1_2_GE09_28_26,61,PR,GE09,0.7498509601932841,8.72358852779785,2015-06-05
PR_G5-1_2_GE09_28_26,62,PR,GE09,0.9139980950866256,10.551584717971101,2015-07-31
PR_G5-1_2_GE09_28_26,63,PR,GE09,0.882377424286671,11.433962142257773,2015-08-28
PR_G5-1_2_GE09_28_26,65,PR,GE09,0.8554074933742499,12.289369635632022,2015-10-05
PR_G5-1_2_GE09_28_26,66,PR,GE09,0.9123529870018935,14.11407560963581,2015-11-30
PR_G5-1_2_GE09_28_26,68,PR,GE09,0.8114776034000379,14.925553213035847,2016-01-25
PR_G5-1_2_GE09_28_26,69,PR,GE09,0.669383957471249,15.594937170507096,2016-02-22
PR_G5-1_2_GE09_28_26,70,PR,GE09,0.7323496584379794,17.059636487383052,2016-03-30
PR_G5-1_2_GE09_28_26,72,PR,GE09,0.8773072313875381,17.93694371877059,2016-05-06
PR_G5-1_2_GE09_28_26,73,PR,GE09,0.893425136193394,18.830368854963982,2016-06-03
PR_G5-1_2_GE09_28_26,74,PR,GE09,1.1183631532225184,21.06709516140902,2016-07-29
PR_G5-1_2_GE09_28_26,77,PR,GE09,1.0092224242246348,23.085540009858292,2016-10-31
PR_G5-1_2_GE09_28_26,82,PR,GE09,0.852745900303586,23.938285910161877,2017-03-20
PR_G5-1_2_GE09_28_26,86,PR,GE09,1.153913702561278,25.092199612723157,2017-07-10
PR_G5-1_2_GE09_28_26,87,PR,GE09,1.128160812479271,26.22036042520243,2017-08-16
PR_G5-1_2_GE09_28_26,88,PR,GE09,1.196733258272098,27.417093683474526,2017-09-22
PR_G5-1_2_GE09_28_26,89,PR,GE09,1.3597627652154731,28.776856448689998,2017-10-30
PR_G5-1_2_GE09_28_26,91,PR,GE09,1.485825157138695,30.262681605828693,2017-12-06
PR_G5-1_2_GE09_28_26,92,PR,GE09,1.444062768071525,31.706744373900218,2018-01-12
PR_G5-1_2_GE09_28_26,93,PR,GE09,1.414071212416811,33.12081558631703,2018-02-09
PR_G5-1_2_GE09_28_26,94,PR,GE09,1.1874702841459301,34.30828587046296,2018-03-09
PR_G5-1_2_GE09_28_26,95,PR,GE09,1.314613435431576,35.622899305894535,2018-04-16
PR_G5-1_2_GE09_28_26,98,PR,GE09,1.483014234282353,37.105913540176886,2018-07-09
PR_G5-1_2_GE09_28_26,100,PR,GE09,1.393848493109266,38.49976203328615,2018-09-12
PR_G5-1_2_GE09_28_26,101,PR,GE09,1.601070588736941,40.10083262202309,2018-10-10
PR_G5-1_2_GE09_28_26,104,PR,GE09,1.7524915006624227,43.60581562334794,2019-01-30
PR_G5-1_2_GE09_28_26,105,PR,GE09,1.629814542385581,45.23563016573352,2019-02-27
PR_G5-1_2_GE09_28_26,107,PR,GE09,1.598592095918169,46.83422226165169,2019-04-05
PR_G5-1_2_GE09_28_26,108,PR,GE09,1.896590683083378,48.730812944735064,2019-05-03
PR_G5-1_2_GE09_28_26,109,PR,GE09,1.347686176286075,50.07849912102114,2019-06-19
PR_G5-1_2_GE09_28_26,110,PR,GE09,1.369194675243453,51.447693796264595,2019-07-08
PR_G5-1_2_GE09_28_26,112,PR,GE09,1.307078082284195,52.75477187854879,2019-09-02
PR_G5-1_2_GE09_28_26,117,PR,GE09,1.8512085319793394,56.457188942507464,2020-02-26
PR_G5-1_2_GE09_28_26,120,PR,GE09,2.1991559863158243,60.85550091513911,2020-05-29
PR_G5-1_2_GE09_28_26,123,PR,GE09,1.919164710532516,62.774665625671624,2020-08-20
PR_G5-1_2_GE09_28_26,124,PR,GE09,1.974602979573027,64.74926860524465,2020-09-12
PR_G5-1_2_GE09_28_26,125,PR,GE09,2.037916415428851,66.7871850206735,2020-10-19
PR_G5-1_2_GE09_28_26,128,PR,GE09,1.9087217417433693,70.60462850416025,2021-01-29
PR_G5-1_2_GE09_28_26,130,PR,GE09,2.03136141760272,72.63598992176297,2021-03-29
PR_G5-1_2_GE09_28_26,136,PR,GE09,2.008010093697519,74.64400001546049,2021-09-22
PR_G5-1_2_GE09_28_26,139,PR,GE09,1.7342680452069639,76.37826806066745,2021-12-13
PR_G5-1_2_GE09_28_26,140,PR,GE09,2.075539446845925,80.5293469543593,2022-01-31
PR_G5-1_2_GE09_28_26,142,PR,GE09,2.016985169118632,82.54633212347792,2022-03-18
PR_G5-1_2_GE09_28_26,143,PR,GE09,2.5563657921102267,85.10269791558815,2022-04-11
PR_G5-1_2_GE09_28_26,150,PR,GE09,1.6672343412895971,88.43716659816735,2022-11-30
PR_G5-1_2_GE09_28_26,152,PR,GE09,2.1727601062565918,90.60992670442394,2023-01-06
PR_G5-1_2_GE09_28_26,161,PR,GE09,1.624390393428198,92.23431709785214,2023-10-05
PR_G5-1_2_GE09_28_26,163,PR,GE09,1.845248594971208,94.07956569282335,2023-12-02
PR_G5-1_2_GE09_29_25,47,PR,GE09,0.42367279530421686,0.8473455906084337,2014-04-11
PR_G5-1_2_GE09_29_25,48,PR,GE09,0.4721015484745348,1.3194471390829685,2014-05-28
PR_G5-1_2_GE09_29_25,50,PR,GE09,0.4572632513398317,1.7767103904228003,2014-07-04
PR_G5-1_2_GE09_29_25,51,PR,GE09,0.581099301809795,2.9389089940423903,2014-08-29
PR_G5-1_2_GE09_29_25,53,PR,GE09,0.44957851756712003,3.3884875116095103,2014-10-06
PR_G5-1_2_GE09_29_25,54,PR,GE09,0.5768374472114516,3.965324958820962,2014-11-21
PR_G5-1_2_GE09_29_25,55,PR,GE09,0.5607849288928412,4.526109887713803,2014-12-01
PR_G5-1_2_GE09_29_25,56,PR,GE09,0.557338635909464,5.083448523623267,2015-01-07
PR_G5-1_2_GE09_29_25,57,PR,GE09,0.4573664766976055,5.5408150003208725,2015-02-23
PR_G5-1_2_GE09_29_25,58,PR,GE09,0.4938571413402419,6.034672141661114,2015-03-04
PR_G5-1_2_GE09_29_25,59,PR,GE09,0.5803577044187624,7.19538755049864,2015-04-29
PR_G5-1_2_GE09_29_25,61,PR,GE09,0.49883889991426855,7.694226450412908,2015-06-24
PR_G5-1_2_GE09_29_25,62,PR,GE09,0.5923290704423185,8.878884591297545,2015-07-31
PR_G5-1_2_GE09_29_25,65,PR,GE09,0.695996639575468,9.574881230873013,2015-10-05
PR_G5-1_2_GE09_29_25,66,PR,GE09,0.5595384905217737,10.134419721394787,2015-11-11
PR_G5-1_2_GE09_29_25,67,PR,GE09,0.6017247951492093,10.736144516543996,2015-12-09
PR_G5-1_2_GE09_29_25,68,PR,GE09,0.6606574851640349,11.396802001708032,2016-01-25
PR_G5-1_2_GE09_29_25,69,PR,GE09,0.4930542468021579,11.88985624851019,2016-02-03
PR_G5-1_2_GE09_29_25,70,PR,GE09,0.4573735559078823,12.804603360325956,2016-03-30
PR_G5-1_2_GE09_29_25,72,PR,GE09,0.791042033953395,13.595645394279352,2016-05-06
PR_G5-1_2_GE09_29_25,73,PR,GE09,0.7696906593349174,14.36533605361427,2016-06-13
PR_G5-1_2_GE09_29_25,74,PR,GE09,0.5895354711531405,15.54440699592055,2016-07-29
PR_G5-1_2_GE09_29_25,76,PR,GE09,0.646273345110839,16.19068034103139,2016-09-14
PR_G5-1_2_GE09_29_25,77,PR,GE09,0.637111903649083,16.82779224468047,2016-10-03
PR_G5-1_2_GE09_29_25,78,PR,GE09,0.6068239347538676,17.43461617943434,2016-11-09
PR_G5-1_2_GE09_29_25,83,PR,GE09,0.793569185992698,18.228185365427038,2017-04-26
PR_G5-1_2_GE09_29_25,85,PR,GE09,0.991333872958815,20.210853111344665,2017-06-30
PR_G5-1_2_GE09_29_25,87,PR,GE09,1.03906171810756,21.249914829452226,2017-08-16
PR_G5-1_2_GE09_29_25,88,PR,GE09,1.110952257690116,22.360867087142342,2017-09-13
PR_G5-1_2_GE09_29_25,89,PR,GE09,1.1455624065530499,23.506429493695393,2017-10-02
PR_G5-1_2_GE09_29_25,90,PR,GE09,1.1547939052549796,25.816017304205353,2017-11-27
PR_G5-1_2_GE09_29_25,92,PR,GE09,1.2622614364928662,27.07827874069822,2018-01-12
PR_G5-1_2_GE09_29_25,94,PR,GE09,0.950922854316915,28.029201595015135,2018-03-09
PR_G5-1_2_GE09_29_25,97,PR,GE09,1.207197088898753,29.236398683913887,2018-06-11
PR_G5-1_2_GE09_29_25,98,PR,GE09,1.234212025440304,30.47061070935419,2018-07-09
PR_G5-1_2_GE09_29_25,100,PR,GE09,1.28602091109865,31.75663162045284,2018-09-03
PR_G5-1_2_GE09_29_25,104,PR,GE09,0.752159807398482,32.50879142785132,2019-01-11
PR_G5-1_2_GE09_29_25,105,PR,GE09,1.007780536409949,33.51657196426127,2019-02-08
PR_G5-1_2_GE09_29_25,106,PR,GE09,1.368981031719709,34.88555299598097,2019-03-27
PR_G5-1_2_GE09_29_25,107,PR,GE09,1.3433673149425012,36.22892031092347,2019-04-24
PR_G5-1_2_GE09_29_25,109,PR,GE09,1.435780117528526,37.664700428451994,2019-06-28
PR_G5-1_2_GE09_29_25,111,PR,GE09,1.532273784436364,39.19697421288836,2019-08-14
PR_G5-1_2_GE09_29_25,112,PR,GE09,1.303358725244225,40.50033293813258,2019-09-02
PR_G5-1_2_GE09_29_25,116,PR,GE09,1.310230154798766,41.810563092931346,2020-01-29
PR_G5-1_2_GE09_29_25,121,PR,GE09,1.6161992788977648,43.42676237182911,2020-06-17
PR_G5-1_2_GE09_29_25,122,PR,GE09,1.7160422838782918,45.14280465570741,2020-07-07
PR_G5-1_2_GE09_29_25,123,PR,GE09,1.846988386187522,46.98979304189493,2020-08-08
PR_G5-1_2_GE09_29_25,124,PR,GE09,1.574348722909576,48.5641417648045,2020-09-01
PR_G5-1_2_GE09_29_25,125,PR,GE09,1.475189807624438,50.03933157242894,2020-10-19
PR_G5-1_2_GE09_29_25,129,PR,GE09,1.323087397714801,51.36241897014374,2021-02-10
PR_G5-1_2_GE09_29_25,130,PR,GE09,1.312261638960221,52.674680609103966,2021-03-05
PR_G5-1_2_GE09_29_25,133,PR,GE09,1.801665656149801,54.47634626525377,2021-06-30
PR_G5-1_2_GE09_29_25,135,PR,GE09,2.021301293333923,56.49764755858769,2021-08-06
PR_G5-1_2_GE09_29_25,140,PR,GE09,1.2644508576619586,59.0265492739116,2022-01-31
PR_G5-1_2_GE09_29_25,147,PR,GE09,2.10771595466691,61.134265228578506,2022-08-17
PR_G5-1_2_GE09_29_25,148,PR,GE09,2.079293164056537,63.21355839263504,2022-09-09
PR_G5-1_2_GE09_29_25,149,PR,GE09,1.8842615075485192,65.09781990018357,2022-10-14
PR_G5-1_2_GE09_29_25,150,PR,GE09,1.8091099048139865,68.71603970981154,2022-11-30
PR_G5-1_2_GE09_29_25,152,PR,GE09,1.8623278318308178,70.57836754164235,2023-01-30
PR_G5-1_2_GE09_29_25,154,PR,GE09,1.547015474311298,72.12538301595364,2023-03-31
PR_G5-1_2_GE09_29_25,156,PR,GE09,1.325823162518472,73.45120617847212,2023-05-05
PR_G5-1_2_GE09_29_25,164,PR,GE09,1.443275809206839,76.3377577968858,2024-01-30
PR_G5-1_2_GE12_29_10,47,PR,GE12,0.460132791427071,0.920265582854142,2014-04-30
PR_G5-1_2_GE12_29_10,48,PR,GE12,0.4318578018322267,1.3521233846863687,2014-05-28
PR_G5-1_2_GE12_29_10,50,PR,GE12,0.3686518287145204,1.7207752134008891,2014-07-04
PR_G5-1_2_GE12_29_10,51,PR,GE12,0.2553230091243881,1.9760982225252772,2014-08-11
PR_G5-1_2_GE12_29_10,52,PR,GE12,0.3570274591738434,2.3331256816991206,2014-09-08
PR_G5-1_2_GE12_29_10,53,PR,GE12,0.3169266472081,2.6500523289072206,2014-10-06
PR_G5-1_2_GE12_29_10,54,PR,GE12,0.3910566270805727,3.0411089559877933,2014-11-03
PR_G5-1_2_GE12_29_10,59,PR,GE12,0.644624575937128,3.6857335319249214,2015-04-20
PR_G5-1_2_GE12_29_10,60,PR,GE12,0.596113196279943,4.281846728204864,2015-05-08
PR_G5-1_2_GE12_29_10,61,PR,GE12,0.545255116384606,4.82710184458947,2015-06-15
PR_G5-1_2_GE12_29_10,63,PR,GE12,0.6679466001053209,6.162995044800112,2015-08-28
PR_G5-1_2_GE12_29_10,65,PR,GE12,0.574497986726595,6.737493031526706,2015-10-05
PR_G5-1_2_GE12_29_10,66,PR,GE12,0.5280120960001995,7.793517223527105,2015-11-30
PR_G5-1_2_GE12_29_10,73,PR,GE12,0.5194765428124445,8.312993766339549,2016-06-13
PR_G5-1_2_GE12_29_10,74,PR,GE12,0.7818870134417605,9.876767793223069,2016-07-29
PR_G5-1_2_GE12_29_10,76,PR,GE12,0.614421329832202,10.491189123055271,2016-09-23
PR_G5-1_2_GE12_29_10,77,PR,GE12,0.56869622375022,11.628581570555712,2016-10-31
PR_G5-1_2_GE12_29_10,89,PR,GE12,0.929173748356559,13.486929067268829,2017-10-30
PR_G5-1_2_GE12_29_10,91,PR,GE12,1.03625950107653,14.52318856834536,2017-12-06
PR_G5-1_2_GE12_29_10,92,PR,GE12,0.7177409053957929,15.240929473741152,2018-01-31
PR_G5-1_2_GE12_29_10,102,PR,GE12,1.2842935820320676,17.809516637805288,2018-11-26
PR_G5-1_2_GE12_29_10,105,PR,GE12,1.2196138576064088,19.029130495411696,2019-02-27
PR_G5-1_2_GE12_29_10,108,PR,GE12,1.324503818606519,20.353634314018215,2019-05-03
PR_G5-1_2_GE12_29_10,109,PR,GE12,1.4110995659607994,23.175833445939812,2019-06-28
PR_G5-1_2_GE12_29_10,113,PR,GE12,0.889555061648085,24.065388507587897,2019-10-18
PR_G5-1_2_GE12_29_10,114,PR,GE12,0.885911595639247,24.951300103227144,2019-11-25
PR_G5-1_2_GE12_29_10,120,PR,GE12,0.958823018827846,25.91012312205499,2020-05-29
PR_G5-1_2_GE12_29_10,122,PR,GE12,2.023953342985382,27.934076465040373,2020-07-07
PR_G5-1_2_GE12_29_10,123,PR,GE12,1.917678252320622,29.851754717360997,2020-08-08
PR_G5-1_2_GE12_29_10,124,PR,GE12,1.682386593394223,31.53414131075522,2020-09-01
PR_G5-1_2_GE12_29_10,125,PR,GE12,1.524788272831939,33.05892958358716,2020-10-07
PR_G5-1_2_GE12_29_10,126,PR,GE12,1.1290793581389509,34.18800894172611,2020-11-17
PR_G5-1_2_GE12_29_10,135,PR,GE12,2.0705713509169943,36.2585802926431,2021-08-30
PR_G5-1_2_GE12_29_10,137,PR,GE12,1.451685339131174,37.71026563177428,2021-10-27
PR_G5-1_2_GE12_29_10,138,PR,GE12,1.504487091748826,39.214752723523105,2021-11-08
PR_G5-1_2_GE12_29_10,139,PR,GE12,1.717265178945416,40.93201790246852,2021-12-01
PR_G5-1_2_GE12_29_10,140,PR,GE12,1.202928550965893,42.13494645343442,2022-01-19
PR_G5-1_2_GE12_29_10,152,PR,GE12,2.560558713136729,44.695505166571145,2023-01-30
PR_G5-1_2_GE12_29_10,159,PR,GE12,2.452788751386022,47.14829391795717,2023-08-31
PR_G5-1_2_GE12_29_10,161,PR,GE12,2.076489515057883,49.22478343301505,2023-10-05
PR_G5-1_2_GE12_29_8,47,PR,GE12,0.4451000334263004,0.8902000668526008,2014-04-30
PR_G5-1_2_GE12_29_8,49,PR,GE12,0.417374209851885,1.3075742767044858,2014-06-06
PR_G5-1_2_GE12_29_8,50,PR,GE12,0.37515785027088083,1.6827321269753666,2014-07-04
PR_G5-1_2_GE12_29_8,51,PR,GE12,0.47202705663839806,2.1547591836137645,2014-08-01
PR_G5-1_2_GE12_29_8,52,PR,GE12,0.42490515624974456,2.579664339863509,2014-09-08
PR_G5-1_2_GE12_29_8,59,PR,GE12,0.718406009073028,4.016476358009565,2015-04-29
PR_G5-1_2_GE12_29_8,61,PR,GE12,0.814737183676857,4.831213541686422,2015-06-15
PR_G5-1_2_GE12_29_8,62,PR,GE12,0.721401189365984,5.552614731052406,2015-07-13
PR_G5-1_2_GE12_29_8,63,PR,GE12,0.6390188908496539,6.19163362190206,2015-08-10
PR_G5-1_2_GE12_29_8,65,PR,GE12,0.54714185920946,6.73877548111152,2015-10-14
PR_G5-1_2_GE12_29_8,66,PR,GE12,0.622811612957088,7.361587094068608,2015-11-20
PR_G5-1_2_GE12_29_8,67,PR,GE12,0.5201058255585471,7.881692919627155,2015-12-09
PR_G5-1_2_GE12_29_8,72,PR,GE12,0.7875047742678529,8.669197693895008,2016-05-06
PR_G5-1_2_GE12_29_8,73,PR,GE12,0.9216199947825741,9.590817688677582,2016-06-03
PR_G5-1_2_GE12_29_8,74,PR,GE12,0.7185394109756971,10.30935709965328,2016-07-01
PR_G5-1_2_GE12_29_8,77,PR,GE12,0.49459782316754997,10.80395492282083,2016-10-21
PR_G5-1_2_GE12_29_8,78,PR,GE12,0.4842949266873451,11.772544776195522,2016-11-28
PR_G5-1_2_GE12_29_8,88,PR,GE12,1.0029419853785269,12.775486761574049,2017-09-13
PR_G5-1_2_GE12_29_8,89,PR,GE12,1.004533707607702,13.780020469181752,2017-10-02
PR_G5-1_2_GE12_29_8,90,PR,GE12,1.106450050021006,14.886470519202758,2017-11-08
PR_G5-1_2_GE12_29_8,92,PR,GE12,1.174210401459854,16.060680920662612,2018-01-22
PR_G5-1_2_GE12_29_8,98,PR,GE12,1.574418675295421,17.63509959595803,2018-07-09
PR_G5-1_2_GE12_29_8,99,PR,GE12,1.511290574712643,19.146390170670674,2018-08-24
PR_G5-1_2_GE12_29_8,100,PR,GE12,1.359283037937149,20.505673208607824,2018-09-03
PR_G5-1_2_GE12_29_8,101,PR,GE12,1.593881238373642,22.099554446981465,2018-10-01
PR_G5-1_2_GE12_29_8,102,PR,GE12,1.524817255148858,23.624371702130322,2018-11-07
PR_G5-1_2_GE12_29_8,103,PR,GE12,1.4209958156049198,25.04536751773524,2018-12-05
PR_G5-1_2_GE12_29_8,104,PR,GE12,0.9241083659096619,25.9694758836449,2019-01-11
PR_G5-1_2_GE12_29_8,113,PR,GE12,1.6380136959689158,27.607489579613816,2019-10-09
PR_G5-1_2_GE12_29_8,114,PR,GE12,1.23099581390574,28.838485393519555,2019-11-06
PR_G5-1_2_GE12_29_8,118,PR,GE12,1.3091337197739579,30.147619113293512,2020-03-25
PR_G5-1_2_GE12_29_8,124,PR,GE12,1.04196742799504,31.189586541288552,2020-09-25
PR_G5-1_2_GE12_29_8,125,PR,GE12,1.834251512106074,33.02383805339463,2020-10-07
PR_G5-1_2_GE12_29_8,131,PR,GE12,2.127234724366326,35.15107277776095,2021-04-09
PR_G5-1_2_GE12_29_8,133,PR,GE12,1.801344583850934,36.952417361611886,2021-06-18
PR_G5-1_2_GE12_29_8,134,PR,GE12,1.878401850803199,38.830819212415086,2021-07-26
PR_G5-1_2_GE12_29_8,135,PR,GE12,1.606568313983794,40.43738752639888,2021-08-30
PR_G5-1_2_GE12_29_8,156,PR,GE12,3.0212027625690663,43.45859028896795,2023-05-17
PR_G5-1_2_GE12_29_8,163,PR,GE12,3.0635873821153012,46.52217767108325,2023-12-18
PR_G5-1_2_GE12_29_8,164,PR,GE12,3.0228416969298992,49.54501936801315,2024-01-06
PR_G5-1_2_GE12_29_9,47,PR,GE12,0.2698007696026544,0.5396015392053088,2014-04-30
PR_G5-1_2_GE12_29_9,48,PR,GE12,0.3826233449617962,0.922224884167105,2014-05-28
PR_G5-1_2_GE12_29_9,50,PR,GE12,0.1911489454898863,1.1133738296569913,2014-07-04
PR_G5-1_2_GE12_29_9,51,PR,GE12,0.2274529608037274,1.3408267904607187,2014-08-11
PR_G5-1_2_GE12_29_9,52,PR,GE12,0.348567660330261,1.6893944507909797,2014-09-17
PR_G5-1_2_GE12_29_9,59,PR,GE12,0.7004156855562407,3.090225821903461,2015-04-29
PR_G5-1_2_GE12_29_9,61,PR,GE12,0.731573173296588,3.821798995200049,2015-06-05
PR_G5-1_2_GE12_29_9,62,PR,GE12,0.737821000374783,5.297440995949615,2015-07-31
PR_G5-1_2_GE12_29_9,64,PR,GE12,0.432170073729993,5.729611069679608,2015-09-07
PR_G5-1_2_GE12_29_9,73,PR,GE12,1.160188682425295,6.889799752104903,2016-06-13
PR_G5-1_2_GE12_29_9,74,PR,GE12,0.98941597709545,8.868631706295803,2016-07-29
PR_G5-1_2_GE12_29_9,76,PR,GE12,0.778784290893342,9.647415997189144,2016-09-05
PR_G5-1_2_GE12_29_9,77,PR,GE12,1.092210113953331,11.831836225095806,2016-10-31
PR_G5-1_2_GE12_29_9,79,PR,GE12,0.830680644738371,12.662516869834176,2016-12-07
PR_G5-1_2_GE12_29_9,80,PR,GE12,0.842377222450752,13.504894092284928,2017-01-13
PR_G5-1_2_GE12_29_9,81,PR,GE12,0.704511144952932,14.20940523723786,2017-02-20
PR_G5-1_2_GE12_29_9,90,PR,GE12,1.243881876307123,16.697168989852106,2017-11-27
PR_G5-1_2_GE12_29_9,92,PR,GE12,1.2691647210603412,17.966333710912448,2018-01-22
PR_G5-1_2_GE12_29_9,100,PR,GE12,1.589471903911227,19.555805614823676,2018-09-03
PR_G5-1_2_GE12_29_9,101,PR,GE12,1.771173370404895,21.32697898522857,2018-10-10
PR_G5-1_2_GE12_29_9,103,PR,GE12,1.423059637843575,22.750038623072147,2018-12-05
PR_G5-1_2_GE12_29_9,106,PR,GE12,1.5315976446707829,24.28163626774293,2019-03-08
PR_G5-1_2_GE12_29_9,109,PR,GE12,1.9028277880727478,26.184464055815678,2019-06-28
PR_G5-1_2_GE12_29_9,111,PR,GE12,1.959221210024894,28.14368526584057,2019-08-05
PR_G5-1_2_GE12_29_9,116,PR,GE12,2.600110773027092,30.743796038867664,2020-01-10
PR_G5-1_2_GE12_29_9,121,PR,GE12,1.97436355109147,32.718159589959136,2020-06-26
PR_G5-1_2_GE12_29_9,122,PR,GE12,2.086439457438484,34.804599047397616,2020-07-28
PR_G5-1_2_GE12_29_9,126,PR,GE12,1.817771722048413,36.62237076944603,2020-11-17
PR_G5-1_2_GE12_29_9,134,PR,GE12,2.270119725785586,38.89249049523161,2021-07-13
PR_G5-1_2_GE12_29_9,135,PR,GE12,1.951939952069747,40.84443044730136,2021-08-30
PR_G5-1_2_GE12_29_9,138,PR,GE12,2.015676773020333,42.860107220321694,2021-11-08
PR_G5-1_2_GE12_29_9,159,PR,GE12,2.189740753643902,45.0498479739656,2023-08-31
PR_G5-1_2_GE12_29_9,162,PR,GE12,2.848735932186066,47.898583906151664,2023-11-21
PR_G5-1_2_GE12_29_9,163,PR,GE12,2.590717546170349,50.48930145232201,2023-12-14
SMSE_B22_1_GE02_4_8,41,SMSE,GE02,1.2483896103896117,1.2483896103896117,2014-06-23
SMSE_B22_1_GE02_4_8,42,SMSE,GE02,0.4996875287197866,1.7480771391093983,2014-07-01
SMSE_B22_1_GE02_4_8,43,SMSE,GE02,0.5123386432298821,2.2604157823392805,2014-08-01
SMSE_B22_1_GE02_4_8,44,SMSE,GE02,0.2398095072564528,2.5002252895957335,2014-09-01
SMSE_B22_1_GE02_4_8,45,SMSE,GE02,0.181161085793541,2.6813863753892746,2014-10-01
SMSE_B22_1_GE02_4_8,46,SMSE,GE02,0.547416222987786,3.2288025983770607,2014-11-03
SMSE_B22_1_GE02_4_8,48,SMSE,GE02,0.5045000941442292,3.73330269252129,2015-01-05
SMSE_B22_1_GE02_4_8,49,SMSE,GE02,0.54756019119032,4.2808628837116105,2015-02-02
SMSE_B22_1_GE02_4_8,50,SMSE,GE02,0.51830234873147,4.79916523244308,2015-03-02
SMSE_B22_1_GE02_4_8,51,SMSE,GE02,0.4283315213170769,5.227496753760157,2015-04-13
SMSE_B22_1_GE02_4_8,52,SMSE,GE02,0.878224598930482,6.105721352690638,2015-05-04
SMSE_B22_1_GE02_4_8,55,SMSE,GE02,0.628654104120089,6.734375456810728,2015-08-24
SMSE_B22_1_GE02_4_8,56,SMSE,GE02,0.775781169943993,7.510156626754721,2015-09-07
SMSE_B22_1_GE02_4_8,57,SMSE,GE02,0.765273808400188,8.27543043515491,2015-10-05
SMSE_B22_1_GE02_4_8,58,SMSE,GE02,0.5089921121822962,8.784422547337206,2015-11-02
SMSE_B22_1_GE02_4_8,59,SMSE,GE02,0.6690270426888161,9.453449590026022,2015-12-21
SMSE_B22_1_GE02_4_8,60,SMSE,GE02,0.761710042240087,10.21515963226611,2016-01-04
SMSE_B22_1_GE02_4_8,61,SMSE,GE02,0.48539130434782596,10.700550936613936,2016-02-09
SMSE_B22_1_GE02_4_8,68,SMSE,GE02,0.8947841780718906,11.595335114685827,2016-09-13
SMSE_B22_1_GE02_4_8,69,SMSE,GE02,1.62535195165768,13.220687066343508,2016-10-17
SMSE_B22_1_GE02_4_8,70,SMSE,GE02,1.3284851388179189,14.549172205161428,2016-11-01
SMSE_B22_1_GE02_4_8,75,SMSE,GE02,1.2476923076923079,15.796864512853736,2017-04-17
SMSE_B22_1_GE02_4_8,76,SMSE,GE02,1.469965867465872,17.266830380319607,2017-05-02
SMSE_B22_1_GE02_4_8,77,SMSE,GE02,1.711453388372892,18.9782837686925,2017-06-06
SMSE_B22_1_GE02_4_8,78,SMSE,GE02,1.3708729660291161,20.349156734721614,2017-07-17
SMSE_B22_1_GE02_4_8,79,SMSE,GE02,1.5681815889029012,21.917338323624517,2017-08-07
SMSE_B22_1_GE02_4_8,83,SMSE,GE02,0.61875,22.536088323624515,2017-12-18
SMSE_B22_1_GE02_4_8,84,SMSE,GE02,1.2848076449436001,23.820895968568117,2018-01-02
SMSE_B22_1_GE02_4_8,85,SMSE,GE02,1.085292060421162,24.906188028989277,2018-02-12
SMSE_B22_1_GE02_4_8,86,SMSE,GE02,1.662458971924591,26.568647000913867,2018-03-12
SMSE_B22_1_GE02_4_8,87,SMSE,GE02,1.2019947032117044,27.77064170412557,2018-04-09
SMSE_B22_1_GE02_4_8,88,SMSE,GE02,1.149957622981238,28.920599327106807,2018-05-28
SMSE_B22_1_GE02_4_8,89,SMSE,GE02,1.116719363435765,30.037318690542573,2018-06-25
SMSE_B22_1_GE02_4_8,90,SMSE,GE02,1.129894353369763,31.167213043912337,2018-07-02
SMSE_B22_1_GE02_4_8,91,SMSE,GE02,1.1366679136427489,32.30388095755509,2018-08-06
SMSE_B22_1_GE02_4_8,92,SMSE,GE02,0.930069216757741,33.23395017431283,2018-09-01
SMSE_B22_1_GE02_4_8,93,SMSE,GE02,0.854835511491663,34.088785685804496,2018-10-15
SMSE_B22_1_GE02_4_8,94,SMSE,GE02,0.77417120197463,34.86295688777913,2018-11-05
SMSE_B22_1_GE02_4_8,95,SMSE,GE02,1.6498032786885202,36.51276016646765,2018-12-03
SMSE_B22_1_GE02_4_8,96,SMSE,GE02,0.809331276829821,37.322091443297474,2019-01-14
SMSE_B22_1_GE02_4_8,97,SMSE,GE02,0.7721156750226521,38.09420711832013,2019-02-18
SMSE_B22_1_GE02_4_8,98,SMSE,GE02,0.705,38.799207118320126,2019-03-04
SMSE_B22_1_GE02_4_9,42,SMSE,GE02,0.2124377137274055,0.2124377137274055,2014-07-01
SMSE_B22_1_GE02_4_9,43,SMSE,GE02,0.28339563250049193,0.49583334622789743,2014-08-01
SMSE_B22_1_GE02_4_9,44,SMSE,GE02,0.39574426122847384,0.8915776074563713,2014-09-01
SMSE_B22_1_GE02_4_9,45,SMSE,GE02,0.3439093478971559,1.2354869553535273,2014-10-01
SMSE_B22_1_GE02_4_9,46,SMSE,GE02,0.38717732991701403,1.6226642852705413,2014-11-07
SMSE_B22_1_GE02_4_9,48,SMSE,GE02,0.3556973516523805,1.9783616369229218,2015-01-05
SMSE_B22_1_GE02_4_9,49,SMSE,GE02,0.6610319763094129,2.639393613232335,2015-02-02
SMSE_B22_1_GE02_4_9,50,SMSE,GE02,0.6532468396540251,3.29264045288636,2015-03-02
SMSE_B22_1_GE02_4_9,51,SMSE,GE02,0.4154291605037874,3.7080696133901476,2015-04-13
SMSE_B22_1_GE02_4_9,52,SMSE,GE02,0.623341772151899,4.331411385542046,2015-05-04
SMSE_B22_1_GE02_4_9,53,SMSE,GE02,0.4798168789808917,4.8112282645229385,2015-06-01
SMSE_B22_1_GE02_4_9,55,SMSE,GE02,0.4350165610304645,5.246244825553403,2015-08-24
SMSE_B22_1_GE02_4_9,56,SMSE,GE02,0.5481684863956512,5.794413311949055,2015-09-07
SMSE_B22_1_GE02_4_9,57,SMSE,GE02,0.6216666666666666,6.416079978615722,2015-10-05
SMSE_B22_1_GE02_4_9,58,SMSE,GE02,0.46724637681159387,6.883326355427315,2015-11-02
SMSE_B22_1_GE02_4_9,59,SMSE,GE02,0.7194450190528037,7.602771374480119,2015-12-21
SMSE_B22_1_GE02_4_9,60,SMSE,GE02,0.4359627722056567,8.038734146685776,2016-01-04
SMSE_B22_1_GE02_4_9,61,SMSE,GE02,0.656884677214654,8.69561882390043,2016-02-09
SMSE_B22_1_GE02_4_9,68,SMSE,GE02,0.47061038961039003,9.166229213510821,2016-09-13
SMSE_B22_1_GE02_4_9,69,SMSE,GE02,0.768413869166609,9.93464308267743,2016-10-17
SMSE_B22_1_GE02_4_9,70,SMSE,GE02,1.105150326797386,11.039793409474816,2016-11-01
SMSE_B22_1_GE02_4_9,71,SMSE,GE02,0.728736392448671,11.768529801923487,2016-12-13
SMSE_B22_1_GE02_4_9,72,SMSE,GE02,0.8077124183006541,12.576242220224142,2017-01-02
SMSE_B22_1_GE02_4_9,75,SMSE,GE02,0.830112440989939,13.406354661214081,2017-04-17
SMSE_B22_1_GE02_4_9,76,SMSE,GE02,0.58833091436865,13.99468557558273,2017-05-08
SMSE_B22_1_GE02_4_9,77,SMSE,GE02,0.704360254083484,14.699045829666215,2017-06-06
SMSE_B22_1_GE02_4_9,78,SMSE,GE02,0.904994587253548,16.509035004173313,2017-07-08
SMSE_B22_1_GE02_4_9,80,SMSE,GE02,1.08244124129591,17.591476245469224,2017-09-18
SMSE_B22_1_GE02_4_9,81,SMSE,GE02,0.835925997592019,18.42740224306124,2017-10-09
SMSE_B22_1_GE02_4_9,82,SMSE,GE02,0.656534703894059,19.0839369469553,2017-11-06
SMSE_B22_1_GE02_4_9,83,SMSE,GE02,0.571835029370398,19.6557719763257,2017-12-04
SMSE_B22_1_GE02_4_9,84,SMSE,GE02,0.3716569189026233,20.027428895228322,2018-01-22
SMSE_B22_1_GE02_4_9,85,SMSE,GE02,0.3443418148019054,20.371770710030226,2018-02-12
SMSE_B22_1_GE02_4_9,86,SMSE,GE02,0.52869946369637,20.900470173726596,2018-03-05
SMSE_B22_1_GE02_4_9,90,SMSE,GE02,0.6395860927152319,21.540056266441827,2018-07-23
SMSE_B22_1_GE02_4_9,91,SMSE,GE02,1.336219203315679,22.876275469757505,2018-08-06
SMSE_B22_1_GE02_4_9,92,SMSE,GE02,0.7785036119711051,23.65477908172861,2018-09-17
SMSE_B22_1_GE02_4_9,93,SMSE,GE02,0.6838309699818601,24.338610051710468,2018-10-22
SMSE_B22_1_GE02_4_9,94,SMSE,GE02,0.678921926027189,25.017531977737658,2018-11-19
SMSE_B22_1_GE02_4_9,95,SMSE,GE02,0.7484504931445819,25.76598247088224,2018-12-10
SMSE_B22_1_GE02_4_9,96,SMSE,GE02,0.84382686713917,26.60980933802141,2019-01-08
SMSE_B22_1_GE02_4_9,97,SMSE,GE02,0.783197385620915,27.393006723642326,2019-02-11
SMSE_B22_1_GE02_4_9,98,SMSE,GE02,0.642877238543527,28.035883962185853,2019-03-04
SMSE_B22_1_GE02_4_9,101,SMSE,GE02,0.901979668271804,28.937863630457656,2019-06-17
SMSE_B22_1_GE02_4_9,102,SMSE,GE02,0.848846413865159,29.786710044322817,2019-07-08
SMSE_B22_1_GE02_4_9,103,SMSE,GE02,1.083028980358321,30.869739024681138,2019-08-05
SMSE_B22_1_GE02_4_9,104,SMSE,GE02,0.7871949760765549,31.656934000757694,2019-09-02
SMSE_B22_1_GE02_4_9,105,SMSE,GE02,0.857264099211203,32.514198099968894,2019-10-07
SMSE_B22_1_GE02_4_9,106,SMSE,GE02,0.901072295656866,33.41527039562576,2019-11-18
SMSE_B22_1_GE02_4_9,107,SMSE,GE02,0.6476367758486965,34.06290717147446,2019-12-09
SMSE_B22_1_GE02_4_9,108,SMSE,GE02,0.6513423815878928,34.71424955306235,2020-01-13
SMSE_B22_1_GE02_4_9,109,SMSE,GE02,0.76842870257038,35.482678255632734,2020-02-18
SMSE_B22_1_GE02_4_9,115,SMSE,GE02,0.642187286397813,36.12486554203055,2020-08-31
SMSE_B22_1_GE02_4_9,116,SMSE,GE02,0.9090259740259741,37.03389151605652,2020-09-07
SMSE_B22_1_GE02_4_9,117,SMSE,GE02,0.742421948912016,37.77631346496854,2020-10-12
SMSE_B22_1_GE02_4_9,122,SMSE,GE02,1.19919962773383,38.97551309270237,2021-03-22
SMSE_B22_1_GE02_4_9,123,SMSE,GE02,1.680275965183955,40.655789057886324,2021-04-19
SMSE_B22_1_GE02_4_9,124,SMSE,GE02,1.393214035087723,42.04900309297405,2021-05-31
SMSE_B22_1_GE02_4_9,125,SMSE,GE02,1.507218543046354,43.5562216360204,2021-06-21
SMSE_B22_1_GE02_4_9,126,SMSE,GE02,1.6447611650485472,45.20098280106895,2021-07-12
SMSE_B22_1_GE02_4_9,127,SMSE,GE02,1.236171925723927,46.43715472679288,2021-08-09
SMSE_B22_1_GE02_4_9,128,SMSE,GE02,1.2589969152447311,47.69615164203761,2021-09-06
SMSE_B22_1_GE02_4_9,129,SMSE,GE02,1.3439510866663091,49.04010272870392,2021-10-04
SMSE_B22_1_GE02_4_9,135,SMSE,GE02,1.1523011216566,50.19240385036052,2022-04-25
SMSE_B22_1_GE02_4_9,136,SMSE,GE02,2.085012199372602,52.27741604973312,2022-05-11
SMSE_B22_1_GE02_4_9,137,SMSE,GE02,1.4482206444328591,53.72563669416598,2022-06-15
SMSE_B22_1_GE02_4_9,138,SMSE,GE02,1.6817468373608069,55.40738353152678,2022-07-18
SMSE_B22_1_GE02_4_9,139,SMSE,GE02,1.602247760031169,57.00963129155795,2022-08-22
SMSE_B22_1_GE02_4_9,140,SMSE,GE02,1.285009576367469,58.29464086792542,2022-09-05
SMSE_B22_1_GE02_4_9,141,SMSE,GE02,1.0241482789055611,59.31878914683099,2022-10-03
SMSE_B22_1_GE02_4_9,147,SMSE,GE02,0.947638961038961,60.26642810786995,2023-04-25
SMSE_B22_1_GE02_4_9,148,SMSE,GE02,0.8305629853321821,61.09699109320213,2023-05-02
SMSE_B22_1_GE02_4_9,149,SMSE,GE02,0.744300851137745,61.84129194433987,2023-06-12
SMSE_B22_1_GE06_30_5,44,SMSE,GE06,0.40239267015706814,0.40239267015706814,2014-09-05
SMSE_B22_1_GE06_30_5,45,SMSE,GE06,0.5952546104570097,0.9976472806140778,2014-10-04
SMSE_B22_1_GE06_30_5,46,SMSE,GE06,0.5426750261233015,1.5403223067373792,2014-11-10
SMSE_B22_1_GE06_30_5,48,SMSE,GE06,0.492697247706422,2.0330195544438014,2015-01-12
SMSE_B22_1_GE06_30_5,49,SMSE,GE06,0.636309232480534,2.6693287869243356,2015-02-16
SMSE_B22_1_GE06_30_5,50,SMSE,GE06,0.617431136251844,3.2867599231761795,2015-03-09
SMSE_B22_1_GE06_30_5,51,SMSE,GE06,0.6705907457322551,3.9573506689084343,2015-04-06
SMSE_B22_1_GE06_30_5,53,SMSE,GE06,0.7766871165644171,4.734037785472852,2015-06-01
SMSE_B22_1_GE06_30_5,54,SMSE,GE06,1.0441990158556587,5.778236801328511,2015-07-06
SMSE_B22_1_GE06_30_5,55,SMSE,GE06,0.6184114145042575,6.396648215832768,2015-08-18
SMSE_B22_1_GE06_30_5,56,SMSE,GE06,0.5997793538219065,6.996427569654675,2015-09-14
SMSE_B22_1_GE06_30_5,57,SMSE,GE06,0.8845158174354021,7.880943387090078,2015-10-21
SMSE_B22_1_GE06_30_5,58,SMSE,GE06,0.6221721122871611,8.50311549937724,2015-11-16
SMSE_B22_1_GE06_30_5,59,SMSE,GE06,0.857960377554196,9.361075876931436,2015-12-14
SMSE_B22_1_GE06_30_5,68,SMSE,GE06,1.018298048454363,10.3793739253858,2016-09-19
SMSE_B22_1_GE06_30_5,69,SMSE,GE06,1.364714339409888,11.744088264795687,2016-10-10
SMSE_B22_1_GE06_30_5,70,SMSE,GE06,1.453585551727736,13.197673816523423,2016-11-07
SMSE_B22_1_GE06_30_5,71,SMSE,GE06,1.209809820808218,14.40748363733164,2016-12-05
SMSE_B22_1_GE06_30_5,78,SMSE,GE06,1.960791202043791,16.36827483937543,2017-07-10
SMSE_B22_1_GE06_30_5,79,SMSE,GE06,1.295716713140463,17.663991552515895,2017-08-01
SMSE_B22_1_GE06_30_5,80,SMSE,GE06,1.503551175753513,19.16754272826941,2017-09-25
SMSE_B22_1_GE06_30_5,83,SMSE,GE06,1.135585568277876,20.303128296547285,2017-12-26
SMSE_B22_1_GE06_30_5,84,SMSE,GE06,1.2413526914284039,21.54448098797569,2018-01-15
SMSE_B22_1_GE06_30_5,85,SMSE,GE06,1.205251931022094,22.749732918997783,2018-02-19
SMSE_B22_1_GE06_30_5,86,SMSE,GE06,1.080677345946187,23.83041026494397,2018-03-19
SMSE_B22_1_GE06_30_5,88,SMSE,GE06,1.447887582322837,25.27829784726681,2018-05-21
SMSE_B22_1_GE06_30_5,89,SMSE,GE06,1.594173889520098,26.872471736786906,2018-06-04
SMSE_B22_1_GE06_30_5,90,SMSE,GE06,1.840935960591137,28.71340769737804,2018-07-31
SMSE_B22_1_GE06_30_5,91,SMSE,GE06,1.551793085655318,30.26520078303336,2018-08-20
SMSE_B22_1_GE06_30_5,94,SMSE,GE06,1.198982456140354,31.464183239173714,2018-11-05
SMSE_B22_1_GE06_30_5,95,SMSE,GE06,1.224156039009749,32.68833927818346,2018-12-03
SMSE_B22_1_GE06_30_5,96,SMSE,GE06,1.3924038152395242,34.08074309342299,2019-01-28
SMSE_B22_1_GE06_30_5,99,SMSE,GE06,1.436316693901215,35.5170597873242,2019-04-15
SMSE_B22_1_GE06_30_5,100,SMSE,GE06,1.400631188118812,36.917690975443016,2019-05-13
SMSE_B22_1_GE06_30_5,101,SMSE,GE06,1.794679846963549,38.71237082240656,2019-06-10
SMSE_B22_1_GE06_30_5,102,SMSE,GE06,1.5084751570531079,40.22084597945967,2019-07-01
SMSE_B22_1_GE06_30_5,103,SMSE,GE06,1.957647058823529,42.1784930382832,2019-08-05
SMSE_B22_1_GE06_30_5,111,SMSE,GE06,1.349075409836066,43.52756844811927,2020-04-27
SMSE_B22_1_GE06_30_5,112,SMSE,GE06,1.3735450980392199,44.90111354615849,2020-05-18
SMSE_B22_1_GE06_30_5,113,SMSE,GE06,1.593233188914537,46.49434673507303,2020-06-02
SMSE_B22_1_GE06_30_5,114,SMSE,GE06,1.690804451510338,48.18515118658337,2020-07-06
SMSE_B22_1_GE06_30_5,115,SMSE,GE06,1.602631152756092,49.78778233933946,2020-08-03
SMSE_B22_1_GE06_30_5,116,SMSE,GE06,1.799556205384022,51.58733854472348,2020-09-07
SMSE_B22_1_GE06_30_5,118,SMSE,GE06,1.800759731602299,53.38809827632578,2020-11-23
SMSE_B22_1_GE06_30_5,119,SMSE,GE06,1.4176,54.80569827632578,2020-12-07
SMSE_B22_1_GE06_30_5,121,SMSE,GE06,1.388055116823699,56.19375339314948,2021-02-15
SMSE_B22_1_GE06_30_5,122,SMSE,GE06,1.3079025549613779,57.50165594811086,2021-03-15
SMSE_B22_1_GE06_30_5,123,SMSE,GE06,1.7168284789644,59.21848442707526,2021-04-05
SMSE_B22_1_GE06_30_5,125,SMSE,GE06,0.835471096345515,60.053955523420775,2021-06-02
SMSE_B22_1_GE06_30_5,132,SMSE,GE06,1.548602736144995,61.60255825956577,2022-01-10
SMSE_B22_1_GE06_30_5,134,SMSE,GE06,2.272952786377714,63.87551104594348,2022-03-28
SMSE_B22_1_GE06_30_5,135,SMSE,GE06,2.234431364960603,66.10994241090408,2022-04-18
SMSE_B22_1_GE06_30_5,136,SMSE,GE06,2.409460345479763,68.51940275638384,2022-05-18
SMSE_B22_1_GE06_30_5,137,SMSE,GE06,2.2851106657371902,70.80451342212103,2022-06-15
SMSE_B22_1_GE06_30_5,139,SMSE,GE06,2.535929333121123,73.34044275524215,2022-08-29
SMSE_B22_1_GE06_30_5,140,SMSE,GE06,2.685194153951652,76.0256369091938,2022-09-12
SMSE_B22_1_GE06_30_5,142,SMSE,GE06,2.102732026143794,78.1283689353376,2022-11-21
SMSE_B22_1_GE06_30_5,143,SMSE,GE06,2.394127149557065,80.52249608489467,2022-12-19
SMSE_B22_1_GE06_30_5,144,SMSE,GE06,2.530329359823396,83.05282544471807,2023-01-16
SMSE_B22_1_GE06_30_5,145,SMSE,GE06,2.4280211221122108,85.48084656683028,2023-02-06
SMSE_B22_1_GE06_30_5,146,SMSE,GE06,2.772317880794703,88.25316444762498,2023-03-06
SMSE_B22_1_GE06_30_5,147,SMSE,GE06,2.392300858750374,90.64546530637536,2023-04-10
SMSE_B22_1_GE06_30_5,150,SMSE,GE06,1.801977241000043,92.4474425473754,2023-07-24
SMSE_B22_1_GE06_30_5,151,SMSE,GE06,1.9580332596366392,94.40547580701204,2023-08-01
SMSE_B22_1_GE06_31_4,42,SMSE,GE06,0.4494028644771938,0.4494028644771938,2014-07-02
SMSE_B22_1_GE06_31_4,43,SMSE,GE06,0.5308045977011497,0.9802074621783435,2014-08-06
SMSE_B22_1_GE06_31_4,44,SMSE,GE06,0.5893720920904862,1.5695795542688298,2014-09-03
SMSE_B22_1_GE06_31_4,45,SMSE,GE06,0.4105137546860974,1.980093308954927,2014-10-04
SMSE_B22_1_GE06_31_4,46,SMSE,GE06,0.43778342674548,2.417876735700407,2014-11-10
SMSE_B22_1_GE06_31_4,48,SMSE,GE06,0.6266381766381759,3.044514912338583,2015-01-12
SMSE_B22_1_GE06_31_4,49,SMSE,GE06,0.5254041170097506,3.5699190293483336,2015-02-16
SMSE_B22_1_GE06_31_4,50,SMSE,GE06,0.478187028491907,4.048106057840241,2015-03-09
SMSE_B22_1_GE06_31_4,51,SMSE,GE06,0.5480363036303632,4.596142361470604,2015-04-06
SMSE_B22_1_GE06_31_4,52,SMSE,GE06,0.718425720620842,5.314568082091446,2015-05-04
SMSE_B22_1_GE06_31_4,53,SMSE,GE06,0.6302640264026402,5.9448321084940865,2015-06-01
SMSE_B22_1_GE06_31_4,54,SMSE,GE06,0.5618181818181818,6.506650290312268,2015-07-06
SMSE_B22_1_GE06_31_4,55,SMSE,GE06,0.5085981938505754,7.015248484162844,2015-08-18
SMSE_B22_1_GE06_31_4,56,SMSE,GE06,0.6534152231845439,7.668663707347387,2015-09-14
SMSE_B22_1_GE06_31_4,57,SMSE,GE06,0.7271484041313974,8.395812111478785,2015-10-21
SMSE_B22_1_GE06_31_4,58,SMSE,GE06,0.6924727668845313,9.088284878363316,2015-11-16
SMSE_B22_1_GE06_31_4,59,SMSE,GE06,0.5971917073751933,9.68547658573851,2015-12-01
SMSE_B22_1_GE06_31_4,60,SMSE,GE06,0.3691089704996988,10.054585556238209,2016-01-11
SMSE_B22_1_GE06_31_4,68,SMSE,GE06,1.2045628314218821,11.25914838766009,2016-09-19
SMSE_B22_1_GE06_31_4,69,SMSE,GE06,1.199862503279979,12.45901089094007,2016-10-10
SMSE_B22_1_GE06_31_4,70,SMSE,GE06,0.980039117508997,13.439050008449067,2016-11-07
SMSE_B22_1_GE06_31_4,76,SMSE,GE06,1.386676575693371,14.825726584142439,2017-05-30
SMSE_B22_1_GE06_31_4,77,SMSE,GE06,0.9029385677067799,15.728665151849219,2017-06-06
SMSE_B22_1_GE06_31_4,78,SMSE,GE06,1.2628783461436521,16.991543497992872,2017-07-10
SMSE_B22_1_GE06_31_4,79,SMSE,GE06,1.109964119492342,18.101507617485215,2017-08-01
SMSE_B22_1_GE06_31_4,80,SMSE,GE06,0.931355716107097,19.03286333359231,2017-09-25
SMSE_B22_1_GE06_31_4,84,SMSE,GE06,0.906452482269503,19.939315815861814,2018-01-15
SMSE_B22_1_GE06_31_4,85,SMSE,GE06,0.691261008453787,20.6305768243156,2018-02-05
SMSE_B22_1_GE06_31_4,86,SMSE,GE06,1.067473160765569,21.69804998508117,2018-03-05
SMSE_B22_1_GE06_31_4,87,SMSE,GE06,1.330975877192986,23.029025862274157,2018-04-02
SMSE_B22_1_GE06_31_4,88,SMSE,GE06,1.314395721925138,24.343421584199294,2018-05-07
SMSE_B22_1_GE06_31_4,89,SMSE,GE06,1.4567029744449091,25.800124558644203,2018-06-25
SMSE_B22_1_GE06_31_4,90,SMSE,GE06,1.421913875598088,27.22203843424229,2018-07-02
SMSE_B22_1_GE06_31_4,91,SMSE,GE06,1.031355191256831,28.253393625499122,2018-08-06
SMSE_B22_1_GE06_31_4,94,SMSE,GE06,0.7901693805744215,29.043563006073544,2018-11-12
SMSE_B22_1_GE06_31_4,95,SMSE,GE06,0.980157766990291,30.023720773063836,2018-12-03
SMSE_B22_1_GE06_31_4,96,SMSE,GE06,1.084852308574706,31.108573081638543,2019-01-08
SMSE_B22_1_GE06_31_4,97,SMSE,GE06,0.466866444691084,31.575439526329628,2019-02-25
SMSE_B22_1_GE06_31_4,98,SMSE,GE06,1.212078745778536,32.787518272108166,2019-03-11
SMSE_B22_1_GE06_31_4,99,SMSE,GE06,1.163575557390586,33.95109382949875,2019-04-01
SMSE_B22_1_GE06_31_4,100,SMSE,GE06,1.085628959276018,35.03672278877477,2019-05-13
SMSE_B22_1_GE06_31_4,101,SMSE,GE06,1.2352477276608649,36.27197051643563,2019-06-10
SMSE_B22_1_GE06_31_4,102,SMSE,GE06,1.436197253226012,37.70816776966164,2019-07-01
SMSE_B22_1_GE06_31_4,103,SMSE,GE06,0.8088541436464091,38.51702191330805,2019-08-12
SMSE_B22_1_GE06_31_4,104,SMSE,GE06,1.155683328299606,39.67270524160766,2019-09-02
SMSE_B22_1_GE06_31_4,105,SMSE,GE06,0.801379310344828,40.47408455195249,2019-10-14
SMSE_B22_1_GE06_31_4,106,SMSE,GE06,0.8835377358490559,41.35762228780154,2019-11-18
SMSE_B22_1_GE06_31_4,107,SMSE,GE06,1.193720930232558,42.5513432180341,2019-12-09
SMSE_B22_1_GE06_31_4,108,SMSE,GE06,0.90243277901878,43.45377599705288,2020-01-27
SMSE_B22_1_GE06_31_4,109,SMSE,GE06,0.976415424399149,44.43019142145203,2020-02-10
SMSE_B22_1_GE06_31_4,110,SMSE,GE06,1.49800958842888,45.92820100988091,2020-03-09
SMSE_B22_1_GE06_31_4,116,SMSE,GE06,1.19877363311191,47.12697464299282,2020-09-21
SMSE_B22_1_GE06_31_4,117,SMSE,GE06,1.518754248366013,48.645728891358836,2020-10-26
SMSE_B22_1_GE06_31_4,118,SMSE,GE06,1.372618176030556,50.01834706738939,2020-11-02
SMSE_B22_1_GE06_31_4,123,SMSE,GE06,1.613420195439741,51.631767262829136,2021-04-19
SMSE_B22_1_GE06_31_4,124,SMSE,GE06,1.6872777707729179,53.31904503360205,2021-05-17
SMSE_B22_1_GE06_31_4,127,SMSE,GE06,1.69961069133229,55.01865572493434,2021-08-24
SMSE_B22_1_GE06_31_4,128,SMSE,GE06,1.598796176643351,56.617451901577695,2021-09-06
SMSE_B22_1_GE06_31_4,129,SMSE,GE06,1.534774933804065,58.15222683538176,2021-10-18
SMSE_B22_1_GE06_31_4,130,SMSE,GE06,1.6156751117734771,59.76790194715524,2021-11-08
SMSE_B22_1_GE06_31_4,135,SMSE,GE06,2.031445916114787,61.79934786327002,2022-04-04
SMSE_B22_1_GE06_31_4,136,SMSE,GE06,1.130653168976602,62.93000103224662,2022-05-05
SMSE_B22_1_GE06_31_4,137,SMSE,GE06,1.584054267733467,64.51405529998009,2022-06-15
SMSE_B22_1_GE06_31_4,138,SMSE,GE06,2.162510814188216,66.6765661141683,2022-07-25
SMSE_B22_1_GE06_31_4,139,SMSE,GE06,1.6629433817168109,68.33950949588511,2022-08-01
SMSE_B22_1_GE06_31_4,140,SMSE,GE06,1.115557575757576,69.45506707164269,2022-09-26
SMSE_B22_1_GE06_31_4,147,SMSE,GE06,1.71605490196078,71.17112197360346,2023-04-25
SMSE_B22_1_GE06_31_4,148,SMSE,GE06,1.3140515222482418,72.4851734958517,2023-05-02
SMSE_B22_1_GE06_31_4,149,SMSE,GE06,1.885502665978672,74.37067616183037,2023-06-05
SMSE_B22_1_GE06_31_4,150,SMSE,GE06,1.324959680842033,75.6956358426724,2023-07-10
SMSE_B22_1_GE06_31_4,151,SMSE,GE06,1.752486713526491,77.4481225561989,2023-08-28
SMSE_B22_1_GE06_31_4,152,SMSE,GE06,1.418938665974118,78.86706122217302,2023-09-18
SMSE_B22_1_GE06_31_5,43,SMSE,GE06,0.5139144817446704,0.5139144817446704,2014-08-30
SMSE_B22_1_GE06_31_5,44,SMSE,GE06,0.4910019753422794,1.0049164570869498,2014-09-05
SMSE_B22_1_GE06_31_5,45,SMSE,GE06,0.31320293856160203,1.3181193956485517,2014-10-04
SMSE_B22_1_GE06_31_5,46,SMSE,GE06,0.545650887573965,1.8637702832225167,2014-11-03
SMSE_B22_1_GE06_31_5,48,SMSE,GE06,0.752099025974026,2.6158693091965426,2015-01-12
SMSE_B22_1_GE06_31_5,49,SMSE,GE06,0.686205877752481,3.3020751869490237,2015-02-16
SMSE_B22_1_GE06_31_5,50,SMSE,GE06,0.4761783439490446,3.7782535308980685,2015-03-09
SMSE_B22_1_GE06_31_5,51,SMSE,GE06,0.7531595929511049,4.531413123849173,2015-04-06
SMSE_B22_1_GE06_31_5,52,SMSE,GE06,0.738799862510628,5.270212986359802,2015-05-04
SMSE_B22_1_GE06_31_5,53,SMSE,GE06,0.8021046643913533,6.072317650751155,2015-06-01
SMSE_B22_1_GE06_31_5,54,SMSE,GE06,0.4762473347547971,6.548564985505952,2015-07-06
SMSE_B22_1_GE06_31_5,55,SMSE,GE06,0.7631305637982196,7.311695549304172,2015-08-18
SMSE_B22_1_GE06_31_5,56,SMSE,GE06,1.234027339642478,8.54572288894665,2015-09-14
SMSE_B22_1_GE06_31_5,57,SMSE,GE06,0.677282213055084,9.223005102001734,2015-10-21
SMSE_B22_1_GE06_31_5,58,SMSE,GE06,1.129860851782699,10.352865953784432,2015-11-16
SMSE_B22_1_GE06_31_5,59,SMSE,GE06,0.9096042765400207,11.262470230324453,2015-12-01
SMSE_B22_1_GE06_31_5,60,SMSE,GE06,0.656606185048609,11.919076415373063,2016-01-11
SMSE_B22_1_GE06_31_5,68,SMSE,GE06,1.4264071773637022,13.345483592736764,2016-09-19
SMSE_B22_1_GE06_31_5,69,SMSE,GE06,1.21822741748697,14.563711010223734,2016-10-10
SMSE_B22_1_GE06_31_5,70,SMSE,GE06,1.597029148918397,16.160740159142133,2016-11-07
SMSE_B22_1_GE06_31_5,71,SMSE,GE06,1.4815612319983211,17.642301391140453,2016-12-05
SMSE_B22_1_GE06_31_5,79,SMSE,GE06,1.911744822076083,19.554046213216537,2017-08-01
SMSE_B22_1_GE06_31_5,80,SMSE,GE06,1.405213239770584,20.959259452987123,2017-09-25
SMSE_B22_1_GE06_31_5,81,SMSE,GE06,1.435474050101881,22.394733503089004,2017-10-09
SMSE_B22_1_GE06_31_5,90,SMSE,GE06,2.005444444444447,24.40017794753345,2018-07-31
SMSE_B22_1_GE06_31_5,91,SMSE,GE06,2.261360519667985,26.661538467201435,2018-08-13
SMSE_B22_1_GE06_31_5,92,SMSE,GE06,1.586887488748873,28.248425955950307,2018-09-01
SMSE_B22_1_GE06_31_5,93,SMSE,GE06,1.318007838897151,29.56643379484746,2018-10-08
SMSE_B22_1_GE06_31_5,96,SMSE,GE06,1.203295907411788,30.769729702259248,2019-01-21
SMSE_B22_1_GE06_31_5,97,SMSE,GE06,0.4698349834983497,31.239564685757596,2019-02-11
SMSE_B22_1_GE06_31_5,98,SMSE,GE06,0.9311371069182389,32.170701792675835,2019-03-18
SMSE_B22_1_GE06_31_5,101,SMSE,GE06,1.6359488567032692,33.80665064937911,2019-06-24
SMSE_B22_1_GE06_31_5,102,SMSE,GE06,2.099752722323052,35.90640337170216,2019-07-15
SMSE_B22_1_GE06_31_5,103,SMSE,GE06,1.98096363636364,37.8873670080658,2019-08-05
SMSE_B22_1_GE06_31_5,104,SMSE,GE06,1.5297562390017578,39.41712324706756,2019-09-02
SMSE_B22_1_GE06_31_5,115,SMSE,GE06,2.533371462974114,41.950494710041674,2020-08-18
SMSE_B22_1_GE06_31_5,116,SMSE,GE06,1.9937556561085992,43.94425036615027,2020-09-14
SMSE_B22_1_GE06_31_5,117,SMSE,GE06,1.644771018455227,45.5890213846055,2020-10-12
SMSE_B22_1_GE06_31_5,118,SMSE,GE06,1.436709570957096,47.0257309555626,2020-11-02
SMSE_B22_1_GE06_31_5,126,SMSE,GE06,2.544112931334963,49.569843886897566,2021-07-05
SMSE_B22_1_GE06_31_5,127,SMSE,GE06,2.751450853956079,52.321294740853645,2021-08-24
SMSE_B22_1_GE06_31_5,128,SMSE,GE06,2.734972677595625,55.056267418449266,2021-09-20
SMSE_B22_1_GE06_31_5,129,SMSE,GE06,2.076165738235455,57.13243315668472,2021-10-18
SMSE_B22_1_GE06_31_5,130,SMSE,GE06,2.761292952824692,59.89372610950941,2021-11-08
SMSE_B22_1_GE06_31_5,134,SMSE,GE06,1.369636963696373,61.26336307320578,2022-03-14
SMSE_B22_1_GE06_31_5,135,SMSE,GE06,1.684739399673171,62.94810247287895,2022-04-04
SMSE_B22_1_GE06_31_5,138,SMSE,GE06,2.526930701640479,65.47503317451942,2022-07-25
SMSE_B22_1_GE06_31_5,139,SMSE,GE06,2.401709774144141,67.87674294866356,2022-08-08
SMSE_B22_1_GE06_31_5,140,SMSE,GE06,1.997280841638983,69.87402379030254,2022-09-12
SMSE_B22_1_GE06_31_5,141,SMSE,GE06,1.591082821594488,71.46510661189703,2022-10-10
SMSE_B22_1_GE06_31_5,146,SMSE,GE06,1.814391488437736,73.27949810033476,2023-03-13
SMSE_B22_1_GE06_31_5,147,SMSE,GE06,1.943313168915773,75.22281126925054,2023-04-03
SMSE_B22_1_GE06_31_5,149,SMSE,GE06,1.803818181818182,77.02662945106873,2023-06-26
SMSE_B22_1_GE06_31_5,150,SMSE,GE06,2.4603592549255286,79.48698870599426,2023-07-17
SMSE_B22_1_GE06_31_5,151,SMSE,GE06,2.108,81.59498870599427,2023-08-08
SMSE_B22_1_GE06_31_5,152,SMSE,GE06,1.758279005762447,83.35326771175671,2023-09-04
SMSE_B22_1_GE09_25_18,41,SMSE,GE09,0.38402823107795503,0.38402823107795503,2014-06-03
SMSE_B22_1_GE09_25_18,44,SMSE,GE09,0.4528482972136225,0.8368765282915775,2014-09-25
SMSE_B22_1_GE09_25_18,45,SMSE,GE09,0.49212514576136956,1.3290016740529471,2014-10-28
SMSE_B22_1_GE09_25_18,46,SMSE,GE09,0.5037361675025874,1.8327378415555344,2014-11-03
SMSE_B22_1_GE09_25_18,48,SMSE,GE09,0.7678828292450579,2.600620670800592,2015-01-09
SMSE_B22_1_GE09_25_18,49,SMSE,GE09,0.6721306979383393,3.2727513687389314,2015-02-02
SMSE_B22_1_GE09_25_18,51,SMSE,GE09,0.7852577686126722,4.058009137351603,2015-04-06
SMSE_B22_1_GE09_25_18,52,SMSE,GE09,0.786517006022368,4.8445261433739715,2015-05-04
SMSE_B22_1_GE09_25_18,53,SMSE,GE09,0.596921141430494,5.4414472848044655,2015-06-01
SMSE_B22_1_GE09_25_18,54,SMSE,GE09,0.9604371584699457,6.401884443274411,2015-07-06
SMSE_B22_1_GE09_25_18,55,SMSE,GE09,0.5364852999061374,6.938369743180548,2015-08-18
SMSE_B22_1_GE09_25_18,56,SMSE,GE09,0.571579577938457,7.509949321119005,2015-09-14
SMSE_B22_1_GE09_25_18,57,SMSE,GE09,1.18044965786901,8.690398978988014,2015-10-20
SMSE_B22_1_GE09_25_18,58,SMSE,GE09,0.9295279503105589,9.619926929298574,2015-11-16
SMSE_B22_1_GE09_25_18,59,SMSE,GE09,1.069477339181286,10.68940426847986,2015-12-01
SMSE_B22_1_GE09_25_18,60,SMSE,GE09,0.9169634224776451,11.606367690957505,2016-01-11
SMSE_B22_1_GE09_25_18,61,SMSE,GE09,0.42264557985446916,12.029013270811975,2016-02-01
SMSE_B22_1_GE09_25_18,69,SMSE,GE09,1.476610524312498,13.505623795124473,2016-10-10
SMSE_B22_1_GE09_25_18,71,SMSE,GE09,1.4112366771159899,14.916860472240463,2016-12-05
SMSE_B22_1_GE09_25_18,72,SMSE,GE09,1.920910074194959,16.837770546435422,2017-01-02
SMSE_B22_1_GE09_25_18,73,SMSE,GE09,1.018078426088128,17.85584897252355,2017-02-13
SMSE_B22_1_GE09_25_18,74,SMSE,GE09,1.2700103199174382,19.12585929244099,2017-03-06
SMSE_B22_1_GE09_25_18,78,SMSE,GE09,1.27383309283309,20.39969238527408,2017-07-17
SMSE_B22_1_GE09_25_18,79,SMSE,GE09,1.788910423452769,22.18860280872685,2017-08-01
SMSE_B22_1_GE09_25_18,80,SMSE,GE09,1.210617119594052,23.3992199283209,2017-09-11
SMSE_B22_1_GE09_25_18,81,SMSE,GE09,1.4734313725490198,24.87265130086992,2017-10-02
SMSE_B22_1_GE09_25_18,82,SMSE,GE09,1.3523499245852189,26.225001225455138,2017-11-13
SMSE_B22_1_GE09_25_18,83,SMSE,GE09,1.193508891187626,27.418510116642764,2017-12-04
SMSE_B22_1_GE09_25_18,84,SMSE,GE09,1.156516612346162,28.575026728988927,2018-01-02
SMSE_B22_1_GE09_25_18,85,SMSE,GE09,1.427519315673293,30.00254604466222,2018-02-05
SMSE_B22_1_GE09_25_18,86,SMSE,GE09,0.8974029178618792,30.8999489625241,2018-03-12
SMSE_B22_1_GE09_25_18,87,SMSE,GE09,0.793685956830977,31.693634919355077,2018-04-23
SMSE_B22_1_GE09_25_18,91,SMSE,GE09,0.6730394736842106,32.36667439303929,2018-08-20
SMSE_B22_1_GE09_25_18,92,SMSE,GE09,1.185832182916304,33.5525065759556,2018-09-24
SMSE_B22_1_GE09_25_18,93,SMSE,GE09,1.114876955903271,34.66738353185887,2018-10-01
SMSE_B22_1_GE09_25_18,94,SMSE,GE09,1.3158636788048519,35.98324721066372,2018-11-05
SMSE_B22_1_GE09_25_18,95,SMSE,GE09,1.433701298701301,37.41694850936502,2018-12-03
SMSE_B22_1_GE09_25_18,96,SMSE,GE09,1.19631211180124,38.61326062116626,2019-01-14
SMSE_B22_1_GE09_25_18,97,SMSE,GE09,1.03413217857511,39.647392799741375,2019-02-06
SMSE_B22_1_GE09_25_18,99,SMSE,GE09,0.476921779464474,40.12431457920585,2019-04-01
SMSE_B22_1_GE09_25_18,100,SMSE,GE09,0.4041571038251363,40.528471683030986,2019-05-13
SMSE_B22_1_GE09_25_18,105,SMSE,GE09,0.998263151318256,41.52673483434924,2019-10-14
SMSE_B22_1_GE09_25_18,106,SMSE,GE09,1.45337539432177,42.98011022867101,2019-11-11
SMSE_B22_1_GE09_25_18,107,SMSE,GE09,1.442900756977657,44.423010985648666,2019-12-23
SMSE_B22_1_GE09_25_18,108,SMSE,GE09,1.271485761944477,45.69449674759314,2020-01-13
SMSE_B22_1_GE09_25_18,117,SMSE,GE09,1.87072847682119,47.565225224414334,2020-10-26
SMSE_B22_1_GE09_25_18,118,SMSE,GE09,1.4528524590163898,49.018077683430725,2020-11-02
SMSE_B22_1_GE09_25_18,119,SMSE,GE09,1.566355197888057,50.58443288131878,2020-12-21
SMSE_B22_1_GE09_25_18,120,SMSE,GE09,1.486520618839289,52.07095350015807,2021-01-11
SMSE_B22_1_GE09_25_18,121,SMSE,GE09,2.057034994462898,54.127988494620965,2021-02-01
SMSE_B22_1_GE09_25_18,127,SMSE,GE09,1.756582474502054,55.88457096912302,2021-08-16
SMSE_B22_1_GE09_25_18,129,SMSE,GE09,1.5468137254902001,57.43138469461322,2021-10-25
SMSE_B22_1_GE09_25_18,130,SMSE,GE09,1.712801517229551,59.14418621184277,2021-11-08
SMSE_B22_1_GE09_25_18,131,SMSE,GE09,2.423921568627446,61.56810778047022,2021-12-06
SMSE_B22_1_GE09_25_18,132,SMSE,GE09,1.709657894736842,63.277765675207064,2022-01-03
SMSE_B22_1_GE09_25_18,133,SMSE,GE09,1.910615595075238,65.1883812702823,2022-02-07
SMSE_B22_1_GE09_25_18,141,SMSE,GE09,1.862422446845591,67.05080371712789,2022-10-24
SMSE_B22_1_GE09_25_18,142,SMSE,GE09,2.126678051505853,69.17748176863374,2022-11-14
SMSE_B22_1_GE09_25_18,143,SMSE,GE09,2.01050819672131,71.18798996535504,2022-12-05
SMSE_B22_1_GE09_25_18,144,SMSE,GE09,2.40834374699606,73.59633371235111,2023-01-02
SMSE_B22_1_GE09_25_18,145,SMSE,GE09,1.992557541468436,75.58889125381955,2023-02-06
SMSE_B22_1_GE09_25_18,146,SMSE,GE09,1.04253452529719,76.63142577911674,2023-03-06
SMSE_B22_1_GE09_26_19,41,SMSE,GE09,0.644923656631471,0.644923656631471,2014-06-11
SMSE_B22_1_GE09_26_19,42,SMSE,GE09,0.48732580037664747,1.1322494570081185,2014-07-25
SMSE_B22_1_GE09_26_19,43,SMSE,GE09,0.5285049203336575,1.660754377341776,2014-08-05
SMSE_B22_1_GE09_26_19,44,SMSE,GE09,0.3424122577265583,2.003166635068334,2014-09-25
SMSE_B22_1_GE09_26_19,45,SMSE,GE09,0.357671819352883,2.3608384544212173,2014-10-28
SMSE_B22_1_GE09_26_19,50,SMSE,GE09,0.4419417597590059,2.802780214180223,2015-03-09
SMSE_B22_1_GE09_26_19,51,SMSE,GE09,0.4356755228942904,3.2384557370745135,2015-04-06
SMSE_B22_1_GE09_26_19,52,SMSE,GE09,0.577148858592264,3.8156045956667777,2015-05-04
SMSE_B22_1_GE09_26_19,53,SMSE,GE09,0.45463814389101737,4.270242739557795,2015-06-01
SMSE_B22_1_GE09_26_19,54,SMSE,GE09,0.5150608143839241,4.785303553941719,2015-07-06
SMSE_B22_1_GE09_26_19,55,SMSE,GE09,0.44071032186459475,5.226013875806314,2015-08-18
SMSE_B22_1_GE09_26_19,56,SMSE,GE09,0.5392995188946913,5.765313394701005,2015-09-14
SMSE_B22_1_GE09_26_19,57,SMSE,GE09,0.6279814907226784,6.393294885423684,2015-10-20
SMSE_B22_1_GE09_26_19,58,SMSE,GE09,0.6771341463414632,7.070429031765147,2015-11-16
SMSE_B22_1_GE09_26_19,59,SMSE,GE09,0.7686726266496384,7.839101658414785,2015-12-01
SMSE_B22_1_GE09_26_19,60,SMSE,GE09,0.575789676054984,8.41489133446977,2016-01-11
SMSE_B22_1_GE09_26_19,68,SMSE,GE09,0.704085208818245,9.118976543288015,2016-09-26
SMSE_B22_1_GE09_26_19,69,SMSE,GE09,0.896898734177215,10.01587527746523,2016-10-03
SMSE_B22_1_GE09_26_19,70,SMSE,GE09,1.046468447448974,11.062343724914205,2016-11-07
SMSE_B22_1_GE09_26_19,71,SMSE,GE09,1.153370115253778,12.215713840167984,2016-12-05
SMSE_B22_1_GE09_26_19,72,SMSE,GE09,1.02741031837764,13.243124158545625,2017-01-02
SMSE_B22_1_GE09_26_19,76,SMSE,GE09,0.7081876332622601,13.951311791807885,2017-05-15
SMSE_B22_1_GE09_26_19,77,SMSE,GE09,0.819833852544132,14.771145644352018,2017-06-06
SMSE_B22_1_GE09_26_19,79,SMSE,GE09,0.805304594627946,15.576450238979964,2017-08-14
SMSE_B22_1_GE09_26_19,80,SMSE,GE09,0.7717386222514431,16.348188861231407,2017-09-11
SMSE_B22_1_GE09_26_19,81,SMSE,GE09,1.333519457816281,17.681708319047686,2017-10-02
SMSE_B22_1_GE09_26_19,82,SMSE,GE09,1.19913207502682,18.880840394074507,2017-11-06
SMSE_B22_1_GE09_26_19,85,SMSE,GE09,0.834853180057478,19.715693574131986,2018-02-12
SMSE_B22_1_GE09_26_19,86,SMSE,GE09,0.750980392156863,20.466673966288848,2018-03-19
SMSE_B22_1_GE09_26_19,91,SMSE,GE09,0.5680519480519483,21.034725914340797,2018-08-20
SMSE_B22_1_GE09_26_19,92,SMSE,GE09,1.197951561309978,22.232677475650775,2018-09-01
SMSE_B22_1_GE09_26_19,93,SMSE,GE09,1.2262324968136038,23.45890997246438,2018-10-01
SMSE_B22_1_GE09_26_19,94,SMSE,GE09,1.209493788072362,24.66840376053674,2018-11-05
SMSE_B22_1_GE09_26_19,96,SMSE,GE09,2.0372070272868052,26.705610787823545,2019-01-14
SMSE_B22_1_GE09_26_19,97,SMSE,GE09,1.545836782968659,28.251447570792205,2019-02-11
SMSE_B22_1_GE09_26_19,98,SMSE,GE09,0.8014457368066901,29.052893307598897,2019-03-18
SMSE_B22_1_GE09_26_19,99,SMSE,GE09,0.901927414005496,29.954820721604392,2019-04-15
SMSE_B22_1_GE09_26_19,103,SMSE,GE09,1.392209501025288,31.34703022262968,2019-08-26
SMSE_B22_1_GE09_26_19,104,SMSE,GE09,1.388173509357318,32.735203731987,2019-09-02
SMSE_B22_1_GE09_26_19,105,SMSE,GE09,1.085485655314757,33.820689387301755,2019-10-14
SMSE_B22_1_GE09_26_19,106,SMSE,GE09,1.071501403042386,34.89219079034414,2019-11-11
SMSE_B22_1_GE09_26_19,107,SMSE,GE09,1.3038662882371481,36.19605707858128,2019-12-23
SMSE_B22_1_GE09_26_19,117,SMSE,GE09,1.4892440010320829,37.68530107961337,2020-10-12
SMSE_B22_1_GE09_26_19,118,SMSE,GE09,1.1624848913462729,38.84778597095964,2020-11-02
SMSE_B22_1_GE09_26_19,119,SMSE,GE09,1.2888,40.13658597095964,2020-12-21
SMSE_B22_1_GE09_26_19,124,SMSE,GE09,1.261366724907783,41.397952695867424,2021-05-03
SMSE_B22_1_GE09_26_19,125,SMSE,GE09,1.454326020837378,42.8522787167048,2021-06-14
SMSE_B22_1_GE09_26_19,126,SMSE,GE09,1.7896448645886571,44.64192358129346,2021-07-05
SMSE_B22_1_GE09_26_19,127,SMSE,GE09,1.7241233952864559,46.366046976579916,2021-08-24
SMSE_B22_1_GE09_26_19,128,SMSE,GE09,1.497886996657649,47.863933973237565,2021-09-06
SMSE_B22_1_GE09_26_19,129,SMSE,GE09,1.5747846889952162,49.43871866223278,2021-10-11
SMSE_B22_1_GE09_26_19,130,SMSE,GE09,1.5247142434113088,50.96343290564409,2021-11-01
SMSE_B22_1_GE09_26_19,131,SMSE,GE09,1.545584795321641,52.50901770096573,2021-12-13
SMSE_B22_1_GE09_26_19,139,SMSE,GE09,1.663016437566085,54.172034138531814,2022-08-29
SMSE_B22_1_GE09_26_19,140,SMSE,GE09,1.722905031466428,55.89493916999824,2022-09-12
SMSE_B22_1_GE09_26_19,141,SMSE,GE09,1.189735099337748,57.084674269335984,2022-10-10
SMSE_B22_1_GE09_26_19,142,SMSE,GE09,1.599272534351954,58.68394680368794,2022-11-07
SMSE_B22_1_GE09_26_19,143,SMSE,GE09,2.04857207367029,60.73251887735823,2022-12-05
SMSE_B22_1_GE09_26_19,146,SMSE,GE09,1.2315635179153102,61.96408239527354,2023-03-27
SMSE_B22_1_GE09_26_19,147,SMSE,GE09,1.57141017014323,63.535492565416774,2023-04-25
SMSE_B22_1_GE09_26_19,148,SMSE,GE09,1.518207282913161,65.05369984832994,2023-05-15
SMSE_B22_1_GE09_26_19,150,SMSE,GE09,1.76794865200806,66.821648500338,2023-07-24
SMSE_B22_1_GE09_26_19,151,SMSE,GE09,1.71402459546926,68.53567309580725,2023-08-14
SMSE_B22_1_GE09_26_19,152,SMSE,GE09,1.658766233766229,70.19443932957348,2023-09-04
SMSE_B22_1_GE09_27_18,42,SMSE,GE09,0.31673103595433727,0.31673103595433727,2014-07-25
SMSE_B22_1_GE09_27_18,44,SMSE,GE09,0.37658329520614153,0.6933143311604788,2014-09-26
SMSE_B22_1_GE09_27_18,45,SMSE,GE09,0.4204903327931257,1.1138046639536046,2014-10-28
SMSE_B22_1_GE09_27_18,46,SMSE,GE09,0.4556852070044282,1.5694898709580327,2014-11-03
SMSE_B22_1_GE09_27_18,48,SMSE,GE09,0.4358729210832764,2.0053627920413093,2015-01-19
SMSE_B22_1_GE09_27_18,52,SMSE,GE09,0.7036045363937217,2.708967328435031,2015-05-25
SMSE_B22_1_GE09_27_18,56,SMSE,GE09,0.8472916354930424,3.5562589639280735,2015-09-14
SMSE_B22_1_GE09_27_18,57,SMSE,GE09,0.91676993054275,4.473028894470824,2015-10-20
SMSE_B22_1_GE09_27_18,58,SMSE,GE09,0.9529733376352912,5.426002232106115,2015-11-16
SMSE_B22_1_GE09_27_18,59,SMSE,GE09,1.22173757886435,6.6477398109704655,2015-12-01
SMSE_B22_1_GE09_27_18,60,SMSE,GE09,0.3563636363636363,7.004103447334102,2016-01-11
SMSE_B22_1_GE09_27_18,69,SMSE,GE09,0.933222506393863,7.937325953727965,2016-10-10
SMSE_B22_1_GE09_27_18,70,SMSE,GE09,1.309011533463283,9.246337487191248,2016-11-07
SMSE_B22_1_GE09_27_18,71,SMSE,GE09,1.5614251371884769,10.807762624379725,2016-12-05
SMSE_B22_1_GE09_27_18,72,SMSE,GE09,1.556962906374666,12.364725530754392,2017-01-02
SMSE_B22_1_GE09_27_18,77,SMSE,GE09,1.079082221265605,13.443807752019996,2017-06-19
SMSE_B22_1_GE09_27_18,78,SMSE,GE09,1.633648977604671,15.077456729624668,2017-07-10
SMSE_B22_1_GE09_27_18,79,SMSE,GE09,1.506018349431253,16.583475079055923,2017-08-01
SMSE_B22_1_GE09_27_18,80,SMSE,GE09,1.2095065207143998,17.79298159977032,2017-09-11
SMSE_B22_1_GE09_27_18,81,SMSE,GE09,1.5030823208629092,19.29606392063323,2017-10-03
SMSE_B22_1_GE09_27_18,82,SMSE,GE09,1.442090517945642,20.73815443857887,2017-11-06
SMSE_B22_1_GE09_27_18,83,SMSE,GE09,1.2652152006666288,22.0033696392455,2017-12-08
SMSE_B22_1_GE09_27_18,91,SMSE,GE09,1.106730439048319,23.11010007829382,2018-08-06
SMSE_B22_1_GE09_27_18,92,SMSE,GE09,1.452428957751478,24.562529036045298,2018-09-01
SMSE_B22_1_GE09_27_18,93,SMSE,GE09,1.241188118811881,25.80371715485718,2018-10-01
SMSE_B22_1_GE09_27_18,94,SMSE,GE09,1.6085644526383929,27.412281607495572,2018-11-19
SMSE_B22_1_GE09_27_18,95,SMSE,GE09,1.7030118185284049,29.115293426023978,2018-12-03
SMSE_B22_1_GE09_27_18,103,SMSE,GE09,1.6410967741935498,30.756390200217528,2019-08-26
SMSE_B22_1_GE09_27_18,104,SMSE,GE09,1.565042668572391,32.32143286878992,2019-09-02
SMSE_B22_1_GE09_27_18,105,SMSE,GE09,1.573982286762944,33.89541515555286,2019-10-14
SMSE_B22_1_GE09_27_18,106,SMSE,GE09,1.6135930844399948,35.50900823999286,2019-11-11
SMSE_B22_1_GE09_27_18,107,SMSE,GE09,1.625677702579109,37.13468594257197,2019-12-02
SMSE_B22_1_GE09_27_18,108,SMSE,GE09,1.7484084542908038,38.883094396862774,2020-01-06
SMSE_B22_1_GE09_27_18,117,SMSE,GE09,1.7005097016459791,40.58360409850875,2020-10-19
SMSE_B22_1_GE09_27_18,118,SMSE,GE09,1.9533368078175901,42.53694090632634,2020-11-02
SMSE_B22_1_GE09_27_18,119,SMSE,GE09,1.596150458910282,44.13309136523662,2020-12-07
SMSE_B22_1_GE09_27_18,120,SMSE,GE09,1.708005333100194,45.84109669833682,2021-01-04
SMSE_B22_1_GE09_27_18,121,SMSE,GE09,1.4412886142983252,47.28238531263514,2021-02-01
SMSE_B22_1_GE09_27_18,128,SMSE,GE09,1.862105263157897,49.14449057579304,2021-09-20
SMSE_B22_1_GE09_27_18,129,SMSE,GE09,1.939639482200647,51.08413005799369,2021-10-11
SMSE_B22_1_GE09_27_18,130,SMSE,GE09,1.936370074093506,53.02050013208719,2021-11-01
SMSE_B22_1_GE09_27_18,131,SMSE,GE09,2.040323624595467,55.06082375668266,2021-12-06
SMSE_B22_1_GE09_27_18,132,SMSE,GE09,1.831673684210526,56.89249744089319,2022-01-03
SMSE_B22_1_GE09_27_18,133,SMSE,GE09,1.390036982884665,58.282534423777854,2022-02-14
SMSE_B22_1_GE09_27_18,140,SMSE,GE09,1.174329823037669,59.45686424681552,2022-09-26
SMSE_B22_1_GE09_27_18,141,SMSE,GE09,2.816773966915762,62.27363821373128,2022-10-03
SMSE_B22_1_GE09_27_18,142,SMSE,GE09,1.645505862379969,63.91914407611125,2022-11-14
SMSE_B22_1_GE09_27_18,143,SMSE,GE09,2.247194719471944,66.1663387955832,2022-12-05
SMSE_B22_1_GE09_27_18,144,SMSE,GE09,1.76674820423219,67.93308699981539,2023-01-09
SMSE_B22_1_GE09_27_18,151,SMSE,GE09,1.8284768211920568,69.76156382100744,2023-08-28
SMSE_B22_1_GE09_27_18,152,SMSE,GE09,1.439659101831579,71.20122292283902,2023-09-04
SMSE_B22_1_GE12_30_8,42,SMSE,GE12,0.505820460507141,0.505820460507141,2014-07-03
SMSE_B22_1_GE12_30_8,43,SMSE,GE12,1.456806133401487,1.962626593908628,2014-08-07
SMSE_B22_1_GE12_30_8,44,SMSE,GE12,0.5738550964733725,3.110336786855373,2014-09-25
SMSE_B22_1_GE12_30_8,45,SMSE,GE12,0.2885093468669503,3.3988461337223232,2014-10-04
SMSE_B22_1_GE12_30_8,46,SMSE,GE12,0.4587217227912457,3.857567856513569,2014-11-03
SMSE_B22_1_GE12_30_8,48,SMSE,GE12,0.5992933546552944,4.456861211168864,2015-01-12
SMSE_B22_1_GE12_30_8,49,SMSE,GE12,0.3426880852437846,4.799549296412648,2015-02-09
SMSE_B22_1_GE12_30_8,50,SMSE,GE12,0.3434650455927055,5.143014342005354,2015-03-09
SMSE_B22_1_GE12_30_8,56,SMSE,GE12,0.7922142375267648,5.935228579532119,2015-09-14
SMSE_B22_1_GE12_30_8,57,SMSE,GE12,0.8702405498281782,6.805469129360297,2015-10-21
SMSE_B22_1_GE12_30_8,58,SMSE,GE12,0.7301190981700536,7.535588227530351,2015-11-16
SMSE_B22_1_GE12_30_8,59,SMSE,GE12,0.7523547499595409,8.287942977489891,2015-12-14
SMSE_B22_1_GE12_30_8,60,SMSE,GE12,0.813782038015358,9.101725015505249,2016-01-18
SMSE_B22_1_GE12_30_8,61,SMSE,GE12,0.338297972654408,9.440022988159656,2016-02-15
SMSE_B22_1_GE12_30_8,70,SMSE,GE12,0.304655792836724,9.74467878099638,2016-11-07
SMSE_B22_1_GE12_30_8,71,SMSE,GE12,1.361137174805552,11.105815955801933,2016-12-05
SMSE_B22_1_GE12_30_8,76,SMSE,GE12,1.5785844572896561,12.68440041309159,2017-05-30
SMSE_B22_1_GE12_30_8,78,SMSE,GE12,2.585156774689482,15.269557187781071,2017-07-10
SMSE_B22_1_GE12_30_8,79,SMSE,GE12,1.671118997281788,16.94067618506286,2017-08-07
SMSE_B22_1_GE12_30_8,80,SMSE,GE12,1.4747008547008569,18.415377039763715,2017-09-25
SMSE_B22_1_GE12_30_8,81,SMSE,GE12,0.911717587591464,19.32709462735518,2017-10-02
SMSE_B22_1_GE12_30_8,82,SMSE,GE12,1.189627201277687,20.516721828632868,2017-11-06
SMSE_B22_1_GE12_30_8,89,SMSE,GE12,1.518147473073735,22.034869301706603,2018-06-25
SMSE_B22_1_GE12_30_8,90,SMSE,GE12,1.0629818605102341,23.097851162216838,2018-07-02
SMSE_B22_1_GE12_30_8,91,SMSE,GE12,1.303873975186822,24.40172513740366,2018-08-20
SMSE_B22_1_GE12_30_8,92,SMSE,GE12,1.06976694223866,25.471492079642317,2018-09-17
SMSE_B22_1_GE12_30_8,93,SMSE,GE12,1.126396736871611,26.59788881651393,2018-10-08
SMSE_B22_1_GE12_30_8,94,SMSE,GE12,1.4400749494388718,28.037963765952803,2018-11-12
SMSE_B22_1_GE12_30_8,103,SMSE,GE12,1.017134992916413,29.055098758869217,2019-08-26
SMSE_B22_1_GE12_30_8,104,SMSE,GE12,1.841285541439805,30.896384300309023,2019-09-09
SMSE_B22_1_GE12_30_8,105,SMSE,GE12,0.9670765911542609,31.863460891463284,2019-10-14
SMSE_B22_1_GE12_30_8,108,SMSE,GE12,1.5739747974797451,33.437435688943026,2020-01-27
SMSE_B22_1_GE12_30_8,109,SMSE,GE12,1.561992397846055,34.99942808678908,2020-02-26
SMSE_B22_1_GE12_30_8,110,SMSE,GE12,1.60591549295775,36.60534357974683,2020-03-09
SMSE_B22_1_GE12_30_8,111,SMSE,GE12,1.661907000896943,38.267250580643775,2020-04-06
SMSE_B22_1_GE12_30_8,112,SMSE,GE12,1.627049027514484,39.894299608158256,2020-05-18
SMSE_B22_1_GE12_30_8,115,SMSE,GE12,1.387881413668298,41.28218102182655,2020-08-03
SMSE_B22_1_GE12_30_8,116,SMSE,GE12,1.28391578947368,42.566096811300234,2020-09-21
SMSE_B22_1_GE12_30_8,117,SMSE,GE12,1.217116925415263,43.783213736715496,2020-10-12
SMSE_B22_1_GE12_30_8,123,SMSE,GE12,1.579122631466897,45.36233636818239,2021-04-12
SMSE_B22_1_GE12_30_8,124,SMSE,GE12,2.790134128166916,48.15247049634931,2021-05-25
SMSE_B22_1_GE12_30_8,125,SMSE,GE12,1.9844959655957959,50.13696646194511,2021-06-14
SMSE_B22_1_GE12_30_8,126,SMSE,GE12,1.896655737704915,52.033622199650026,2021-07-26
SMSE_B22_1_GE12_30_8,127,SMSE,GE12,1.7774795095403608,53.81110170919039,2021-08-24
SMSE_B22_1_GE12_30_8,129,SMSE,GE12,1.6672225982486588,55.478324307439046,2021-10-25
SMSE_B22_1_GE12_30_8,137,SMSE,GE12,3.246178735520614,58.72450304295966,2022-06-28
SMSE_B22_1_GE12_30_8,138,SMSE,GE12,3.712133869834576,62.436636912794235,2022-07-25
SMSE_B22_1_GE12_30_8,139,SMSE,GE12,2.6300701754385933,65.06670708823283,2022-08-08
SMSE_B22_1_GE12_30_8,140,SMSE,GE12,3.122898369571173,68.189605457804,2022-09-12
SMSE_B22_1_GE12_30_8,148,SMSE,GE12,1.416605156561431,69.60621061436544,2023-05-22
SMSE_B22_1_GE12_30_8,149,SMSE,GE12,2.805333333333333,72.41154394769877,2023-06-26
SMSE_B22_1_GE12_30_8,150,SMSE,GE12,2.9614488920427022,75.37299283974147,2023-07-24
SMSE_B22_1_GE12_30_9,43,SMSE,GE12,0.5914309346567416,0.5914309346567416,2014-08-08
SMSE_B22_1_GE12_30_9,44,SMSE,GE12,0.6742001223109574,1.265631056967699,2014-09-06
SMSE_B22_1_GE12_30_9,45,SMSE,GE12,0.4757267753841319,1.7413578323518308,2014-10-28
SMSE_B22_1_GE12_30_9,46,SMSE,GE12,0.4560272291038948,2.1973850614557255,2014-11-14
SMSE_B22_1_GE12_30_9,48,SMSE,GE12,0.5854511003257759,2.7828361617815016,2015-01-12
SMSE_B22_1_GE12_30_9,50,SMSE,GE12,0.46908413205537774,3.2519202938368794,2015-03-09
SMSE_B22_1_GE12_30_9,51,SMSE,GE12,0.6519377058999697,3.903857999736849,2015-04-06
SMSE_B22_1_GE12_30_9,52,SMSE,GE12,0.6604281321139021,4.564286131850752,2015-05-04
SMSE_B22_1_GE12_30_9,55,SMSE,GE12,0.5314735844800362,5.095759716330788,2015-08-18
SMSE_B22_1_GE12_30_9,56,SMSE,GE12,0.7340697587151491,5.829829475045937,2015-09-14
SMSE_B22_1_GE12_30_9,57,SMSE,GE12,0.965964071856287,6.795793546902224,2015-10-21
SMSE_B22_1_GE12_30_9,58,SMSE,GE12,0.5144766912731318,7.310270238175356,2015-11-23
SMSE_B22_1_GE12_30_9,59,SMSE,GE12,0.8870943108056509,8.197364548981007,2015-12-14
SMSE_B22_1_GE12_30_9,60,SMSE,GE12,0.4352103559870546,8.632574904968061,2016-01-18
SMSE_B22_1_GE12_30_9,68,SMSE,GE12,0.999939381693271,9.632514286661332,2016-09-19
SMSE_B22_1_GE12_30_9,69,SMSE,GE12,1.246209844386565,10.878724131047896,2016-10-10
SMSE_B22_1_GE12_30_9,70,SMSE,GE12,1.681075173534192,12.559799304582087,2016-11-07
SMSE_B22_1_GE12_30_9,74,SMSE,GE12,0.908093721682848,13.467893026264935,2017-03-27
SMSE_B22_1_GE12_30_9,75,SMSE,GE12,1.315442213883673,14.783335240148608,2017-04-10
SMSE_B22_1_GE12_30_9,76,SMSE,GE12,1.5857605177993488,16.369095757947957,2017-05-30
SMSE_B22_1_GE12_30_9,77,SMSE,GE12,1.166493506493502,17.53558926444146,2017-06-19
SMSE_B22_1_GE12_30_9,78,SMSE,GE12,1.305496117342534,18.841085381783994,2017-07-10
SMSE_B22_1_GE12_30_9,79,SMSE,GE12,1.708060139347264,20.54914552113126,2017-08-01
SMSE_B22_1_GE12_30_9,80,SMSE,GE12,1.103143350604491,21.65228887173575,2017-09-04
SMSE_B22_1_GE12_30_9,87,SMSE,GE12,0.812986689397417,22.465275561133165,2018-04-09
SMSE_B22_1_GE12_30_9,90,SMSE,GE12,1.1269692564475309,23.592244817580696,2018-07-16
SMSE_B22_1_GE12_30_9,91,SMSE,GE12,1.1946515806725548,24.78689639825325,2018-08-13
SMSE_B22_1_GE12_30_9,92,SMSE,GE12,0.5709721429024683,25.35786854115572,2018-09-01
SMSE_B22_1_GE12_30_9,97,SMSE,GE12,0.967867132867133,26.325735674022855,2019-02-25
SMSE_B22_1_GE12_30_9,98,SMSE,GE12,1.3144970761870138,27.64023275020987,2019-03-04
SMSE_B22_1_GE12_30_9,100,SMSE,GE12,1.164330320208365,28.804563070418233,2019-05-06
SMSE_B22_1_GE12_30_9,101,SMSE,GE12,1.295610318643104,30.100173389061336,2019-06-10
SMSE_B22_1_GE12_30_9,105,SMSE,GE12,1.395511800993576,31.49568519005491,2019-10-14
SMSE_B22_1_GE12_30_9,106,SMSE,GE12,1.047380952380952,32.54306614243586,2019-11-18
SMSE_B22_1_GE12_30_9,107,SMSE,GE12,1.46317916666667,34.00624530910253,2019-12-09
SMSE_B22_1_GE12_30_9,108,SMSE,GE12,1.671687317524749,35.67793262662728,2020-01-13
SMSE_B22_1_GE12_30_9,109,SMSE,GE12,1.920422527391175,37.598355154018456,2020-02-03
SMSE_B22_1_GE12_30_9,110,SMSE,GE12,1.227813852813855,38.82616900683231,2020-03-03
SMSE_B22_1_GE12_30_9,111,SMSE,GE12,0.682713782341689,39.508882789173995,2020-04-06
SMSE_B22_1_GE12_30_9,112,SMSE,GE12,0.659958706661473,40.168841495835466,2020-05-04
SMSE_B22_1_GE12_30_9,117,SMSE,GE12,1.42442492671805,41.59326642255351,2020-10-19
SMSE_B22_1_GE12_30_9,118,SMSE,GE12,1.36023894389439,42.9535053664479,2020-11-02
SMSE_B22_1_GE12_30_9,122,SMSE,GE12,1.7226899832840399,44.67619534973194,2021-03-29
SMSE_B22_1_GE12_30_9,123,SMSE,GE12,1.5964769001490282,46.27267224988097,2021-04-12
SMSE_B22_1_GE12_30_9,124,SMSE,GE12,1.426407211209845,47.69907946109081,2021-05-03
SMSE_B22_1_GE12_30_9,125,SMSE,GE12,1.517270431893688,49.216349892984496,2021-06-08
SMSE_B22_1_GE12_30_9,126,SMSE,GE12,1.82182499185756,51.03817488484206,2021-07-12
SMSE_B22_1_GE12_30_9,127,SMSE,GE12,1.526799688984156,52.56497457382621,2021-08-02
SMSE_B22_1_GE12_30_9,128,SMSE,GE12,1.547640033211981,54.112614607038196,2021-09-20
SMSE_B22_1_GE12_30_9,129,SMSE,GE12,1.515401825896875,55.62801643293507,2021-10-11
SMSE_B22_1_GE12_30_9,130,SMSE,GE12,1.8989156523229909,57.52693208525806,2021-11-08
SMSE_B22_1_GE12_30_9,138,SMSE,GE12,1.817198697068407,59.34413078232647,2022-07-25
SMSE_B22_1_GE12_30_9,139,SMSE,GE12,2.005121280161921,61.34925206248839,2022-08-15
SMSE_B22_1_GE12_30_9,140,SMSE,GE12,1.54458876221498,62.89384082470337,2022-09-19
SMSE_B22_1_GE12_30_9,141,SMSE,GE12,1.740222559107183,64.63406338381056,2022-10-24
SMSE_B22_1_GE12_30_9,142,SMSE,GE12,1.627809392324782,66.26187277613533,2022-11-21
SMSE_B22_1_GE12_30_9,143,SMSE,GE12,1.712059800664452,67.97393257679978,2022-12-19
SMSE_B22_1_GE12_30_9,144,SMSE,GE12,1.543015962036237,69.51694853883602,2023-01-23
SMSE_B22_1_GE12_30_9,145,SMSE,GE12,1.393402670719788,70.91035120955581,2023-02-27
SMSE_B22_1_GE12_30_9,146,SMSE,GE12,1.538163934426228,72.44851514398204,2023-03-13
SMSE_B22_1_GE12_30_9,148,SMSE,GE12,1.903748918581175,74.35226406256321,2023-05-29
SMSE_B22_1_GE12_30_9,149,SMSE,GE12,1.5872568433313898,75.9395209058946,2023-06-26
SMSE_B22_2_GE02_42_20,43,SMSE,GE02,0.3627373474286296,0.3627373474286296,2014-08-11
SMSE_B22_2_GE02_42_20,44,SMSE,GE02,0.3577536231884057,0.7204909706170353,2014-09-30
SMSE_B22_2_GE02_42_20,45,SMSE,GE02,0.4772587719298249,1.1977497425468602,2014-10-09
SMSE_B22_2_GE02_42_20,46,SMSE,GE02,0.450570906877663,1.648320649424523,2014-11-04
SMSE_B22_2_GE02_42_20,48,SMSE,GE02,0.4738011989805073,2.1221218484050306,2015-01-06
SMSE_B22_2_GE02_42_20,49,SMSE,GE02,0.621026102610261,2.743147951015292,2015-02-10
SMSE_B22_2_GE02_42_20,50,SMSE,GE02,0.6461331731851958,3.3892811242004877,2015-03-10
SMSE_B22_2_GE02_42_20,51,SMSE,GE02,0.7162371202997462,4.105518244500233,2015-04-07
SMSE_B22_2_GE02_42_20,52,SMSE,GE02,0.5438378514056221,4.649356095905856,2015-05-05
SMSE_B22_2_GE02_42_20,53,SMSE,GE02,0.5821200510855681,5.231476146991424,2015-06-03
SMSE_B22_2_GE02_42_20,54,SMSE,GE02,0.44868292682926797,5.680159073820692,2015-07-07
SMSE_B22_2_GE02_42_20,55,SMSE,GE02,0.8434886021922596,6.523647676012952,2015-08-25
SMSE_B22_2_GE02_42_20,56,SMSE,GE02,0.5918422109273243,7.115489886940276,2015-09-08
SMSE_B22_2_GE02_42_20,57,SMSE,GE02,0.6329388185654011,7.7484287055056775,2015-10-06
SMSE_B22_2_GE02_42_20,58,SMSE,GE02,0.7206210592686001,8.469049764774278,2015-11-24
SMSE_B22_2_GE02_42_20,59,SMSE,GE02,0.754664289958408,9.223714054732685,2015-12-08
SMSE_B22_2_GE02_42_20,60,SMSE,GE02,0.5539878542510117,9.777701908983698,2016-01-19
SMSE_B22_2_GE02_42_20,61,SMSE,GE02,0.39348037321260954,10.171182282196307,2016-02-10
SMSE_B22_2_GE02_42_20,68,SMSE,GE02,0.737960605881209,10.909142888077517,2016-09-27
SMSE_B22_2_GE02_42_20,69,SMSE,GE02,1.127841923842983,12.0369848119205,2016-10-04
SMSE_B22_2_GE02_42_20,70,SMSE,GE02,1.218090575275401,13.2550753871959,2016-11-15
SMSE_B22_2_GE02_42_20,71,SMSE,GE02,0.89547125074096,14.15054663793686,2016-12-14
SMSE_B22_2_GE02_42_20,72,SMSE,GE02,1.478136645962732,15.62868328389959,2017-01-03
SMSE_B22_2_GE02_42_20,76,SMSE,GE02,0.805797182733999,16.43448046663359,2017-05-03
SMSE_B22_2_GE02_42_20,77,SMSE,GE02,1.279823529411762,17.714303996045352,2017-06-13
SMSE_B22_2_GE02_42_20,78,SMSE,GE02,1.828279137742053,19.542583133787407,2017-07-11
SMSE_B22_2_GE02_42_20,79,SMSE,GE02,1.313187724088025,20.85577085787543,2017-08-01
SMSE_B22_2_GE02_42_20,80,SMSE,GE02,0.648582114547282,21.504352972422712,2017-09-12
SMSE_B22_2_GE02_42_20,81,SMSE,GE02,0.728099699085902,22.232452671508614,2017-10-10
SMSE_B22_2_GE02_42_20,82,SMSE,GE02,0.9483970938622099,23.180849765370823,2017-11-07
SMSE_B22_2_GE02_42_20,84,SMSE,GE02,0.1533969991173875,23.33424676448821,2018-01-30
SMSE_B22_2_GE02_42_20,85,SMSE,GE02,0.636363441551484,23.970610206039694,2018-02-13
SMSE_B22_2_GE02_42_20,86,SMSE,GE02,0.843754248366013,24.81436445440571,2018-03-27
SMSE_B22_2_GE02_42_20,90,SMSE,GE02,1.106905216837477,25.921269671243184,2018-07-17
SMSE_B22_2_GE02_42_20,91,SMSE,GE02,1.1483397832817321,27.069609454524915,2018-08-14
SMSE_B22_2_GE02_42_20,92,SMSE,GE02,0.871609907120743,27.941219361645658,2018-09-25
SMSE_B22_2_GE02_42_20,93,SMSE,GE02,0.966237956351202,28.907457317996858,2018-10-31
SMSE_B22_2_GE02_42_20,94,SMSE,GE02,1.189697111723008,30.097154429719865,2018-11-21
SMSE_B22_2_GE02_42_20,95,SMSE,GE02,1.0967983857407089,31.193952815460573,2018-12-12
SMSE_B22_2_GE02_42_20,96,SMSE,GE02,0.969207053411705,32.16315986887228,2019-01-15
SMSE_B22_2_GE02_42_20,97,SMSE,GE02,0.982379849449913,33.14553971832219,2019-02-06
SMSE_B22_2_GE02_42_20,98,SMSE,GE02,1.033944518085957,34.17948423640815,2019-03-19
SMSE_B22_2_GE02_42_20,101,SMSE,GE02,1.022724040206766,35.20220827661492,2019-06-25
SMSE_B22_2_GE02_42_20,102,SMSE,GE02,1.5178452813067138,36.72005355792163,2019-07-16
SMSE_B22_2_GE02_42_20,103,SMSE,GE02,1.255300695261086,37.975354253182715,2019-08-06
SMSE_B22_2_GE02_42_20,104,SMSE,GE02,1.1575973922722178,39.13295164545493,2019-09-24
SMSE_B22_2_GE02_42_20,105,SMSE,GE02,1.1517888888888872,40.28474053434382,2019-10-01
SMSE_B22_2_GE02_42_20,106,SMSE,GE02,1.314760008803346,41.599500543147165,2019-11-12
SMSE_B22_2_GE02_42_20,107,SMSE,GE02,1.144343568131647,42.74384411127881,2019-12-03
SMSE_B22_2_GE02_42_20,108,SMSE,GE02,1.114889967637541,43.85873407891635,2020-01-28
SMSE_B22_2_GE02_42_20,109,SMSE,GE02,0.885483360406514,44.74421743932286,2020-02-18
SMSE_B22_2_GE02_42_20,118,SMSE,GE02,1.011110746836273,45.75532818615913,2020-11-24
SMSE_B22_2_GE02_42_20,119,SMSE,GE02,1.000387637969095,46.75571582412823,2020-12-01
SMSE_B22_2_GE02_42_20,123,SMSE,GE02,1.787272727272725,48.54298855140095,2021-04-06
SMSE_B22_2_GE02_42_20,124,SMSE,GE02,1.9597213622291019,50.502709913630056,2021-05-18
SMSE_B22_2_GE02_42_20,125,SMSE,GE02,1.691229855991766,52.19393976962182,2021-06-15
SMSE_B22_2_GE02_42_20,126,SMSE,GE02,1.501403165917526,53.695342935539344,2021-07-21
SMSE_B22_2_GE02_42_20,127,SMSE,GE02,2.00067705627706,55.69601999181641,2021-08-25
SMSE_B22_2_GE02_42_20,128,SMSE,GE02,1.888211293260478,57.58423128507688,2021-09-28
SMSE_B22_2_GE02_42_20,129,SMSE,GE02,1.67438307721983,59.25861436229671,2021-10-26
SMSE_B22_2_GE02_42_20,137,SMSE,GE02,1.7743867981046781,61.03300116040139,2022-06-29
SMSE_B22_2_GE02_42_20,138,SMSE,GE02,1.745301408689032,62.77830256909042,2022-07-19
SMSE_B22_2_GE02_42_20,139,SMSE,GE02,1.528327440265728,64.30663000935616,2022-08-23
SMSE_B22_2_GE02_42_20,140,SMSE,GE02,1.3073504950495098,65.61398050440566,2022-09-20
SMSE_B22_2_GE02_42_20,141,SMSE,GE02,1.46783417212153,67.08181467652719,2022-10-25
SMSE_B22_2_GE02_42_20,142,SMSE,GE02,1.476053702457623,68.55786837898481,2022-11-15
SMSE_B22_2_GE02_42_20,143,SMSE,GE02,1.4494151203199819,70.00728349930479,2022-12-06
SMSE_B22_2_GE02_42_20,144,SMSE,GE02,1.074190544882302,71.08147404418709,2023-01-02
SMSE_B22_2_GE02_42_20,145,SMSE,GE02,0.613953311617807,71.6954273558049,2023-02-21
SMSE_B22_2_GE02_42_20,150,SMSE,GE02,1.953927392739271,73.64935474854417,2023-07-25
SMSE_B22_2_GE02_42_20,151,SMSE,GE02,1.413201320132014,75.06255606867619,2023-08-29
SMSE_B22_2_GE06_56_13,44,SMSE,GE06,0.6052570518653324,0.6052570518653324,2014-09-09
SMSE_B22_2_GE06_56_13,45,SMSE,GE06,0.6447201119552176,1.24997716382055,2014-10-07
SMSE_B22_2_GE06_56_13,46,SMSE,GE06,0.5842582043343654,1.8342353681549153,2014-11-11
SMSE_B22_2_GE06_56_13,48,SMSE,GE06,0.5140337088463894,2.3482690770013046,2015-01-06
SMSE_B22_2_GE06_56_13,49,SMSE,GE06,0.5240904795812427,3.3964500361637895,2015-02-03
SMSE_B22_2_GE06_56_13,50,SMSE,GE06,0.47900733935265843,3.875457375516448,2015-03-04
SMSE_B22_2_GE06_56_13,51,SMSE,GE06,0.4503634176569216,4.32582079317337,2015-04-07
SMSE_B22_2_GE06_56_13,52,SMSE,GE06,0.5052575259191411,4.831078319092511,2015-05-25
SMSE_B22_2_GE06_56_13,55,SMSE,GE06,0.6506117381117382,6.132301795315987,2015-08-26
SMSE_B22_2_GE06_56_13,56,SMSE,GE06,0.5242665713775235,6.656568366693511,2015-09-01
SMSE_B22_2_GE06_56_13,57,SMSE,GE06,0.6396241308024808,7.296192497495992,2015-10-03
SMSE_B22_2_GE06_56_13,58,SMSE,GE06,0.8147129909365559,8.110905488432548,2015-11-10
SMSE_B22_2_GE06_56_13,59,SMSE,GE06,1.215835980036293,9.32674146846884,2015-12-15
SMSE_B22_2_GE06_56_13,60,SMSE,GE06,0.873452260580673,10.200193729049515,2016-01-05
SMSE_B22_2_GE06_56_13,61,SMSE,GE06,0.731251457442674,10.931445186492189,2016-02-02
SMSE_B22_2_GE06_56_13,68,SMSE,GE06,0.777221555533594,11.708666742025782,2016-09-28
SMSE_B22_2_GE06_56_13,69,SMSE,GE06,1.4538497919944369,13.162516534020218,2016-10-25
SMSE_B22_2_GE06_56_13,70,SMSE,GE06,1.17928526645768,14.3418018004779,2016-11-02
SMSE_B22_2_GE06_56_13,71,SMSE,GE06,1.36368941939582,15.70549121987372,2016-12-14
SMSE_B22_2_GE06_56_13,72,SMSE,GE06,1.0813856416352952,16.786876861509015,2017-01-09
SMSE_B22_2_GE06_56_13,73,SMSE,GE06,1.070729546638875,17.85760640814789,2017-02-07
SMSE_B22_2_GE06_56_13,80,SMSE,GE06,0.944289215686275,18.801895623834167,2017-09-12
SMSE_B22_2_GE06_56_13,81,SMSE,GE06,1.194487431693989,19.996383055528156,2017-10-03
SMSE_B22_2_GE06_56_13,82,SMSE,GE06,1.237997099072965,21.23438015460112,2017-11-07
SMSE_B22_2_GE06_56_13,87,SMSE,GE06,0.6483005257623553,21.882680680363475,2018-04-24
SMSE_B22_2_GE06_56_13,88,SMSE,GE06,1.004858780457964,22.88753946082144,2018-05-15
SMSE_B22_2_GE06_56_13,89,SMSE,GE06,1.210217606907416,24.097757067728857,2018-06-19
SMSE_B22_2_GE06_56_13,90,SMSE,GE06,1.40200203562341,25.499759103352268,2018-07-24
SMSE_B22_2_GE06_56_13,91,SMSE,GE06,1.341617061913104,26.841376165265373,2018-08-07
SMSE_B22_2_GE06_56_13,92,SMSE,GE06,1.2648871044681211,28.106263269733496,2018-09-18
SMSE_B22_2_GE06_56_13,93,SMSE,GE06,1.407658402203856,29.513921671937354,2018-10-23
SMSE_B22_2_GE06_56_13,94,SMSE,GE06,1.265328408381813,30.779250080319166,2018-11-13
SMSE_B22_2_GE06_56_13,102,SMSE,GE06,1.578277161398363,32.35752724171753,2019-07-30
SMSE_B22_2_GE06_56_13,103,SMSE,GE06,1.216955730055762,33.57448297177329,2019-08-13
SMSE_B22_2_GE06_56_13,104,SMSE,GE06,1.87273224043716,35.44721521221045,2019-09-03
SMSE_B22_2_GE06_56_13,105,SMSE,GE06,1.312917586460631,36.76013279867108,2019-10-08
SMSE_B22_2_GE06_56_13,106,SMSE,GE06,1.1971032448377599,37.95723604350884,2019-11-12
SMSE_B22_2_GE06_56_13,107,SMSE,GE06,1.308459195125861,39.265695238634706,2019-12-10
SMSE_B22_2_GE06_56_13,116,SMSE,GE06,1.339606991547978,40.60530223018269,2020-09-22
SMSE_B22_2_GE06_56_13,117,SMSE,GE06,0.9180200093066541,41.52332223948934,2020-10-27
SMSE_B22_2_GE06_56_13,118,SMSE,GE06,1.49328990228013,43.01661214176947,2020-11-17
SMSE_B22_2_GE06_56_13,119,SMSE,GE06,1.691439678742316,44.708051820511784,2020-12-01
SMSE_B22_2_GE06_56_13,125,SMSE,GE06,1.355518207282916,46.0635700277947,2021-06-09
SMSE_B22_2_GE06_56_13,127,SMSE,GE06,1.647717647058824,47.71128767485352,2021-08-18
SMSE_B22_2_GE06_56_13,128,SMSE,GE06,1.577940262082869,49.28922793693639,2021-09-21
SMSE_B22_2_GE06_56_13,129,SMSE,GE06,1.791953535223649,51.08118147216004,2021-10-26
SMSE_B22_2_GE06_56_13,130,SMSE,GE06,2.056470588235293,53.13765206039533,2021-11-02
SMSE_B22_2_GE06_56_13,131,SMSE,GE06,2.119261759348548,55.25691381974388,2021-12-07
SMSE_B22_2_GE06_56_13,139,SMSE,GE06,1.783099557145293,57.04001337688917,2022-08-30
SMSE_B22_2_GE06_56_13,140,SMSE,GE06,1.847034743722054,58.887048120611226,2022-09-27
SMSE_B22_2_GE06_56_13,141,SMSE,GE06,1.943506493506494,60.83055461411772,2022-10-18
SMSE_B22_2_GE06_56_13,149,SMSE,GE06,1.7448990033222591,62.57545361743998,2023-06-27
SMSE_B22_2_GE06_56_13,150,SMSE,GE06,1.998330849478394,64.57378446691838,2023-07-18
SMSE_B22_2_GE06_56_13,151,SMSE,GE06,2.10414239482201,66.67792686174039,2023-08-09
SMSE_B22_2_GE06_56_13,152,SMSE,GE06,1.8858432157708278,68.56377007751122,2023-09-12
SMSE_B22_2_GE09_56_14,42,SMSE,GE09,0.4297751726099258,0.4297751726099258,2014-07-08
SMSE_B22_2_GE09_56_14,43,SMSE,GE09,1.216413598349084,1.64618877095901,2014-08-12
SMSE_B22_2_GE09_56_14,44,SMSE,GE09,0.4723529411764705,2.1185417121354804,2014-09-09
SMSE_B22_2_GE09_56_14,45,SMSE,GE09,0.41591052368426773,2.534452235819748,2014-10-07
SMSE_B22_2_GE09_56_14,46,SMSE,GE09,0.4479618483549024,2.9824140841746507,2014-11-11
SMSE_B22_2_GE09_56_14,48,SMSE,GE09,0.309340108401084,3.2917541925757345,2015-01-06
SMSE_B22_2_GE09_56_14,50,SMSE,GE09,0.3919781130824072,3.683732305658142,2015-03-04
SMSE_B22_2_GE09_56_14,51,SMSE,GE09,0.4583945361550947,4.142126841813236,2015-04-07
SMSE_B22_2_GE09_56_14,52,SMSE,GE09,0.4728398536448071,4.614966695458043,2015-05-05
SMSE_B22_2_GE09_56_14,53,SMSE,GE09,0.5737961225766102,5.188762818034653,2015-06-03
SMSE_B22_2_GE09_56_14,54,SMSE,GE09,0.5101471861471862,5.6989100041818395,2015-07-21
SMSE_B22_2_GE09_56_14,55,SMSE,GE09,0.9089909297052159,6.607900933887056,2015-08-04
SMSE_B22_2_GE09_56_14,56,SMSE,GE09,0.6194812837664004,7.227382217653456,2015-09-01
SMSE_B22_2_GE09_56_14,57,SMSE,GE09,0.7067351840147797,7.934117401668235,2015-10-03
SMSE_B22_2_GE09_56_14,58,SMSE,GE09,0.907095808383233,8.841213210051468,2015-11-10
SMSE_B22_2_GE09_56_14,59,SMSE,GE09,0.715173483070734,9.556386693122201,2015-12-15
SMSE_B22_2_GE09_56_14,60,SMSE,GE09,0.7584130595179541,10.314799752640155,2016-01-05
SMSE_B22_2_GE09_56_14,61,SMSE,GE09,0.36128832278949713,10.676088075429652,2016-02-23
SMSE_B22_2_GE09_56_14,69,SMSE,GE09,1.046518941557206,11.722607016986858,2016-10-18
SMSE_B22_2_GE09_56_14,70,SMSE,GE09,1.206521870286575,12.929128887273434,2016-11-15
SMSE_B22_2_GE09_56_14,71,SMSE,GE09,1.3149598744173339,14.244088761690767,2016-12-14
SMSE_B22_2_GE09_56_14,72,SMSE,GE09,1.6610497386109,15.905138500301668,2017-01-09
SMSE_B22_2_GE09_56_14,73,SMSE,GE09,1.049739413680782,16.95487791398245,2017-02-07
SMSE_B22_2_GE09_56_14,77,SMSE,GE09,1.537656018698866,18.492533932681315,2017-06-12
SMSE_B22_2_GE09_56_14,78,SMSE,GE09,1.006499634617392,19.499033567298707,2017-07-18
SMSE_B22_2_GE09_56_14,79,SMSE,GE09,1.079025900719285,20.57805946801799,2017-08-15
SMSE_B22_2_GE09_56_14,80,SMSE,GE09,1.152764678687009,21.730824146705,2017-09-26
SMSE_B22_2_GE09_56_14,81,SMSE,GE09,1.199730172739885,22.930554319444884,2017-10-10
SMSE_B22_2_GE09_56_14,82,SMSE,GE09,1.186838172704058,24.11739249214894,2017-11-07
SMSE_B22_2_GE09_56_14,83,SMSE,GE09,1.120509554140128,25.23790204628907,2017-12-11
SMSE_B22_2_GE09_56_14,84,SMSE,GE09,0.995343512538671,26.23324555882774,2018-01-03
SMSE_B22_2_GE09_56_14,91,SMSE,GE09,0.7088145495288211,26.94206010835656,2018-08-28
SMSE_B22_2_GE09_56_14,92,SMSE,GE09,0.912912513842747,27.85497262219931,2018-09-18
SMSE_B22_2_GE09_56_14,93,SMSE,GE09,0.7615841584158409,28.61655678061515,2018-10-02
SMSE_B22_2_GE09_56_14,94,SMSE,GE09,1.069781887150308,29.686338667765458,2018-11-13
SMSE_B22_2_GE09_56_14,95,SMSE,GE09,1.1199172065921639,30.80625587435762,2018-12-18
SMSE_B22_2_GE09_56_14,96,SMSE,GE09,0.862206992829495,31.668462867187117,2019-01-03
SMSE_B22_2_GE09_56_14,105,SMSE,GE09,1.1866437425030019,32.85510660969012,2019-10-08
SMSE_B22_2_GE09_56_14,106,SMSE,GE09,1.393049180327864,34.24815579001798,2019-11-05
SMSE_B22_2_GE09_56_14,107,SMSE,GE09,1.4576327632763322,35.70578855329431,2019-12-24
SMSE_B22_2_GE09_56_14,108,SMSE,GE09,1.382001661129564,37.087790214423876,2020-01-14
SMSE_B22_2_GE09_56_14,117,SMSE,GE09,1.0877189542483658,38.17550916867224,2020-10-27
SMSE_B22_2_GE09_56_14,118,SMSE,GE09,1.4105429935802118,39.58605216225246,2020-11-03
SMSE_B22_2_GE09_56_14,119,SMSE,GE09,2.063838453796793,41.64989061604925,2020-12-01
SMSE_B22_2_GE09_56_14,120,SMSE,GE09,1.7376746199210051,43.38756523597025,2021-01-05
SMSE_B22_2_GE09_56_14,121,SMSE,GE09,1.523597189695554,44.91116242566581,2021-02-02
SMSE_B22_2_GE09_56_14,129,SMSE,GE09,1.920452822128476,46.83161524779428,2021-10-26
SMSE_B22_2_GE09_56_14,130,SMSE,GE09,1.866586789822235,48.69820203761652,2021-11-23
SMSE_B22_2_GE09_56_14,131,SMSE,GE09,1.731458078335373,50.42966011595189,2021-12-14
SMSE_B22_2_GE09_56_14,132,SMSE,GE09,1.290395498566255,51.720055614518145,2022-01-11
SMSE_B22_2_GE09_56_14,140,SMSE,GE09,1.512885834636097,53.23294144915424,2022-09-27
SMSE_B22_2_GE09_56_14,141,SMSE,GE09,1.611136889000971,54.844078338155214,2022-10-18
SMSE_B22_2_GE09_56_14,142,SMSE,GE09,2.041063973947069,56.88514231210228,2022-11-23
SMSE_B22_2_GE09_56_14,143,SMSE,GE09,1.8131796912303,58.698322003332585,2022-12-13
SMSE_B22_2_GE09_56_14,144,SMSE,GE09,1.23313953488372,59.931461538216304,2023-01-03
SMSE_B22_2_GE09_56_14,151,SMSE,GE09,1.724656306690268,61.656117844906575,2023-08-29
SMSE_B22_2_GE09_56_14,152,SMSE,GE09,1.7918543046357591,63.44797214954234,2023-09-26
SMSE_B22_2_GE09_57_13,43,SMSE,GE09,0.6504926736037379,0.6504926736037379,2014-08-12
SMSE_B22_2_GE09_57_13,44,SMSE,GE09,0.4088912718974663,1.0593839455012042,2014-09-09
SMSE_B22_2_GE09_57_13,45,SMSE,GE09,0.6121174513371299,2.283618848175464,2014-10-07
SMSE_B22_2_GE09_57_13,48,SMSE,GE09,0.687554135605254,2.971172983780718,2015-01-06
SMSE_B22_2_GE09_57_13,49,SMSE,GE09,0.5213510101010096,3.4925239938817274,2015-02-24
SMSE_B22_2_GE09_57_13,50,SMSE,GE09,0.5052575259191411,3.9977815198008684,2015-03-04
SMSE_B22_2_GE09_57_13,51,SMSE,GE09,0.6972620578778135,4.695043577678682,2015-04-07
SMSE_B22_2_GE09_57_13,52,SMSE,GE09,0.44404428389511197,5.139087861573794,2015-05-06
SMSE_B22_2_GE09_57_13,53,SMSE,GE09,0.7612295335186907,5.900317395092484,2015-06-03
SMSE_B22_2_GE09_57_13,54,SMSE,GE09,0.7533340870548334,6.653651482147318,2015-07-07
SMSE_B22_2_GE09_57_13,55,SMSE,GE09,0.4420707588707587,7.095722241018076,2015-08-04
SMSE_B22_2_GE09_57_13,56,SMSE,GE09,0.8780607611128874,7.973783002130963,2015-09-01
SMSE_B22_2_GE09_57_13,57,SMSE,GE09,0.59246511627907,8.566248118410034,2015-10-03
SMSE_B22_2_GE09_57_13,58,SMSE,GE09,0.7661562515660241,9.332404369976057,2015-11-10
SMSE_B22_2_GE09_57_13,59,SMSE,GE09,0.724650289469566,10.057054659445622,2015-12-15
SMSE_B22_2_GE09_57_13,60,SMSE,GE09,0.5730232558139535,10.630077915259577,2016-01-05
SMSE_B22_2_GE09_57_13,69,SMSE,GE09,1.2419031649549361,11.871981080214512,2016-10-18
SMSE_B22_2_GE09_57_13,70,SMSE,GE09,1.132173492324285,13.004154572538797,2016-11-02
SMSE_B22_2_GE09_57_13,71,SMSE,GE09,1.240375714960385,14.244530287499181,2016-12-14
SMSE_B22_2_GE09_57_13,72,SMSE,GE09,1.411414603436917,15.655944890936098,2017-01-09
SMSE_B22_2_GE09_57_13,74,SMSE,GE09,0.9327868946358511,16.588731785571948,2017-03-07
SMSE_B22_2_GE09_57_13,79,SMSE,GE09,1.20374273255814,17.79247451813009,2017-08-15
SMSE_B22_2_GE09_57_13,80,SMSE,GE09,1.2404251579350098,19.0328996760651,2017-09-26
SMSE_B22_2_GE09_57_13,81,SMSE,GE09,0.99704647337698,20.02994614944208,2017-10-03
SMSE_B22_2_GE09_57_13,82,SMSE,GE09,1.284130824372761,21.31407697381484,2017-11-07
SMSE_B22_2_GE09_57_13,86,SMSE,GE09,0.776535987377108,22.090612961191948,2018-03-20
SMSE_B22_2_GE09_57_13,90,SMSE,GE09,1.108918918918919,23.199531880110868,2018-07-17
SMSE_B22_2_GE09_57_13,91,SMSE,GE09,1.190540657909019,24.390072538019886,2018-08-28
SMSE_B22_2_GE09_57_13,92,SMSE,GE09,1.153993095512083,25.544065633531968,2018-09-18
SMSE_B22_2_GE09_57_13,93,SMSE,GE09,1.107609921542988,26.651675555074956,2018-10-02
SMSE_B22_2_GE09_57_13,94,SMSE,GE09,1.241731270744424,27.89340682581938,2018-11-06
SMSE_B22_2_GE09_57_13,96,SMSE,GE09,1.9750000000000019,29.86840682581938,2019-01-22
SMSE_B22_2_GE09_57_13,97,SMSE,GE09,0.658439108061749,30.52684593388113,2019-02-12
SMSE_B22_2_GE09_57_13,98,SMSE,GE09,1.0725481870030389,31.59939412088417,2019-03-18
SMSE_B22_2_GE09_57_13,102,SMSE,GE09,1.332049546778234,32.93144366766241,2019-07-23
SMSE_B22_2_GE09_57_13,103,SMSE,GE09,1.601967413013766,34.533411080676174,2019-08-13
SMSE_B22_2_GE09_57_13,104,SMSE,GE09,1.324517599088568,35.85792867976474,2019-09-10
SMSE_B22_2_GE09_57_13,105,SMSE,GE09,1.479302847282138,37.337231527046875,2019-10-08
SMSE_B22_2_GE09_57_13,106,SMSE,GE09,1.453883962949111,38.79111548999599,2019-11-12
SMSE_B22_2_GE09_57_13,107,SMSE,GE09,1.421104092282335,40.21221958227832,2019-12-10
SMSE_B22_2_GE09_57_13,116,SMSE,GE09,1.192980132450331,41.40519971472865,2020-09-15
SMSE_B22_2_GE09_57_13,117,SMSE,GE09,1.5281647963686822,42.93336451109734,2020-10-20
SMSE_B22_2_GE09_57_13,118,SMSE,GE09,1.565203220360994,44.49856773145833,2020-11-03
SMSE_B22_2_GE09_57_13,119,SMSE,GE09,1.6976,46.19616773145833,2020-12-01
SMSE_B22_2_GE09_57_13,120,SMSE,GE09,1.698701298701295,47.894869030159626,2021-01-05
SMSE_B22_2_GE09_57_13,127,SMSE,GE09,1.535002178459389,49.42987120861901,2021-08-25
SMSE_B22_2_GE09_57_13,128,SMSE,GE09,1.814322943722943,51.244194152341954,2021-09-07
SMSE_B22_2_GE09_57_13,129,SMSE,GE09,1.629421915444346,52.8736160677863,2021-10-26
SMSE_B22_2_GE09_57_13,130,SMSE,GE09,1.8108185430463601,54.68443461083266,2021-11-09
SMSE_B22_2_GE09_57_13,131,SMSE,GE09,1.84676953642384,56.5312041472565,2021-12-14
SMSE_B22_2_GE09_57_13,132,SMSE,GE09,1.629477947794784,58.160682095051286,2022-01-04
SMSE_B22_2_GE09_57_13,139,SMSE,GE09,1.652519834764929,59.813201929816216,2022-08-30
SMSE_B22_2_GE09_57_13,140,SMSE,GE09,2.126282667354687,61.9394845971709,2022-09-13
SMSE_B22_2_GE09_57_13,141,SMSE,GE09,1.835728155339811,63.77521275251071,2022-10-18
SMSE_B22_2_GE09_57_13,142,SMSE,GE09,1.710848237097599,65.4860609896083,2022-11-15
SMSE_B22_2_GE09_57_13,150,SMSE,GE09,1.750505854800938,67.23656684440924,2023-07-18
SMSE_B22_2_GE09_57_13,151,SMSE,GE09,1.6594000779119589,68.8959669223212,2023-08-29
SMSE_B22_2_GE09_57_13,152,SMSE,GE09,1.7604616472706178,70.65642856959181,2023-09-12
SMSE_B22_2_GE09_60_5,41,SMSE,GE09,0.5091961359323783,0.5091961359323783,2014-06-04
SMSE_B22_2_GE09_60_5,43,SMSE,GE09,0.47310125760711075,0.9822973935394891,2014-08-11
SMSE_B22_2_GE09_60_5,44,SMSE,GE09,0.4949597995196831,1.4772571930591722,2014-09-09
SMSE_B22_2_GE09_60_5,45,SMSE,GE09,0.41312760805728743,1.8903848011164597,2014-10-07
SMSE_B22_2_GE09_60_5,46,SMSE,GE09,0.45610457516339903,2.346489376279859,2014-11-11
SMSE_B22_2_GE09_60_5,48,SMSE,GE09,0.5453733250834293,2.891862701363288,2015-01-06
SMSE_B22_2_GE09_60_5,49,SMSE,GE09,0.5905101246105919,3.48237282597388,2015-02-03
SMSE_B22_2_GE09_60_5,50,SMSE,GE09,0.9313605309389033,4.4137333569127835,2015-03-04
SMSE_B22_2_GE09_60_5,51,SMSE,GE09,0.5753104072398187,4.989043764152602,2015-04-07
SMSE_B22_2_GE09_60_5,52,SMSE,GE09,0.5213397129186602,5.5103834770712625,2015-05-05
SMSE_B22_2_GE09_60_5,53,SMSE,GE09,0.7922490212842547,6.302632498355517,2015-06-03
SMSE_B22_2_GE09_60_5,54,SMSE,GE09,0.3859579180509412,6.688590416406458,2015-07-07
SMSE_B22_2_GE09_60_5,55,SMSE,GE09,0.4812247731442451,7.169815189550703,2015-08-04
SMSE_B22_2_GE09_60_5,56,SMSE,GE09,0.7458058608058612,7.915621050356564,2015-09-01
SMSE_B22_2_GE09_60_5,57,SMSE,GE09,0.7802633694364527,8.695884419793018,2015-10-03
SMSE_B22_2_GE09_60_5,58,SMSE,GE09,0.928075015675768,9.623959435468786,2015-11-03
SMSE_B22_2_GE09_60_5,59,SMSE,GE09,0.9291672427999123,10.553126678268697,2015-12-02
SMSE_B22_2_GE09_60_5,60,SMSE,GE09,1.0527921568627447,11.605918835131442,2016-01-03
SMSE_B22_2_GE09_60_5,61,SMSE,GE09,0.6388797888181951,12.244798623949638,2016-02-02
SMSE_B22_2_GE09_60_5,68,SMSE,GE09,0.916602338557771,13.16140096250741,2016-09-20
SMSE_B22_2_GE09_60_5,69,SMSE,GE09,1.3045276096129161,14.465928572120326,2016-10-11
SMSE_B22_2_GE09_60_5,70,SMSE,GE09,1.083717948717948,15.549646520838275,2016-11-02
SMSE_B22_2_GE09_60_5,71,SMSE,GE09,1.545114754098361,17.094761274936637,2016-12-06
SMSE_B22_2_GE09_60_5,72,SMSE,GE09,1.949502164502161,19.044263439438797,2017-01-09
SMSE_B22_2_GE09_60_5,73,SMSE,GE09,1.68177243953904,20.726035878977836,2017-02-07
SMSE_B22_2_GE09_60_5,74,SMSE,GE09,1.143555231143552,21.869591110121387,2017-03-07
SMSE_B22_2_GE09_60_5,79,SMSE,GE09,1.08078431372549,22.95037542384688,2017-08-29
SMSE_B22_2_GE09_60_5,80,SMSE,GE09,1.7168287206333321,24.66720414448021,2017-09-19
SMSE_B22_2_GE09_60_5,81,SMSE,GE09,1.476386531107174,26.143590675587383,2017-10-10
SMSE_B22_2_GE09_60_5,82,SMSE,GE09,1.143370491803279,27.28696116739066,2017-11-14
SMSE_B22_2_GE09_60_5,90,SMSE,GE09,1.78205977011494,29.069020937505602,2018-07-17
SMSE_B22_2_GE09_60_5,91,SMSE,GE09,2.0629026391222727,31.131923576627877,2018-08-07
SMSE_B22_2_GE09_60_5,92,SMSE,GE09,1.566054538942987,32.69797811557086,2018-09-12
SMSE_B22_2_GE09_60_5,93,SMSE,GE09,1.720056818181818,34.41803493375268,2018-10-02
SMSE_B22_2_GE09_60_5,94,SMSE,GE09,1.504776396362959,35.922811330115636,2018-11-06
SMSE_B22_2_GE09_60_5,98,SMSE,GE09,1.5808051948051949,37.50361652492083,2019-03-12
SMSE_B22_2_GE09_60_5,102,SMSE,GE09,2.30656216216216,39.81017868708299,2019-07-09
SMSE_B22_2_GE09_60_5,103,SMSE,GE09,1.687519760734881,41.49769844781787,2019-08-06
SMSE_B22_2_GE09_60_5,104,SMSE,GE09,2.1948466499286168,43.69254509774648,2019-09-10
SMSE_B22_2_GE09_60_5,105,SMSE,GE09,1.630636942675159,45.32318204042164,2019-10-01
SMSE_B22_2_GE09_60_5,106,SMSE,GE09,1.569422969717009,46.89260501013865,2019-11-05
SMSE_B22_2_GE09_60_5,107,SMSE,GE09,1.565962982548917,48.45856799268757,2019-12-03
SMSE_B22_2_GE09_60_5,116,SMSE,GE09,2.077763157894734,50.536331150582306,2020-09-22
SMSE_B22_2_GE09_60_5,117,SMSE,GE09,1.43285901639344,51.96919016697575,2020-10-13
SMSE_B22_2_GE09_60_5,118,SMSE,GE09,2.700650474685248,54.669840641661,2020-11-03
SMSE_B22_2_GE09_60_5,119,SMSE,GE09,2.071414379084967,56.74125502074597,2020-12-01
SMSE_B22_2_GE09_60_5,120,SMSE,GE09,1.64509803921569,58.38635305996166,2021-01-12
SMSE_B22_2_GE09_60_5,124,SMSE,GE09,1.470546525627793,59.85689958558945,2021-05-25
SMSE_B22_2_GE09_60_5,127,SMSE,GE09,1.835688494492049,61.6925880800815,2021-08-25
SMSE_B22_2_GE09_60_5,128,SMSE,GE09,2.542436476657372,64.23502455673888,2021-09-07
SMSE_B22_2_GE09_60_5,129,SMSE,GE09,1.667628415300543,65.90265297203942,2021-10-12
SMSE_B22_2_GE09_60_5,130,SMSE,GE09,1.8869231946144418,67.78957616665386,2021-11-02
SMSE_B22_2_GE09_60_5,131,SMSE,GE09,2.053865492188005,69.84344165884187,2021-12-14
SMSE_B22_2_GE09_60_5,132,SMSE,GE09,0.951401324503311,70.79484298334518,2022-01-04
SMSE_B22_2_GE09_60_5,139,SMSE,GE09,2.218503764617929,73.01334674796311,2022-08-16
SMSE_B22_2_GE09_60_5,140,SMSE,GE09,2.366115597016565,75.37946234497967,2022-09-13
SMSE_B22_2_GE09_60_5,141,SMSE,GE09,1.8688030912690832,77.24826543624876,2022-10-04
SMSE_B22_2_GE09_60_5,142,SMSE,GE09,2.644385382059803,79.89265081830857,2022-11-01
SMSE_B22_2_GE09_60_5,147,SMSE,GE09,1.7217293729372969,81.61438019124586,2023-04-11
SMSE_B22_2_GE09_60_5,148,SMSE,GE09,2.315550337095679,83.92993052834153,2023-05-03
SMSE_B22_2_GE09_60_5,149,SMSE,GE09,2.14413114754098,86.0740616758825,2023-06-20
SMSE_B22_2_GE09_60_5,150,SMSE,GE09,1.995399298792361,88.06946097467487,2023-07-25
SMSE_B22_2_GE09_60_5,151,SMSE,GE09,1.9994040180717092,90.06886499274658,2023-08-15
SMSE_B22_2_GE09_60_5,152,SMSE,GE09,2.280513816087496,92.34937880883408,2023-09-05
SMSE_B22_2_GE09_61_5,41,SMSE,GE09,0.3914868005977092,0.3914868005977092,2014-06-04
SMSE_B22_2_GE09_61_5,42,SMSE,GE09,0.4577502037015476,0.8492370042992567,2014-07-10
SMSE_B22_2_GE09_61_5,43,SMSE,GE09,0.68036866359447,1.5296056678937267,2014-08-11
SMSE_B22_2_GE09_61_5,44,SMSE,GE09,0.147592510688486,1.6771981785822128,2014-09-09
SMSE_B22_2_GE09_61_5,46,SMSE,GE09,0.3473870967741936,2.024585275356406,2014-11-11
SMSE_B22_2_GE09_61_5,48,SMSE,GE09,0.3735930735930739,2.39817834894948,2015-01-20
SMSE_B22_2_GE09_61_5,49,SMSE,GE09,0.2779838454228699,2.67616219437235,2015-02-03
SMSE_B22_2_GE09_61_5,50,SMSE,GE09,0.2202889931168454,3.116740180606041,2015-03-24
SMSE_B22_2_GE09_61_5,52,SMSE,GE09,0.4013304451918146,3.5180706257978556,2015-05-05
SMSE_B22_2_GE09_61_5,53,SMSE,GE09,0.6407255864702674,4.158796212268123,2015-06-03
SMSE_B22_2_GE09_61_5,54,SMSE,GE09,0.7559158009841442,4.914712013252267,2015-07-07
SMSE_B22_2_GE09_61_5,55,SMSE,GE09,0.5319230769230767,5.446635090175343,2015-08-04
SMSE_B22_2_GE09_61_5,56,SMSE,GE09,0.686344936708861,6.132980026884204,2015-09-01
SMSE_B22_2_GE09_61_5,57,SMSE,GE09,0.55942429022082,6.692404317105024,2015-10-03
SMSE_B22_2_GE09_61_5,58,SMSE,GE09,0.6379102285787259,7.33031454568375,2015-11-03
SMSE_B22_2_GE09_61_5,59,SMSE,GE09,0.6833200703247891,8.01363461600854,2015-12-02
SMSE_B22_2_GE09_61_5,60,SMSE,GE09,0.48349624324134527,8.497130859249886,2016-01-05
SMSE_B22_2_GE09_61_5,61,SMSE,GE09,0.4001760253476503,8.897306884597537,2016-02-02
SMSE_B22_2_GE09_61_5,67,SMSE,GE09,0.734237527254072,9.631544411851609,2016-08-30
SMSE_B22_2_GE09_61_5,68,SMSE,GE09,1.1201762146949819,10.751720626546591,2016-09-06
SMSE_B22_2_GE09_61_5,69,SMSE,GE09,1.316231675034234,12.067952301580824,2016-10-11
SMSE_B22_2_GE09_61_5,70,SMSE,GE09,1.142685050798262,13.210637352379086,2016-11-02
SMSE_B22_2_GE09_61_5,71,SMSE,GE09,1.080739549140236,14.291376901519323,2016-12-06
SMSE_B22_2_GE09_61_5,72,SMSE,GE09,1.147145459276607,15.438522360795929,2017-01-09
SMSE_B22_2_GE09_61_5,77,SMSE,GE09,0.94938523875915,16.387907599555078,2017-06-12
SMSE_B22_2_GE09_61_5,78,SMSE,GE09,1.734570225854468,18.122477825409547,2017-07-11
SMSE_B22_2_GE09_61_5,79,SMSE,GE09,1.067001420166362,19.18947924557591,2017-08-15
SMSE_B22_2_GE09_61_5,80,SMSE,GE09,1.4040379452299951,20.593517190805905,2017-09-19
SMSE_B22_2_GE09_61_5,81,SMSE,GE09,1.304555432235789,21.898072623041692,2017-10-10
SMSE_B22_2_GE09_61_5,88,SMSE,GE09,0.954506666666666,22.85257928970836,2018-05-08
SMSE_B22_2_GE09_61_5,89,SMSE,GE09,1.1813991228070142,24.033978412515374,2018-06-09
SMSE_B22_2_GE09_61_5,90,SMSE,GE09,1.687296882984163,25.721275295499538,2018-07-03
SMSE_B22_2_GE09_61_5,91,SMSE,GE09,1.535791194968557,27.257066490468095,2018-08-07
SMSE_B22_2_GE09_61_5,92,SMSE,GE09,1.3406321265462922,28.597698617014387,2018-09-12
SMSE_B22_2_GE09_61_5,93,SMSE,GE09,1.26739436619718,29.865092983211568,2018-10-02
SMSE_B22_2_GE09_61_5,94,SMSE,GE09,1.86236965683323,31.7274626400448,2018-11-06
SMSE_B22_2_GE09_61_5,95,SMSE,GE09,1.161479374110953,32.88894201415575,2018-12-18
SMSE_B22_2_GE09_61_5,96,SMSE,GE09,1.12909677174614,34.018038785901894,2019-01-22
SMSE_B22_2_GE09_61_5,97,SMSE,GE09,0.884034728319189,34.90207351422108,2019-02-19
SMSE_B22_2_GE09_61_5,98,SMSE,GE09,0.9149949723479129,35.81706848656899,2019-03-26
SMSE_B22_2_GE09_61_5,99,SMSE,GE09,0.97070926946644,36.78777775603543,2019-04-16
SMSE_B22_2_GE09_61_5,102,SMSE,GE09,1.146645751633987,37.93442350766942,2019-07-16
SMSE_B22_2_GE09_61_5,103,SMSE,GE09,1.878891432495852,39.81331494016528,2019-08-06
SMSE_B22_2_GE09_61_5,104,SMSE,GE09,1.503901935103023,41.3172168752683,2019-09-10
SMSE_B22_2_GE09_61_5,105,SMSE,GE09,1.566840926064232,42.88405780133253,2019-10-01
SMSE_B22_2_GE09_61_5,106,SMSE,GE09,1.389609739686283,44.27366754101882,2019-11-05
SMSE_B22_2_GE09_61_5,107,SMSE,GE09,1.058543302180685,45.332210843199505,2019-12-03
SMSE_B22_2_GE09_61_5,111,SMSE,GE09,1.261129474740716,46.59334031794022,2020-04-28
SMSE_B22_2_GE09_61_5,116,SMSE,GE09,1.3716298612468258,47.96497017918704,2020-09-29
SMSE_B22_2_GE09_61_5,117,SMSE,GE09,1.765363355408392,49.73033353459543,2020-10-13
SMSE_B22_2_GE09_61_5,118,SMSE,GE09,1.7793067961165099,51.50964033071194,2020-11-10
SMSE_B22_2_GE09_61_5,119,SMSE,GE09,1.712207792207792,53.22184812291973,2020-12-22
SMSE_B22_2_GE09_61_5,123,SMSE,GE09,1.420036963696373,54.64188508661611,2021-04-20
SMSE_B22_2_GE09_61_5,124,SMSE,GE09,1.820125999827985,56.46201108644409,2021-05-18
SMSE_B22_2_GE09_61_5,126,SMSE,GE09,1.390940465918898,57.85295155236299,2021-07-21
SMSE_B22_2_GE09_61_5,127,SMSE,GE09,1.442679738562092,59.29563129092508,2021-08-03
SMSE_B22_2_GE09_61_5,128,SMSE,GE09,1.548449919910554,60.84408121083563,2021-09-07
SMSE_B22_2_GE09_61_5,129,SMSE,GE09,1.645362921867777,62.48944413270341,2021-10-12
SMSE_B22_2_GE09_61_5,130,SMSE,GE09,1.617293729372935,64.10673786207634,2021-11-02
SMSE_B22_2_GE09_61_5,131,SMSE,GE09,2.217772062920577,66.32450992499692,2021-12-07
SMSE_B22_2_GE09_61_5,132,SMSE,GE09,1.511393188854487,67.8359031138514,2022-01-11
SMSE_B22_2_GE09_61_5,138,SMSE,GE09,1.495063695294615,69.33096680914602,2022-07-26
SMSE_B22_2_GE09_61_5,139,SMSE,GE09,2.186586281276964,71.51755309042298,2022-08-09
SMSE_B22_2_GE09_61_5,140,SMSE,GE09,1.349911130284733,72.86746422070772,2022-09-13
SMSE_B22_2_GE09_61_5,141,SMSE,GE09,1.698267215328234,74.56573143603595,2022-10-25
SMSE_B22_2_GE09_61_5,142,SMSE,GE09,1.888681519119278,76.45441295515522,2022-11-08
SMSE_B22_2_GE09_61_5,149,SMSE,GE09,1.599415141386807,78.05382809654203,2023-06-20
SMSE_B22_2_GE09_61_5,150,SMSE,GE09,1.7551383178184918,79.80896641436053,2023-07-04
SMSE_B22_2_GE09_61_5,151,SMSE,GE09,1.4197548808807121,81.22872129524124,2023-08-15
SMSE_B22_2_GE09_61_5,152,SMSE,GE09,1.7739671687038419,83.00268846394509,2023-09-05
SMSE_B22_2_GE09_62_5,41,SMSE,GE09,0.2889014192026097,0.2889014192026097,2014-06-12
SMSE_B22_2_GE09_62_5,44,SMSE,GE09,0.525358255451713,0.8142596746543227,2014-09-09
SMSE_B22_2_GE09_62_5,45,SMSE,GE09,0.3615007161093467,1.1757603907636693,2014-10-07
SMSE_B22_2_GE09_62_5,46,SMSE,GE09,0.3419588653401605,1.5177192561038297,2014-11-11
SMSE_B22_2_GE09_62_5,48,SMSE,GE09,0.4553010748947714,1.9730203309986012,2015-01-13
SMSE_B22_2_GE09_62_5,49,SMSE,GE09,0.3926542829474422,2.3656746139460436,2015-02-03
SMSE_B22_2_GE09_62_5,50,SMSE,GE09,0.4553084106589456,3.2762914352639347,2015-03-24
SMSE_B22_2_GE09_62_5,52,SMSE,GE09,0.5238498168498166,3.800141252113751,2015-05-05
SMSE_B22_2_GE09_62_5,53,SMSE,GE09,0.5670617334844892,4.36720298559824,2015-06-03
SMSE_B22_2_GE09_62_5,54,SMSE,GE09,0.5948552188552187,4.962058204453459,2015-07-07
SMSE_B22_2_GE09_62_5,55,SMSE,GE09,0.2216768916155416,5.183735096069001,2015-08-04
SMSE_B22_2_GE09_62_5,56,SMSE,GE09,0.5579934929119216,5.741728588980923,2015-09-01
SMSE_B22_2_GE09_62_5,57,SMSE,GE09,0.4475,6.189228588980923,2015-10-03
SMSE_B22_2_GE09_62_5,58,SMSE,GE09,0.653716540975365,6.842945129956288,2015-11-03
SMSE_B22_2_GE09_62_5,59,SMSE,GE09,0.6473500236183282,7.490295153574616,2015-12-02
SMSE_B22_2_GE09_62_5,60,SMSE,GE09,0.561434775056453,8.051729928631069,2016-01-05
SMSE_B22_2_GE09_62_5,61,SMSE,GE09,0.4488403059959174,8.500570234626986,2016-02-02
SMSE_B22_2_GE09_62_5,62,SMSE,GE09,0.398019480519481,8.898589715146468,2016-03-01
SMSE_B22_2_GE09_62_5,68,SMSE,GE09,0.658283247551055,9.556872962697522,2016-09-06
SMSE_B22_2_GE09_62_5,69,SMSE,GE09,0.8766752396539635,10.433548202351485,2016-10-11
SMSE_B22_2_GE09_62_5,70,SMSE,GE09,0.826710669975186,11.260258872326672,2016-11-02
SMSE_B22_2_GE09_62_5,71,SMSE,GE09,0.951601200115492,12.211860072442164,2016-12-06
SMSE_B22_2_GE09_62_5,72,SMSE,GE09,0.977172762386152,13.189032834828316,2017-01-03
SMSE_B22_2_GE09_62_5,73,SMSE,GE09,0.578115811581158,13.767148646409474,2017-02-07
SMSE_B22_2_GE09_62_5,74,SMSE,GE09,0.779494156205553,14.546642802615027,2017-03-07
SMSE_B22_2_GE09_62_5,75,SMSE,GE09,1.203816206863406,15.750459009478433,2017-04-04
SMSE_B22_2_GE09_62_5,76,SMSE,GE09,0.3168311403508775,16.06729014982931,2017-05-09
SMSE_B22_2_GE09_62_5,80,SMSE,GE09,0.885603566815284,16.952893716644596,2017-09-12
SMSE_B22_2_GE09_62_5,81,SMSE,GE09,0.850151802656547,17.803045519301143,2017-10-24
SMSE_B22_2_GE09_62_5,82,SMSE,GE09,1.079116897112452,18.882162416413596,2017-11-07
SMSE_B22_2_GE09_62_5,83,SMSE,GE09,0.8963606360636069,19.778523052477205,2017-12-05
SMSE_B22_2_GE09_62_5,84,SMSE,GE09,0.9717182817182819,20.750241334195486,2018-01-03
SMSE_B22_2_GE09_62_5,90,SMSE,GE09,1.3073756206554101,22.057616954850896,2018-07-31
SMSE_B22_2_GE09_62_5,91,SMSE,GE09,1.445927699530513,23.50354465438141,2018-08-14
SMSE_B22_2_GE09_62_5,92,SMSE,GE09,1.339145916035129,24.84269057041654,2018-09-12
SMSE_B22_2_GE09_62_5,93,SMSE,GE09,1.460838024978966,26.303528595395505,2018-10-02
SMSE_B22_2_GE09_62_5,94,SMSE,GE09,1.4892778915852491,27.792806486980755,2018-11-13
SMSE_B22_2_GE09_62_5,95,SMSE,GE09,1.241687296416938,29.034493783397693,2018-12-18
SMSE_B22_2_GE09_62_5,102,SMSE,GE09,1.776709226326189,30.811203009723883,2019-07-23
SMSE_B22_2_GE09_62_5,103,SMSE,GE09,1.5206010928961728,32.331804102620055,2019-08-06
SMSE_B22_2_GE09_62_5,104,SMSE,GE09,1.48653333333333,33.81833743595338,2019-09-10
SMSE_B22_2_GE09_62_5,105,SMSE,GE09,1.803847132831532,35.62218456878492,2019-10-01
SMSE_B22_2_GE09_62_5,106,SMSE,GE09,1.322678633411014,36.94486320219593,2019-11-05
SMSE_B22_2_GE09_62_5,107,SMSE,GE09,1.385878114621972,38.33074131681791,2019-12-03
SMSE_B22_2_GE09_62_5,108,SMSE,GE09,0.8818971115327859,39.212638428350694,2020-01-28
SMSE_B22_2_GE09_62_5,117,SMSE,GE09,1.7314077922077922,40.944046220558484,2020-10-13
SMSE_B22_2_GE09_62_5,118,SMSE,GE09,1.867859046490971,42.811905267049454,2020-11-03
SMSE_B22_2_GE09_62_5,119,SMSE,GE09,1.4477649006622522,44.259670167711704,2020-12-15
SMSE_B22_2_GE09_62_5,120,SMSE,GE09,1.5397786211258722,45.79944878883757,2021-01-12
SMSE_B22_2_GE09_62_5,121,SMSE,GE09,1.6299607843137291,47.429409573151304,2021-02-02
SMSE_B22_2_GE09_62_5,122,SMSE,GE09,1.215681712424386,48.64509128557569,2021-03-02
SMSE_B22_2_GE09_62_5,128,SMSE,GE09,1.342571685739998,49.987662971315686,2021-09-28
SMSE_B22_2_GE09_62_5,129,SMSE,GE09,1.631603745092113,51.6192667164078,2021-10-12
SMSE_B22_2_GE09_62_5,130,SMSE,GE09,1.591630367673668,53.210897084081466,2021-11-02
SMSE_B22_2_GE09_62_5,131,SMSE,GE09,2.075194055906833,55.2860911399883,2021-12-07
SMSE_B22_2_GE09_62_5,132,SMSE,GE09,1.5414950166113,56.8275861565996,2022-01-04
SMSE_B22_2_GE09_62_5,133,SMSE,GE09,1.3174718703787052,58.145058026978305,2022-02-02
SMSE_B22_2_GE09_62_5,139,SMSE,GE09,1.683170184863999,59.8282282118423,2022-08-30
SMSE_B22_2_GE09_62_5,140,SMSE,GE09,1.85387622149837,61.68210443334067,2022-09-13
SMSE_B22_2_GE09_62_5,141,SMSE,GE09,1.901123187608629,63.583227620949295,2022-10-04
SMSE_B22_2_GE09_62_5,142,SMSE,GE09,1.992053574289471,65.57528119523876,2022-11-15
SMSE_B22_2_GE09_62_5,143,SMSE,GE09,2.191755689784218,67.76703688502297,2022-12-06
SMSE_B22_2_GE09_62_5,144,SMSE,GE09,1.772,69.53903688502298,2023-01-10
SMSE_B22_2_GE09_62_5,150,SMSE,GE09,1.995432755053323,71.53446964007631,2023-07-25
SMSE_B22_2_GE09_62_5,151,SMSE,GE09,1.9261794335267561,73.46064907360307,2023-08-15
SMSE_B22_2_GE09_62_5,152,SMSE,GE09,1.264871035203906,74.72552010880698,2023-09-05
SMSE_B22_2_GE12_56_3,43,SMSE,GE12,0.6137585055053818,0.6137585055053818,2014-08-12
SMSE_B22_2_GE12_56_3,44,SMSE,GE12,0.4198273191006994,1.0335858246060812,2014-09-09
SMSE_B22_2_GE12_56_3,46,SMSE,GE12,0.6063649222065062,1.6399507468125873,2014-11-11
SMSE_B22_2_GE12_56_3,48,SMSE,GE12,0.3952680446893358,2.035218791501923,2015-01-06
SMSE_B22_2_GE12_56_3,55,SMSE,GE12,0.850382195824841,2.885600987326764,2015-08-25
SMSE_B22_2_GE12_56_3,56,SMSE,GE12,1.0034604306679469,3.8890614179947107,2015-09-01
SMSE_B22_2_GE12_56_3,57,SMSE,GE12,0.6708203241523321,4.559881742147043,2015-10-03
SMSE_B22_2_GE12_56_3,58,SMSE,GE12,1.001319329470199,5.561201071617242,2015-11-10
SMSE_B22_2_GE12_56_3,59,SMSE,GE12,0.738692546583851,6.299893618201093,2015-12-15
SMSE_B22_2_GE12_56_3,60,SMSE,GE12,0.57335414808207,6.873247766283163,2016-01-05
SMSE_B22_2_GE12_56_3,61,SMSE,GE12,0.3389494666650844,7.212197232948248,2016-02-02
SMSE_B22_2_GE12_56_3,68,SMSE,GE12,1.5838359201773808,8.796033153125629,2016-09-28
SMSE_B22_2_GE12_56_3,69,SMSE,GE12,1.49648193267218,10.29251508579781,2016-10-18
SMSE_B22_2_GE12_56_3,70,SMSE,GE12,1.019174603174603,11.311689688972413,2016-11-02
SMSE_B22_2_GE12_56_3,71,SMSE,GE12,1.2825429320855048,12.594232621057918,2016-12-14
SMSE_B22_2_GE12_56_3,76,SMSE,GE12,1.234184552447353,13.82841717350527,2017-05-16
SMSE_B22_2_GE12_56_3,77,SMSE,GE12,1.479194247888612,15.307611421393883,2017-06-12
SMSE_B22_2_GE12_56_3,78,SMSE,GE12,1.299718918127581,16.607330339521464,2017-07-18
SMSE_B22_2_GE12_56_3,79,SMSE,GE12,1.403803183107468,18.01113352262893,2017-08-07
SMSE_B22_2_GE12_56_3,80,SMSE,GE12,1.090968421052632,19.102101943681564,2017-09-26
SMSE_B22_2_GE12_56_3,81,SMSE,GE12,0.706587234994686,19.80868917867625,2017-10-17
SMSE_B22_2_GE12_56_3,82,SMSE,GE12,0.776723602484472,20.585412781160723,2017-11-14
SMSE_B22_2_GE12_56_3,90,SMSE,GE12,0.9132760714905427,21.498688852651267,2018-07-31
SMSE_B22_2_GE12_56_3,91,SMSE,GE12,1.403585256887569,22.902274109538837,2018-08-28
SMSE_B22_2_GE12_56_3,92,SMSE,GE12,1.058519061583578,23.960793171122415,2018-09-18
SMSE_B22_2_GE12_56_3,93,SMSE,GE12,1.069787267883415,25.03058043900583,2018-10-16
SMSE_B22_2_GE12_56_3,94,SMSE,GE12,1.363139100012064,26.393719539017894,2018-11-06
SMSE_B22_2_GE12_56_3,95,SMSE,GE12,0.8425090290010531,27.236228568018948,2018-12-18
SMSE_B22_2_GE12_56_3,97,SMSE,GE12,0.577599769319492,27.81382833733844,2019-02-12
SMSE_B22_2_GE12_56_3,102,SMSE,GE12,1.312798613942116,29.126626951280556,2019-07-30
SMSE_B22_2_GE12_56_3,103,SMSE,GE12,1.612801624777865,30.739428576058422,2019-08-13
SMSE_B22_2_GE12_56_3,104,SMSE,GE12,1.2789360881542668,32.01836466421269,2019-09-03
SMSE_B22_2_GE12_56_3,108,SMSE,GE12,1.303000594046335,33.32136525825903,2020-01-28
SMSE_B22_2_GE12_56_3,109,SMSE,GE12,1.6223877894939611,34.94375304775299,2020-02-25
SMSE_B22_2_GE12_56_3,110,SMSE,GE12,1.78323064437591,36.726983692128904,2020-03-10
SMSE_B22_2_GE12_56_3,111,SMSE,GE12,1.881251859853654,38.60823555198256,2020-04-14
SMSE_B22_2_GE12_56_3,112,SMSE,GE12,1.6838452038752219,40.29208075585778,2020-05-05
SMSE_B22_2_GE12_56_3,113,SMSE,GE12,1.346089885566631,41.638170641424416,2020-06-03
SMSE_B22_2_GE12_56_3,115,SMSE,GE12,1.915073439412488,43.553244080836905,2020-08-10
SMSE_B22_2_GE12_56_3,116,SMSE,GE12,1.128196721311475,44.68144080214838,2020-09-29
SMSE_B22_2_GE12_56_3,117,SMSE,GE12,1.3050388707926128,45.986479672940995,2020-10-06
SMSE_B22_2_GE12_56_3,118,SMSE,GE12,1.58476740967831,47.5712470826193,2020-11-17
SMSE_B22_2_GE12_56_3,127,SMSE,GE12,1.500261017670854,49.07150810029015,2021-08-18
SMSE_B22_2_GE12_56_3,128,SMSE,GE12,1.900539018071192,50.972047118361345,2021-09-07
SMSE_B22_2_GE12_56_3,129,SMSE,GE12,1.381474527958165,52.35352164631951,2021-10-12
SMSE_B22_2_GE12_56_3,138,SMSE,GE12,2.369392965144039,54.722914611463544,2022-07-26
SMSE_B22_2_GE12_56_3,139,SMSE,GE12,2.616330576032915,57.33924518749646,2022-08-09
SMSE_B22_2_GE12_56_3,140,SMSE,GE12,3.026674918029224,60.36592010552568,2022-09-13
SMSE_B22_2_GE12_56_3,141,SMSE,GE12,1.8285651732792272,62.19448527880491,2022-10-18
SMSE_B22_2_GE12_56_3,142,SMSE,GE12,2.021890354696853,64.21637563350177,2022-11-01
SMSE_B22_2_GE12_56_3,150,SMSE,GE12,2.211932729173932,66.42830836267571,2023-07-11
SMSE_B22_2_GE12_56_3,151,SMSE,GE12,2.22268877702102,68.65099713969673,2023-08-29
SMSE_B22_2_GE12_56_3,152,SMSE,GE12,1.818727782571186,70.46972492226791,2023-09-12
SMSE_B22_2_GE12_57_3,44,SMSE,GE12,0.5082747603833866,0.5082747603833866,2014-09-09
SMSE_B22_2_GE12_57_3,45,SMSE,GE12,0.396540295205767,0.9048150555891536,2014-10-08
SMSE_B22_2_GE12_57_3,46,SMSE,GE12,0.5860727093990644,1.490887764988218,2014-11-04
SMSE_B22_2_GE12_57_3,48,SMSE,GE12,0.6056108836349224,2.0964986486231405,2015-01-06
SMSE_B22_2_GE12_57_3,49,SMSE,GE12,0.42988505747126404,2.5263837060944043,2015-02-13
SMSE_B22_2_GE12_57_3,51,SMSE,GE12,0.605492799300849,3.1318765053952533,2015-04-07
SMSE_B22_2_GE12_57_3,54,SMSE,GE12,0.6763125000000001,3.8081890053952536,2015-07-21
SMSE_B22_2_GE12_57_3,55,SMSE,GE12,0.78689130189125,4.595080307286503,2015-08-25
SMSE_B22_2_GE12_57_3,56,SMSE,GE12,1.0314285714285711,5.626508878715074,2015-09-01
SMSE_B22_2_GE12_57_3,57,SMSE,GE12,1.215315508021393,6.841824386736468,2015-10-03
SMSE_B22_2_GE12_57_3,58,SMSE,GE12,0.997169911976528,7.838994298712995,2015-11-10
SMSE_B22_2_GE12_57_3,59,SMSE,GE12,0.733442290328798,8.572436589041793,2015-12-15
SMSE_B22_2_GE12_57_3,60,SMSE,GE12,0.713796951394881,9.286233540436674,2016-01-05
SMSE_B22_2_GE12_57_3,61,SMSE,GE12,0.573338612606905,9.85957215304358,2016-02-02
SMSE_B22_2_GE12_57_3,69,SMSE,GE12,1.121571761826455,10.981143914870035,2016-10-18
SMSE_B22_2_GE12_57_3,70,SMSE,GE12,1.1499425869638629,12.131086501833899,2016-11-02
SMSE_B22_2_GE12_57_3,71,SMSE,GE12,1.111969163733869,13.243055665567768,2016-12-14
SMSE_B22_2_GE12_57_3,79,SMSE,GE12,0.940082747357438,14.183138412925206,2017-08-22
SMSE_B22_2_GE12_57_3,80,SMSE,GE12,1.330725578769055,15.513863991694262,2017-09-26
SMSE_B22_2_GE12_57_3,81,SMSE,GE12,0.926292147929396,16.440156139623657,2017-10-03
SMSE_B22_2_GE12_57_3,82,SMSE,GE12,1.274361027694356,17.714517167318014,2017-11-14
SMSE_B22_2_GE12_57_3,90,SMSE,GE12,1.6022224161672631,19.316739583485276,2018-07-03
SMSE_B22_2_GE12_57_3,91,SMSE,GE12,1.401322257720977,20.718061841206254,2018-08-21
SMSE_B22_2_GE12_57_3,92,SMSE,GE12,1.4241848940533122,22.142246735259565,2018-09-18
SMSE_B22_2_GE12_57_3,93,SMSE,GE12,1.420322402865801,23.562569138125365,2018-10-16
SMSE_B22_2_GE12_57_3,94,SMSE,GE12,1.6981447124304299,25.260713850555796,2018-11-13
SMSE_B22_2_GE12_57_3,95,SMSE,GE12,0.7538837555886737,26.01459760614447,2018-12-12
SMSE_B22_2_GE12_57_3,104,SMSE,GE12,1.370452782830629,28.755503171805728,2019-09-10
SMSE_B22_2_GE12_57_3,105,SMSE,GE12,1.5836397058823501,30.33914287768808,2019-10-01
SMSE_B22_2_GE12_57_3,106,SMSE,GE12,1.446727594992799,31.785870472680877,2019-11-19
SMSE_B22_2_GE12_57_3,107,SMSE,GE12,1.561117616405605,33.34698808908648,2019-12-03
SMSE_B22_2_GE12_57_3,116,SMSE,GE12,0.6139473684210527,33.96093545750753,2020-09-29
SMSE_B22_2_GE12_57_3,117,SMSE,GE12,1.815982456140347,35.77691791364788,2020-10-27
SMSE_B22_2_GE12_57_3,118,SMSE,GE12,1.8959302325581389,37.672848146206015,2020-11-10
SMSE_B22_2_GE12_57_3,119,SMSE,GE12,1.9996996158632239,39.672547762069236,2020-12-01
SMSE_B22_2_GE12_57_3,127,SMSE,GE12,2.2026402640264,41.875188026095636,2021-08-18
SMSE_B22_2_GE12_57_3,128,SMSE,GE12,2.457805263157895,44.33299328925353,2021-09-07
SMSE_B22_2_GE12_57_3,129,SMSE,GE12,2.3305322128851547,46.66352550213868,2021-10-12
SMSE_B22_2_GE12_57_3,130,SMSE,GE12,2.506678434833773,49.170203936972456,2021-11-09
SMSE_B22_2_GE12_57_3,131,SMSE,GE12,2.251295294869069,51.42149923184152,2021-12-07
SMSE_B22_2_GE12_57_3,139,SMSE,GE12,2.84298153695333,54.264480768794854,2022-08-30
SMSE_B22_2_GE12_57_3,140,SMSE,GE12,2.760788628070368,57.02526939686522,2022-09-20
SMSE_B22_2_GE12_57_3,141,SMSE,GE12,2.588770786902109,59.61404018376733,2022-10-04
SMSE_B22_2_GE12_57_3,142,SMSE,GE12,2.557998675496689,62.17203885926402,2022-11-01
SMSE_B22_2_GE12_57_3,150,SMSE,GE12,1.939464912558113,64.11150377182213,2023-07-25
SMSE_B22_2_GE12_57_3,151,SMSE,GE12,2.627248049308241,66.73875182113036,2023-08-09
SMSE_B22_2_GE12_57_3,152,SMSE,GE12,2.3284768211920563,69.06722864232242,2023-09-05
SMSE_B22_2_GE12_57_4,43,SMSE,GE12,0.5008792667822638,0.5008792667822638,2014-08-12
SMSE_B22_2_GE12_57_4,44,SMSE,GE12,0.5711368735273958,1.0720161403096595,2014-09-10
SMSE_B22_2_GE12_57_4,45,SMSE,GE12,0.4699636317637017,1.5419797720733612,2014-10-08
SMSE_B22_2_GE12_57_4,46,SMSE,GE12,0.353407847753192,1.8953876198265531,2014-11-04
SMSE_B22_2_GE12_57_4,48,SMSE,GE12,0.61801226993865,2.513399889765203,2015-01-16
SMSE_B22_2_GE12_57_4,49,SMSE,GE12,0.360390818858561,2.873790708623764,2015-02-13
SMSE_B22_2_GE12_57_4,54,SMSE,GE12,0.4661212121212125,3.3399119207449766,2015-07-07
SMSE_B22_2_GE12_57_4,55,SMSE,GE12,0.4361481481481485,3.776060068893125,2015-08-04
SMSE_B22_2_GE12_57_4,56,SMSE,GE12,0.422636253274551,4.1986963221676765,2015-09-01
SMSE_B22_2_GE12_57_4,57,SMSE,GE12,0.5792847823905269,4.7779811045582035,2015-10-03
SMSE_B22_2_GE12_57_4,58,SMSE,GE12,0.8396747134532879,5.6176558180114915,2015-11-10
SMSE_B22_2_GE12_57_4,59,SMSE,GE12,0.971205211726384,6.588861029737876,2015-12-15
SMSE_B22_2_GE12_57_4,60,SMSE,GE12,0.6733796876305009,7.2622407173683765,2016-01-05
SMSE_B22_2_GE12_57_4,61,SMSE,GE12,0.599886491557223,7.8621272089256,2016-02-02
SMSE_B22_2_GE12_57_4,68,SMSE,GE12,0.8130121473354229,8.675139356261022,2016-09-28
SMSE_B22_2_GE12_57_4,69,SMSE,GE12,1.8392958992169501,10.514435255477972,2016-10-18
SMSE_B22_2_GE12_57_4,70,SMSE,GE12,0.9855904359476451,11.500025691425616,2016-11-02
SMSE_B22_2_GE12_57_4,75,SMSE,GE12,0.654027853435428,12.154053544861045,2017-04-18
SMSE_B22_2_GE12_57_4,76,SMSE,GE12,1.208884814495255,13.3629383593563,2017-05-09
SMSE_B22_2_GE12_57_4,77,SMSE,GE12,1.5706568199385769,14.933595179294876,2017-06-12
SMSE_B22_2_GE12_57_4,78,SMSE,GE12,0.913917355371901,15.847512534666777,2017-07-18
SMSE_B22_2_GE12_57_4,79,SMSE,GE12,0.9472923272035509,16.79480486187033,2017-08-15
SMSE_B22_2_GE12_57_4,80,SMSE,GE12,0.850841903609598,17.645646765479928,2017-09-12
SMSE_B22_2_GE12_57_4,81,SMSE,GE12,0.893644884488449,18.539291649968376,2017-10-03
SMSE_B22_2_GE12_57_4,90,SMSE,GE12,1.091567328918322,19.6308589788867,2018-07-31
SMSE_B22_2_GE12_57_4,91,SMSE,GE12,1.21460361982375,20.845462598710448,2018-08-28
SMSE_B22_2_GE12_57_4,92,SMSE,GE12,1.000169155774795,21.845631754485243,2018-09-18
SMSE_B22_2_GE12_57_4,93,SMSE,GE12,0.96615595340811,22.81178770789335,2018-10-09
SMSE_B22_2_GE12_57_4,102,SMSE,GE12,1.729957894736842,24.541745602630193,2019-07-30
SMSE_B22_2_GE12_57_4,103,SMSE,GE12,1.229425347432871,25.771170950063066,2019-08-13
SMSE_B22_2_GE12_57_4,105,SMSE,GE12,1.632360855402921,27.403531805465988,2019-10-15
SMSE_B22_2_GE12_57_4,107,SMSE,GE12,1.4435048049745631,28.84703661044055,2019-12-31
SMSE_B22_2_GE12_57_4,108,SMSE,GE12,1.37290853767675,30.2199451481173,2020-01-14
SMSE_B22_2_GE12_57_4,109,SMSE,GE12,1.47430769230769,31.69425284042499,2020-02-04
SMSE_B22_2_GE12_57_4,110,SMSE,GE12,1.74049494597421,33.4347477863992,2020-03-04
SMSE_B22_2_GE12_57_4,111,SMSE,GE12,1.5861788617886172,35.02092664818782,2020-04-07
SMSE_B22_2_GE12_57_4,112,SMSE,GE12,1.5083082480433458,36.529234896231166,2020-05-05
SMSE_B22_2_GE12_57_4,113,SMSE,GE12,1.646584448526201,38.175819344757365,2020-06-09
SMSE_B22_2_GE12_57_4,115,SMSE,GE12,1.12376404494382,39.29958338970118,2020-08-03
SMSE_B22_2_GE12_57_4,116,SMSE,GE12,1.289694639366846,40.589278029068026,2020-09-08
SMSE_B22_2_GE12_57_4,117,SMSE,GE12,1.529161723148603,42.11843975221663,2020-10-06
SMSE_B22_2_GE12_57_4,118,SMSE,GE12,1.321737704918035,43.440177457134666,2020-11-10
SMSE_B22_2_GE12_57_4,119,SMSE,GE12,1.352973476035367,44.79315093317003,2020-12-01
SMSE_B22_2_GE12_57_4,127,SMSE,GE12,1.75748366013072,46.55063459330075,2021-08-18
SMSE_B22_2_GE12_57_4,128,SMSE,GE12,1.583112596973983,48.13374719027473,2021-09-14
SMSE_B22_2_GE12_57_4,129,SMSE,GE12,1.826587250894228,49.96033444116896,2021-10-12
SMSE_B22_2_GE12_57_4,130,SMSE,GE12,1.8710168625447081,51.83135130371367,2021-11-09
SMSE_B22_2_GE12_57_4,139,SMSE,GE12,2.663626205319586,54.494977509033255,2022-08-30
SMSE_B22_2_GE12_57_4,140,SMSE,GE12,2.911555057320527,57.40653256635378,2022-09-06
SMSE_B22_2_GE12_57_4,141,SMSE,GE12,2.155324675324679,59.56185724167846,2022-10-11
SMSE_B22_2_GE12_57_4,147,SMSE,GE12,2.6980000000000004,62.25985724167846,2023-04-11
SMSE_B22_2_GE12_57_4,148,SMSE,GE12,2.5329197512585098,64.79277699293696,2023-05-03
SMSE_B22_2_GE12_57_4,149,SMSE,GE12,2.50833333333333,67.30111032627029,2023-06-06
SMSE_B22_2_GE12_57_4,150,SMSE,GE12,2.62658989990216,69.92770022617245,2023-07-11
SMSE_B22_2_GE12_57_4,151,SMSE,GE12,2.311824611032532,72.23952483720498,2023-08-09
SMSE_B22_2_GE12_57_4,152,SMSE,GE12,2.017047175305767,74.25657201251074,2023-09-26
TOWE_POGP37_1_GE02_4_10,46,TOWE,GE02,0.1305773134019153,0.1305773134019153,2016-04-25
TOWE_POGP37_1_GE02_4_10,47,TOWE,GE02,0.09851792077934911,0.22909523418126443,2016-05-02
TOWE_POGP37_1_GE02_4_10,48,TOWE,GE02,0.1598476521951515,0.38894288637641594,2016-06-13
TOWE_POGP37_1_GE02_4_10,49,TOWE,GE02,0.1360637863153007,0.5250066726917166,2016-07-04
TOWE_POGP37_1_GE02_4_10,58,TOWE,GE02,0.2476811581479254,0.7726878308396421,2017-04-17
TOWE_POGP37_1_GE02_4_10,59,TOWE,GE02,0.2752211606428581,1.0479089914825002,2017-05-08
TOWE_POGP37_1_GE02_4_10,60,TOWE,GE02,0.3242993180192528,1.372208309501753,2017-06-05
TOWE_POGP37_1_GE02_4_10,61,TOWE,GE02,0.3357688387046181,1.707977148206371,2017-07-10
TOWE_POGP37_1_GE02_4_10,63,TOWE,GE02,0.2603361083243867,1.9683132565307577,2017-09-04
TOWE_POGP37_1_GE02_4_10,69,TOWE,GE02,0.2268036536192155,2.1951169101499732,2018-03-12
TOWE_POGP37_1_GE02_4_10,72,TOWE,GE02,0.4264840149734983,2.6216009251234715,2018-06-11
TOWE_POGP37_1_GE02_4_10,73,TOWE,GE02,0.472649544666712,3.0942504697901834,2018-07-02
TOWE_POGP37_1_GE02_4_10,74,TOWE,GE02,0.4565346014687339,3.5507850712589173,2018-08-20
TOWE_POGP37_1_GE02_4_10,75,TOWE,GE02,0.509154079695087,4.059939150954004,2018-09-24
TOWE_POGP37_1_GE02_4_10,79,TOWE,GE02,0.667788762015374,4.727727912969378,2019-01-16
TOWE_POGP37_1_GE02_4_10,80,TOWE,GE02,0.742741133155066,5.470469046124444,2019-02-04
TOWE_POGP37_1_GE02_4_10,81,TOWE,GE02,0.760962276559391,6.231431322683835,2019-03-04
TOWE_POGP37_1_GE02_4_10,86,TOWE,GE02,0.6703187880818279,6.901750110765663,2019-08-12
TOWE_POGP37_1_GE02_4_10,87,TOWE,GE02,0.700758052780819,7.602508163546482,2019-09-16
TOWE_POGP37_1_GE02_4_10,90,TOWE,GE02,0.777109609849925,8.379617773396408,2019-12-17
TOWE_POGP37_1_GE02_4_10,91,TOWE,GE02,0.9638267755782071,9.343444548974615,2020-01-07
TOWE_POGP37_1_GE02_4_10,92,TOWE,GE02,0.8066628069667591,10.150107355941374,2020-02-03
TOWE_POGP37_1_GE02_4_10,94,TOWE,GE02,0.8952718817404269,11.045379237681802,2020-04-06
TOWE_POGP37_1_GE02_4_10,104,TOWE,GE02,0.7607155882699581,11.80609482595176,2021-02-11
TOWE_POGP37_1_GE02_4_10,105,TOWE,GE02,0.6086333989131041,12.414728224864865,2021-03-03
TOWE_POGP37_1_GE02_4_10,106,TOWE,GE02,0.935471007121058,13.350199231985922,2021-04-07
TOWE_POGP37_1_GE02_4_10,107,TOWE,GE02,0.7206682394894379,14.07086747147536,2021-05-05
TOWE_POGP37_1_GE02_4_10,118,TOWE,GE02,0.970200869970483,15.041068341445843,2022-04-19
TOWE_POGP37_1_GE02_4_10,129,TOWE,GE02,1.000162379625839,16.04123072107168,2023-03-16
TOWE_POGP37_1_GE02_4_10,130,TOWE,GE02,0.824523686938399,16.86575440801008,2023-04-03
TOWE_POGP37_1_GE02_4_8,41,TOWE,GE02,0.0870668770879875,0.0870668770879875,2015-11-09
TOWE_POGP37_1_GE02_4_8,46,TOWE,GE02,0.20773424416142844,0.5025353654108444,2016-04-25
TOWE_POGP37_1_GE02_4_8,47,TOWE,GE02,0.18197311933555899,0.6845084847464034,2016-05-02
TOWE_POGP37_1_GE02_4_8,48,TOWE,GE02,0.2249108311467578,0.9094193158931612,2016-06-06
TOWE_POGP37_1_GE02_4_8,58,TOWE,GE02,0.3621216439623061,1.2715409598554672,2017-04-10
TOWE_POGP37_1_GE02_4_8,59,TOWE,GE02,0.419792615630204,1.6913335754856713,2017-05-08
TOWE_POGP37_1_GE02_4_8,60,TOWE,GE02,0.2921377508361205,1.9834713263217918,2017-06-05
TOWE_POGP37_1_GE02_4_8,61,TOWE,GE02,0.37567854163026315,2.359149867952055,2017-07-03
TOWE_POGP37_1_GE02_4_8,62,TOWE,GE02,0.25724429690499917,2.6163941648570543,2017-08-07
TOWE_POGP37_1_GE02_4_8,64,TOWE,GE02,0.061329348920690696,2.677723513777745,2017-10-02
TOWE_POGP37_1_GE02_4_8,72,TOWE,GE02,0.1439612493340075,2.8216847631117528,2018-06-25
TOWE_POGP37_1_GE02_4_8,73,TOWE,GE02,0.4436743602410932,3.265359123352846,2018-07-02
TOWE_POGP37_1_GE02_4_8,74,TOWE,GE02,0.475261353044034,3.74062047639688,2018-08-06
TOWE_POGP37_1_GE02_4_8,75,TOWE,GE02,0.46849894691418104,4.209119423311061,2018-09-03
TOWE_POGP37_1_GE02_4_8,76,TOWE,GE02,0.440791031529242,4.649910454840303,2018-10-08
TOWE_POGP37_1_GE02_4_8,77,TOWE,GE02,0.612734200570813,5.262644655411116,2018-11-12
TOWE_POGP37_1_GE02_4_8,80,TOWE,GE02,0.7070685967883501,5.969713252199466,2019-02-04
TOWE_POGP37_1_GE02_4_8,81,TOWE,GE02,0.682099959568314,6.65181321176778,2019-03-04
TOWE_POGP37_1_GE02_4_8,91,TOWE,GE02,0.806319898955104,7.458133110722884,2020-01-13
TOWE_POGP37_1_GE02_4_8,92,TOWE,GE02,0.847436989894418,8.305570100617302,2020-02-03
TOWE_POGP37_1_GE02_4_8,93,TOWE,GE02,0.866885178375665,9.172455278992967,2020-03-09
TOWE_POGP37_1_GE02_4_8,96,TOWE,GE02,0.762982814981713,9.93543809397468,2020-06-08
TOWE_POGP37_1_GE02_4_8,105,TOWE,GE02,1.120574299546213,11.056012393520893,2021-03-25
TOWE_POGP37_1_GE02_4_8,106,TOWE,GE02,1.0842482462916239,12.140260639812517,2021-04-07
TOWE_POGP37_1_GE02_4_8,108,TOWE,GE02,0.32468114961664396,12.464941789429162,2021-06-24
TOWE_POGP37_1_GE02_4_8,118,TOWE,GE02,1.001920472015623,13.466862261444785,2022-04-04
TOWE_POGP37_1_GE02_4_8,119,TOWE,GE02,0.8992243026472679,14.366086564092052,2022-05-03
TOWE_POGP37_1_GE02_4_8,120,TOWE,GE02,0.820134912957056,15.186221477049108,2022-06-08
TOWE_POGP37_1_GE02_4_8,132,TOWE,GE02,0.7144685938934481,15.900690070942556,2023-06-15
TOWE_POGP37_1_GE02_4_8,140,TOWE,GE02,0.943449721029177,16.844139791971735,2024-02-01
TOWE_POGP37_1_GE02_4_9,45,TOWE,GE02,0.1878517866314481,0.1878517866314481,2016-03-21
TOWE_POGP37_1_GE02_4_9,46,TOWE,GE02,0.2608122090330826,0.44866399566453075,2016-04-18
TOWE_POGP37_1_GE02_4_9,47,TOWE,GE02,0.1741380089178431,0.6228020045823739,2016-05-02
TOWE_POGP37_1_GE02_4_9,48,TOWE,GE02,0.1302293307247233,0.7530313353070972,2016-06-13
TOWE_POGP37_1_GE02_4_9,57,TOWE,GE02,0.3528128903890766,1.1058442256961738,2017-03-20
TOWE_POGP37_1_GE02_4_9,59,TOWE,GE02,0.471017584302767,1.5768618099989409,2017-05-01
TOWE_POGP37_1_GE02_4_9,60,TOWE,GE02,0.413001879955571,1.989863689954512,2017-06-05
TOWE_POGP37_1_GE02_4_9,61,TOWE,GE02,0.3538093999663439,2.343673089920856,2017-07-10
TOWE_POGP37_1_GE02_4_9,62,TOWE,GE02,0.2588922057954531,2.602565295716309,2017-08-07
TOWE_POGP37_1_GE02_4_9,63,TOWE,GE02,0.2674836628222223,2.8700489585385314,2017-09-11
TOWE_POGP37_1_GE02_4_9,64,TOWE,GE02,0.2493661941432569,3.119415152681788,2017-10-02
TOWE_POGP37_1_GE02_4_9,69,TOWE,GE02,0.5527344679149173,3.6721496205967057,2018-03-05
TOWE_POGP37_1_GE02_4_9,70,TOWE,GE02,0.3680322896938932,4.040181910290599,2018-04-02
TOWE_POGP37_1_GE02_4_9,73,TOWE,GE02,0.434611062999656,4.4747929732902545,2018-07-02
TOWE_POGP37_1_GE02_4_9,74,TOWE,GE02,0.2433141703730326,4.718107143663287,2018-08-06
TOWE_POGP37_1_GE02_4_9,75,TOWE,GE02,0.3673875133324622,5.085494656995749,2018-09-24
TOWE_POGP37_1_GE02_4_9,76,TOWE,GE02,0.5469209759465523,5.632415632942301,2018-10-29
TOWE_POGP37_1_GE02_4_9,81,TOWE,GE02,0.812502240584082,6.444917873526383,2019-03-04
TOWE_POGP37_1_GE02_4_9,82,TOWE,GE02,1.053936857793275,7.498854731319658,2019-04-01
TOWE_POGP37_1_GE02_4_9,88,TOWE,GE02,0.6852689164555199,8.184123647775177,2019-10-21
TOWE_POGP37_1_GE02_4_9,93,TOWE,GE02,0.838589952583553,9.02271360035873,2020-03-02
TOWE_POGP37_1_GE02_4_9,94,TOWE,GE02,1.13202366762323,10.15473726798196,2020-04-06
TOWE_POGP37_1_GE02_4_9,98,TOWE,GE02,0.481396024749574,10.636133292731532,2020-08-31
TOWE_POGP37_1_GE02_4_9,100,TOWE,GE02,0.7173094831735389,11.353442775905071,2020-10-05
TOWE_POGP37_1_GE02_4_9,105,TOWE,GE02,1.3997537583046549,12.753196534209726,2021-03-03
TOWE_POGP37_1_GE02_4_9,106,TOWE,GE02,0.943391911277864,13.69658844548759,2021-04-14
TOWE_POGP37_1_GE02_4_9,107,TOWE,GE02,1.039941508344646,14.736529953832235,2021-05-05
TOWE_POGP37_1_GE02_4_9,118,TOWE,GE02,1.042302998614116,15.77883295244635,2022-04-04
TOWE_POGP37_1_GE02_4_9,119,TOWE,GE02,1.072224086919769,16.85105703936612,2022-05-19
TOWE_POGP37_1_GE02_4_9,120,TOWE,GE02,1.198855655539313,18.04991269490543,2022-06-08
TOWE_POGP37_1_GE02_4_9,132,TOWE,GE02,0.8173747236221689,18.8672874185276,2023-06-15
TOWE_POGP37_1_GE06_14_13,47,TOWE,GE06,0.2682715921951662,0.2682715921951662,2016-05-02
TOWE_POGP37_1_GE06_14_13,51,TOWE,GE06,0.134673238003823,0.4029448301989892,2016-09-06
TOWE_POGP37_1_GE06_14_13,59,TOWE,GE06,0.42464802028266235,0.8275928504816515,2017-05-22
TOWE_POGP37_1_GE06_14_13,60,TOWE,GE06,0.6239854924076809,1.4515783428893325,2017-06-19
TOWE_POGP37_1_GE06_14_13,61,TOWE,GE06,0.546267529505672,1.9978458723950046,2017-07-10
TOWE_POGP37_1_GE06_14_13,62,TOWE,GE06,0.5677305140720363,2.5655763864670407,2017-08-07
TOWE_POGP37_1_GE06_14_13,64,TOWE,GE06,0.615865416835838,3.181441803302879,2017-10-23
TOWE_POGP37_1_GE06_14_13,67,TOWE,GE06,0.909306793709864,4.090748597012743,2018-01-08
TOWE_POGP37_1_GE06_14_13,69,TOWE,GE06,0.671561337090485,4.762309934103228,2018-03-05
TOWE_POGP37_1_GE06_14_13,75,TOWE,GE06,0.553247882669701,5.3155578167729285,2018-09-17
TOWE_POGP37_1_GE06_14_13,79,TOWE,GE06,0.9241218487560441,6.239679665528973,2019-01-07
TOWE_POGP37_1_GE06_14_13,80,TOWE,GE06,0.835652033243685,7.075331698772658,2019-02-18
TOWE_POGP37_1_GE06_14_13,81,TOWE,GE06,0.782206150121558,7.857537848894216,2019-03-04
TOWE_POGP37_1_GE06_14_13,82,TOWE,GE06,0.821013933609576,8.678551782503792,2019-04-01
TOWE_POGP37_1_GE06_14_13,91,TOWE,GE06,0.744979304482942,9.423531086986735,2020-01-27
TOWE_POGP37_1_GE06_14_13,92,TOWE,GE06,1.126497132814091,10.550028219800826,2020-02-03
TOWE_POGP37_1_GE06_14_13,93,TOWE,GE06,0.846985133489281,11.397013353290106,2020-03-09
TOWE_POGP37_1_GE06_14_13,94,TOWE,GE06,0.8689015733123506,12.265914926602456,2020-04-06
TOWE_POGP37_1_GE06_14_13,98,TOWE,GE06,0.5640419023004146,12.829956828902871,2020-08-31
TOWE_POGP37_1_GE06_14_13,104,TOWE,GE06,1.3564232197055979,14.186380048608468,2021-02-18
TOWE_POGP37_1_GE06_14_13,106,TOWE,GE06,0.943998271712181,15.130378320320649,2021-04-07
TOWE_POGP37_1_GE06_14_13,107,TOWE,GE06,1.217638017577787,16.348016337898436,2021-05-05
TOWE_POGP37_1_GE06_14_13,111,TOWE,GE06,0.420718221941878,16.768734559840315,2021-09-30
TOWE_POGP37_1_GE06_14_13,117,TOWE,GE06,0.6430233881169628,17.411757947957277,2022-03-14
TOWE_POGP37_1_GE06_14_13,118,TOWE,GE06,1.380907193872829,18.792665141830106,2022-04-04
TOWE_POGP37_1_GE06_14_13,129,TOWE,GE06,1.462984924946164,20.25565006677627,2023-03-01
TOWE_POGP37_1_GE06_14_13,132,TOWE,GE06,1.28941770498328,21.54506777175955,2023-06-07
TOWE_POGP37_1_GE06_14_13,139,TOWE,GE06,1.230292057288959,22.775359829048508,2024-01-22
TOWE_POGP37_1_GE06_14_14,44,TOWE,GE06,0.2469015472608253,0.2469015472608253,2016-02-08
TOWE_POGP37_1_GE06_14_14,45,TOWE,GE06,0.2712767411259876,0.5181782883868129,2016-03-14
TOWE_POGP37_1_GE06_14_14,46,TOWE,GE06,0.29090820550582097,0.8090864938926339,2016-04-11
TOWE_POGP37_1_GE06_14_14,48,TOWE,GE06,0.2508970353210689,1.0599835292137028,2016-06-06
TOWE_POGP37_1_GE06_14_14,60,TOWE,GE06,0.581012561327813,1.6409960905415157,2017-06-12
TOWE_POGP37_1_GE06_14_14,62,TOWE,GE06,0.1878860208369355,1.8288821113784512,2017-08-14
TOWE_POGP37_1_GE06_14_14,68,TOWE,GE06,0.7277296174071526,2.5566117287856036,2018-02-05
TOWE_POGP37_1_GE06_14_14,69,TOWE,GE06,0.648003487144751,3.2046152159303545,2018-03-05
TOWE_POGP37_1_GE06_14_14,80,TOWE,GE06,0.7071311652149114,3.911746381145266,2019-02-04
TOWE_POGP37_1_GE06_14_14,81,TOWE,GE06,0.9411803581225999,4.852926739267866,2019-03-04
TOWE_POGP37_1_GE06_14_14,82,TOWE,GE06,0.8377375170162289,5.690664256284094,2019-04-01
TOWE_POGP37_1_GE06_14_14,83,TOWE,GE06,0.5566289049971134,6.247293161281208,2019-05-13
TOWE_POGP37_1_GE06_14_14,92,TOWE,GE06,0.875235927619314,7.122529088900522,2020-02-24
TOWE_POGP37_1_GE06_14_14,93,TOWE,GE06,1.043371582007921,8.165900670908442,2020-03-09
TOWE_POGP37_1_GE06_14_14,94,TOWE,GE06,1.140498942140114,9.306399613048557,2020-04-06
TOWE_POGP37_1_GE06_14_14,98,TOWE,GE06,0.4804433671312453,9.786842980179802,2020-08-31
TOWE_POGP37_1_GE06_14_14,104,TOWE,GE06,0.7301739735906652,10.517016953770467,2021-02-18
TOWE_POGP37_1_GE06_14_14,105,TOWE,GE06,0.803139696953948,11.320156650724416,2021-03-03
TOWE_POGP37_1_GE06_14_14,106,TOWE,GE06,0.941785805245144,12.26194245596956,2021-04-07
TOWE_POGP37_1_GE06_14_14,107,TOWE,GE06,0.972313629953089,13.234256085922649,2021-05-05
TOWE_POGP37_1_GE06_14_14,108,TOWE,GE06,0.384621897433747,13.618877983356395,2021-06-09
TOWE_POGP37_1_GE06_14_14,118,TOWE,GE06,0.6840171292509396,14.302895112607334,2022-04-11
TOWE_POGP37_1_GE06_14_14,120,TOWE,GE06,0.910723548271196,15.21361866087853,2022-06-08
TOWE_POGP37_1_GE06_14_14,129,TOWE,GE06,1.108458006335751,16.322076667214283,2023-03-21
TOWE_POGP37_1_GE06_14_14,139,TOWE,GE06,1.109533066329203,17.431609733543485,2024-01-22
TOWE_POGP37_1_GE06_14_14,140,TOWE,GE06,0.951100579331601,18.382710312875087,2024-02-01
TOWE_POGP37_1_GE06_14_15,42,TOWE,GE06,0.2693398709554677,0.2693398709554677,2015-12-14
TOWE_POGP37_1_GE06_14_15,44,TOWE,GE06,0.2135734352839215,0.4829133062393892,2016-02-15
TOWE_POGP37_1_GE06_14_15,45,TOWE,GE06,0.3427955664489441,0.8257088726883333,2016-03-21
TOWE_POGP37_1_GE06_14_15,46,TOWE,GE06,0.4069409691622256,1.232649841850559,2016-04-11
TOWE_POGP37_1_GE06_14_15,47,TOWE,GE06,0.2832112290218846,1.5158610708724436,2016-05-02
TOWE_POGP37_1_GE06_14_15,59,TOWE,GE06,0.4422288309105846,1.9580899017830282,2017-05-08
TOWE_POGP37_1_GE06_14_15,60,TOWE,GE06,0.515760122713445,2.473850024496473,2017-06-12
TOWE_POGP37_1_GE06_14_15,61,TOWE,GE06,0.4827418373415781,2.956591861838051,2017-07-17
TOWE_POGP37_1_GE06_14_15,62,TOWE,GE06,0.41732716418748916,3.3739190260255403,2017-08-21
TOWE_POGP37_1_GE06_14_15,63,TOWE,GE06,0.40922212766932897,3.7831411536948694,2017-09-11
TOWE_POGP37_1_GE06_14_15,64,TOWE,GE06,0.558125054925134,4.341266208620003,2017-10-16
TOWE_POGP37_1_GE06_14_15,68,TOWE,GE06,0.3863954771523266,4.72766168577233,2018-02-05
TOWE_POGP37_1_GE06_14_15,80,TOWE,GE06,0.6777107456279295,5.405372431400259,2019-02-04
TOWE_POGP37_1_GE06_14_15,81,TOWE,GE06,0.7952108827726371,6.2005833141728965,2019-03-04
TOWE_POGP37_1_GE06_14_15,82,TOWE,GE06,0.8577367417495569,7.0583200559224535,2019-04-01
TOWE_POGP37_1_GE06_14_15,91,TOWE,GE06,0.9562367928246289,8.014556848747082,2020-01-07
TOWE_POGP37_1_GE06_14_15,92,TOWE,GE06,0.953838156058277,8.968395004805359,2020-02-03
TOWE_POGP37_1_GE06_14_15,93,TOWE,GE06,0.946052943602433,9.914447948407792,2020-03-02
TOWE_POGP37_1_GE06_14_15,105,TOWE,GE06,1.043779500406854,10.958227448814647,2021-03-18
TOWE_POGP37_1_GE06_14_15,106,TOWE,GE06,0.9054676079992541,11.863695056813901,2021-04-07
TOWE_POGP37_1_GE06_14_15,117,TOWE,GE06,1.0200207178387921,12.883715774652693,2022-03-21
TOWE_POGP37_1_GE06_14_15,118,TOWE,GE06,1.115682315718773,13.999398090371466,2022-04-04
TOWE_POGP37_1_GE06_14_15,119,TOWE,GE06,0.805115955011446,14.804514045382913,2022-05-03
TOWE_POGP37_1_GE06_14_15,131,TOWE,GE06,0.9980165377709851,15.802530583153898,2023-05-11
TOWE_POGP37_1_GE09_19_3,44,TOWE,GE09,0.3079039559597597,0.3079039559597597,2016-02-08
TOWE_POGP37_1_GE09_19_3,46,TOWE,GE09,0.34540508619710564,0.6533090421568654,2016-04-11
TOWE_POGP37_1_GE09_19_3,47,TOWE,GE09,0.3994758035655942,1.0527848457224596,2016-05-02
TOWE_POGP37_1_GE09_19_3,48,TOWE,GE09,0.2095377982408767,1.2623226439633362,2016-06-20
TOWE_POGP37_1_GE09_19_3,49,TOWE,GE09,0.1190511797939515,1.3813738237572877,2016-07-11
TOWE_POGP37_1_GE09_19_3,59,TOWE,GE09,0.3898852993269257,1.7712591230842134,2017-05-08
TOWE_POGP37_1_GE09_19_3,62,TOWE,GE09,0.3894492567782246,2.160708379862438,2017-08-07
TOWE_POGP37_1_GE09_19_3,64,TOWE,GE09,0.4537394651957622,2.6144478450582,2017-10-09
TOWE_POGP37_1_GE09_19_3,70,TOWE,GE09,0.5668793510857664,3.1813271961439664,2018-04-02
TOWE_POGP37_1_GE09_19_3,76,TOWE,GE09,0.529688911860966,3.7110161080049324,2018-10-08
TOWE_POGP37_1_GE09_19_3,80,TOWE,GE09,0.9707308388434327,4.6817469468483655,2019-02-25
TOWE_POGP37_1_GE09_19_3,82,TOWE,GE09,0.568768763257611,5.250515710105977,2019-04-01
TOWE_POGP37_1_GE09_19_3,83,TOWE,GE09,0.996015564907041,6.246531275013018,2019-05-06
TOWE_POGP37_1_GE09_19_3,94,TOWE,GE09,0.747955489141941,6.994486764154959,2020-04-06
TOWE_POGP37_1_GE09_19_3,95,TOWE,GE09,1.2133865658556782,8.207873330010637,2020-05-04
TOWE_POGP37_1_GE09_19_3,96,TOWE,GE09,0.657045307051797,8.864918637062434,2020-06-01
TOWE_POGP37_1_GE09_19_3,106,TOWE,GE09,0.802434967419099,9.667353604481534,2021-04-29
TOWE_POGP37_1_GE09_19_3,107,TOWE,GE09,1.015569921777482,10.682923526259016,2021-05-20
TOWE_POGP37_1_GE09_19_3,108,TOWE,GE09,0.84867078583173,11.531594312090746,2021-06-03
TOWE_POGP37_1_GE09_19_3,120,TOWE,GE09,0.9732964180057702,12.504890730096516,2022-06-08
TOWE_POGP37_1_GE09_19_3,122,TOWE,GE09,0.653951829006304,13.15884255910282,2022-08-03
TOWE_POGP37_1_GE09_19_3,131,TOWE,GE09,0.7192016840588094,13.87804424316163,2023-05-23
TOWE_POGP37_1_GE09_19_3,132,TOWE,GE09,0.814280825493212,14.692325068654842,2023-06-22
TOWE_POGP37_1_GE09_19_4,45,TOWE,GE09,0.2574948332312462,0.2574948332312462,2016-03-21
TOWE_POGP37_1_GE09_19_4,46,TOWE,GE09,0.2067320144125799,0.46422684764382616,2016-04-11
TOWE_POGP37_1_GE09_19_4,47,TOWE,GE09,0.21196331862533452,0.6761901662691607,2016-05-02
TOWE_POGP37_1_GE09_19_4,48,TOWE,GE09,0.1658078174178984,0.8419979836870591,2016-06-20
TOWE_POGP37_1_GE09_19_4,62,TOWE,GE09,0.633029591593156,1.475027575280215,2017-08-07
TOWE_POGP37_1_GE09_19_4,63,TOWE,GE09,0.670887394888781,2.145914970168996,2017-09-11
TOWE_POGP37_1_GE09_19_4,69,TOWE,GE09,0.7192704899559883,2.8651854601249847,2018-03-12
TOWE_POGP37_1_GE09_19_4,76,TOWE,GE09,0.912194900023807,3.7773803601487916,2018-10-08
TOWE_POGP37_1_GE09_19_4,77,TOWE,GE09,1.1351833447109398,4.912563704859732,2018-11-12
TOWE_POGP37_1_GE09_19_4,79,TOWE,GE09,0.9363559327887819,5.848919637648514,2019-01-21
TOWE_POGP37_1_GE09_19_4,80,TOWE,GE09,1.043748176276297,6.892667813924811,2019-02-04
TOWE_POGP37_1_GE09_19_4,81,TOWE,GE09,0.854563075665294,7.747230889590106,2019-03-04
TOWE_POGP37_1_GE09_19_4,83,TOWE,GE09,0.758276635742598,8.505507525332703,2019-05-06
TOWE_POGP37_1_GE09_19_4,93,TOWE,GE09,1.224721119936947,9.73022864526965,2020-03-09
TOWE_POGP37_1_GE09_19_4,94,TOWE,GE09,1.1647039325853301,10.89493257785498,2020-04-13
TOWE_POGP37_1_GE09_19_4,105,TOWE,GE09,1.32003625490304,12.214968832758021,2021-03-25
TOWE_POGP37_1_GE09_19_4,106,TOWE,GE09,1.293757911481658,13.508726744239679,2021-04-07
TOWE_POGP37_1_GE09_19_4,117,TOWE,GE09,1.562789993253568,15.071516737493248,2022-03-28
TOWE_POGP37_1_GE09_19_4,118,TOWE,GE09,1.446771735900636,16.518288473393884,2022-04-04
TOWE_POGP37_1_GE09_19_4,120,TOWE,GE09,1.03878103583867,17.557069509232555,2022-06-08
TOWE_POGP37_1_GE09_19_4,131,TOWE,GE09,1.062982125161572,18.620051634394127,2023-05-04
TOWE_POGP37_1_GE09_19_5,46,TOWE,GE09,0.334524565724656,0.334524565724656,2016-04-11
TOWE_POGP37_1_GE09_19_5,47,TOWE,GE09,0.3315907028152696,0.6661152685399256,2016-05-02
TOWE_POGP37_1_GE09_19_5,48,TOWE,GE09,0.2489815058830826,0.9150967744230083,2016-06-06
TOWE_POGP37_1_GE09_19_5,49,TOWE,GE09,0.3087461594523918,1.2238429338754,2016-07-04
TOWE_POGP37_1_GE09_19_5,58,TOWE,GE09,0.510479971387865,1.734322905263265,2017-04-17
TOWE_POGP37_1_GE09_19_5,59,TOWE,GE09,0.4134551989256561,2.1477781041889212,2017-05-08
TOWE_POGP37_1_GE09_19_5,61,TOWE,GE09,0.4635127824405189,2.61129088662944,2017-07-24
TOWE_POGP37_1_GE09_19_5,63,TOWE,GE09,0.48480174409799903,3.096092630727439,2017-09-11
TOWE_POGP37_1_GE09_19_5,70,TOWE,GE09,0.861778569862371,3.9578712005898096,2018-04-02
TOWE_POGP37_1_GE09_19_5,71,TOWE,GE09,0.4477220442943384,4.405593244884148,2018-05-07
TOWE_POGP37_1_GE09_19_5,81,TOWE,GE09,0.9044230126431391,5.310016257527288,2019-03-11
TOWE_POGP37_1_GE09_19_5,82,TOWE,GE09,0.917185723506976,6.227201981034264,2019-04-01
TOWE_POGP37_1_GE09_19_5,83,TOWE,GE09,0.894404235185801,7.121606216220065,2019-05-06
TOWE_POGP37_1_GE09_19_5,85,TOWE,GE09,0.688512854551552,7.810119070771616,2019-07-01
TOWE_POGP37_1_GE09_19_5,86,TOWE,GE09,0.5987693916508899,8.408888462422507,2019-08-05
TOWE_POGP37_1_GE09_19_5,87,TOWE,GE09,0.4925736753870116,8.901462137809519,2019-09-02
TOWE_POGP37_1_GE09_19_5,88,TOWE,GE09,0.4732401454492698,9.374702283258788,2019-10-14
TOWE_POGP37_1_GE09_19_5,95,TOWE,GE09,1.309988007933216,10.684690291192004,2020-05-04
TOWE_POGP37_1_GE09_19_5,96,TOWE,GE09,0.7320100678348961,11.4167003590269,2020-06-01
TOWE_POGP37_1_GE09_19_5,107,TOWE,GE09,0.9307072400899788,12.347407599116877,2021-05-13
TOWE_POGP37_1_GE09_19_5,108,TOWE,GE09,1.0574898637542471,13.404897462871125,2021-06-03
TOWE_POGP37_1_GE09_19_5,119,TOWE,GE09,0.959105958826137,14.364003421697262,2022-05-03
TOWE_POGP37_1_GE09_19_5,120,TOWE,GE09,1.13790410209421,15.501907523791472,2022-06-08
TOWE_POGP37_1_GE09_19_5,131,TOWE,GE09,0.5952305834534465,16.09713810724492,2023-05-11
TOWE_POGP37_1_GE09_19_5,133,TOWE,GE09,0.835413689406209,16.93255179665113,2023-07-20
TOWE_POGP37_1_GE12_14_3,41,TOWE,GE12,0.0828563500138748,0.0828563500138748,2015-11-09
TOWE_POGP37_1_GE12_14_3,46,TOWE,GE12,0.1366440193758309,0.21950036938970569,2016-04-11
TOWE_POGP37_1_GE12_14_3,47,TOWE,GE12,0.19582382836286488,0.41532419775257057,2016-05-02
TOWE_POGP37_1_GE12_14_3,48,TOWE,GE12,0.21043417603845171,0.6257583737910223,2016-06-13
TOWE_POGP37_1_GE12_14_3,49,TOWE,GE12,0.1346506597447542,0.7604090335357765,2016-07-04
TOWE_POGP37_1_GE12_14_3,59,TOWE,GE12,0.31676184788092143,1.077170881416698,2017-05-15
TOWE_POGP37_1_GE12_14_3,60,TOWE,GE12,0.2464832621082619,1.32365414352496,2017-06-05
TOWE_POGP37_1_GE12_14_3,61,TOWE,GE12,0.4114497403428982,1.7351038838678583,2017-07-03
TOWE_POGP37_1_GE12_14_3,63,TOWE,GE12,0.3592290709408406,2.094332954808699,2017-09-25
TOWE_POGP37_1_GE12_14_3,64,TOWE,GE12,0.48222930685061666,2.5765622616593156,2017-10-02
TOWE_POGP37_1_GE12_14_3,65,TOWE,GE12,0.49696718660502903,3.0735294482643445,2017-11-06
TOWE_POGP37_1_GE12_14_3,66,TOWE,GE12,0.3882692751316439,3.4617987233959884,2017-12-04
TOWE_POGP37_1_GE12_14_3,72,TOWE,GE12,0.3673890796686971,3.8291878030646855,2018-06-18
TOWE_POGP37_1_GE12_14_3,73,TOWE,GE12,0.4862289798692351,4.31541678293392,2018-07-02
TOWE_POGP37_1_GE12_14_3,74,TOWE,GE12,0.3623357441484325,4.677752527082353,2018-08-02
TOWE_POGP37_1_GE12_14_3,75,TOWE,GE12,0.40278547218638117,5.080537999268734,2018-09-03
TOWE_POGP37_1_GE12_14_3,76,TOWE,GE12,0.5042624937539139,5.584800493022648,2018-10-01
TOWE_POGP37_1_GE12_14_3,77,TOWE,GE12,0.4609247920088131,6.045725285031461,2018-11-12
TOWE_POGP37_1_GE12_14_3,79,TOWE,GE12,0.5104056061012037,6.556130891132664,2019-01-07
TOWE_POGP37_1_GE12_14_3,80,TOWE,GE12,0.462173098179836,7.0183039893125,2019-02-25
TOWE_POGP37_1_GE12_14_3,82,TOWE,GE12,0.394392752979965,7.412696742292465,2019-04-01
TOWE_POGP37_1_GE12_14_3,91,TOWE,GE12,0.7198419654553551,8.13253870774782,2020-01-07
TOWE_POGP37_1_GE12_14_3,92,TOWE,GE12,0.999205292301323,9.131744000049142,2020-02-03
TOWE_POGP37_1_GE12_14_3,94,TOWE,GE12,0.992309094161202,10.124053094210344,2020-04-06
TOWE_POGP37_1_GE12_14_3,97,TOWE,GE12,0.593864294230145,10.717917388440489,2020-07-20
TOWE_POGP37_1_GE12_14_3,98,TOWE,GE12,0.6696988306170539,11.387616219057543,2020-08-10
TOWE_POGP37_1_GE12_14_3,99,TOWE,GE12,0.8082816986082539,12.195897917665796,2020-09-14
TOWE_POGP37_1_GE12_14_3,100,TOWE,GE12,0.82266980033229,13.018567717998087,2020-10-26
TOWE_POGP37_1_GE12_14_3,105,TOWE,GE12,0.843586831428553,13.86215454942664,2021-03-18
TOWE_POGP37_1_GE12_14_3,106,TOWE,GE12,0.883578237443954,14.745732786870594,2021-04-07
TOWE_POGP37_1_GE12_14_3,107,TOWE,GE12,0.5481925813143772,15.29392536818497,2021-05-20
TOWE_POGP37_1_GE12_14_3,108,TOWE,GE12,0.758008078769485,16.051933446954454,2021-06-24
TOWE_POGP37_1_GE12_14_3,109,TOWE,GE12,0.45503775248817535,16.506971199442628,2021-07-14
TOWE_POGP37_1_GE12_14_3,120,TOWE,GE12,0.937961907530211,17.44493310697284,2022-06-08
TOWE_POGP37_1_GE12_14_4,44,TOWE,GE12,0.1539227812134376,0.1539227812134376,2016-02-08
TOWE_POGP37_1_GE12_14_4,45,TOWE,GE12,0.1765872544323829,0.3305100356458205,2016-03-14
TOWE_POGP37_1_GE12_14_4,46,TOWE,GE12,0.2169615221498285,0.547471557795649,2016-04-04
TOWE_POGP37_1_GE12_14_4,47,TOWE,GE12,0.1777785940756943,0.7252501518713433,2016-05-09
TOWE_POGP37_1_GE12_14_4,58,TOWE,GE12,0.41417580910793594,1.1394259609792794,2017-04-03
TOWE_POGP37_1_GE12_14_4,59,TOWE,GE12,0.4772134981623791,1.6166394591416586,2017-05-01
TOWE_POGP37_1_GE12_14_4,60,TOWE,GE12,0.403566177875734,2.0202056370173924,2017-06-12
TOWE_POGP37_1_GE12_14_4,61,TOWE,GE12,0.2804406413883136,2.300646278405706,2017-07-10
TOWE_POGP37_1_GE12_14_4,62,TOWE,GE12,0.2477954803541996,2.5484417587599055,2017-08-07
TOWE_POGP37_1_GE12_14_4,63,TOWE,GE12,0.2817975576969403,2.830239316456846,2017-09-11
TOWE_POGP37_1_GE12_14_4,72,TOWE,GE12,0.511464547049715,3.341703863506561,2018-06-11
TOWE_POGP37_1_GE12_14_4,73,TOWE,GE12,0.5824300071787509,3.9241338706853117,2018-07-02
TOWE_POGP37_1_GE12_14_4,74,TOWE,GE12,0.541572141526501,4.465706012211813,2018-08-13
TOWE_POGP37_1_GE12_14_4,75,TOWE,GE12,0.5038247231722953,4.969530735384108,2018-09-10
TOWE_POGP37_1_GE12_14_4,76,TOWE,GE12,0.5151501083685828,5.484680843752691,2018-10-08
TOWE_POGP37_1_GE12_14_4,77,TOWE,GE12,0.5731055677304475,6.057786411483138,2018-11-05
TOWE_POGP37_1_GE12_14_4,81,TOWE,GE12,0.67693449662795,6.734720908111088,2019-03-18
TOWE_POGP37_1_GE12_14_4,82,TOWE,GE12,0.6296886086029511,7.364409516714039,2019-04-01
TOWE_POGP37_1_GE12_14_4,86,TOWE,GE12,0.57998559576478,7.944395112478819,2019-08-19
TOWE_POGP37_1_GE12_14_4,87,TOWE,GE12,0.6475236266493369,8.591918739128156,2019-09-02
TOWE_POGP37_1_GE12_14_4,91,TOWE,GE12,0.608790624120197,9.200709363248352,2020-01-07
TOWE_POGP37_1_GE12_14_4,92,TOWE,GE12,0.744510716991583,9.945220080239935,2020-02-19
TOWE_POGP37_1_GE12_14_4,93,TOWE,GE12,1.025463167666049,10.970683247905983,2020-03-09
TOWE_POGP37_1_GE12_14_4,94,TOWE,GE12,1.088457039656177,12.05914028756216,2020-04-06
TOWE_POGP37_1_GE12_14_4,96,TOWE,GE12,0.8726956211414479,12.931835908703608,2020-06-29
TOWE_POGP37_1_GE12_14_4,97,TOWE,GE12,0.838059300927517,13.769895209631125,2020-07-27
TOWE_POGP37_1_GE12_14_4,98,TOWE,GE12,0.6827870997682319,14.452682309399357,2020-08-04
TOWE_POGP37_1_GE12_14_4,99,TOWE,GE12,0.816539797839084,15.269222107238441,2020-09-07
TOWE_POGP37_1_GE12_14_4,105,TOWE,GE12,1.104084105003823,16.373306212242266,2021-03-11
TOWE_POGP37_1_GE12_14_4,106,TOWE,GE12,1.046251168527295,17.41955738076956,2021-04-14
TOWE_POGP37_1_GE12_14_4,110,TOWE,GE12,0.6733155080213911,18.092872888790954,2021-08-11
TOWE_POGP37_1_GE12_14_4,111,TOWE,GE12,0.7794935397419249,18.872366428532878,2021-09-01
TOWE_POGP37_1_GE12_14_4,117,TOWE,GE12,0.96581131113471,19.83817773966759,2022-03-14
TOWE_POGP37_1_GE12_14_4,118,TOWE,GE12,1.1628649813835001,21.00104272105109,2022-04-04
TOWE_POGP37_1_GE12_14_4,119,TOWE,GE12,1.1879261652139521,22.18896888626504,2022-05-03
TOWE_POGP37_1_GE12_14_4,130,TOWE,GE12,1.246876805452753,23.435845691717795,2023-04-26
TOWE_POGP37_1_GE12_14_4,131,TOWE,GE12,1.10155055180778,24.537396243525574,2023-05-23
TOWE_POGP37_1_GE12_14_5,46,TOWE,GE12,0.19958230601760918,0.19958230601760918,2016-04-11
TOWE_POGP37_1_GE12_14_5,47,TOWE,GE12,0.25610051565732933,0.4556828216749385,2016-05-02
TOWE_POGP37_1_GE12_14_5,59,TOWE,GE12,0.4782645220848478,0.9339473437597863,2017-05-22
TOWE_POGP37_1_GE12_14_5,60,TOWE,GE12,0.3980547402899521,1.3320020840497384,2017-06-05
TOWE_POGP37_1_GE12_14_5,61,TOWE,GE12,0.5933430548215219,1.9253451388712604,2017-07-03
TOWE_POGP37_1_GE12_14_5,74,TOWE,GE12,0.6123103354030218,2.537655474274282,2018-08-13
TOWE_POGP37_1_GE12_14_5,76,TOWE,GE12,0.5133666287640304,3.0510221030383127,2018-10-15
TOWE_POGP37_1_GE12_14_5,80,TOWE,GE12,5.640398835717589,8.6914209387559,2019-02-04
TOWE_POGP37_1_GE12_14_5,82,TOWE,GE12,0.90680064033172,9.598221579087621,2019-04-01
TOWE_POGP37_1_GE12_14_5,93,TOWE,GE12,0.4247993184070169,10.023020897494638,2020-03-09
TOWE_POGP37_1_GE12_14_5,94,TOWE,GE12,1.261382036077513,11.284402933572151,2020-04-20
TOWE_POGP37_1_GE12_14_5,95,TOWE,GE12,1.2340530463358839,12.518455979908035,2020-05-04
TOWE_POGP37_1_GE12_14_5,98,TOWE,GE12,1.250157687915048,13.768613667823082,2020-08-10
TOWE_POGP37_1_GE12_14_5,99,TOWE,GE12,1.1571412448287801,14.925754912651863,2020-09-07
TOWE_POGP37_1_GE12_14_5,100,TOWE,GE12,1.003791809942714,15.929546722594576,2020-10-26
TOWE_POGP37_1_GE12_14_5,102,TOWE,GE12,1.320079956601728,17.249626679196304,2020-12-23
TOWE_POGP37_1_GE12_14_5,105,TOWE,GE12,0.9025130930183689,18.152139772214674,2021-03-25
TOWE_POGP37_1_GE12_14_5,107,TOWE,GE12,1.0814119782214149,19.23355175043609,2021-05-05
TOWE_POGP37_1_GE12_14_5,117,TOWE,GE12,1.125172088475362,20.35872383891145,2022-03-28
TOWE_POGP37_1_GE12_14_5,118,TOWE,GE12,1.157800609399156,21.51652444831061,2022-04-11
TOWE_POGP37_1_GE12_14_5,119,TOWE,GE12,1.110996349593542,22.62752079790415,2022-05-03
TOWE_POGP37_1_GE12_14_5,131,TOWE,GE12,1.067235733773911,23.69475653167806,2023-05-11
TOWE_POGP37_2_GE02_14_18,46,TOWE,GE02,0.2013281125347623,0.2013281125347623,2016-04-26
TOWE_POGP37_2_GE02_14_18,47,TOWE,GE02,0.2157075122682637,0.41703562480302603,2016-05-03
TOWE_POGP37_2_GE02_14_18,48,TOWE,GE02,0.2039708944836343,0.6210065192866603,2016-06-14
TOWE_POGP37_2_GE02_14_18,50,TOWE,GE02,0.1451083795002473,0.7661148987869075,2016-08-02
TOWE_POGP37_2_GE02_14_18,51,TOWE,GE02,0.0946957756749222,0.8608106744618297,2016-09-13
TOWE_POGP37_2_GE02_14_18,57,TOWE,GE02,0.1296400303835929,0.9904507048454225,2017-03-07
TOWE_POGP37_2_GE02_14_18,60,TOWE,GE02,0.37319613738804935,1.363646842233472,2017-06-06
TOWE_POGP37_2_GE02_14_18,62,TOWE,GE02,0.3104300203059628,1.6740768625394349,2017-08-01
TOWE_POGP37_2_GE02_14_18,63,TOWE,GE02,0.3632248378343287,2.0373017003737637,2017-09-19
TOWE_POGP37_2_GE02_14_18,64,TOWE,GE02,0.302744760778691,2.3400464611524545,2017-10-03
TOWE_POGP37_2_GE02_14_18,69,TOWE,GE02,0.5170622327230272,2.8571086938754817,2018-03-06
TOWE_POGP37_2_GE02_14_18,70,TOWE,GE02,0.327707012798817,3.1848157066742986,2018-04-03
TOWE_POGP37_2_GE02_14_18,74,TOWE,GE02,0.3229268870093518,3.50774259368365,2018-08-07
TOWE_POGP37_2_GE02_14_18,75,TOWE,GE02,0.4796132657965761,3.987355859480226,2018-09-04
TOWE_POGP37_2_GE02_14_18,76,TOWE,GE02,0.4668603779074522,4.454216237387678,2018-10-02
TOWE_POGP37_2_GE02_14_18,80,TOWE,GE02,0.674793867369378,5.129010104757056,2019-02-05
TOWE_POGP37_2_GE02_14_18,81,TOWE,GE02,0.7300766409582731,5.859086745715329,2019-03-05
TOWE_POGP37_2_GE02_14_18,82,TOWE,GE02,0.742647903602789,6.601734649318118,2019-04-02
TOWE_POGP37_2_GE02_14_18,93,TOWE,GE02,0.5236997493954552,7.125434398713573,2020-03-03
TOWE_POGP37_2_GE02_14_18,94,TOWE,GE02,0.8163094091478881,7.941743807861461,2020-04-07
TOWE_POGP37_2_GE02_14_18,99,TOWE,GE02,0.4406657725752261,8.382409580436686,2020-09-08
TOWE_POGP37_2_GE02_14_18,106,TOWE,GE02,0.949893067075549,9.332302647512236,2021-04-07
TOWE_POGP37_2_GE02_14_18,107,TOWE,GE02,0.8231415815203,10.155444229032536,2021-05-13
TOWE_POGP37_2_GE02_14_18,108,TOWE,GE02,0.6939022968503961,10.849346525882932,2021-06-03
TOWE_POGP37_2_GE02_14_18,118,TOWE,GE02,0.6655097087129953,11.514856234595928,2022-04-19
TOWE_POGP37_2_GE02_14_18,119,TOWE,GE02,0.828323354917025,12.343179589512953,2022-05-10
TOWE_POGP37_2_GE02_14_18,120,TOWE,GE02,0.8532988393957079,13.19647842890866,2022-06-08
TOWE_POGP37_2_GE02_14_18,132,TOWE,GE02,0.720466514768605,13.916944943677265,2023-06-07
TOWE_POGP37_2_GE02_14_19,50,TOWE,GE02,0.2768084635237704,0.2768084635237704,2016-08-23
TOWE_POGP37_2_GE02_14_19,56,TOWE,GE02,0.27001682527998283,0.5468252888037533,2017-02-28
TOWE_POGP37_2_GE02_14_19,59,TOWE,GE02,0.19031610362364032,0.7371413924273935,2017-05-02
TOWE_POGP37_2_GE02_14_19,60,TOWE,GE02,0.3060596301722917,1.0432010225996853,2017-06-06
TOWE_POGP37_2_GE02_14_19,62,TOWE,GE02,0.1587912457137806,1.2019922683134658,2017-08-22
TOWE_POGP37_2_GE02_14_19,72,TOWE,GE02,0.2098956833917314,1.4118879517051972,2018-06-26
TOWE_POGP37_2_GE02_14_19,79,TOWE,GE02,0.5186834507025353,1.9305714024077325,2019-01-01
TOWE_POGP37_2_GE02_14_19,80,TOWE,GE02,0.5018584591883334,2.432429861596066,2019-02-11
TOWE_POGP37_2_GE02_14_19,81,TOWE,GE02,0.5008756018363,2.933305463432366,2019-03-05
TOWE_POGP37_2_GE02_14_19,82,TOWE,GE02,0.39054679217259497,3.3238522556049612,2019-04-02
TOWE_POGP37_2_GE02_14_19,91,TOWE,GE02,0.651648195465212,3.9755004510701735,2020-01-07
TOWE_POGP37_2_GE02_14_19,92,TOWE,GE02,0.7121890754022421,4.687689526472416,2020-02-04
TOWE_POGP37_2_GE02_14_19,93,TOWE,GE02,0.673922282938676,5.361611809411092,2020-03-03
TOWE_POGP37_2_GE02_14_19,94,TOWE,GE02,0.5731060552423219,5.934717864653414,2020-04-07
TOWE_POGP37_2_GE02_14_19,105,TOWE,GE02,0.594250618483644,6.528968483137058,2021-03-11
TOWE_POGP37_2_GE02_14_19,106,TOWE,GE02,0.7511417013777091,7.2801101845147675,2021-04-01
TOWE_POGP37_2_GE02_14_19,107,TOWE,GE02,0.962132084133063,8.24224226864783,2021-05-05
TOWE_POGP37_2_GE02_14_19,108,TOWE,GE02,0.634631207886799,8.87687347653463,2021-06-03
TOWE_POGP37_2_GE02_14_19,118,TOWE,GE02,1.038011046293307,9.914884522827936,2022-04-26
TOWE_POGP37_2_GE02_14_19,119,TOWE,GE02,0.7526359339098101,10.667520456737746,2022-05-10
TOWE_POGP37_2_GE02_14_19,120,TOWE,GE02,0.6620680002352947,11.32958845697304,2022-06-08
TOWE_POGP37_2_GE02_14_19,130,TOWE,GE02,0.662219041540138,11.991807498513179,2023-04-04
TOWE_POGP37_2_GE02_14_19,132,TOWE,GE02,0.7507075973142879,12.742515095827466,2023-06-07
TOWE_POGP37_2_GE02_15_20,42,TOWE,GE02,0.1058913157641698,0.1058913157641698,2015-12-28
TOWE_POGP37_2_GE02_15_20,46,TOWE,GE02,0.1487501068563989,0.25464142262056866,2016-04-05
TOWE_POGP37_2_GE02_15_20,47,TOWE,GE02,0.26513935308493247,0.5197807757055011,2016-05-03
TOWE_POGP37_2_GE02_15_20,48,TOWE,GE02,0.2168801500743279,0.736660925779829,2016-06-21
TOWE_POGP37_2_GE02_15_20,57,TOWE,GE02,0.29764456271576556,1.0343054884955944,2017-03-28
TOWE_POGP37_2_GE02_15_20,58,TOWE,GE02,0.27399495768757187,1.3083004461831664,2017-04-11
TOWE_POGP37_2_GE02_15_20,59,TOWE,GE02,0.4017408150899126,1.710041261273079,2017-05-09
TOWE_POGP37_2_GE02_15_20,60,TOWE,GE02,0.3450057748229415,2.0550470360960205,2017-06-06
TOWE_POGP37_2_GE02_15_20,61,TOWE,GE02,0.20254596115625711,2.2575929972522775,2017-07-04
TOWE_POGP37_2_GE02_15_20,64,TOWE,GE02,0.2060543246884745,2.463647321940752,2017-10-10
TOWE_POGP37_2_GE02_15_20,69,TOWE,GE02,0.4533009934579893,2.9169483153987414,2018-03-06
TOWE_POGP37_2_GE02_15_20,73,TOWE,GE02,0.2794159586938779,3.1963642740926193,2018-07-03
TOWE_POGP37_2_GE02_15_20,80,TOWE,GE02,0.686359389168745,3.8827236632613644,2019-02-05
TOWE_POGP37_2_GE02_15_20,82,TOWE,GE02,0.563312009135744,4.446035672397109,2019-04-02
TOWE_POGP37_2_GE02_15_20,92,TOWE,GE02,0.658335750778165,5.104371423175274,2020-02-19
TOWE_POGP37_2_GE02_15_20,93,TOWE,GE02,0.91443353183118,6.018804955006454,2020-03-10
TOWE_POGP37_2_GE02_15_20,94,TOWE,GE02,0.72576736174559,6.744572316752044,2020-04-07
TOWE_POGP37_2_GE02_15_20,99,TOWE,GE02,0.532694685426892,7.277267002178936,2020-09-22
TOWE_POGP37_2_GE02_15_20,104,TOWE,GE02,0.6241862288794556,7.901453231058392,2021-02-25
TOWE_POGP37_2_GE02_15_20,105,TOWE,GE02,0.567753951287856,8.469207182346247,2021-03-25
TOWE_POGP37_2_GE02_15_20,106,TOWE,GE02,0.717272268343104,9.186479450689351,2021-04-07
TOWE_POGP37_2_GE02_15_20,108,TOWE,GE02,0.708884700422774,9.895364151112124,2021-06-03
TOWE_POGP37_2_GE02_15_20,119,TOWE,GE02,0.934054535776641,10.829418686888765,2022-05-10
TOWE_POGP37_2_GE02_15_20,120,TOWE,GE02,1.277888572018053,12.107307258906818,2022-06-08
TOWE_POGP37_2_GE02_15_20,130,TOWE,GE02,0.6310557871889411,12.73836304609576,2023-04-04
TOWE_POGP37_2_GE02_15_20,131,TOWE,GE02,1.016188195697705,13.754551241793465,2023-05-16
TOWE_POGP37_2_GE06_24_18,46,TOWE,GE06,0.2435422392932552,0.2435422392932552,2016-04-12
TOWE_POGP37_2_GE06_24_18,47,TOWE,GE06,0.2735428261420889,0.517085065435344,2016-05-03
TOWE_POGP37_2_GE06_24_18,59,TOWE,GE06,0.3261009945700446,0.8431860600053886,2017-05-16
TOWE_POGP37_2_GE06_24_18,60,TOWE,GE06,0.3994598855767324,1.242645945582121,2017-06-13
TOWE_POGP37_2_GE06_24_18,61,TOWE,GE06,0.4795273483787812,1.7221732939609022,2017-07-04
TOWE_POGP37_2_GE06_24_18,62,TOWE,GE06,0.550772599831547,2.2729458937924494,2017-08-01
TOWE_POGP37_2_GE06_24_18,68,TOWE,GE06,0.6346747234660937,2.907620617258543,2018-02-06
TOWE_POGP37_2_GE06_24_18,74,TOWE,GE06,0.72719776444785,3.634818381706393,2018-08-07
TOWE_POGP37_2_GE06_24_18,75,TOWE,GE06,0.827126363894114,4.461944745600507,2018-09-04
TOWE_POGP37_2_GE06_24_18,81,TOWE,GE06,0.8943432588049541,5.356288004405461,2019-03-05
TOWE_POGP37_2_GE06_24_18,82,TOWE,GE06,0.858601605185369,6.21488960959083,2019-04-02
TOWE_POGP37_2_GE06_24_18,87,TOWE,GE06,0.7431384972833968,6.9580281068742265,2019-09-03
TOWE_POGP37_2_GE06_24_18,88,TOWE,GE06,0.816548427984841,7.774576534859067,2019-10-22
TOWE_POGP37_2_GE06_24_18,91,TOWE,GE06,0.890943170216716,8.665519705075782,2020-01-07
TOWE_POGP37_2_GE06_24_18,92,TOWE,GE06,0.878126960392987,9.543646665468769,2020-02-11
TOWE_POGP37_2_GE06_24_18,93,TOWE,GE06,0.7284080903686252,10.272054755837393,2020-03-03
TOWE_POGP37_2_GE06_24_18,97,TOWE,GE06,0.4812500855285664,10.75330484136596,2020-07-28
TOWE_POGP37_2_GE06_24_18,98,TOWE,GE06,0.6213427630616241,11.374647604427585,2020-08-11
TOWE_POGP37_2_GE06_24_18,104,TOWE,GE06,1.160194711524292,12.534842315951877,2021-02-18
TOWE_POGP37_2_GE06_24_18,105,TOWE,GE06,1.0935767682556496,13.628419084207527,2021-03-18
TOWE_POGP37_2_GE06_24_18,106,TOWE,GE06,0.765894241444191,14.394313325651718,2021-04-07
TOWE_POGP37_2_GE06_24_18,117,TOWE,GE06,1.130920601437953,15.52523392708967,2022-03-21
TOWE_POGP37_2_GE06_24_18,124,TOWE,GE06,0.956889064718065,16.482122991807735,2022-10-04
TOWE_POGP37_2_GE06_24_18,126,TOWE,GE06,1.176187911663309,17.658310903471044,2022-12-27
TOWE_POGP37_2_GE06_24_18,128,TOWE,GE06,1.3176954312049012,18.976006334675944,2023-02-07
TOWE_POGP37_2_GE06_24_18,131,TOWE,GE06,1.4442109491481219,20.420217283824066,2023-05-02
TOWE_POGP37_2_GE06_24_18,139,TOWE,GE06,0.9049940386699921,21.32521132249406,2024-01-25
TOWE_POGP37_2_GE06_24_19,45,TOWE,GE06,0.1377400942324454,0.1377400942324454,2016-03-15
TOWE_POGP37_2_GE06_24_19,46,TOWE,GE06,0.1232165403880798,0.2609566346205252,2016-04-05
TOWE_POGP37_2_GE06_24_19,47,TOWE,GE06,0.1510033493589552,0.4119599839794804,2016-05-17
TOWE_POGP37_2_GE06_24_19,59,TOWE,GE06,0.3317830476294795,0.7437430316089599,2017-05-16
TOWE_POGP37_2_GE06_24_19,60,TOWE,GE06,0.4034631140301445,1.1472061456391045,2017-06-06
TOWE_POGP37_2_GE06_24_19,61,TOWE,GE06,0.37229243713401006,1.5194985827731147,2017-07-04
TOWE_POGP37_2_GE06_24_19,62,TOWE,GE06,0.3593261974328009,1.8788247802059157,2017-08-15
TOWE_POGP37_2_GE06_24_19,67,TOWE,GE06,0.48998278469161805,2.3688075648975335,2018-01-09
TOWE_POGP37_2_GE06_24_19,71,TOWE,GE06,0.4513390195333633,2.820146584430897,2018-05-29
TOWE_POGP37_2_GE06_24_19,72,TOWE,GE06,0.5112210139418029,3.3313675983726996,2018-06-12
TOWE_POGP37_2_GE06_24_19,73,TOWE,GE06,0.4414599938689892,3.772827592241689,2018-07-03
TOWE_POGP37_2_GE06_24_19,74,TOWE,GE06,0.5745660153309695,4.347393607572658,2018-08-07
TOWE_POGP37_2_GE06_24_19,80,TOWE,GE06,0.6679513617738051,5.015344969346463,2019-02-05
TOWE_POGP37_2_GE06_24_19,81,TOWE,GE06,0.667175386763704,5.682520356110167,2019-03-12
TOWE_POGP37_2_GE06_24_19,90,TOWE,GE06,0.791680735244464,6.474201091354631,2019-12-10
TOWE_POGP37_2_GE06_24_19,91,TOWE,GE06,0.827875744762637,7.302076836117268,2020-01-07
TOWE_POGP37_2_GE06_24_19,93,TOWE,GE06,0.787673389293429,8.089750225410697,2020-03-10
TOWE_POGP37_2_GE06_24_19,97,TOWE,GE06,0.7243181330911149,8.814068358501812,2020-07-21
TOWE_POGP37_2_GE06_24_19,98,TOWE,GE06,0.7186235532162679,9.53269191171808,2020-08-04
TOWE_POGP37_2_GE06_24_19,103,TOWE,GE06,0.928658929505805,10.461350841223885,2021-01-06
TOWE_POGP37_2_GE06_24_19,104,TOWE,GE06,0.81189886841838,11.273249709642265,2021-02-04
TOWE_POGP37_2_GE06_24_19,105,TOWE,GE06,0.832594213948475,12.10584392359074,2021-03-03
TOWE_POGP37_2_GE06_24_19,107,TOWE,GE06,0.43627679524842,12.54212071883916,2021-05-05
TOWE_POGP37_2_GE06_24_19,117,TOWE,GE06,0.928159212314972,13.470279931154131,2022-03-14
TOWE_POGP37_2_GE06_24_19,118,TOWE,GE06,0.8799599787036421,14.350239909857773,2022-04-05
TOWE_POGP37_2_GE06_24_19,119,TOWE,GE06,0.817172333378162,15.167412243235935,2022-05-10
TOWE_POGP37_2_GE06_24_19,120,TOWE,GE06,0.766586134772197,15.933998378008132,2022-06-08
TOWE_POGP37_2_GE06_24_19,129,TOWE,GE06,1.054778802846161,16.988777180854292,2023-03-29
TOWE_POGP37_2_GE06_24_19,130,TOWE,GE06,1.244830279300352,18.233607460154644,2023-04-12
TOWE_POGP37_2_GE06_24_20,44,TOWE,GE06,0.3244262398545873,0.3244262398545873,2016-02-02
TOWE_POGP37_2_GE06_24_20,46,TOWE,GE06,0.3298154474233539,0.6542416872779412,2016-04-05
TOWE_POGP37_2_GE06_24_20,47,TOWE,GE06,0.3552688136396879,1.009510500917629,2016-05-17
TOWE_POGP37_2_GE06_24_20,56,TOWE,GE06,0.5502864961296567,1.5597969970472858,2017-02-07
TOWE_POGP37_2_GE06_24_20,57,TOWE,GE06,0.6918277748363446,2.2516247718836304,2017-03-07
TOWE_POGP37_2_GE06_24_20,61,TOWE,GE06,0.42355470827214203,2.6751794801557724,2017-07-04
TOWE_POGP37_2_GE06_24_20,69,TOWE,GE06,0.914068027080752,3.589247507236524,2018-03-06
TOWE_POGP37_2_GE06_24_20,79,TOWE,GE06,0.8037093463301792,4.392956853566703,2019-01-29
TOWE_POGP37_2_GE06_24_20,80,TOWE,GE06,1.090341959256379,5.483298812823082,2019-02-05
TOWE_POGP37_2_GE06_24_20,81,TOWE,GE06,1.000661447635752,6.483960260458835,2019-03-05
TOWE_POGP37_2_GE06_24_20,82,TOWE,GE06,0.738296374682549,7.222256635141384,2019-04-02
TOWE_POGP37_2_GE06_24_20,92,TOWE,GE06,1.160261569416497,8.382518204557881,2020-02-04
TOWE_POGP37_2_GE06_24_20,93,TOWE,GE06,1.186431335216,9.56894953977388,2020-03-03
TOWE_POGP37_2_GE06_24_20,103,TOWE,GE06,1.288646965954372,10.857596505728253,2021-01-21
TOWE_POGP37_2_GE06_24_20,104,TOWE,GE06,1.315013231189086,12.17260973691734,2021-02-04
TOWE_POGP37_2_GE06_24_20,105,TOWE,GE06,1.1533353702359919,13.32594510715333,2021-03-11
TOWE_POGP37_2_GE06_24_20,118,TOWE,GE06,1.405702762776986,14.731647869930317,2022-04-05
TOWE_POGP37_2_GE06_24_20,130,TOWE,GE06,1.2643340415100541,15.99598191144037,2023-04-04
TOWE_POGP37_2_GE06_24_20,140,TOWE,GE06,1.225832263309579,17.22181417474995,2024-02-06
TOWE_POGP37_2_GE09_24_23,46,TOWE,GE09,0.4933583511933083,0.4933583511933083,2016-04-19
TOWE_POGP37_2_GE09_24_23,47,TOWE,GE09,0.3480532355945441,0.8414115867878524,2016-05-10
TOWE_POGP37_2_GE09_24_23,48,TOWE,GE09,0.2671603937471756,1.108571980535028,2016-06-07
TOWE_POGP37_2_GE09_24_23,49,TOWE,GE09,0.3039014876967539,1.4124734682317819,2016-07-19
TOWE_POGP37_2_GE09_24_23,58,TOWE,GE09,0.3791727174632987,1.7916461856950807,2017-04-11
TOWE_POGP37_2_GE09_24_23,59,TOWE,GE09,0.3490151168117274,2.140661302506808,2017-05-02
TOWE_POGP37_2_GE09_24_23,64,TOWE,GE09,0.4633117576910614,2.6039730601978697,2017-10-24
TOWE_POGP37_2_GE09_24_23,69,TOWE,GE09,0.771979507643212,3.3759525678410816,2018-03-06
TOWE_POGP37_2_GE09_24_23,70,TOWE,GE09,0.863069609144382,4.239022176985464,2018-04-03
TOWE_POGP37_2_GE09_24_23,71,TOWE,GE09,0.787895524592392,5.026917701577856,2018-05-01
TOWE_POGP37_2_GE09_24_23,82,TOWE,GE09,0.9230942172958284,5.950011918873685,2019-04-16
TOWE_POGP37_2_GE09_24_23,83,TOWE,GE09,1.0858488391353849,7.035860758009069,2019-05-07
TOWE_POGP37_2_GE09_24_23,95,TOWE,GE09,1.2618582247466301,8.297718982755699,2020-05-12
TOWE_POGP37_2_GE09_24_23,96,TOWE,GE09,1.0942558138252099,9.391974796580909,2020-06-02
TOWE_POGP37_2_GE09_24_23,107,TOWE,GE09,1.3651654062640302,10.757140202844939,2021-05-20
TOWE_POGP37_2_GE09_24_23,108,TOWE,GE09,1.084043434415724,11.841183637260663,2021-06-03
TOWE_POGP37_2_GE09_24_23,109,TOWE,GE09,1.121658999098935,12.962842636359598,2021-07-08
TOWE_POGP37_2_GE09_24_23,121,TOWE,GE09,1.0451436930149691,14.007986329374567,2022-07-25
TOWE_POGP37_2_GE09_24_23,123,TOWE,GE09,0.646321852063357,14.654308181437925,2022-09-08
TOWE_POGP37_2_GE09_24_23,132,TOWE,GE09,0.9737991602854752,15.6281073417234,2023-06-22
TOWE_POGP37_2_GE09_24_23,134,TOWE,GE09,0.6861615285480089,16.31426887027141,2023-08-08
TOWE_POGP37_2_GE09_24_25,46,TOWE,GE09,0.2471052528856769,0.2471052528856769,2016-04-19
TOWE_POGP37_2_GE09_24_25,47,TOWE,GE09,0.2862046405863928,0.5333098934720697,2016-05-03
TOWE_POGP37_2_GE09_24_25,70,TOWE,GE09,0.5766464999422289,1.1099563934142986,2018-04-03
TOWE_POGP37_2_GE09_24_25,80,TOWE,GE09,0.9087040976782911,2.01866049109259,2019-02-05
TOWE_POGP37_2_GE09_24_25,90,TOWE,GE09,1.3314686035481609,3.3501290946407507,2019-12-31
TOWE_POGP37_2_GE09_24_25,94,TOWE,GE09,0.971831501831502,4.321960596472253,2020-04-15
TOWE_POGP37_2_GE09_24_25,95,TOWE,GE09,1.249773908983772,5.571734505456025,2020-05-05
TOWE_POGP37_2_GE09_24_25,97,TOWE,GE09,0.966872900787243,6.538607406243267,2020-07-28
TOWE_POGP37_2_GE09_24_25,98,TOWE,GE09,1.1394625680731418,7.67806997431641,2020-08-25
TOWE_POGP37_2_GE09_24_25,99,TOWE,GE09,1.199557416019857,8.877627390336267,2020-09-08
TOWE_POGP37_2_GE09_24_25,100,TOWE,GE09,1.205512974775976,10.083140365112243,2020-10-20
TOWE_POGP37_2_GE09_24_25,105,TOWE,GE09,1.32094794753863,11.404088312650874,2021-03-18
TOWE_POGP37_2_GE09_24_25,106,TOWE,GE09,1.27143171614475,12.675520028795624,2021-04-01
TOWE_POGP37_2_GE09_24_25,107,TOWE,GE09,1.6656558236088401,14.341175852404465,2021-05-13
TOWE_POGP37_2_GE09_24_25,117,TOWE,GE09,1.328548265840824,15.66972411824529,2022-03-21
TOWE_POGP37_2_GE09_24_25,119,TOWE,GE09,1.173811816598788,16.843535934844077,2022-05-10
TOWE_POGP37_2_GE09_24_25,120,TOWE,GE09,1.342752375655915,18.186288310499993,2022-06-08
TOWE_POGP37_2_GE09_24_25,131,TOWE,GE09,0.622281802518956,18.80857011301895,2023-05-16
TOWE_POGP37_2_GE12_3_29,46,TOWE,GE12,0.3586053710125822,0.3586053710125822,2016-04-05
TOWE_POGP37_2_GE12_3_29,60,TOWE,GE12,0.3734284627079285,0.7320338337205108,2017-06-20
TOWE_POGP37_2_GE12_3_29,61,TOWE,GE12,0.4813042815049953,1.213338115225506,2017-07-04
TOWE_POGP37_2_GE12_3_29,63,TOWE,GE12,0.511050889402193,1.724389004627699,2017-09-12
TOWE_POGP37_2_GE12_3_29,64,TOWE,GE12,0.5580159853489249,2.282404989976624,2017-10-03
TOWE_POGP37_2_GE12_3_29,65,TOWE,GE12,0.4835307143533979,2.7659357043300217,2017-11-07
TOWE_POGP37_2_GE12_3_29,66,TOWE,GE12,0.5364918483158289,3.3024275526458506,2017-12-05
TOWE_POGP37_2_GE12_3_29,75,TOWE,GE12,0.4963056514458386,3.7987332040916892,2018-09-04
TOWE_POGP37_2_GE12_3_29,76,TOWE,GE12,0.5941570202378135,4.392890224329503,2018-10-23
TOWE_POGP37_2_GE12_3_29,77,TOWE,GE12,0.6764666596365421,5.069356883966045,2018-11-13
TOWE_POGP37_2_GE12_3_29,80,TOWE,GE12,0.746804518486651,5.816161402452696,2019-02-11
TOWE_POGP37_2_GE12_3_29,81,TOWE,GE12,0.7078229285920521,6.5239843310447485,2019-03-05
TOWE_POGP37_2_GE12_3_29,82,TOWE,GE12,0.887456721420328,7.411441052465077,2019-04-02
TOWE_POGP37_2_GE12_3_29,91,TOWE,GE12,1.0614049956960177,8.472846048161095,2020-01-28
TOWE_POGP37_2_GE12_3_29,93,TOWE,GE12,1.126653551787748,9.599499599948842,2020-03-10
TOWE_POGP37_2_GE12_3_29,100,TOWE,GE12,0.786500375877046,10.385999975825888,2020-10-06
TOWE_POGP37_2_GE12_3_29,106,TOWE,GE12,1.1219905130391061,11.507990488864994,2021-04-14
TOWE_POGP37_2_GE12_3_29,119,TOWE,GE12,1.167656303773462,12.675646792638457,2022-05-10
TOWE_POGP37_2_GE12_3_29,120,TOWE,GE12,0.634925585771432,13.310572378409889,2022-06-08
TOWE_POGP37_2_GE12_3_29,121,TOWE,GE12,0.682922946138617,13.993495324548507,2022-07-25
TOWE_POGP37_2_GE12_3_29,131,TOWE,GE12,1.159929993231833,15.15342531778034,2023-05-30
TOWE_POGP37_2_GE12_3_29,132,TOWE,GE12,1.0480708906471294,16.201496208427468,2023-06-07
TOWE_POGP37_2_GE12_4_28,44,TOWE,GE12,0.2019540968643008,0.2019540968643008,2016-02-09
TOWE_POGP37_2_GE12_4_28,46,TOWE,GE12,0.3288291358535731,0.5307832327178739,2016-04-12
TOWE_POGP37_2_GE12_4_28,59,TOWE,GE12,0.5169442511696464,1.0477274838875203,2017-05-16
TOWE_POGP37_2_GE12_4_28,60,TOWE,GE12,0.511330199681575,1.5590576835690952,2017-06-06
TOWE_POGP37_2_GE12_4_28,64,TOWE,GE12,0.542729159056021,2.101786842625116,2017-10-03
TOWE_POGP37_2_GE12_4_28,65,TOWE,GE12,0.6155000591786011,2.717286901803717,2017-11-07
TOWE_POGP37_2_GE12_4_28,66,TOWE,GE12,0.4822024567721114,3.1994893585758284,2017-12-12
TOWE_POGP37_2_GE12_4_28,73,TOWE,GE12,0.624332893107004,3.8238222516828326,2018-07-24
TOWE_POGP37_2_GE12_4_28,74,TOWE,GE12,0.8185670535799731,4.642389305262806,2018-08-07
TOWE_POGP37_2_GE12_4_28,75,TOWE,GE12,0.664125654165453,5.306514959428259,2018-09-04
TOWE_POGP37_2_GE12_4_28,82,TOWE,GE12,1.0801550574673708,6.386670016895629,2019-04-02
TOWE_POGP37_2_GE12_4_28,89,TOWE,GE12,15.541550855991945,21.928220872887575,2019-11-05
TOWE_POGP37_2_GE12_4_28,90,TOWE,GE12,0.9182430073135079,22.84646388020108,2019-12-31
TOWE_POGP37_2_GE12_4_28,93,TOWE,GE12,1.063139538730639,23.90960341893172,2020-03-10
TOWE_POGP37_2_GE12_4_28,97,TOWE,GE12,1.031466034685154,24.941069453616873,2020-07-07
TOWE_POGP37_2_GE12_4_28,99,TOWE,GE12,0.929037690493691,25.870107144110563,2020-09-15
TOWE_POGP37_2_GE12_4_28,100,TOWE,GE12,1.1841897087960251,27.05429685290659,2020-10-06
TOWE_POGP37_2_GE12_4_28,101,TOWE,GE12,0.9707035501948821,28.025000403101473,2020-11-02
TOWE_POGP37_2_GE12_4_28,102,TOWE,GE12,1.123083451364279,29.148083854465753,2020-12-23
TOWE_POGP37_2_GE12_4_28,105,TOWE,GE12,0.7905030911741294,29.938586945639884,2021-03-25
TOWE_POGP37_2_GE12_4_28,106,TOWE,GE12,0.8454361922878529,30.784023137927736,2021-04-01
TOWE_POGP37_2_GE12_4_28,107,TOWE,GE12,0.9750114280765929,31.759034566004328,2021-05-05
TOWE_POGP37_2_GE12_4_28,118,TOWE,GE12,1.220231272540278,32.979265838544606,2022-04-05
TOWE_POGP37_2_GE12_4_28,121,TOWE,GE12,0.977133771243874,33.95639960978848,2022-07-25
TOWE_POGP37_2_GE12_4_28,130,TOWE,GE12,1.466088751289988,35.422488361078464,2023-04-26
TOWE_POGP37_2_GE12_4_28,131,TOWE,GE12,1.400587090063743,36.82307545114221,2023-05-02
TOWE_POGP37_2_GE12_4_28,135,TOWE,GE12,0.7719306869115781,37.59500613805379,2023-09-07
TOWE_POGP37_2_GE12_4_29,47,TOWE,GE12,0.1973431977943383,0.1973431977943383,2016-05-10
TOWE_POGP37_2_GE12_4_29,49,TOWE,GE12,0.1318749203614903,0.3292181181558286,2016-07-19
TOWE_POGP37_2_GE12_4_29,56,TOWE,GE12,0.329785686307425,0.6590038044632536,2017-02-14
TOWE_POGP37_2_GE12_4_29,59,TOWE,GE12,0.45842650103519633,1.1174303054984498,2017-05-09
TOWE_POGP37_2_GE12_4_29,60,TOWE,GE12,0.4100543546959934,1.5274846601944432,2017-06-06
TOWE_POGP37_2_GE12_4_29,61,TOWE,GE12,0.391828373763783,1.9193130339582263,2017-07-11
TOWE_POGP37_2_GE12_4_29,62,TOWE,GE12,0.36761621378845744,2.286929247746684,2017-08-08
TOWE_POGP37_2_GE12_4_29,63,TOWE,GE12,0.2924846176419332,2.579413865388617,2017-09-27
TOWE_POGP37_2_GE12_4_29,70,TOWE,GE12,0.158004122294744,2.737417987683361,2018-04-24
TOWE_POGP37_2_GE12_4_29,73,TOWE,GE12,0.525734268950107,3.263152256633468,2018-07-10
TOWE_POGP37_2_GE12_4_29,74,TOWE,GE12,0.628051927920546,3.891204184554014,2018-08-21
TOWE_POGP37_2_GE12_4_29,75,TOWE,GE12,0.4283247208291633,4.319528905383177,2018-09-11
TOWE_POGP37_2_GE12_4_29,76,TOWE,GE12,0.41483731203805996,4.734366217421237,2018-10-23
TOWE_POGP37_2_GE12_4_29,81,TOWE,GE12,0.6435307104261521,5.377896927847389,2019-03-05
TOWE_POGP37_2_GE12_4_29,82,TOWE,GE12,0.99752094659418,6.375417874441569,2019-04-02
TOWE_POGP37_2_GE12_4_29,86,TOWE,GE12,0.4909418684021054,6.866359742843674,2019-08-27
TOWE_POGP37_2_GE12_4_29,87,TOWE,GE12,0.5273509155384639,7.393710658382138,2019-09-10
TOWE_POGP37_2_GE12_4_29,89,TOWE,GE12,0.8129178922792171,8.206628550661355,2019-11-12
TOWE_POGP37_2_GE12_4_29,93,TOWE,GE12,0.894020849970409,9.100649400631763,2020-03-10
TOWE_POGP37_2_GE12_4_29,94,TOWE,GE12,0.970683832290146,10.071333232921909,2020-04-07
TOWE_POGP37_2_GE12_4_29,99,TOWE,GE12,0.602733808076318,10.674067040998226,2020-09-15
TOWE_POGP37_2_GE12_4_29,100,TOWE,GE12,0.728069132198899,11.402136173197125,2020-10-06
TOWE_POGP37_2_GE12_4_29,105,TOWE,GE12,0.974742542892449,12.376878716089573,2021-03-18
TOWE_POGP37_2_GE12_4_29,106,TOWE,GE12,0.9334175505888651,13.310296266678439,2021-04-01
TOWE_POGP37_2_GE12_4_29,112,TOWE,GE12,0.9969641886248429,14.30726045530328,2021-10-06
TOWE_POGP37_2_GE12_4_29,113,TOWE,GE12,0.8526620576385611,15.159922512941842,2021-11-16
TOWE_POGP37_2_GE12_4_29,117,TOWE,GE12,0.883688372803853,16.043610885745696,2022-03-14
TOWE_POGP37_2_GE12_4_29,118,TOWE,GE12,1.0153289572549,17.058939843000598,2022-04-05
TOWE_POGP37_2_GE12_4_29,131,TOWE,GE12,1.04728353359435,18.106223376594947,2023-05-02
TOWE_POGP37_2_GE12_4_29,132,TOWE,GE12,0.866229099881913,18.97245247647686,2023-06-07
TOWE_POGP37_2_GE12_4_30,60,TOWE,GE12,0.2754011801942628,0.2754011801942628,2017-06-20
TOWE_POGP37_2_GE12_4_30,61,TOWE,GE12,0.2890875769394543,0.5644887571337172,2017-07-25
TOWE_POGP37_2_GE12_4_30,64,TOWE,GE12,0.3720629533761766,0.9365517105098937,2017-10-03
TOWE_POGP37_2_GE12_4_30,76,TOWE,GE12,0.5833876569303995,1.5199393674402932,2018-10-09
TOWE_POGP37_2_GE12_4_30,86,TOWE,GE12,0.7749614858452779,2.2949008532855713,2019-08-20
TOWE_POGP37_2_GE12_4_30,88,TOWE,GE12,0.823684488406023,3.1185853416915945,2019-10-01
TOWE_POGP37_2_GE12_4_30,89,TOWE,GE12,13.26611464968153,16.384699991373125,2019-11-05
TOWE_POGP37_2_GE12_4_30,90,TOWE,GE12,0.5543799829651745,16.9390799743383,2019-12-10
TOWE_POGP37_2_GE12_4_30,105,TOWE,GE12,0.7761828338684676,17.715262808206766,2021-03-11
TOWE_POGP37_2_GE12_4_30,106,TOWE,GE12,0.2973224553224557,18.01258526352922,2021-04-14
TOWE_POGP37_2_GE12_4_30,111,TOWE,GE12,0.626635276807818,18.63922054033704,2021-09-08
TOWE_POGP37_2_GE12_4_30,119,TOWE,GE12,0.8926872169800231,19.53190775731706,2022-05-30
TOWE_POGP37_2_GE12_4_30,132,TOWE,GE12,1.1836898279781711,20.71559758529523,2023-06-27
TOWE_POGP37_3_GE02_24_3,68,TOWE,GE02,0.5004229008194756,0.5004229008194756,2018-02-28
TOWE_POGP37_3_GE02_24_3,69,TOWE,GE02,0.5300311908904171,1.0304540917098928,2018-03-07
TOWE_POGP37_3_GE02_24_3,76,TOWE,GE02,0.725881859495396,1.7563359512052887,2018-10-24
TOWE_POGP37_3_GE02_24_3,79,TOWE,GE02,0.691270677923071,2.4476066291283596,2019-01-09
TOWE_POGP37_3_GE02_24_3,80,TOWE,GE02,0.726070048488792,3.1736766776171517,2019-02-06
TOWE_POGP37_3_GE02_24_3,81,TOWE,GE02,0.6255806106181591,3.7992572882353106,2019-03-06
TOWE_POGP37_3_GE02_24_3,82,TOWE,GE02,0.75939253696366,4.55864982519897,2019-04-02
TOWE_POGP37_3_GE02_24_3,83,TOWE,GE02,0.653932506069757,5.212582331268727,2019-05-01
TOWE_POGP37_3_GE02_24_3,92,TOWE,GE02,1.097914510333353,6.31049684160208,2020-02-05
TOWE_POGP37_3_GE02_24_3,93,TOWE,GE02,0.827731254066869,7.138228095668949,2020-03-18
TOWE_POGP37_3_GE02_24_3,94,TOWE,GE02,0.7211530833448639,7.859381179013813,2020-04-01
TOWE_POGP37_3_GE02_24_3,106,TOWE,GE02,0.936561980686317,8.79594315970013,2021-04-01
TOWE_POGP37_3_GE02_24_3,107,TOWE,GE02,1.127693998429779,9.923637158129909,2021-05-05
TOWE_POGP37_3_GE02_24_3,118,TOWE,GE02,0.884354284624772,10.80799144275468,2022-04-20
TOWE_POGP37_3_GE02_24_3,119,TOWE,GE02,1.11631853223653,11.92430997499121,2022-05-11
TOWE_POGP37_3_GE02_24_3,132,TOWE,GE02,1.180727688296473,13.105037663287684,2023-06-01
TOWE_POGP37_3_GE02_24_3,139,TOWE,GE02,0.896266503372579,14.001304166660262,2024-01-31
TOWE_POGP37_3_GE02_24_5,69,TOWE,GE02,0.4616016412430246,0.4616016412430246,2018-03-07
TOWE_POGP37_3_GE02_24_5,72,TOWE,GE02,0.4979158908761083,0.9595175321191329,2018-06-06
TOWE_POGP37_3_GE02_24_5,76,TOWE,GE02,0.4641673612408474,1.4236848933599804,2018-10-17
TOWE_POGP37_3_GE02_24_5,77,TOWE,GE02,0.4258441205225024,1.8495290138824827,2018-11-07
TOWE_POGP37_3_GE02_24_5,80,TOWE,GE02,0.5697719368431056,2.4193009507255883,2019-02-06
TOWE_POGP37_3_GE02_24_5,81,TOWE,GE02,0.6861960252349436,3.105496975960532,2019-03-06
TOWE_POGP37_3_GE02_24_5,91,TOWE,GE02,0.6785350474550995,3.7840320234156315,2020-01-07
TOWE_POGP37_3_GE02_24_5,92,TOWE,GE02,0.787302487524275,4.571334510939907,2020-02-12
TOWE_POGP37_3_GE02_24_5,93,TOWE,GE02,0.769043915108109,5.340378426048016,2020-03-04
TOWE_POGP37_3_GE02_24_5,94,TOWE,GE02,0.8834157658593529,6.223794191907369,2020-04-01
TOWE_POGP37_3_GE02_24_5,97,TOWE,GE02,0.4539755851240712,6.67776977703144,2020-07-15
TOWE_POGP37_3_GE02_24_5,99,TOWE,GE02,0.639683090128933,7.317452867160373,2020-09-02
TOWE_POGP37_3_GE02_24_5,105,TOWE,GE02,0.6149470362857784,7.932399903446152,2021-03-03
TOWE_POGP37_3_GE02_24_5,106,TOWE,GE02,0.830827331972542,8.763227235418693,2021-04-08
TOWE_POGP37_3_GE02_24_5,107,TOWE,GE02,0.722804128055766,9.48603136347446,2021-05-05
TOWE_POGP37_3_GE02_24_5,108,TOWE,GE02,0.60262219176733,10.08865355524179,2021-06-09
TOWE_POGP37_3_GE02_24_5,119,TOWE,GE02,0.830787379119028,10.919440934360818,2022-05-05
TOWE_POGP37_3_GE02_24_5,132,TOWE,GE02,0.7606995417549619,11.68014047611578,2023-06-01
TOWE_POGP37_3_GE02_24_5,139,TOWE,GE02,0.582927743707852,12.263068219823632,2024-01-31
TOWE_POGP37_3_GE06_34_4,68,TOWE,GE06,0.4760966686120527,0.4760966686120527,2018-02-28
TOWE_POGP37_3_GE06_34_4,69,TOWE,GE06,0.37275584915929433,0.8488525177713471,2018-03-07
TOWE_POGP37_3_GE06_34_4,72,TOWE,GE06,0.28702542258130836,1.1358779403526555,2018-06-27
TOWE_POGP37_3_GE06_34_4,73,TOWE,GE06,0.4500059478448356,1.585883888197491,2018-07-04
TOWE_POGP37_3_GE06_34_4,74,TOWE,GE06,0.5066858378242044,2.0925697260216953,2018-08-22
TOWE_POGP37_3_GE06_34_4,75,TOWE,GE06,0.52428438066965,2.6168541066913455,2018-09-19
TOWE_POGP37_3_GE06_34_4,79,TOWE,GE06,0.5089779634957996,3.125832070187145,2019-01-09
TOWE_POGP37_3_GE06_34_4,80,TOWE,GE06,0.5242637418799344,3.6500958120670792,2019-02-13
TOWE_POGP37_3_GE06_34_4,81,TOWE,GE06,0.684162884066277,4.3342586961333565,2019-03-06
TOWE_POGP37_3_GE06_34_4,82,TOWE,GE06,0.634636402084985,4.968895098218342,2019-04-02
TOWE_POGP37_3_GE06_34_4,86,TOWE,GE06,0.518893561496372,5.487788659714714,2019-08-28
TOWE_POGP37_3_GE06_34_4,91,TOWE,GE06,0.858635143980476,6.34642380369519,2020-01-01
TOWE_POGP37_3_GE06_34_4,92,TOWE,GE06,0.7891914632382351,7.135615266933425,2020-02-26
TOWE_POGP37_3_GE06_34_4,93,TOWE,GE06,0.6638739344997759,7.799489201433201,2020-03-04
TOWE_POGP37_3_GE06_34_4,103,TOWE,GE06,0.9360467665327,8.735535967965902,2021-01-28
TOWE_POGP37_3_GE06_34_4,104,TOWE,GE06,0.852459670831407,9.58799563879731,2021-02-25
TOWE_POGP37_3_GE06_34_4,105,TOWE,GE06,0.774410492213371,10.36240613101068,2021-03-03
TOWE_POGP37_3_GE06_34_4,106,TOWE,GE06,0.6900575592448029,11.052463690255482,2021-04-02
TOWE_POGP37_3_GE06_34_4,115,TOWE,GE06,0.991030871502275,12.043494561757758,2022-01-20
TOWE_POGP37_3_GE06_34_4,116,TOWE,GE06,0.7887957598915321,12.832290321649289,2022-02-03
TOWE_POGP37_3_GE06_34_4,117,TOWE,GE06,1.275163461882766,14.107453783532055,2022-03-14
TOWE_POGP37_3_GE06_34_4,118,TOWE,GE06,1.1693283798812681,15.276782163413323,2022-04-06
TOWE_POGP37_3_GE06_34_4,128,TOWE,GE06,0.7805770488230159,16.05735921223634,2023-02-16
TOWE_POGP37_3_GE06_34_4,135,TOWE,GE06,0.621909257763926,16.679268470000263,2023-09-21
TOWE_POGP37_3_GE06_34_4,138,TOWE,GE06,0.6604270007491805,17.339695470749444,2023-12-20
TOWE_POGP37_3_GE06_34_4,139,TOWE,GE06,0.808781243121962,18.148476713871407,2024-01-25
TOWE_POGP37_3_GE09_19_13,67,TOWE,GE09,0.4055194239785666,0.4055194239785666,2018-01-17
TOWE_POGP37_3_GE09_19_13,68,TOWE,GE09,0.4097676353662672,0.8152870593448338,2018-02-07
TOWE_POGP37_3_GE09_19_13,69,TOWE,GE09,0.6106834108535416,1.4259704701983753,2018-03-07
TOWE_POGP37_3_GE09_19_13,70,TOWE,GE09,0.4886250923399633,1.9145955625383386,2018-04-11
TOWE_POGP37_3_GE09_19_13,80,TOWE,GE09,0.9697788147937509,2.8843743773320893,2019-02-13
TOWE_POGP37_3_GE09_19_13,81,TOWE,GE09,0.92562800989197,3.8100023872240594,2019-03-06
TOWE_POGP37_3_GE09_19_13,82,TOWE,GE09,0.850295569308256,4.6602979565323155,2019-04-24
TOWE_POGP37_3_GE09_19_13,83,TOWE,GE09,0.986170346488974,5.646468303021289,2019-05-08
TOWE_POGP37_3_GE09_19_13,84,TOWE,GE09,0.826602160960787,6.473070463982077,2019-06-05
TOWE_POGP37_3_GE09_19_13,94,TOWE,GE09,0.626510531999884,7.0995809959819605,2020-04-15
TOWE_POGP37_3_GE09_19_13,95,TOWE,GE09,1.163516139509492,8.263097135491453,2020-05-13
TOWE_POGP37_3_GE09_19_13,106,TOWE,GE09,0.8479264777058041,9.111023613197258,2021-04-29
TOWE_POGP37_3_GE09_19_13,107,TOWE,GE09,0.9897629948262264,11.09054960284971,2021-05-20
TOWE_POGP37_3_GE09_19_13,120,TOWE,GE09,1.3890923707707459,12.479641973620456,2022-06-09
TOWE_POGP37_3_GE09_19_13,132,TOWE,GE09,1.552010053126031,14.031652026746487,2023-06-01
TOWE_POGP37_3_GE09_19_14,69,TOWE,GE09,0.3530104458411691,0.3530104458411691,2018-03-07
TOWE_POGP37_3_GE09_19_14,70,TOWE,GE09,0.3098376570595034,0.6628481029006725,2018-04-11
TOWE_POGP37_3_GE09_19_14,79,TOWE,GE09,0.777428199259814,1.4402763021604865,2019-01-02
TOWE_POGP37_3_GE09_19_14,80,TOWE,GE09,0.5800354040837433,2.0203117062442297,2019-02-06
TOWE_POGP37_3_GE09_19_14,81,TOWE,GE09,0.7255417883775722,2.745853494621802,2019-03-06
TOWE_POGP37_3_GE09_19_14,82,TOWE,GE09,0.5016871317907147,3.247540626412517,2019-04-10
TOWE_POGP37_3_GE09_19_14,83,TOWE,GE09,0.5651424961901494,3.8126831226026665,2019-05-01
TOWE_POGP37_3_GE09_19_14,94,TOWE,GE09,0.9683097158988521,4.780992838501518,2020-04-01
TOWE_POGP37_3_GE09_19_14,95,TOWE,GE09,0.6343655706112775,5.4153584091127955,2020-05-13
TOWE_POGP37_3_GE09_19_14,106,TOWE,GE09,0.665111142022056,6.080469551134851,2021-04-29
TOWE_POGP37_3_GE09_19_14,107,TOWE,GE09,0.6719157189124046,6.752385270047256,2021-05-13
TOWE_POGP37_3_GE09_19_14,108,TOWE,GE09,0.9059549472018066,7.658340217249062,2021-06-09
TOWE_POGP37_3_GE09_19_14,111,TOWE,GE09,0.39056897839400395,8.048909195643066,2021-09-01
TOWE_POGP37_3_GE09_19_14,119,TOWE,GE09,0.4785560265161782,8.527465222159245,2022-05-05
TOWE_POGP37_3_GE09_19_14,120,TOWE,GE09,0.814936231472657,9.342401453631902,2022-06-01
TOWE_POGP37_3_GE09_19_14,131,TOWE,GE09,1.1757281384292109,10.518129592061113,2023-05-10
TOWE_POGP37_3_GE09_19_14,132,TOWE,GE09,0.7513317038942959,11.26946129595541,2023-06-29
TOWE_POGP37_3_GE09_19_15,68,TOWE,GE09,0.732896665513938,0.732896665513938,2018-02-28
TOWE_POGP37_3_GE09_19_15,69,TOWE,GE09,0.8269263168600729,1.5598229823740108,2018-03-07
TOWE_POGP37_3_GE09_19_15,70,TOWE,GE09,0.475516467699602,2.0353394500736126,2018-04-11
TOWE_POGP37_3_GE09_19_15,76,TOWE,GE09,0.840147382968264,2.875486833041877,2018-10-03
TOWE_POGP37_3_GE09_19_15,80,TOWE,GE09,0.603914577882323,3.4794014109241997,2019-02-13
TOWE_POGP37_3_GE09_19_15,81,TOWE,GE09,0.8495450186127409,4.32894642953694,2019-03-06
TOWE_POGP37_3_GE09_19_15,82,TOWE,GE09,0.754798822695828,5.083745252232768,2019-04-02
TOWE_POGP37_3_GE09_19_15,86,TOWE,GE09,0.7637229421012263,5.847468194333994,2019-08-28
TOWE_POGP37_3_GE09_19_15,93,TOWE,GE09,0.91579871344533,6.763266907779324,2020-03-18
TOWE_POGP37_3_GE09_19_15,94,TOWE,GE09,0.9464421430018479,7.709709050781172,2020-04-01
TOWE_POGP37_3_GE09_19_15,97,TOWE,GE09,0.52155388789345,8.231262938674622,2020-07-15
TOWE_POGP37_3_GE09_19_15,98,TOWE,GE09,0.873140374988271,9.104403313662893,2020-08-05
TOWE_POGP37_3_GE09_19_15,106,TOWE,GE09,1.239336423367982,10.343739737030875,2021-04-29
TOWE_POGP37_3_GE09_19_15,107,TOWE,GE09,1.1464765632492089,11.490216300280084,2021-05-13
TOWE_POGP37_3_GE09_19_15,111,TOWE,GE09,0.775718853553264,12.265935153833347,2021-09-21
TOWE_POGP37_3_GE09_19_15,112,TOWE,GE09,0.732501787998199,12.998436941831546,2021-10-20
TOWE_POGP37_3_GE09_19_15,117,TOWE,GE09,0.8713409180924631,13.869777859924008,2022-03-22
TOWE_POGP37_3_GE09_19_15,118,TOWE,GE09,1.01186807607845,14.881645936002458,2022-04-06
TOWE_POGP37_3_GE09_19_15,130,TOWE,GE09,1.26699459561591,16.14864053161837,2023-04-05
TOWE_POGP37_3_GE09_19_15,131,TOWE,GE09,0.728149603577557,16.876790135195925,2023-05-10
TOWE_POGP37_3_GE09_19_15,132,TOWE,GE09,0.73843968123007,17.615229816425995,2023-06-01
TOWE_POGP37_3_GE12_39_3,68,TOWE,GE12,0.409626919736922,0.409626919736922,2018-02-28
TOWE_POGP37_3_GE12_39_3,69,TOWE,GE12,0.21383783302777032,0.6234647527646924,2018-03-07
TOWE_POGP37_3_GE12_39_3,80,TOWE,GE12,0.5421366938331003,1.1656014465977926,2019-02-06
TOWE_POGP37_3_GE12_39_3,82,TOWE,GE12,0.895881573696394,2.0614830202941867,2019-04-02
TOWE_POGP37_3_GE12_39_3,86,TOWE,GE12,0.5162082681105498,2.5776912884047363,2019-08-28
TOWE_POGP37_3_GE12_39_3,87,TOWE,GE12,0.696056263506166,3.273747551910902,2019-09-04
TOWE_POGP37_3_GE12_39_3,88,TOWE,GE12,0.690109888563562,3.963857440474464,2019-10-16
TOWE_POGP37_3_GE12_39_3,90,TOWE,GE12,0.764685818256501,4.728543258730965,2019-12-25
TOWE_POGP37_3_GE12_39_3,92,TOWE,GE12,0.7109961666790859,5.439539425410051,2020-02-12
TOWE_POGP37_3_GE12_39_3,93,TOWE,GE12,0.616379740240407,6.055919165650458,2020-03-11
TOWE_POGP37_3_GE12_39_3,94,TOWE,GE12,0.504406001491311,6.5603251671417695,2020-04-01
TOWE_POGP37_3_GE12_39_3,95,TOWE,GE12,0.5275148032499319,7.087839970391702,2020-05-13
TOWE_POGP37_3_GE12_39_3,96,TOWE,GE12,0.664041215020033,7.751881185411735,2020-06-03
TOWE_POGP37_3_GE12_39_3,106,TOWE,GE12,1.013090326435533,8.764971511847268,2021-04-30
TOWE_POGP37_3_GE12_39_3,107,TOWE,GE12,1.1107228622334349,9.875694374080702,2021-05-05
TOWE_POGP37_3_GE12_39_3,117,TOWE,GE12,0.762694570403735,10.638388944484436,2022-03-22
TOWE_POGP37_3_GE12_39_3,118,TOWE,GE12,0.860565404035408,11.498954348519845,2022-04-06
TOWE_POGP37_3_GE12_39_3,119,TOWE,GE12,0.8428391602295621,12.341793508749408,2022-05-11
TOWE_POGP37_3_GE12_39_3,120,TOWE,GE12,1.11806132955519,13.459854838304597,2022-06-09
TOWE_POGP37_3_GE12_39_3,132,TOWE,GE12,1.213167579241648,14.673022417546246,2023-06-01
TOWE_POGP37_3_GE12_39_5,69,TOWE,GE12,0.5017069516309383,0.5017069516309383,2018-03-07
TOWE_POGP37_3_GE12_39_5,79,TOWE,GE12,0.5709782713732761,1.0726852230042143,2019-01-23
TOWE_POGP37_3_GE12_39_5,80,TOWE,GE12,0.545361337917572,1.6180465609217864,2019-02-06
TOWE_POGP37_3_GE12_39_5,81,TOWE,GE12,0.78246192893401,2.4005084898557962,2019-03-06
TOWE_POGP37_3_GE12_39_5,83,TOWE,GE12,0.677842286028324,3.07835077588412,2019-05-08
TOWE_POGP37_3_GE12_39_5,94,TOWE,GE12,0.829415226484637,3.907766002368757,2020-04-01
TOWE_POGP37_3_GE12_39_5,95,TOWE,GE12,0.822087501005881,4.729853503374638,2020-05-13
TOWE_POGP37_3_GE12_39_5,96,TOWE,GE12,0.6273123687786859,5.357165872153324,2020-06-03
TOWE_POGP37_3_GE12_39_5,106,TOWE,GE12,0.812879311138739,6.170045183292063,2021-04-22
TOWE_POGP37_3_GE12_39_5,107,TOWE,GE12,1.0728431902533069,7.24288837354537,2021-05-20
TOWE_POGP37_3_GE12_39_5,108,TOWE,GE12,0.734147254820614,7.977035628365984,2021-06-09
TOWE_POGP37_3_GE12_39_5,118,TOWE,GE12,0.950188078002266,8.92722370636825,2022-04-06
TOWE_POGP37_3_GE12_39_5,119,TOWE,GE12,0.989244297430112,9.916468003798363,2022-05-24
TOWE_POGP37_3_GE12_39_5,120,TOWE,GE12,1.425396772286724,11.341864776085087,2022-06-09
TOWE_POGP37_3_GE12_39_5,131,TOWE,GE12,1.1980345658391711,12.539899341924258,2023-05-18
TOWE_POGP37_3_GE12_39_5,132,TOWE,GE12,1.4553067155563,13.995206057480559,2023-06-01
TOWE_POGP37_4_GE02_29_18,70,TOWE,GE02,0.3885042016806719,0.3885042016806719,2018-04-05
TOWE_POGP37_4_GE02_29_18,72,TOWE,GE02,0.4269288943208323,0.8154330960015042,2018-06-21
TOWE_POGP37_4_GE02_29_18,73,TOWE,GE02,0.39760276589110577,1.2130358618926098,2018-07-05
TOWE_POGP37_4_GE02_29_18,74,TOWE,GE02,0.4666168841494214,1.6796527460420312,2018-08-09
TOWE_POGP37_4_GE02_29_18,75,TOWE,GE02,0.25776896289896023,1.9374217089409913,2018-09-27
TOWE_POGP37_4_GE02_29_18,81,TOWE,GE02,0.764660882559761,2.7020825915007523,2019-03-07
TOWE_POGP37_4_GE02_29_18,88,TOWE,GE02,0.6191318928434307,3.321214484344183,2019-10-03
TOWE_POGP37_4_GE02_29_18,93,TOWE,GE02,0.732506181196547,4.05372066554073,2020-03-05
TOWE_POGP37_4_GE02_29_18,94,TOWE,GE02,0.734998679656499,4.788719345197229,2020-04-02
TOWE_POGP37_4_GE02_29_18,104,TOWE,GE02,1.035511607316985,5.824230952514214,2021-02-11
TOWE_POGP37_4_GE02_29_18,105,TOWE,GE02,1.0393136187215661,6.8635445712357805,2021-03-11
TOWE_POGP37_4_GE02_29_18,106,TOWE,GE02,0.732872303577271,7.596416874813052,2021-04-08
TOWE_POGP37_4_GE02_29_18,107,TOWE,GE02,1.092488042660098,8.688904917473149,2021-05-06
TOWE_POGP37_4_GE02_29_18,117,TOWE,GE02,1.1383246692353168,9.827229586708466,2022-03-17
TOWE_POGP37_4_GE02_29_18,118,TOWE,GE02,1.255479367049329,11.082708953757795,2022-04-21
TOWE_POGP37_4_GE02_29_18,119,TOWE,GE02,1.444304817729065,12.52701377148686,2022-05-17
TOWE_POGP37_4_GE02_29_18,120,TOWE,GE02,1.736902119259176,14.263915890746036,2022-06-01
TOWE_POGP37_4_GE02_29_18,130,TOWE,GE02,1.247370309826054,15.51128620057209,2023-04-06
TOWE_POGP37_4_GE02_29_18,131,TOWE,GE02,1.138934083976473,16.650220284548563,2023-05-04
TOWE_POGP37_4_GE02_29_18,132,TOWE,GE02,1.249804479971511,17.900024764520076,2023-06-01
TOWE_POGP37_4_GE02_29_19,68,TOWE,GE02,0.37328600516978416,0.37328600516978416,2018-02-01
TOWE_POGP37_4_GE02_29_19,69,TOWE,GE02,0.4970970086376218,0.870383013807406,2018-03-01
TOWE_POGP37_4_GE02_29_19,70,TOWE,GE02,0.4397600494089645,1.3101430632163704,2018-04-05
TOWE_POGP37_4_GE02_29_19,71,TOWE,GE02,0.3134137963016657,1.623556859518036,2018-05-31
TOWE_POGP37_4_GE02_29_19,72,TOWE,GE02,0.2553433755220632,1.8789002350400992,2018-06-21
TOWE_POGP37_4_GE02_29_19,74,TOWE,GE02,0.22712921658682178,2.106029451626921,2018-08-30
TOWE_POGP37_4_GE02_29_19,81,TOWE,GE02,0.9030282883304256,3.009057739957347,2019-03-07
TOWE_POGP37_4_GE02_29_19,85,TOWE,GE02,0.4706655243150655,3.4797232642724123,2019-07-25
TOWE_POGP37_4_GE02_29_19,87,TOWE,GE02,0.7923749938199192,4.272098258092331,2019-09-12
TOWE_POGP37_4_GE02_29_19,88,TOWE,GE02,0.648619564618362,4.920717822710693,2019-10-03
TOWE_POGP37_4_GE02_29_19,93,TOWE,GE02,0.7363572158060268,5.6570750385167194,2020-03-05
TOWE_POGP37_4_GE02_29_19,94,TOWE,GE02,0.6382721948098866,6.295347233326606,2020-04-02
TOWE_POGP37_4_GE02_29_19,105,TOWE,GE02,0.888450223433434,7.18379745676004,2021-03-18
TOWE_POGP37_4_GE02_29_19,106,TOWE,GE02,0.934838013664816,8.118635470424856,2021-04-08
TOWE_POGP37_4_GE02_29_19,107,TOWE,GE02,0.8307859235952629,8.949421394020119,2021-05-06
TOWE_POGP37_4_GE02_29_19,108,TOWE,GE02,0.77752644683921,9.726947840859328,2021-06-09
TOWE_POGP37_4_GE02_29_19,118,TOWE,GE02,0.7688490343867119,10.49579687524604,2022-04-21
TOWE_POGP37_4_GE02_29_19,120,TOWE,GE02,0.5926650856340492,11.088461960880089,2022-06-09
TOWE_POGP37_4_GE02_29_19,129,TOWE,GE02,0.819100224088969,11.907562184969057,2023-03-09
TOWE_POGP37_4_GE02_29_19,130,TOWE,GE02,0.3903848984323633,12.297947083401422,2023-04-13
TOWE_POGP37_4_GE02_29_19,133,TOWE,GE02,0.916449034727304,13.214396118128725,2023-07-20
TOWE_POGP37_4_GE02_29_20,69,TOWE,GE02,0.7213246474851444,0.7213246474851444,2018-03-01
TOWE_POGP37_4_GE02_29_20,74,TOWE,GE02,0.4305238554838317,1.151848502968976,2018-08-09
TOWE_POGP37_4_GE02_29_20,79,TOWE,GE02,0.653527791108978,1.8053762940779539,2019-01-24
TOWE_POGP37_4_GE02_29_20,81,TOWE,GE02,1.036023664127902,2.841399958205856,2019-03-07
TOWE_POGP37_4_GE02_29_20,85,TOWE,GE02,0.4615753819172802,3.3029753401231363,2019-07-25
TOWE_POGP37_4_GE02_29_20,86,TOWE,GE02,0.7858957927962987,4.088871132919435,2019-08-08
TOWE_POGP37_4_GE02_29_20,90,TOWE,GE02,1.174273819167872,5.263144952087307,2019-12-26
TOWE_POGP37_4_GE02_29_20,91,TOWE,GE02,0.942390621729119,6.205535573816427,2020-01-03
TOWE_POGP37_4_GE02_29_20,92,TOWE,GE02,0.9855564570399,7.191092030856327,2020-02-10
TOWE_POGP37_4_GE02_29_20,93,TOWE,GE02,0.848029087884949,8.039121118741276,2020-03-12
TOWE_POGP37_4_GE02_29_20,94,TOWE,GE02,0.6945151479421561,8.733636266683432,2020-04-02
TOWE_POGP37_4_GE02_29_20,104,TOWE,GE02,0.996178814884658,9.72981508156809,2021-02-04
TOWE_POGP37_4_GE02_29_20,105,TOWE,GE02,0.777586459642595,10.507401541210685,2021-03-04
TOWE_POGP37_4_GE02_29_20,107,TOWE,GE02,1.043610210754032,11.551011751964717,2021-05-06
TOWE_POGP37_4_GE02_29_20,118,TOWE,GE02,1.007618674319311,12.558630426284028,2022-04-07
TOWE_POGP37_4_GE02_29_20,119,TOWE,GE02,1.141446139614184,13.700076565898211,2022-05-12
TOWE_POGP37_4_GE02_29_20,120,TOWE,GE02,1.146961856766967,14.847038422665179,2022-06-09
TOWE_POGP37_4_GE02_29_20,129,TOWE,GE02,1.305832012700106,16.152870435365283,2023-03-23
TOWE_POGP37_4_GE02_29_20,130,TOWE,GE02,1.5835228610037129,17.736393296368995,2023-04-06
TOWE_POGP37_4_GE02_29_20,131,TOWE,GE02,0.6104950271982891,18.346888323567285,2023-05-04
TOWE_POGP37_4_GE02_29_20,132,TOWE,GE02,0.985625223567888,19.33251354713517,2023-06-08
TOWE_POGP37_4_GE06_49_18,69,TOWE,GE06,0.4641130590476915,0.4641130590476915,2018-03-01
TOWE_POGP37_4_GE06_49_18,79,TOWE,GE06,0.6825446043671052,1.1466576634147967,2019-01-03
TOWE_POGP37_4_GE06_49_18,80,TOWE,GE06,0.720892441741058,1.8675501051558547,2019-02-21
TOWE_POGP37_4_GE06_49_18,81,TOWE,GE06,0.74296301863074,2.610513123786595,2019-03-07
TOWE_POGP37_4_GE06_49_18,82,TOWE,GE06,0.7404890657298551,3.35100218951645,2019-04-04
TOWE_POGP37_4_GE06_49_18,92,TOWE,GE06,0.737070234062414,4.088072423578864,2020-02-10
TOWE_POGP37_4_GE06_49_18,93,TOWE,GE06,0.7737476618286541,4.861820085407518,2020-03-12
TOWE_POGP37_4_GE06_49_18,94,TOWE,GE06,0.787118838115972,5.64893892352349,2020-04-09
TOWE_POGP37_4_GE06_49_18,104,TOWE,GE06,0.845957108648636,6.494896032172126,2021-02-18
TOWE_POGP37_4_GE06_49_18,105,TOWE,GE06,0.7548458209470175,7.2497418531191435,2021-03-04
TOWE_POGP37_4_GE06_49_18,106,TOWE,GE06,0.844682615315004,8.094424468434148,2021-04-08
TOWE_POGP37_4_GE06_49_18,117,TOWE,GE06,0.899750833670957,8.994175302105106,2022-03-30
TOWE_POGP37_4_GE06_49_18,118,TOWE,GE06,0.944811626603977,9.938986928709083,2022-04-07
TOWE_POGP37_4_GE06_49_18,129,TOWE,GE06,0.6896106501322146,10.628597578841298,2023-03-09
TOWE_POGP37_4_GE06_49_18,138,TOWE,GE06,0.828643951168534,11.457241530009831,2023-12-25
TOWE_POGP37_4_GE06_49_18,140,TOWE,GE06,0.862868873191875,12.320110403201706,2024-02-01
TOWE_POGP37_4_GE06_49_19,69,TOWE,GE06,0.45547572904801437,0.45547572904801437,2018-03-01
TOWE_POGP37_4_GE06_49_19,70,TOWE,GE06,0.4025064965408499,0.8579822255888643,2018-04-05
TOWE_POGP37_4_GE06_49_19,80,TOWE,GE06,0.6365862532956119,1.4945684788844762,2019-02-21
TOWE_POGP37_4_GE06_49_19,81,TOWE,GE06,0.6061483063319639,2.10071678521644,2019-03-07
TOWE_POGP37_4_GE06_49_19,82,TOWE,GE06,0.6524253914477339,2.753142176664174,2019-04-04
TOWE_POGP37_4_GE06_49_19,84,TOWE,GE06,0.826574900982961,3.579717077647135,2019-06-06
TOWE_POGP37_4_GE06_49_19,92,TOWE,GE06,0.895043780000037,4.474760857647172,2020-02-10
TOWE_POGP37_4_GE06_49_19,93,TOWE,GE06,1.015988848946196,5.490749706593368,2020-03-12
TOWE_POGP37_4_GE06_49_19,94,TOWE,GE06,0.773568461905086,6.264318168498454,2020-04-02
TOWE_POGP37_4_GE06_49_19,105,TOWE,GE06,0.9729785203250061,7.237296688823459,2021-03-25
TOWE_POGP37_4_GE06_49_19,106,TOWE,GE06,1.018968570932454,8.256265259755914,2021-04-15
TOWE_POGP37_4_GE06_49_19,107,TOWE,GE06,0.850683516202023,9.106948775957937,2021-05-06
TOWE_POGP37_4_GE06_49_19,118,TOWE,GE06,0.94787005356598,10.054818829523917,2022-04-07
TOWE_POGP37_4_GE06_49_19,120,TOWE,GE06,0.907038126640327,10.961856956164244,2022-06-01
TOWE_POGP37_4_GE06_49_19,129,TOWE,GE06,0.9380255710167712,11.899882527181015,2023-03-09
TOWE_POGP37_4_GE06_49_19,130,TOWE,GE06,0.831879725099012,12.731762252280028,2023-04-06
TOWE_POGP37_4_GE06_49_20,70,TOWE,GE06,0.4779560766058814,0.4779560766058814,2018-04-19
TOWE_POGP37_4_GE06_49_20,79,TOWE,GE06,0.815752948810932,1.2937090254168133,2019-01-17
TOWE_POGP37_4_GE06_49_20,80,TOWE,GE06,0.727905048155379,2.0216140735721924,2019-02-07
TOWE_POGP37_4_GE06_49_20,81,TOWE,GE06,0.781772793058607,2.8033868666307993,2019-03-07
TOWE_POGP37_4_GE06_49_20,82,TOWE,GE06,0.7395278240829299,3.5429146907137294,2019-04-11
TOWE_POGP37_4_GE06_49_20,83,TOWE,GE06,0.8367634941828701,4.3796781848965995,2019-05-02
TOWE_POGP37_4_GE06_49_20,91,TOWE,GE06,0.821016949152542,5.200695134049141,2020-01-03
TOWE_POGP37_4_GE06_49_20,92,TOWE,GE06,1.084559821664946,6.2852549557140875,2020-02-10
TOWE_POGP37_4_GE06_49_20,93,TOWE,GE06,0.999188531446265,7.2844434871603525,2020-03-12
TOWE_POGP37_4_GE06_49_20,105,TOWE,GE06,0.935215636358686,8.219659123519039,2021-03-04
TOWE_POGP37_4_GE06_49_20,106,TOWE,GE06,1.004928529664823,9.224587653183862,2021-04-01
TOWE_POGP37_4_GE06_49_20,115,TOWE,GE06,1.16484264913929,10.389430302323152,2022-01-26
TOWE_POGP37_4_GE06_49_20,116,TOWE,GE06,1.2024503610812158,11.591880663404368,2022-02-09
TOWE_POGP37_4_GE06_49_20,117,TOWE,GE06,1.388994235793369,12.980874899197737,2022-03-14
TOWE_POGP37_4_GE06_49_20,118,TOWE,GE06,1.159101821631253,14.13997672082899,2022-04-07
TOWE_POGP37_4_GE06_49_20,131,TOWE,GE06,1.239463178745382,15.379439899574372,2023-05-18
TOWE_POGP37_4_GE06_49_20,139,TOWE,GE06,0.6282509160009389,16.007690815575312,2024-01-11
TOWE_POGP37_4_GE09_39_18,69,TOWE,GE09,0.45075268328179,0.45075268328179,2018-03-08
TOWE_POGP37_4_GE09_39_18,70,TOWE,GE09,0.4112270219058083,0.8619797051875984,2018-04-05
TOWE_POGP37_4_GE09_39_18,71,TOWE,GE09,0.4926204231197906,1.354600128307389,2018-05-03
TOWE_POGP37_4_GE09_39_18,82,TOWE,GE09,0.678003457111581,2.03260358541897,2019-04-04
TOWE_POGP37_4_GE09_39_18,83,TOWE,GE09,0.6945273149358334,2.7271309003548034,2019-05-02
TOWE_POGP37_4_GE09_39_18,90,TOWE,GE09,1.03127136376623,3.7584022641210337,2019-12-19
TOWE_POGP37_4_GE09_39_18,91,TOWE,GE09,1.153223480074786,4.9116257441958195,2020-01-03
TOWE_POGP37_4_GE09_39_18,92,TOWE,GE09,1.114695808979048,6.026321553174867,2020-02-10
TOWE_POGP37_4_GE09_39_18,94,TOWE,GE09,1.0855641691363949,7.111885722311262,2020-04-27
TOWE_POGP37_4_GE09_39_18,96,TOWE,GE09,0.759804613051038,7.871690335362301,2020-06-04
TOWE_POGP37_4_GE09_39_18,106,TOWE,GE09,1.264928040181593,9.136618375543893,2021-04-29
TOWE_POGP37_4_GE09_39_18,108,TOWE,GE09,0.872374173319157,10.00899254886305,2021-06-03
TOWE_POGP37_4_GE09_39_18,118,TOWE,GE09,0.902586644089895,10.911579192952946,2022-04-21
TOWE_POGP37_4_GE09_39_18,119,TOWE,GE09,0.979068972150384,11.890648165103329,2022-05-17
TOWE_POGP37_4_GE09_39_18,131,TOWE,GE09,1.2954176933812052,13.186065858484534,2023-05-10
TOWE_POGP37_4_GE09_39_18,132,TOWE,GE09,1.003351365151212,14.189417223635747,2023-06-22
TOWE_POGP37_4_GE09_39_19,70,TOWE,GE09,0.3940121826005697,0.3940121826005697,2018-04-12
TOWE_POGP37_4_GE09_39_19,71,TOWE,GE09,0.3229989559377084,0.717011138538278,2018-05-03
TOWE_POGP37_4_GE09_39_19,72,TOWE,GE09,0.3730069540641944,1.0900180926024725,2018-06-07
TOWE_POGP37_4_GE09_39_19,82,TOWE,GE09,0.840764733055522,1.9307828256579946,2019-04-18
TOWE_POGP37_4_GE09_39_19,83,TOWE,GE09,0.737947322846033,2.668730148504028,2019-05-02
TOWE_POGP37_4_GE09_39_19,95,TOWE,GE09,1.186076842037742,3.85480699054177,2020-05-12
TOWE_POGP37_4_GE09_39_19,107,TOWE,GE09,1.762322738679893,5.617129729221663,2021-05-20
TOWE_POGP37_4_GE09_39_19,118,TOWE,GE09,1.324633037909664,6.941762767131327,2022-04-21
TOWE_POGP37_4_GE09_39_19,131,TOWE,GE09,1.432568032909296,8.374330800040623,2023-05-10
TOWE_POGP37_4_GE09_39_20,70,TOWE,GE09,0.4327812647601445,0.4327812647601445,2018-04-12
TOWE_POGP37_4_GE09_39_20,71,TOWE,GE09,0.6776241013098889,1.1104053660700335,2018-05-03
TOWE_POGP37_4_GE09_39_20,91,TOWE,GE09,1.542783205736185,2.6531885718062185,2020-01-08
TOWE_POGP37_4_GE09_39_20,95,TOWE,GE09,1.257792873622144,3.9109814454283622,2020-05-14
TOWE_POGP37_4_GE09_39_20,106,TOWE,GE09,0.991361231161999,4.9023426765903615,2021-04-01
TOWE_POGP37_4_GE09_39_20,107,TOWE,GE09,1.5493313142335938,6.451673990823956,2021-05-06
TOWE_POGP37_4_GE09_39_20,108,TOWE,GE09,1.299396941446962,7.751070932270918,2021-06-16
TOWE_POGP37_4_GE09_39_20,119,TOWE,GE09,1.24385539262212,8.994926324893038,2022-05-17
TOWE_POGP37_4_GE09_39_20,120,TOWE,GE09,1.5525739174879751,10.547500242381012,2022-06-01
TOWE_POGP37_4_GE09_39_20,131,TOWE,GE09,1.350215328065485,11.897715570446497,2023-05-10
TOWE_POGP37_4_GE12_44_19,69,TOWE,GE12,0.647704750319386,0.647704750319386,2018-03-08
TOWE_POGP37_4_GE12_44_19,80,TOWE,GE12,0.749369959677419,1.397074709996805,2019-02-28
TOWE_POGP37_4_GE12_44_19,81,TOWE,GE12,0.943202117228912,2.340276827225717,2019-03-07
TOWE_POGP37_4_GE12_44_19,82,TOWE,GE12,1.10285340341185,3.443130230637567,2019-04-04
TOWE_POGP37_4_GE12_44_19,83,TOWE,GE12,0.8432171168326481,4.286347347470215,2019-05-02
TOWE_POGP37_4_GE12_44_19,93,TOWE,GE12,0.6312527620594218,4.917600109529637,2020-03-26
TOWE_POGP37_4_GE12_44_19,94,TOWE,GE12,1.1101796054754989,6.027779715005136,2020-04-02
TOWE_POGP37_4_GE12_44_19,95,TOWE,GE12,0.6120345427595543,6.63981425776469,2020-05-12
TOWE_POGP37_4_GE12_44_19,98,TOWE,GE12,0.762753738264464,7.402567996029154,2020-08-06
TOWE_POGP37_4_GE12_44_19,99,TOWE,GE12,0.732654518068786,8.13522251409794,2020-09-14
TOWE_POGP37_4_GE12_44_19,104,TOWE,GE12,1.2789482258024618,9.414170739900403,2021-02-18
TOWE_POGP37_4_GE12_44_19,105,TOWE,GE12,1.141642487817581,10.555813227717984,2021-03-25
TOWE_POGP37_4_GE12_44_19,106,TOWE,GE12,1.105834063686824,11.661647291404808,2021-04-08
TOWE_POGP37_4_GE12_44_19,117,TOWE,GE12,0.773470301465086,12.435117592869894,2022-03-14
TOWE_POGP37_4_GE12_44_19,118,TOWE,GE12,1.446937308312638,13.882054901182531,2022-04-21
TOWE_POGP37_4_GE12_44_19,119,TOWE,GE12,1.475900719325176,15.357955620507708,2022-05-26
TOWE_POGP37_4_GE12_44_19,120,TOWE,GE12,1.344754744002869,16.702710364510576,2022-06-09
TOWE_POGP37_4_GE12_44_19,132,TOWE,GE12,0.867130075485891,17.56984043999647,2023-06-08
TOWE_POGP37_4_GE12_45_20,68,TOWE,GE12,0.4014009341794298,0.4014009341794298,2018-02-01
TOWE_POGP37_4_GE12_45_20,69,TOWE,GE12,0.6091078023522382,1.0105087365316678,2018-03-01
TOWE_POGP37_4_GE12_45_20,80,TOWE,GE12,0.5584539583615356,1.5689626948932034,2019-02-28
TOWE_POGP37_4_GE12_45_20,81,TOWE,GE12,0.7562417073304459,2.3252044022236493,2019-03-07
TOWE_POGP37_4_GE12_45_20,92,TOWE,GE12,0.777294281663209,3.1024986838868585,2020-02-27
TOWE_POGP37_4_GE12_45_20,93,TOWE,GE12,0.862821892781772,3.9653205766686304,2020-03-12
TOWE_POGP37_4_GE12_45_20,94,TOWE,GE12,1.022762075991768,4.988082652660398,2020-04-02
TOWE_POGP37_4_GE12_45_20,107,TOWE,GE12,0.927114329909917,5.915196982570315,2021-05-06
TOWE_POGP37_4_GE12_45_20,108,TOWE,GE12,0.990846560483715,6.90604354305403,2021-06-03
TOWE_POGP37_4_GE12_45_20,117,TOWE,GE12,0.674560273293759,7.5806038163477885,2022-03-30
TOWE_POGP37_4_GE12_45_20,118,TOWE,GE12,1.129063506199904,8.709667322547693,2022-04-07
TOWE_POGP37_4_GE12_45_20,119,TOWE,GE12,1.1465226598178369,9.85618998236553,2022-05-26
TOWE_POGP37_4_GE12_45_20,120,TOWE,GE12,1.2358705890382948,11.092060571403824,2022-06-01
TOWE_POGP37_4_GE12_45_20,130,TOWE,GE12,1.131499805074343,12.223560376478167,2023-04-13
TOWE_POGP37_4_GE12_45_20,131,TOWE,GE12,1.14919472879193,13.372755105270096,2023-05-10
TOWE_POGP37_4_GE12_45_20,132,TOWE,GE12,1.5028358080770832,14.87559091334718,2023-06-01
TOWE_POGP37_5_GE02_59_13,70,TOWE,GE02,0.303441439850942,0.303441439850942,2018-04-05
TOWE_POGP37_5_GE02_59_13,82,TOWE,GE02,0.582220008995695,0.885661448846637,2019-04-04
TOWE_POGP37_5_GE02_59_13,83,TOWE,GE02,0.6558041935012467,1.5414656423478839,2019-05-09
TOWE_POGP37_5_GE02_59_13,87,TOWE,GE02,0.6560691086877029,2.1975347510355867,2019-09-26
TOWE_POGP37_5_GE02_59_13,91,TOWE,GE02,1.096449466064257,3.293984217099844,2020-01-08
TOWE_POGP37_5_GE02_59_13,92,TOWE,GE02,0.779710508423897,4.073694725523741,2020-02-10
TOWE_POGP37_5_GE02_59_13,93,TOWE,GE02,0.838301912172509,4.91199663769625,2020-03-12
TOWE_POGP37_5_GE02_59_13,94,TOWE,GE02,0.608963068215124,5.520959705911374,2020-04-03
TOWE_POGP37_5_GE02_59_13,105,TOWE,GE02,0.884176259333216,6.4051359652445905,2021-03-25
TOWE_POGP37_5_GE02_59_13,106,TOWE,GE02,0.70638848299376,7.111524448238351,2021-04-01
TOWE_POGP37_5_GE02_59_13,107,TOWE,GE02,0.776919194799763,7.888443643038114,2021-05-06
TOWE_POGP37_5_GE02_59_13,118,TOWE,GE02,0.5929630756019889,8.481406718640104,2022-04-14
TOWE_POGP37_5_GE02_59_13,119,TOWE,GE02,0.8845071797059479,9.36591389834605,2022-05-16
TOWE_POGP37_5_GE02_59_14,69,TOWE,GE02,0.4007393775896506,0.4007393775896506,2018-03-02
TOWE_POGP37_5_GE02_59_14,70,TOWE,GE02,0.5772002892777538,0.9779396668674044,2018-04-05
TOWE_POGP37_5_GE02_59_14,81,TOWE,GE02,0.865957127636055,1.8438967945034594,2019-03-14
TOWE_POGP37_5_GE02_59_14,82,TOWE,GE02,0.6403898305428021,2.4842866250462614,2019-04-04
TOWE_POGP37_5_GE02_59_14,87,TOWE,GE02,0.4037454522004093,2.8880320772466708,2019-09-12
TOWE_POGP37_5_GE02_59_14,88,TOWE,GE02,0.571073447433771,3.459105524680442,2019-10-03
TOWE_POGP37_5_GE02_59_14,94,TOWE,GE02,1.016974849077866,4.4760803737583075,2020-04-30
TOWE_POGP37_5_GE02_59_14,95,TOWE,GE02,0.665061337090865,5.141141710849173,2020-05-12
TOWE_POGP37_5_GE02_59_14,106,TOWE,GE02,0.839266357685311,5.980408068534484,2021-04-29
TOWE_POGP37_5_GE02_59_14,107,TOWE,GE02,1.077558444970244,7.057966513504727,2021-05-06
TOWE_POGP37_5_GE02_59_14,118,TOWE,GE02,0.9441050062352799,8.002071519740007,2022-04-20
TOWE_POGP37_5_GE02_59_14,119,TOWE,GE02,1.112784392981734,9.11485591272174,2022-05-16
TOWE_POGP37_5_GE02_59_14,120,TOWE,GE02,1.061038081463326,10.175893994185067,2022-06-06
TOWE_POGP37_5_GE02_59_14,131,TOWE,GE02,1.057142268057089,11.233036262242155,2023-05-24
TOWE_POGP37_5_GE02_59_14,132,TOWE,GE02,0.7129318705476919,11.945968132789847,2023-06-08
TOWE_POGP37_5_GE02_59_14,133,TOWE,GE02,0.876531385837697,12.822499518627545,2023-07-05
TOWE_POGP37_5_GE02_59_15,69,TOWE,GE02,0.2513287861851859,0.2513287861851859,2018-03-02
TOWE_POGP37_5_GE02_59_15,80,TOWE,GE02,0.61893007963822,0.8702588658234058,2019-02-21
TOWE_POGP37_5_GE02_59_15,91,TOWE,GE02,0.999561230915034,1.8698200967384397,2020-01-03
TOWE_POGP37_5_GE02_59_15,92,TOWE,GE02,0.8827862910281731,2.7526063877666127,2020-02-10
TOWE_POGP37_5_GE02_59_15,93,TOWE,GE02,1.055270341825029,3.8078767295916416,2020-03-12
TOWE_POGP37_5_GE02_59_15,97,TOWE,GE02,0.438281684747698,4.246158414339339,2020-07-20
TOWE_POGP37_5_GE02_59_15,103,TOWE,GE02,0.825203122542872,5.071361536882211,2021-01-28
TOWE_POGP37_5_GE02_59_15,105,TOWE,GE02,0.631315928230052,5.702677465112263,2021-03-04
TOWE_POGP37_5_GE02_59_15,106,TOWE,GE02,0.8997692434707949,6.602446708583058,2021-04-08
TOWE_POGP37_5_GE02_59_15,107,TOWE,GE02,0.876949432188779,7.479396140771836,2021-05-06
TOWE_POGP37_5_GE02_59_15,118,TOWE,GE02,0.8170691567896496,8.296465297561486,2022-04-14
TOWE_POGP37_5_GE02_59_15,119,TOWE,GE02,0.961784199086117,9.258249496647602,2022-05-16
TOWE_POGP37_5_GE02_59_15,120,TOWE,GE02,0.896336458033562,10.154585954681163,2022-06-06
TOWE_POGP37_5_GE02_59_15,130,TOWE,GE02,0.433961128797678,10.588547083478842,2023-04-13
TOWE_POGP37_5_GE02_59_15,133,TOWE,GE02,0.654449705939799,11.24299678941864,2023-07-05
TOWE_POGP37_5_GE06_54_18,70,TOWE,GE06,0.4124776087307133,0.4124776087307133,2018-04-26
TOWE_POGP37_5_GE06_54_18,71,TOWE,GE06,0.3158195462749276,0.728297155005641,2018-05-03
TOWE_POGP37_5_GE06_54_18,79,TOWE,GE06,0.4959031538239263,1.2242003088295672,2019-01-31
TOWE_POGP37_5_GE06_54_18,80,TOWE,GE06,0.610755042429218,1.834955351258785,2019-02-14
TOWE_POGP37_5_GE06_54_18,82,TOWE,GE06,0.6481554761438836,2.4831108274026685,2019-04-04
TOWE_POGP37_5_GE06_54_18,84,TOWE,GE06,0.554799645416711,3.0379104728193793,2019-06-13
TOWE_POGP37_5_GE06_54_18,93,TOWE,GE06,0.6434648062731336,3.6813752790925127,2020-03-12
TOWE_POGP37_5_GE06_54_18,94,TOWE,GE06,0.631576456669624,4.3129517357621365,2020-04-03
TOWE_POGP37_5_GE06_54_18,95,TOWE,GE06,0.680843806224324,4.993795541986461,2020-05-12
TOWE_POGP37_5_GE06_54_18,96,TOWE,GE06,0.599435418775208,5.593230960761669,2020-06-11
TOWE_POGP37_5_GE06_54_18,106,TOWE,GE06,0.639326094349257,6.2325570551109255,2021-04-08
TOWE_POGP37_5_GE06_54_18,107,TOWE,GE06,0.944449873785691,7.177006928896617,2021-05-13
TOWE_POGP37_5_GE06_54_18,118,TOWE,GE06,0.820403192026154,7.997410120922771,2022-04-14
TOWE_POGP37_5_GE06_54_18,120,TOWE,GE06,0.7957767885300661,8.793186909452837,2022-06-06
TOWE_POGP37_5_GE06_54_18,129,TOWE,GE06,0.7670126636869761,9.560199573139814,2023-03-01
TOWE_POGP37_5_GE06_54_19,69,TOWE,GE06,0.565840911866909,0.565840911866909,2018-03-02
TOWE_POGP37_5_GE06_54_19,75,TOWE,GE06,0.5086418213358425,1.0744827332027516,2018-09-20
TOWE_POGP37_5_GE06_54_19,79,TOWE,GE06,0.9076210804570399,1.9821038136597915,2019-01-03
TOWE_POGP37_5_GE06_54_19,80,TOWE,GE06,0.857237212765616,2.8393410264254078,2019-02-07
TOWE_POGP37_5_GE06_54_19,92,TOWE,GE06,0.859032885281934,3.6983739117073418,2020-02-20
TOWE_POGP37_5_GE06_54_19,93,TOWE,GE06,1.125300667105139,4.823674578812481,2020-03-12
TOWE_POGP37_5_GE06_54_19,94,TOWE,GE06,0.79052300039652,5.6141975792090015,2020-04-16
TOWE_POGP37_5_GE06_54_19,104,TOWE,GE06,0.821875592034913,6.4360731712439145,2021-02-18
TOWE_POGP37_5_GE06_54_19,105,TOWE,GE06,1.227231847672835,7.663305018916749,2021-03-04
TOWE_POGP37_5_GE06_54_19,106,TOWE,GE06,1.304100238846385,8.967405257763135,2021-04-29
TOWE_POGP37_5_GE06_54_19,107,TOWE,GE06,1.129697242793951,10.097102500557085,2021-05-06
TOWE_POGP37_5_GE06_54_19,117,TOWE,GE06,1.318620700901398,11.415723201458484,2022-03-17
TOWE_POGP37_5_GE06_54_19,118,TOWE,GE06,1.3540834964282942,12.769806697886779,2022-04-14
TOWE_POGP37_5_GE06_54_19,119,TOWE,GE06,1.232835349630278,14.002642047517057,2022-05-16
TOWE_POGP37_5_GE06_54_19,120,TOWE,GE06,0.876978954730417,14.879621002247474,2022-06-06
TOWE_POGP37_5_GE06_54_20,70,TOWE,GE06,0.7187796533179419,0.7187796533179419,2018-04-05
TOWE_POGP37_5_GE06_54_20,71,TOWE,GE06,0.6912999369921909,1.4100795903101329,2018-05-03
TOWE_POGP37_5_GE06_54_20,81,TOWE,GE06,0.953411111482501,2.363490701792634,2019-03-21
TOWE_POGP37_5_GE06_54_20,82,TOWE,GE06,1.016501664495586,3.37999236628822,2019-04-04
TOWE_POGP37_5_GE06_54_20,83,TOWE,GE06,0.808372385632959,4.188364751921179,2019-05-02
TOWE_POGP37_5_GE06_54_20,93,TOWE,GE06,1.186006167524656,5.374370919445835,2020-03-12
TOWE_POGP37_5_GE06_54_20,94,TOWE,GE06,1.01786366969612,6.392234589141955,2020-04-03
TOWE_POGP37_5_GE06_54_20,95,TOWE,GE06,0.911801689510061,7.304036278652016,2020-05-12
TOWE_POGP37_5_GE06_54_20,106,TOWE,GE06,1.034616106664667,8.338652385316683,2021-04-29
TOWE_POGP37_5_GE06_54_20,107,TOWE,GE06,1.34881447877453,9.687466864091213,2021-05-13
TOWE_POGP37_5_GE06_54_20,117,TOWE,GE06,1.541369128278149,11.228835992369362,2022-03-17
TOWE_POGP37_5_GE06_54_20,131,TOWE,GE06,1.893922709156703,13.122758701526065,2023-05-10
TOWE_POGP37_5_GE09_58_4,69,TOWE,GE09,0.5142551378375174,0.5142551378375174,2018-03-02
TOWE_POGP37_5_GE09_58_4,70,TOWE,GE09,0.6032500450564716,1.117505182893989,2018-04-05
TOWE_POGP37_5_GE09_58_4,75,TOWE,GE09,0.5304806259314456,1.6479858088254347,2018-09-20
TOWE_POGP37_5_GE09_58_4,76,TOWE,GE09,0.746038303362576,2.394024112188011,2018-10-18
TOWE_POGP37_5_GE09_58_4,79,TOWE,GE09,1.0136057476425688,3.4076298598305796,2019-01-17
TOWE_POGP37_5_GE09_58_4,80,TOWE,GE09,1.165527324388423,4.573157184219003,2019-02-14
TOWE_POGP37_5_GE09_58_4,84,TOWE,GE09,0.862943607496915,5.436100791715917,2019-06-06
TOWE_POGP37_5_GE09_58_4,91,TOWE,GE09,1.456306283301843,6.89240707501776,2020-01-03
TOWE_POGP37_5_GE09_58_4,92,TOWE,GE09,1.2621551207565889,8.15456219577435,2020-02-10
TOWE_POGP37_5_GE09_58_4,94,TOWE,GE09,1.000263131542766,9.154825327317116,2020-04-03
TOWE_POGP37_5_GE09_58_4,95,TOWE,GE09,0.965319645517554,10.12014497283467,2020-05-12
TOWE_POGP37_5_GE09_58_4,106,TOWE,GE09,1.39943775337119,11.51958272620586,2021-04-08
TOWE_POGP37_5_GE09_58_4,107,TOWE,GE09,1.456011865298365,12.975594591504224,2021-05-06
TOWE_POGP37_5_GE09_58_4,108,TOWE,GE09,1.511669643192195,14.487264234696418,2021-06-03
TOWE_POGP37_5_GE09_58_4,119,TOWE,GE09,1.4705255691147652,15.957789803811183,2022-05-16
TOWE_POGP37_5_GE09_58_4,120,TOWE,GE09,1.2970098062895539,17.254799610100736,2022-06-06
TOWE_POGP37_5_GE09_58_4,131,TOWE,GE09,1.416518461906555,18.671318072007292,2023-05-10
TOWE_POGP37_5_GE09_58_4,132,TOWE,GE09,1.250106925592667,19.92142499759996,2023-06-08
TOWE_POGP37_5_GE09_59_3,70,TOWE,GE09,0.4977875028323212,0.4977875028323212,2018-04-19
TOWE_POGP37_5_GE09_59_3,74,TOWE,GE09,0.4730877979946879,0.9708753008270091,2018-08-02
TOWE_POGP37_5_GE09_59_3,75,TOWE,GE09,0.40394027728403836,1.3748155781110474,2018-09-06
TOWE_POGP37_5_GE09_59_3,79,TOWE,GE09,0.93100535187815,2.3058209299891974,2019-01-10
TOWE_POGP37_5_GE09_59_3,80,TOWE,GE09,1.015472626043259,3.3212935560324564,2019-02-07
TOWE_POGP37_5_GE09_59_3,82,TOWE,GE09,0.875100050714558,4.196393606747014,2019-04-18
TOWE_POGP37_5_GE09_59_3,83,TOWE,GE09,0.9270054899981071,5.123399096745121,2019-05-02
TOWE_POGP37_5_GE09_59_3,87,TOWE,GE09,0.40078481072409955,5.5241839074692205,2019-09-19
TOWE_POGP37_5_GE09_59_3,94,TOWE,GE09,0.782143636388737,6.306327543857957,2020-04-03
TOWE_POGP37_5_GE09_59_3,106,TOWE,GE09,1.3779214347899091,7.684248978647867,2021-04-29
TOWE_POGP37_5_GE09_59_3,107,TOWE,GE09,1.50178401838956,9.186032997037428,2021-05-06
TOWE_POGP37_5_GE09_59_3,119,TOWE,GE09,1.103725807695273,10.2897588047327,2022-05-16
TOWE_POGP37_5_GE09_59_3,120,TOWE,GE09,1.451390349821942,11.741149154554643,2022-06-06
TOWE_POGP37_5_GE09_59_3,132,TOWE,GE09,1.709406270153317,13.45055542470796,2023-06-01
TOWE_POGP37_5_GE09_59_4,70,TOWE,GE09,0.333272862820853,0.333272862820853,2018-04-05
TOWE_POGP37_5_GE09_59_4,72,TOWE,GE09,0.2591488604706646,0.5924217232915177,2018-06-13
TOWE_POGP37_5_GE09_59_4,73,TOWE,GE09,0.2800932597475602,0.8725149830390779,2018-07-05
TOWE_POGP37_5_GE09_59_4,74,TOWE,GE09,0.23152553346961072,1.1040405165086886,2018-08-02
TOWE_POGP37_5_GE09_59_4,76,TOWE,GE09,0.24116010913134422,1.3452006256400328,2018-10-04
TOWE_POGP37_5_GE09_59_4,80,TOWE,GE09,0.468694432987379,1.8138950586274118,2019-02-28
TOWE_POGP37_5_GE09_59_4,82,TOWE,GE09,0.57085691234669,2.3847519709741016,2019-04-11
TOWE_POGP37_5_GE09_59_4,86,TOWE,GE09,0.4894038110468908,2.8741557820209924,2019-08-15
TOWE_POGP37_5_GE09_59_4,87,TOWE,GE09,0.6864173298567592,3.5605731118777517,2019-09-12
TOWE_POGP37_5_GE09_59_4,92,TOWE,GE09,0.745330113948735,4.305903225826487,2020-02-10
TOWE_POGP37_5_GE09_59_4,93,TOWE,GE09,0.7610396516265681,5.066942877453055,2020-03-05
TOWE_POGP37_5_GE09_59_4,94,TOWE,GE09,0.752905269761606,5.819848147214661,2020-04-03
TOWE_POGP37_5_GE09_59_4,105,TOWE,GE09,0.860952006404764,6.680800153619425,2021-03-11
TOWE_POGP37_5_GE09_59_4,106,TOWE,GE09,0.9160217755443889,7.596821929163815,2021-04-01
TOWE_POGP37_5_GE09_59_4,107,TOWE,GE09,0.905902005634576,8.502723934798391,2021-05-13
TOWE_POGP37_5_GE09_59_4,117,TOWE,GE09,0.807235533079091,9.309959467877482,2022-03-24
TOWE_POGP37_5_GE09_59_4,118,TOWE,GE09,0.796005055213262,10.105964523090744,2022-04-14
TOWE_POGP37_5_GE09_59_4,119,TOWE,GE09,0.9402202649871401,11.046184788077884,2022-05-16
TOWE_POGP37_5_GE09_59_4,120,TOWE,GE09,0.810511214059635,11.85669600213752,2022-06-06
TOWE_POGP37_5_GE09_59_4,131,TOWE,GE09,0.899778456504978,12.756474458642497,2023-05-24
TOWE_POGP37_5_GE12_54_3,69,TOWE,GE12,0.4240944435396663,0.4240944435396663,2018-03-02
TOWE_POGP37_5_GE12_54_3,80,TOWE,GE12,0.829546592917423,2.083187629374512,2019-02-21
TOWE_POGP37_5_GE12_54_3,81,TOWE,GE12,0.758990588011778,2.84217821738629,2019-03-08
TOWE_POGP37_5_GE12_54_3,82,TOWE,GE12,0.9292744238274191,3.771452641213709,2019-04-04
TOWE_POGP37_5_GE12_54_3,93,TOWE,GE12,1.160156495421982,4.931609136635691,2020-03-26
TOWE_POGP37_5_GE12_54_3,94,TOWE,GE12,0.98316908164752,5.914778218283211,2020-04-03
TOWE_POGP37_5_GE12_54_3,95,TOWE,GE12,0.9169945584282649,6.831772776711476,2020-05-14
TOWE_POGP37_5_GE12_54_3,106,TOWE,GE12,0.99553501982981,7.8273077965412865,2021-04-29
TOWE_POGP37_5_GE12_54_3,107,TOWE,GE12,1.1947261663285949,9.022033962869882,2021-05-06
TOWE_POGP37_5_GE12_54_3,108,TOWE,GE12,1.035897562796299,10.05793152566618,2021-06-03
TOWE_POGP37_5_GE12_54_3,117,TOWE,GE12,1.149074871127657,11.207006396793838,2022-03-31
TOWE_POGP37_5_GE12_54_3,118,TOWE,GE12,1.101011766248941,12.30801816304278,2022-04-14
TOWE_POGP37_5_GE12_54_3,120,TOWE,GE12,1.488183237896928,13.796201400939708,2022-06-06
TOWE_POGP37_5_GE12_54_3,131,TOWE,GE12,1.296784818284348,15.092986219224056,2023-05-09
TOWE_POGP37_5_GE12_54_3,132,TOWE,GE12,1.442913573238283,16.535899792462338,2023-06-08
TOWE_POGP37_5_GE12_54_3,133,TOWE,GE12,1.5002824101005299,18.03618220256287,2023-07-05
TOWE_POGP37_5_GE12_54_4,69,TOWE,GE12,0.5956799482384354,0.5956799482384354,2018-03-02
TOWE_POGP37_5_GE12_54_4,72,TOWE,GE12,0.509327626154056,1.1050075743924914,2018-06-13
TOWE_POGP37_5_GE12_54_4,73,TOWE,GE12,0.550075047056533,1.6550826214490244,2018-07-02
TOWE_POGP37_5_GE12_54_4,74,TOWE,GE12,0.5678990716471752,2.2229816930962,2018-08-09
TOWE_POGP37_5_GE12_54_4,79,TOWE,GE12,0.7192837451202825,2.9422654382164826,2019-01-24
TOWE_POGP37_5_GE12_54_4,92,TOWE,GE12,0.9572238516490991,3.8994892898655817,2020-02-10
TOWE_POGP37_5_GE12_54_4,93,TOWE,GE12,0.480620082244961,4.380109372110542,2020-03-05
TOWE_POGP37_5_GE12_54_4,98,TOWE,GE12,0.7520059764129899,5.1321153485235325,2020-08-06
TOWE_POGP37_5_GE12_54_4,99,TOWE,GE12,0.763524605213232,5.895639953736764,2020-09-14
TOWE_POGP37_5_GE12_54_4,100,TOWE,GE12,0.7464709832545451,6.642110936991309,2020-10-08
TOWE_POGP37_5_GE12_54_4,102,TOWE,GE12,1.1466862545181549,7.788797191509464,2020-12-03
TOWE_POGP37_5_GE12_54_4,111,TOWE,GE12,0.822754717387639,8.611551908897104,2021-09-09
TOWE_POGP37_5_GE12_54_4,112,TOWE,GE12,1.284891614022053,9.896443522919157,2021-10-07
TOWE_POGP37_5_GE12_54_4,113,TOWE,GE12,1.1719801380865311,11.068423661005689,2021-11-10
TOWE_POGP37_5_GE12_54_4,114,TOWE,GE12,1.2646500678481858,12.333073728853874,2021-12-22
TOWE_POGP37_5_GE12_54_4,115,TOWE,GE12,1.404311917278165,13.737385646132038,2022-01-12
TOWE_POGP37_5_GE12_54_4,117,TOWE,GE12,1.595499155491199,15.332884801623237,2022-03-17
TOWE_POGP37_5_GE12_54_4,119,TOWE,GE12,1.2378087944919949,16.57069359611523,2022-05-16
TOWE_POGP37_5_GE12_54_4,132,TOWE,GE12,1.305375087503946,17.876068683619177,2023-06-08
TOWE_POGP37_5_GE12_54_4,139,TOWE,GE12,1.7532758725067359,19.629344556125915,2024-01-25
TOWE_POGP37_5_GE12_54_5,69,TOWE,GE12,0.40908073738684975,0.40908073738684975,2018-03-02
TOWE_POGP37_5_GE12_54_5,75,TOWE,GE12,0.4663558235572485,0.8754365609440982,2018-09-20
TOWE_POGP37_5_GE12_54_5,87,TOWE,GE12,0.671263155848448,1.546699716792546,2019-09-26
TOWE_POGP37_5_GE12_54_5,88,TOWE,GE12,0.809669225391981,2.356368942184527,2019-10-10
TOWE_POGP37_5_GE12_54_5,91,TOWE,GE12,0.939446170331633,3.29581511251616,2020-01-03
TOWE_POGP37_5_GE12_54_5,92,TOWE,GE12,0.8241751653710919,4.119990277887252,2020-02-10
TOWE_POGP37_5_GE12_54_5,93,TOWE,GE12,0.6282461006692834,4.748236378556536,2020-03-26
TOWE_POGP37_5_GE12_54_5,94,TOWE,GE12,0.8614184843987021,5.609654862955238,2020-04-03
TOWE_POGP37_5_GE12_54_5,104,TOWE,GE12,0.813708221080732,6.4233630840359695,2021-02-25
TOWE_POGP37_5_GE12_54_5,106,TOWE,GE12,1.186807420982603,7.610170505018573,2021-04-01
TOWE_POGP37_5_GE12_54_5,114,TOWE,GE12,0.9356511054624199,8.545821610480992,2021-12-13
TOWE_POGP37_5_GE12_54_5,115,TOWE,GE12,1.404029228902101,9.949850839383092,2022-01-06
TOWE_POGP37_5_GE12_54_5,117,TOWE,GE12,1.026319049884574,10.976169889267666,2022-03-24
TOWE_POGP37_5_GE12_54_5,118,TOWE,GE12,1.451047066552731,12.427216955820397,2022-04-14
TOWE_POGP37_5_GE12_54_5,119,TOWE,GE12,1.166550136311551,13.593767092131948,2022-05-26
TOWE_POGP37_5_GE12_54_5,131,TOWE,GE12,1.769100306612275,15.362867398744223,2023-05-24
TOWE_POGP37_5_GE12_54_5,132,TOWE,GE12,1.7477978761805901,17.110665274924813,2023-06-01
