TreeId,MAP,Site,sum_of_fruit,IdGenotype,Date,Cumulated_n_fruit_mes
PR_G5-1_1_GE12_10_4,34,PR,0,GE12,2013-03-29,0
PR_G5-1_1_GE12_10_4,35,PR,0,GE12,2013-04-10,0
PR_G5-1_1_GE12_10_4,35,PR,0,GE12,2013-04-19,0
PR_G5-1_1_GE12_10_4,35,PR,0,GE12,2013-04-30,0
PR_G5-1_1_GE12_10_4,36,PR,0,GE12,2013-05-10,0
PR_G5-1_1_GE12_10_4,37,PR,0,GE12,2013-06-08,0
PR_G5-1_1_GE12_10_4,45,PR,0,GE12,2014-02-03,0
PR_G5-1_1_GE12_10_4,45,PR,0,GE12,2014-02-13,0
PR_G5-1_1_GE12_10_4,45,PR,0,GE12,2014-02-22,0
PR_G5-1_1_GE12_10_4,46,PR,834,GE12,2014-03-03,834
PR_G5-1_1_GE12_10_4,46,PR,834,GE12,2014-03-31,1668
PR_G5-1_1_GE12_10_4,47,PR,647,GE12,2014-04-09,2315
PR_G5-1_1_GE12_10_4,47,PR,647,GE12,2014-04-18,2962
PR_G5-1_1_GE12_10_4,47,PR,647,GE12,2014-04-28,3609
PR_G5-1_1_GE12_10_4,48,PR,0,GE12,2014-05-16,3609
PR_G5-1_1_GE12_10_4,49,PR,722,GE12,2014-06-04,4331
PR_G5-1_1_GE12_10_4,49,PR,722,GE12,2014-06-13,5053
PR_G5-1_1_GE12_10_4,50,PR,805,GE12,2014-07-02,5858
PR_G5-1_1_GE12_10_4,50,PR,805,GE12,2014-07-11,6663
PR_G5-1_1_GE12_10_4,51,PR,2048,GE12,2014-08-18,8711
PR_G5-1_1_GE12_10_4,51,PR,2048,GE12,2014-08-27,10759
PR_G5-1_1_GE12_10_4,58,PR,1042,GE12,2015-03-20,11801
PR_G5-1_1_GE12_10_4,59,PR,2068,GE12,2015-04-17,13869
PR_G5-1_1_GE12_10_4,59,PR,2068,GE12,2015-04-27,15937
PR_G5-1_1_GE12_10_4,60,PR,0,GE12,2015-05-06,15937
PR_G5-1_1_GE12_10_4,60,PR,0,GE12,2015-05-15,15937
PR_G5-1_1_GE12_10_4,60,PR,0,GE12,2015-05-25,15937
PR_G5-1_1_GE12_10_4,61,PR,988,GE12,2015-06-12,16925
PR_G5-1_1_GE12_10_4,62,PR,1597,GE12,2015-07-01,18522
PR_G5-1_1_GE12_10_4,62,PR,1597,GE12,2015-07-10,20119
PR_G5-1_1_GE12_10_4,62,PR,1597,GE12,2015-07-20,21716
PR_G5-1_1_GE12_10_4,62,PR,1597,GE12,2015-07-29,23313
PR_G5-1_1_GE12_10_4,63,PR,898,GE12,2015-08-17,24211
PR_G5-1_1_GE12_10_4,63,PR,898,GE12,2015-08-26,25109
PR_G5-1_1_GE12_10_4,64,PR,0,GE12,2015-09-04,25109
PR_G5-1_1_GE12_10_4,64,PR,0,GE12,2015-09-14,25109
PR_G5-1_1_GE12_10_4,64,PR,0,GE12,2015-09-23,25109
PR_G5-1_1_GE12_10_4,65,PR,850,GE12,2015-10-02,25959
PR_G5-1_1_GE12_10_4,65,PR,850,GE12,2015-10-30,26809
PR_G5-1_1_GE12_10_4,66,PR,1384,GE12,2015-11-09,28193
PR_G5-1_1_GE12_10_4,66,PR,1384,GE12,2015-11-18,29577
PR_G5-1_1_GE12_10_4,74,PR,2809,GE12,2016-07-08,32386
PR_G5-1_1_GE12_10_4,74,PR,2809,GE12,2016-07-27,35195
PR_G5-1_1_GE12_10_4,75,PR,0,GE12,2016-08-05,35195
PR_G5-1_1_GE12_10_4,75,PR,0,GE12,2016-08-24,35195
PR_G5-1_1_GE12_10_4,76,PR,2497,GE12,2016-09-02,37692
PR_G5-1_1_GE12_10_4,76,PR,2497,GE12,2016-09-21,40189
PR_G5-1_1_GE12_10_4,76,PR,2497,GE12,2016-09-30,42686
PR_G5-1_1_GE12_10_4,77,PR,1267,GE12,2016-10-10,43953
PR_G5-1_1_GE12_10_4,77,PR,1267,GE12,2016-10-28,45220
PR_G5-1_1_GE12_10_4,78,PR,1319,GE12,2016-11-07,46539
PR_G5-1_1_GE12_10_4,78,PR,1319,GE12,2016-11-25,47858
PR_G5-1_1_GE12_10_4,79,PR,0,GE12,2016-12-14,47858
PR_G5-1_1_GE12_10_4,79,PR,0,GE12,2016-12-23,47858
PR_G5-1_1_GE12_10_4,87,PR,2870,GE12,2017-08-04,50728
PR_G5-1_1_GE12_10_4,87,PR,2870,GE12,2017-08-14,53598
PR_G5-1_1_GE12_10_4,88,PR,4125,GE12,2017-09-01,57723
PR_G5-1_1_GE12_10_4,88,PR,4125,GE12,2017-09-11,61848
PR_G5-1_1_GE12_10_4,88,PR,4125,GE12,2017-09-29,65973
PR_G5-1_1_GE12_10_4,89,PR,2016,GE12,2017-10-09,67989
PR_G5-1_1_GE12_10_4,89,PR,2016,GE12,2017-10-27,70005
PR_G5-1_1_GE12_10_4,90,PR,1924,GE12,2017-11-06,71929
PR_G5-1_1_GE12_10_4,90,PR,1924,GE12,2017-11-24,73853
PR_G5-1_1_GE12_10_4,93,PR,3071,GE12,2018-02-07,76924
PR_G5-1_1_GE12_10_4,93,PR,3071,GE12,2018-02-26,79995
PR_G5-1_1_GE12_10_4,96,PR,1843,GE12,2018-05-30,81838
PR_G5-1_1_GE12_10_4,97,PR,1782,GE12,2018-06-27,83620
PR_G5-1_1_GE12_10_4,100,PR,2054,GE12,2018-09-10,85674
PR_G5-1_1_GE12_10_4,100,PR,2054,GE12,2018-09-28,87728
PR_G5-1_1_GE12_10_4,99,PR,2419,GE12,2018-08-31,90147
PR_G5-1_1_GE12_10_4,104,PR,4238,GE12,2019-01-18,94385
PR_G5-1_1_GE12_10_4,104,PR,4238,GE12,2019-01-28,98623
PR_G5-1_1_GE12_10_4,105,PR,1507,GE12,2019-02-25,100130
PR_G5-1_1_GE12_10_4,106,PR,0,GE12,2019-03-06,100130
PR_G5-1_1_GE12_10_4,106,PR,0,GE12,2019-03-15,100130
PR_G5-1_1_GE12_10_4,107,PR,1829,GE12,2019-04-03,101959
PR_G5-1_1_GE12_10_4,110,PR,2130,GE12,2019-07-15,104089
PR_G5-1_1_GE12_10_4,110,PR,2130,GE12,2019-07-24,106219
PR_G5-1_1_GE12_10_4,111,PR,6481,GE12,2019-08-02,112700
PR_G5-1_1_GE12_10_4,111,PR,6481,GE12,2019-08-21,119181
PR_G5-1_1_GE12_10_4,111,PR,6481,GE12,2019-08-30,125662
PR_G5-1_1_GE12_10_4,112,PR,0,GE12,2019-09-18,125662
PR_G5-1_1_GE12_10_4,122,PR,0,GE12,2020-07-04,125662
PR_G5-1_1_GE12_10_4,122,PR,0,GE12,2020-07-14,125662
PR_G5-1_1_GE12_10_4,125,PR,0,GE12,2020-10-16,125662
PR_G5-1_1_GE12_10_4,126,PR,3343,GE12,2020-11-03,129005
PR_G5-1_1_GE12_10_4,132,PR,0,GE12,2021-05-12,129005
PR_G5-1_1_GE12_10_4,138,PR,3167,GE12,2021-11-05,132172
PR_G5-1_1_GE12_10_4,142,PR,3230,GE12,2022-03-16,135402
PR_G5-1_1_GE12_10_4,142,PR,3230,GE12,2022-03-28,138632
PR_G5-1_1_GE12_10_4,143,PR,0,GE12,2022-04-08,138632
PR_G5-1_1_GE12_10_4,144,PR,0,GE12,2022-05-02,138632
PR_G5-1_1_GE12_10_4,146,PR,3429,GE12,2022-07-11,142061
PR_G5-1_1_GE12_10_4,147,PR,3730,GE12,2022-08-03,145791
PR_G5-1_1_GE12_10_4,148,PR,2568,GE12,2022-09-19,148359
PR_G5-1_1_GE12_10_4,149,PR,3120,GE12,2022-10-12,151479
PR_G5-1_1_GE12_10_4,150,PR,3621,GE12,2022-11-04,155100
PR_G5-1_1_GE12_10_4,150,PR,3621,GE12,2022-11-28,158721
PR_G5-1_1_GE12_10_4,157,PR,3044,GE12,2023-06-07,161765
PR_G5-1_1_GE12_10_4,157,PR,3044,GE12,2023-06-19,164809
PR_G5-1_1_GE12_10_4,157,PR,3044,GE12,2023-06-30,167853
PR_G5-1_1_GE12_10_4,158,PR,3106,GE12,2023-07-13,170959
PR_G5-1_1_GE12_10_4,159,PR,0,GE12,2023-08-05,170959
PR_G5-1_1_GE12_10_4,160,PR,0,GE12,2023-09-09,170959
PR_G5-1_1_GE12_10_4,160,PR,0,GE12,2023-09-21,170959
PR_G5-1_1_GE12_10_4,161,PR,2313,GE12,2023-10-03,173272
PR_G5-1_1_GE12_10_4,161,PR,2313,GE12,2023-10-26,175585
PR_G5-1_1_GE12_10_4,162,PR,0,GE12,2023-11-18,175585
PR_G5-1_1_GE12_10_4,163,PR,2740,GE12,2023-12-12,178325
PR_G5-1_1_GE12_10_4,164,PR,0,GE12,2024-01-04,178325
PR_G5-1_1_GE12_10_5,35,PR,0,GE12,2013-04-19,0
PR_G5-1_1_GE12_10_5,35,PR,0,GE12,2013-04-30,0
PR_G5-1_1_GE12_10_5,36,PR,0,GE12,2013-05-20,0
PR_G5-1_1_GE12_10_5,39,PR,0,GE12,2013-08-30,0
PR_G5-1_1_GE12_10_5,40,PR,0,GE12,2013-09-30,0
PR_G5-1_1_GE12_10_5,42,PR,0,GE12,2013-11-07,0
PR_G5-1_1_GE12_10_5,42,PR,0,GE12,2013-11-18,0
PR_G5-1_1_GE12_10_5,43,PR,0,GE12,2013-12-06,0
PR_G5-1_1_GE12_10_5,44,PR,0,GE12,2014-01-14,0
PR_G5-1_1_GE12_10_5,44,PR,0,GE12,2014-01-24,0
PR_G5-1_1_GE12_10_5,45,PR,0,GE12,2014-02-03,0
PR_G5-1_1_GE12_10_5,45,PR,0,GE12,2014-02-22,0
PR_G5-1_1_GE12_10_5,45,PR,0,GE12,2014-02-13,0
PR_G5-1_1_GE12_10_5,46,PR,484,GE12,2014-03-03,484
PR_G5-1_1_GE12_10_5,46,PR,484,GE12,2014-03-31,968
PR_G5-1_1_GE12_10_5,47,PR,615,GE12,2014-04-09,1583
PR_G5-1_1_GE12_10_5,47,PR,615,GE12,2014-04-28,2198
PR_G5-1_1_GE12_10_5,48,PR,713,GE12,2014-05-07,2911
PR_G5-1_1_GE12_10_5,48,PR,713,GE12,2014-05-26,3624
PR_G5-1_1_GE12_10_5,49,PR,0,GE12,2014-06-04,3624
PR_G5-1_1_GE12_10_5,49,PR,0,GE12,2014-06-13,3624
PR_G5-1_1_GE12_10_5,50,PR,543,GE12,2014-07-11,4167
PR_G5-1_1_GE12_10_5,50,PR,543,GE12,2014-07-21,4710
PR_G5-1_1_GE12_10_5,52,PR,598,GE12,2014-09-15,5308
PR_G5-1_1_GE12_10_5,60,PR,1066,GE12,2015-05-06,6374
PR_G5-1_1_GE12_10_5,60,PR,1066,GE12,2015-05-15,7440
PR_G5-1_1_GE12_10_5,60,PR,1066,GE12,2015-05-25,8506
PR_G5-1_1_GE12_10_5,61,PR,1460,GE12,2015-06-03,9966
PR_G5-1_1_GE12_10_5,61,PR,1460,GE12,2015-06-12,11426
PR_G5-1_1_GE12_10_5,62,PR,2020,GE12,2015-07-01,13446
PR_G5-1_1_GE12_10_5,62,PR,2020,GE12,2015-07-20,15466
PR_G5-1_1_GE12_10_5,62,PR,2020,GE12,2015-07-29,17486
PR_G5-1_1_GE12_10_5,63,PR,889,GE12,2015-08-17,18375
PR_G5-1_1_GE12_10_5,63,PR,889,GE12,2015-08-26,19264
PR_G5-1_1_GE12_10_5,64,PR,0,GE12,2015-09-14,19264
PR_G5-1_1_GE12_10_5,65,PR,1246,GE12,2015-10-12,20510
PR_G5-1_1_GE12_10_5,65,PR,1246,GE12,2015-10-21,21756
PR_G5-1_1_GE12_10_5,66,PR,1272,GE12,2015-11-18,23028
PR_G5-1_1_GE12_10_5,67,PR,1194,GE12,2015-12-07,24222
PR_G5-1_1_GE12_10_5,75,PR,1153,GE12,2016-08-24,25375
PR_G5-1_1_GE12_10_5,75,PR,1153,GE12,2016-08-15,26528
PR_G5-1_1_GE12_10_5,76,PR,1159,GE12,2016-09-02,27687
PR_G5-1_1_GE12_10_5,76,PR,1159,GE12,2016-09-12,28846
PR_G5-1_1_GE12_10_5,76,PR,1159,GE12,2016-09-21,30005
PR_G5-1_1_GE12_10_5,77,PR,2455,GE12,2016-10-10,32460
PR_G5-1_1_GE12_10_5,77,PR,2455,GE12,2016-10-28,34915
PR_G5-1_1_GE12_10_5,78,PR,0,GE12,2016-11-16,34915
PR_G5-1_1_GE12_10_5,79,PR,0,GE12,2016-12-05,34915
PR_G5-1_1_GE12_10_5,79,PR,0,GE12,2016-12-23,34915
PR_G5-1_1_GE12_10_5,80,PR,1909,GE12,2017-01-03,36824
PR_G5-1_1_GE12_10_5,80,PR,1909,GE12,2017-01-30,38733
PR_G5-1_1_GE12_10_5,89,PR,3249,GE12,2017-10-18,41982
PR_G5-1_1_GE12_10_5,89,PR,3249,GE12,2017-10-27,45231
PR_G5-1_1_GE12_10_5,90,PR,1484,GE12,2017-11-06,46715
PR_G5-1_1_GE12_10_5,90,PR,1484,GE12,2017-11-24,48199
PR_G5-1_1_GE12_10_5,91,PR,0,GE12,2017-12-04,48199
PR_G5-1_1_GE12_10_5,97,PR,0,GE12,2018-06-18,48199
PR_G5-1_1_GE12_10_5,98,PR,1345,GE12,2018-07-06,49544
PR_G5-1_1_GE12_10_5,105,PR,3770,GE12,2019-02-06,53314
PR_G5-1_1_GE12_10_5,105,PR,3770,GE12,2019-02-25,57084
PR_G5-1_1_GE12_10_5,108,PR,5968,GE12,2019-05-10,63052
PR_G5-1_1_GE12_10_5,108,PR,5968,GE12,2019-05-20,69020
PR_G5-1_1_GE12_10_5,108,PR,5968,GE12,2019-05-29,74988
PR_G5-1_1_GE12_10_5,109,PR,3100,GE12,2019-06-07,78088
PR_G5-1_1_GE12_10_5,109,PR,3100,GE12,2019-06-26,81188
PR_G5-1_1_GE12_10_5,110,PR,0,GE12,2019-07-15,81188
PR_G5-1_1_GE12_10_5,111,PR,2964,GE12,2019-08-02,84152
PR_G5-1_1_GE12_10_5,112,PR,2270,GE12,2019-09-09,86422
PR_G5-1_1_GE12_10_5,113,PR,1931,GE12,2019-10-07,88353
PR_G5-1_1_GE12_10_5,122,PR,0,GE12,2020-07-04,88353
PR_G5-1_1_GE12_10_5,127,PR,0,GE12,2020-12-19,88353
PR_G5-1_1_GE12_10_5,139,PR,0,GE12,2021-12-22,88353
PR_G5-1_1_GE12_10_5,144,PR,0,GE12,2022-05-02,88353
PR_G5-1_1_GE12_10_5,148,PR,3208,GE12,2022-09-30,91561
PR_G5-1_1_GE12_10_5,150,PR,0,GE12,2022-11-16,91561
PR_G5-1_1_GE12_10_5,154,PR,7543,GE12,2023-03-16,99104
PR_G5-1_1_GE12_10_5,154,PR,7543,GE12,2023-03-29,106647
PR_G5-1_1_GE12_10_5,155,PR,0,GE12,2023-04-21,106647
PR_G5-1_1_GE12_10_5,156,PR,0,GE12,2023-05-15,106647
PR_G5-1_1_GE12_10_5,157,PR,3540,GE12,2023-06-19,110187
PR_G5-1_1_GE12_10_5,157,PR,3540,GE12,2023-06-30,113727
PR_G5-1_1_GE12_10_5,159,PR,3114,GE12,2023-08-05,116841
PR_G5-1_1_GE12_10_5,160,PR,0,GE12,2023-09-09,116841
PR_G5-1_1_GE12_10_5,161,PR,0,GE12,2023-10-26,116841
PR_G5-1_1_GE12_10_5,161,PR,0,GE12,2023-10-03,116841
PR_G5-1_1_GE12_10_5,162,PR,0,GE12,2023-11-07,116841
PR_G5-1_1_GE06_14_14,34,PR,0,GE06,2013-03-29,0
PR_G5-1_1_GE06_14_14,35,PR,0,GE06,2013-04-10,0
PR_G5-1_1_GE06_14_14,35,PR,0,GE06,2013-04-19,0
PR_G5-1_1_GE06_14_14,36,PR,0,GE06,2013-05-10,0
PR_G5-1_1_GE06_14_14,36,PR,0,GE06,2013-05-30,0
PR_G5-1_1_GE06_14_14,37,PR,0,GE06,2013-06-19,0
PR_G5-1_1_GE06_14_14,37,PR,0,GE06,2013-06-28,0
PR_G5-1_1_GE06_14_14,38,PR,0,GE06,2013-07-22,0
PR_G5-1_1_GE06_14_14,39,PR,0,GE06,2013-08-09,0
PR_G5-1_1_GE06_14_14,39,PR,0,GE06,2013-08-20,0
PR_G5-1_1_GE06_14_14,40,PR,0,GE06,2013-09-10,0
PR_G5-1_1_GE06_14_14,40,PR,0,GE06,2013-09-19,0
PR_G5-1_1_GE06_14_14,41,PR,0,GE06,2013-10-21,0
PR_G5-1_1_GE06_14_14,41,PR,0,GE06,2013-10-29,0
PR_G5-1_1_GE06_14_14,42,PR,0,GE06,2013-11-18,0
PR_G5-1_1_GE06_14_14,43,PR,0,GE06,2013-12-06,0
PR_G5-1_1_GE06_14_14,44,PR,0,GE06,2014-01-04,0
PR_G5-1_1_GE06_14_14,44,PR,0,GE06,2014-01-14,0
PR_G5-1_1_GE06_14_14,45,PR,0,GE06,2014-02-03,0
PR_G5-1_1_GE06_14_14,45,PR,0,GE06,2014-02-13,0
PR_G5-1_1_GE06_14_14,45,PR,0,GE06,2014-02-22,0
PR_G5-1_1_GE06_14_14,46,PR,0,GE06,2014-03-03,0
PR_G5-1_1_GE06_14_14,46,PR,0,GE06,2014-03-12,0
PR_G5-1_1_GE06_14_14,46,PR,0,GE06,2014-03-21,0
PR_G5-1_1_GE06_14_14,47,PR,606,GE06,2014-04-18,606
PR_G5-1_1_GE06_14_14,47,PR,606,GE06,2014-04-28,1212
PR_G5-1_1_GE06_14_14,48,PR,349,GE06,2014-05-07,1561
PR_G5-1_1_GE06_14_14,48,PR,349,GE06,2014-05-16,1910
PR_G5-1_1_GE06_14_14,48,PR,349,GE06,2014-05-26,2259
PR_G5-1_1_GE06_14_14,49,PR,0,GE06,2014-06-13,2259
PR_G5-1_1_GE06_14_14,50,PR,393,GE06,2014-07-02,2652
PR_G5-1_1_GE06_14_14,50,PR,393,GE06,2014-07-21,3045
PR_G5-1_1_GE06_14_14,51,PR,1109,GE06,2014-08-08,4154
PR_G5-1_1_GE06_14_14,51,PR,1109,GE06,2014-08-27,5263
PR_G5-1_1_GE06_14_14,52,PR,0,GE06,2014-09-05,5263
PR_G5-1_1_GE06_14_14,52,PR,0,GE06,2014-09-15,5263
PR_G5-1_1_GE06_14_14,53,PR,553,GE06,2014-10-13,5816
PR_G5-1_1_GE06_14_14,54,PR,1075,GE06,2014-11-10,6891
PR_G5-1_1_GE06_14_14,54,PR,1075,GE06,2014-11-19,7966
PR_G5-1_1_GE06_14_14,54,PR,1075,GE06,2014-11-28,9041
PR_G5-1_1_GE06_14_14,55,PR,0,GE06,2014-12-16,9041
PR_G5-1_1_GE06_14_14,56,PR,695,GE06,2015-01-05,9736
PR_G5-1_1_GE06_14_14,56,PR,695,GE06,2015-01-14,10431
PR_G5-1_1_GE06_14_14,56,PR,695,GE06,2015-01-23,11126
PR_G5-1_1_GE06_14_14,57,PR,530,GE06,2015-02-20,11656
PR_G5-1_1_GE06_14_14,58,PR,1284,GE06,2015-03-02,12940
PR_G5-1_1_GE06_14_14,58,PR,1284,GE06,2015-03-20,14224
PR_G5-1_1_GE06_14_14,58,PR,1284,GE06,2015-03-30,15508
PR_G5-1_1_GE06_14_14,59,PR,957,GE06,2015-04-08,16465
PR_G5-1_1_GE06_14_14,59,PR,957,GE06,2015-04-27,17422
PR_G5-1_1_GE06_14_14,60,PR,0,GE06,2015-05-06,17422
PR_G5-1_1_GE06_14_14,60,PR,0,GE06,2015-05-25,17422
PR_G5-1_1_GE06_14_14,61,PR,607,GE06,2015-06-12,18029
PR_G5-1_1_GE06_14_14,61,PR,607,GE06,2015-06-22,18636
PR_G5-1_1_GE06_14_14,62,PR,741,GE06,2015-07-20,19377
PR_G5-1_1_GE06_14_14,62,PR,741,GE06,2015-07-29,20118
PR_G5-1_1_GE06_14_14,63,PR,1474,GE06,2015-08-07,21592
PR_G5-1_1_GE06_14_14,63,PR,1474,GE06,2015-08-26,23066
PR_G5-1_1_GE06_14_14,64,PR,0,GE06,2015-09-04,23066
PR_G5-1_1_GE06_14_14,64,PR,0,GE06,2015-09-14,23066
PR_G5-1_1_GE06_14_14,65,PR,813,GE06,2015-10-12,23879
PR_G5-1_1_GE06_14_14,68,PR,833,GE06,2016-01-13,24712
PR_G5-1_1_GE06_14_14,68,PR,833,GE06,2016-01-22,25545
PR_G5-1_1_GE06_14_14,68,PR,833,GE06,2016-01-04,26378
PR_G5-1_1_GE06_14_14,69,PR,851,GE06,2016-02-01,27229
PR_G5-1_1_GE06_14_14,69,PR,851,GE06,2016-02-10,28080
PR_G5-1_1_GE06_14_14,69,PR,851,GE06,2016-02-29,28931
PR_G5-1_1_GE06_14_14,69,PR,851,GE06,2016-02-19,29782
PR_G5-1_1_GE06_14_14,70,PR,0,GE06,2016-03-09,29782
PR_G5-1_1_GE06_14_14,71,PR,811,GE06,2016-04-15,30593
PR_G5-1_1_GE06_14_14,72,PR,729,GE06,2016-05-04,31322
PR_G5-1_1_GE06_14_14,72,PR,729,GE06,2016-05-23,32051
PR_G5-1_1_GE06_14_14,73,PR,1448,GE06,2016-06-01,33499
PR_G5-1_1_GE06_14_14,73,PR,1448,GE06,2016-06-20,34947
PR_G5-1_1_GE06_14_14,73,PR,1448,GE06,2016-06-29,36395
PR_G5-1_1_GE06_14_14,74,PR,704,GE06,2016-07-08,37099
PR_G5-1_1_GE06_14_14,74,PR,704,GE06,2016-07-27,37803
PR_G5-1_1_GE06_14_14,75,PR,0,GE06,2016-08-24,37803
PR_G5-1_1_GE06_14_14,76,PR,480,GE06,2016-09-12,38283
PR_G5-1_1_GE06_14_14,80,PR,1613,GE06,2017-01-20,39896
PR_G5-1_1_GE06_14_14,80,PR,1613,GE06,2017-01-30,41509
PR_G5-1_1_GE06_14_14,81,PR,775,GE06,2017-02-08,42284
PR_G5-1_1_GE06_14_14,81,PR,775,GE06,2017-02-17,43059
PR_G5-1_1_GE06_14_14,81,PR,775,GE06,2017-02-27,43834
PR_G5-1_1_GE06_14_14,82,PR,0,GE06,2017-03-08,43834
PR_G5-1_1_GE06_14_14,82,PR,0,GE06,2017-03-17,43834
PR_G5-1_1_GE06_14_14,85,PR,726,GE06,2017-06-19,44560
PR_G5-1_1_GE06_14_14,86,PR,681,GE06,2017-07-07,45241
PR_G5-1_1_GE06_14_14,86,PR,681,GE06,2017-07-17,45922
PR_G5-1_1_GE06_14_14,87,PR,759,GE06,2017-08-14,46681
PR_G5-1_1_GE06_14_14,87,PR,759,GE06,2017-08-23,47440
PR_G5-1_1_GE06_14_14,88,PR,986,GE06,2017-09-11,48426
PR_G5-1_1_GE06_14_14,88,PR,986,GE06,2017-09-29,49412
PR_G5-1_1_GE06_14_14,89,PR,0,GE06,2017-10-09,49412
PR_G5-1_1_GE06_14_14,91,PR,1104,GE06,2017-12-04,50516
PR_G5-1_1_GE06_14_14,90,PR,1840,GE06,2017-11-15,52356
PR_G5-1_1_GE06_14_14,92,PR,0,GE06,2018-01-01,52356
PR_G5-1_1_GE06_14_14,96,PR,923,GE06,2018-05-11,53279
PR_G5-1_1_GE06_14_14,96,PR,923,GE06,2018-05-30,54202
PR_G5-1_1_GE06_14_14,97,PR,0,GE06,2018-06-08,54202
PR_G5-1_1_GE06_14_14,97,PR,0,GE06,2018-06-27,54202
PR_G5-1_1_GE06_14_14,98,PR,0,GE06,2018-07-06,54202
PR_G5-1_1_GE06_14_14,98,PR,0,GE06,2018-07-25,54202
PR_G5-1_1_GE06_14_14,99,PR,1446,GE06,2018-08-13,55648
PR_G5-1_1_GE06_14_14,99,PR,1446,GE06,2018-08-22,57094
PR_G5-1_1_GE06_14_14,100,PR,1242,GE06,2018-09-10,58336
PR_G5-1_1_GE06_14_14,100,PR,1242,GE06,2018-09-19,59578
PR_G5-1_1_GE06_14_14,101,PR,1220,GE06,2018-10-08,60798
PR_G5-1_1_GE06_14_14,101,PR,1220,GE06,2018-10-26,62018
PR_G5-1_1_GE06_14_14,102,PR,1248,GE06,2018-11-05,63266
PR_G5-1_1_GE06_14_14,102,PR,1248,GE06,2018-11-14,64514
PR_G5-1_1_GE06_14_14,103,PR,1401,GE06,2018-12-03,65915
PR_G5-1_1_GE06_14_14,103,PR,1401,GE06,2018-12-21,67316
PR_G5-1_1_GE06_14_14,104,PR,0,GE06,2019-01-09,67316
PR_G5-1_1_GE06_14_14,104,PR,0,GE06,2019-01-28,67316
PR_G5-1_1_GE06_14_14,105,PR,0,GE06,2019-02-15,67316
PR_G5-1_1_GE06_14_14,110,PR,1015,GE06,2019-07-15,68331
PR_G5-1_1_GE06_14_14,110,PR,1015,GE06,2019-07-24,69346
PR_G5-1_1_GE06_14_14,111,PR,1366,GE06,2019-08-02,70712
PR_G5-1_1_GE06_14_14,111,PR,1366,GE06,2019-08-21,72078
PR_G5-1_1_GE06_14_14,112,PR,1294,GE06,2019-09-09,73372
PR_G5-1_1_GE06_14_14,112,PR,1294,GE06,2019-09-18,74666
PR_G5-1_1_GE06_14_14,113,PR,2566,GE06,2019-10-07,77232
PR_G5-1_1_GE06_14_14,113,PR,2566,GE06,2019-10-25,79798
PR_G5-1_1_GE06_14_14,114,PR,1194,GE06,2019-11-13,80992
PR_G5-1_1_GE06_14_14,114,PR,1194,GE06,2019-11-22,82186
PR_G5-1_1_GE06_14_14,115,PR,0,GE06,2019-12-11,82186
PR_G5-1_1_GE06_14_14,115,PR,0,GE06,2019-12-30,82186
PR_G5-1_1_GE06_14_14,120,PR,1014,GE06,2020-05-27,83200
PR_G5-1_1_GE06_14_14,121,PR,0,GE06,2020-06-05,83200
PR_G5-1_1_GE06_14_14,121,PR,0,GE06,2020-06-15,83200
PR_G5-1_1_GE06_14_14,122,PR,948,GE06,2020-07-25,84148
PR_G5-1_1_GE06_14_14,123,PR,2743,GE06,2020-08-18,86891
PR_G5-1_1_GE06_14_14,123,PR,2743,GE06,2020-08-29,89634
PR_G5-1_1_GE06_14_14,124,PR,0,GE06,2020-09-10,89634
PR_G5-1_1_GE06_14_14,124,PR,0,GE06,2020-09-23,89634
PR_G5-1_1_GE06_14_14,125,PR,1450,GE06,2020-10-05,91084
PR_G5-1_1_GE06_14_14,126,PR,1243,GE06,2020-11-03,92327
PR_G5-1_1_GE06_14_14,126,PR,1243,GE06,2020-11-14,93570
PR_G5-1_1_GE06_14_14,127,PR,0,GE06,2020-12-19,93570
PR_G5-1_1_GE06_14_14,128,PR,0,GE06,2021-01-27,93570
PR_G5-1_1_GE06_14_14,129,PR,0,GE06,2021-02-08,93570
PR_G5-1_1_GE06_14_14,130,PR,0,GE06,2021-03-03,93570
PR_G5-1_1_GE06_14_14,130,PR,0,GE06,2021-03-15,93570
PR_G5-1_1_GE06_14_14,131,PR,0,GE06,2021-04-07,93570
PR_G5-1_1_GE06_14_14,135,PR,2607,GE06,2021-08-27,96177
PR_G5-1_1_GE06_14_14,135,PR,2607,GE06,2021-08-04,98784
PR_G5-1_1_GE06_14_14,136,PR,0,GE06,2021-09-08,98784
PR_G5-1_1_GE06_14_14,137,PR,0,GE06,2021-10-13,98784
PR_G5-1_1_GE06_14_14,141,PR,0,GE06,2022-02-21,98784
PR_G5-1_1_GE06_14_14,143,PR,0,GE06,2022-04-20,98784
PR_G5-1_1_GE06_14_14,144,PR,0,GE06,2022-05-13,98784
PR_G5-1_1_GE06_14_14,148,PR,1487,GE06,2022-09-30,100271
PR_G5-1_1_GE06_14_14,149,PR,0,GE06,2022-10-24,100271
PR_G5-1_1_GE06_14_14,154,PR,0,GE06,2023-03-04,100271
PR_G5-1_1_GE06_14_14,157,PR,1724,GE06,2023-06-30,101995
PR_G5-1_1_GE06_14_14,158,PR,0,GE06,2023-07-25,101995
PR_G5-1_1_GE06_14_14,159,PR,0,GE06,2023-08-17,101995
PR_G5-1_1_GE06_14_14,160,PR,0,GE06,2023-09-21,101995
PR_G5-1_1_GE06_14_14,161,PR,0,GE06,2023-10-14,101995
PR_G5-1_1_GE06_14_14,161,PR,0,GE06,2023-10-26,101995
PR_G5-1_1_GE06_14_14,163,PR,1907,GE06,2023-12-18,103902
PR_G5-1_1_GE06_14_14,164,PR,1282,GE06,2024-01-04,105184
PR_G5-1_1_GE06_14_14,164,PR,1282,GE06,2024-01-22,106466
PR_G5-1_1_GE06_14_14,168,PR,0,GE06,2024-05-20,106466
PR_G5-1_1_GE06_14_14,169,PR,0,GE06,2024-06-06,106466
PR_G5-1_1_GE06_14_15,35,PR,0,GE06,2013-04-30,0
PR_G5-1_1_GE06_14_15,39,PR,0,GE06,2013-08-09,0
PR_G5-1_1_GE06_14_15,39,PR,0,GE06,2013-08-30,0
PR_G5-1_1_GE06_14_15,40,PR,0,GE06,2013-09-19,0
PR_G5-1_1_GE06_14_15,40,PR,0,GE06,2013-09-30,0
PR_G5-1_1_GE06_14_15,41,PR,0,GE06,2013-10-09,0
PR_G5-1_1_GE06_14_15,42,PR,0,GE06,2013-11-07,0
PR_G5-1_1_GE06_14_15,42,PR,0,GE06,2013-11-18,0
PR_G5-1_1_GE06_14_15,43,PR,0,GE06,2013-12-06,0
PR_G5-1_1_GE06_14_15,44,PR,0,GE06,2014-01-04,0
PR_G5-1_1_GE06_14_15,44,PR,0,GE06,2014-01-14,0
PR_G5-1_1_GE06_14_15,45,PR,0,GE06,2014-02-03,0
PR_G5-1_1_GE06_14_15,45,PR,0,GE06,2014-02-13,0
PR_G5-1_1_GE06_14_15,45,PR,0,GE06,2014-02-22,0
PR_G5-1_1_GE06_14_15,46,PR,594,GE06,2014-03-12,594
PR_G5-1_1_GE06_14_15,46,PR,594,GE06,2014-03-21,1188
PR_G5-1_1_GE06_14_15,46,PR,594,GE06,2014-03-31,1782
PR_G5-1_1_GE06_14_15,47,PR,0,GE06,2014-04-18,1782
PR_G5-1_1_GE06_14_15,48,PR,1182,GE06,2014-05-16,2964
PR_G5-1_1_GE06_14_15,48,PR,1182,GE06,2014-05-26,4146
PR_G5-1_1_GE06_14_15,49,PR,0,GE06,2014-06-04,4146
PR_G5-1_1_GE06_14_15,49,PR,0,GE06,2014-06-23,4146
PR_G5-1_1_GE06_14_15,50,PR,680,GE06,2014-07-11,4826
PR_G5-1_1_GE06_14_15,50,PR,680,GE06,2014-07-21,5506
PR_G5-1_1_GE06_14_15,51,PR,1407,GE06,2014-08-08,6913
PR_G5-1_1_GE06_14_15,51,PR,1407,GE06,2014-08-27,8320
PR_G5-1_1_GE06_14_15,52,PR,0,GE06,2014-09-24,8320
PR_G5-1_1_GE06_14_15,53,PR,1383,GE06,2014-10-22,9703
PR_G5-1_1_GE06_14_15,53,PR,1383,GE06,2014-10-31,11086
PR_G5-1_1_GE06_14_15,54,PR,739,GE06,2014-11-10,11825
PR_G5-1_1_GE06_14_15,54,PR,739,GE06,2014-11-28,12564
PR_G5-1_1_GE06_14_15,55,PR,0,GE06,2014-12-16,12564
PR_G5-1_1_GE06_14_15,56,PR,740,GE06,2015-01-05,13304
PR_G5-1_1_GE06_14_15,57,PR,553,GE06,2015-02-02,13857
PR_G5-1_1_GE06_14_15,57,PR,553,GE06,2015-02-20,14410
PR_G5-1_1_GE06_14_15,58,PR,1570,GE06,2015-03-02,15980
PR_G5-1_1_GE06_14_15,58,PR,1570,GE06,2015-03-20,17550
PR_G5-1_1_GE06_14_15,58,PR,1570,GE06,2015-03-30,19120
PR_G5-1_1_GE06_14_15,59,PR,0,GE06,2015-04-17,19120
PR_G5-1_1_GE06_14_15,60,PR,686,GE06,2015-05-06,19806
PR_G5-1_1_GE06_14_15,60,PR,686,GE06,2015-05-15,20492
PR_G5-1_1_GE06_14_15,60,PR,686,GE06,2015-05-25,21178
PR_G5-1_1_GE06_14_15,61,PR,1010,GE06,2015-06-12,22188
PR_G5-1_1_GE06_14_15,62,PR,0,GE06,2015-07-01,22188
PR_G5-1_1_GE06_14_15,62,PR,0,GE06,2015-07-10,22188
PR_G5-1_1_GE06_14_15,62,PR,0,GE06,2015-07-29,22188
PR_G5-1_1_GE06_14_15,63,PR,0,GE06,2015-08-17,22188
PR_G5-1_1_GE06_14_15,64,PR,742,GE06,2015-09-04,22930
PR_G5-1_1_GE06_14_15,65,PR,1030,GE06,2015-10-02,23960
PR_G5-1_1_GE06_14_15,68,PR,900,GE06,2016-01-13,24860
PR_G5-1_1_GE06_14_15,68,PR,900,GE06,2016-01-22,25760
PR_G5-1_1_GE06_14_15,69,PR,831,GE06,2016-02-01,26591
PR_G5-1_1_GE06_14_15,69,PR,831,GE06,2016-02-19,27422
PR_G5-1_1_GE06_14_15,69,PR,831,GE06,2016-02-29,28253
PR_G5-1_1_GE06_14_15,70,PR,1104,GE06,2016-03-09,29357
PR_G5-1_1_GE06_14_15,70,PR,1104,GE06,2016-03-18,30461
PR_G5-1_1_GE06_14_15,71,PR,1200,GE06,2016-04-06,31661
PR_G5-1_1_GE06_14_15,71,PR,1200,GE06,2016-04-15,32861
PR_G5-1_1_GE06_14_15,72,PR,677,GE06,2016-05-13,33538
PR_G5-1_1_GE06_14_15,73,PR,1978,GE06,2016-06-10,35516
PR_G5-1_1_GE06_14_15,73,PR,1978,GE06,2016-06-20,37494
PR_G5-1_1_GE06_14_15,73,PR,1978,GE06,2016-06-29,39472
PR_G5-1_1_GE06_14_15,74,PR,1127,GE06,2016-07-08,40599
PR_G5-1_1_GE06_14_15,74,PR,1127,GE06,2016-07-27,41726
PR_G5-1_1_GE06_14_15,75,PR,0,GE06,2016-08-15,41726
PR_G5-1_1_GE06_14_15,76,PR,1860,GE06,2016-09-12,43586
PR_G5-1_1_GE06_14_15,76,PR,1860,GE06,2016-09-30,45446
PR_G5-1_1_GE06_14_15,81,PR,1803,GE06,2017-02-17,47249
PR_G5-1_1_GE06_14_15,81,PR,1803,GE06,2017-02-27,49052
PR_G5-1_1_GE06_14_15,82,PR,0,GE06,2017-03-08,49052
PR_G5-1_1_GE06_14_15,82,PR,0,GE06,2017-03-17,49052
PR_G5-1_1_GE06_14_15,82,PR,0,GE06,2017-03-27,49052
PR_G5-1_1_GE06_14_15,83,PR,1281,GE06,2017-04-05,50333
PR_G5-1_1_GE06_14_15,86,PR,858,GE06,2017-07-07,51191
PR_G5-1_1_GE06_14_15,86,PR,858,GE06,2017-07-26,52049
PR_G5-1_1_GE06_14_15,87,PR,908,GE06,2017-08-14,52957
PR_G5-1_1_GE06_14_15,87,PR,908,GE06,2017-08-23,53865
PR_G5-1_1_GE06_14_15,92,PR,1532,GE06,2018-01-29,55397
PR_G5-1_1_GE06_14_15,93,PR,1271,GE06,2018-02-07,56668
PR_G5-1_1_GE06_14_15,93,PR,1271,GE06,2018-02-26,57939
PR_G5-1_1_GE06_14_15,97,PR,1117,GE06,2018-06-18,59056
PR_G5-1_1_GE06_14_15,98,PR,1474,GE06,2018-07-16,60530
PR_G5-1_1_GE06_14_15,98,PR,1474,GE06,2018-07-25,62004
PR_G5-1_1_GE06_14_15,99,PR,0,GE06,2018-08-22,62004
PR_G5-1_1_GE06_14_15,100,PR,1794,GE06,2018-09-28,63798
PR_G5-1_1_GE06_14_15,103,PR,1501,GE06,2018-12-21,65299
PR_G5-1_1_GE06_14_15,103,PR,1501,GE06,2018-12-31,66800
PR_G5-1_1_GE06_14_15,104,PR,0,GE06,2019-01-28,66800
PR_G5-1_1_GE06_14_15,105,PR,2004,GE06,2019-02-06,68804
PR_G5-1_1_GE06_14_15,106,PR,1539,GE06,2019-03-06,70343
PR_G5-1_1_GE06_14_15,106,PR,1539,GE06,2019-03-25,71882
PR_G5-1_1_GE06_14_15,107,PR,1477,GE06,2019-04-03,73359
PR_G5-1_1_GE06_14_15,116,PR,3589,GE06,2020-01-08,76948
PR_G5-1_1_GE06_14_15,116,PR,3589,GE06,2020-01-17,80537
PR_G5-1_1_GE06_14_15,116,PR,3589,GE06,2020-01-27,84126
PR_G5-1_1_GE06_14_15,117,PR,0,GE06,2020-02-05,84126
PR_G5-1_1_GE06_14_15,118,PR,2307,GE06,2020-03-13,86433
PR_G5-1_1_GE06_14_15,119,PR,2005,GE06,2020-04-01,88438
PR_G5-1_1_GE06_14_15,122,PR,1690,GE06,2020-07-04,90128
PR_G5-1_1_GE06_14_15,128,PR,3565,GE06,2021-01-27,93693
PR_G5-1_1_GE06_14_15,129,PR,0,GE06,2021-02-08,93693
PR_G5-1_1_GE06_14_15,130,PR,0,GE06,2021-03-03,93693
PR_G5-1_1_GE06_14_15,132,PR,0,GE06,2021-05-24,93693
PR_G5-1_1_GE06_14_15,133,PR,1796,GE06,2021-06-04,95489
PR_G5-1_1_GE06_14_15,133,PR,1796,GE06,2021-06-28,97285
PR_G5-1_1_GE06_14_15,135,PR,2320,GE06,2021-08-04,99605
PR_G5-1_1_GE06_14_15,139,PR,0,GE06,2021-12-22,99605
PR_G5-1_1_GE06_14_15,140,PR,6135,GE06,2022-01-03,105740
PR_G5-1_1_GE06_14_15,140,PR,6135,GE06,2022-01-28,111875
PR_G5-1_1_GE06_14_15,140,PR,6135,GE06,2022-01-17,118010
PR_G5-1_1_GE06_14_15,141,PR,2155,GE06,2022-02-21,120165
PR_G5-1_1_GE06_14_15,142,PR,2533,GE06,2022-03-16,122698
PR_G5-1_1_GE06_14_15,147,PR,0,GE06,2022-08-03,122698
PR_G5-1_1_GE06_14_15,147,PR,0,GE06,2022-08-26,122698
PR_G5-1_1_GE06_14_15,152,PR,1739,GE06,2023-01-04,124437
PR_G5-1_1_GE06_14_15,152,PR,1739,GE06,2023-01-16,126176
PR_G5-1_1_GE06_14_15,155,PR,0,GE06,2023-04-21,126176
PR_G5-1_1_GE06_14_15,162,PR,0,GE06,2023-11-07,126176
PR_G5-1_1_GE06_14_15,162,PR,0,GE06,2023-11-25,126176
PR_G5-1_1_GE06_14_15,163,PR,2897,GE06,2023-12-12,129073
PR_G5-1_1_GE06_14_15,163,PR,2897,GE06,2023-12-18,131970
PR_G5-1_1_GE06_14_15,164,PR,3126,GE06,2024-01-16,135096
PR_G5-1_1_GE06_14_15,164,PR,3126,GE06,2024-01-27,138222
PR_G5-1_1_GE06_14_15,165,PR,0,GE06,2024-02-14,138222
PR_G5-1_1_GE06_14_15,166,PR,0,GE06,2024-03-08,138222
PR_G5-1_1_GE06_14_15,167,PR,0,GE06,2024-04-02,138222
PR_G5-1_1_GE02_14_19,34,PR,0,GE02,2013-03-29,0
PR_G5-1_1_GE02_14_19,35,PR,0,GE02,2013-04-10,0
PR_G5-1_1_GE02_14_19,40,PR,0,GE02,2013-09-19,0
PR_G5-1_1_GE02_14_19,40,PR,0,GE02,2013-09-30,0
PR_G5-1_1_GE02_14_19,39,PR,0,GE02,2013-08-30,0
PR_G5-1_1_GE02_14_19,41,PR,0,GE02,2013-10-09,0
PR_G5-1_1_GE02_14_19,41,PR,0,GE02,2013-10-21,0
PR_G5-1_1_GE02_14_19,41,PR,0,GE02,2013-10-29,0
PR_G5-1_1_GE02_14_19,42,PR,0,GE02,2013-11-18,0
PR_G5-1_1_GE02_14_19,43,PR,0,GE02,2013-12-17,0
PR_G5-1_1_GE02_14_19,44,PR,0,GE02,2014-01-04,0
PR_G5-1_1_GE02_14_19,45,PR,0,GE02,2014-02-13,0
PR_G5-1_1_GE02_14_19,45,PR,0,GE02,2014-02-22,0
PR_G5-1_1_GE02_14_19,46,PR,779,GE02,2014-03-03,779
PR_G5-1_1_GE02_14_19,46,PR,779,GE02,2014-03-12,1558
PR_G5-1_1_GE02_14_19,46,PR,779,GE02,2014-03-21,2337
PR_G5-1_1_GE02_14_19,46,PR,779,GE02,2014-03-31,3116
PR_G5-1_1_GE02_14_19,47,PR,0,GE02,2014-04-18,3116
PR_G5-1_1_GE02_14_19,48,PR,1517,GE02,2014-05-16,4633
PR_G5-1_1_GE02_14_19,48,PR,1517,GE02,2014-05-26,6150
PR_G5-1_1_GE02_14_19,49,PR,0,GE02,2014-06-13,6150
PR_G5-1_1_GE02_14_19,49,PR,0,GE02,2014-06-04,6150
PR_G5-1_1_GE02_14_19,50,PR,609,GE02,2014-07-21,6759
PR_G5-1_1_GE02_14_19,51,PR,1678,GE02,2014-08-08,8437
PR_G5-1_1_GE02_14_19,51,PR,1678,GE02,2014-08-18,10115
PR_G5-1_1_GE02_14_19,51,PR,1678,GE02,2014-08-27,11793
PR_G5-1_1_GE02_14_19,52,PR,0,GE02,2014-09-05,11793
PR_G5-1_1_GE02_14_19,57,PR,899,GE02,2015-02-11,12692
PR_G5-1_1_GE02_14_19,58,PR,2088,GE02,2015-03-02,14780
PR_G5-1_1_GE02_14_19,58,PR,2088,GE02,2015-03-11,16868
PR_G5-1_1_GE02_14_19,58,PR,2088,GE02,2015-03-20,18956
PR_G5-1_1_GE02_14_19,58,PR,2088,GE02,2015-03-30,21044
PR_G5-1_1_GE02_14_19,59,PR,1245,GE02,2015-04-27,22289
PR_G5-1_1_GE02_14_19,60,PR,0,GE02,2015-05-15,22289
PR_G5-1_1_GE02_14_19,60,PR,0,GE02,2015-05-25,22289
PR_G5-1_1_GE02_14_19,61,PR,1070,GE02,2015-06-12,23359
PR_G5-1_1_GE02_14_19,61,PR,1070,GE02,2015-06-22,24429
PR_G5-1_1_GE02_14_19,62,PR,650,GE02,2015-07-01,25079
PR_G5-1_1_GE02_14_19,63,PR,0,GE02,2015-08-17,25079
PR_G5-1_1_GE02_14_19,63,PR,0,GE02,2015-08-26,25079
PR_G5-1_1_GE02_14_19,64,PR,1270,GE02,2015-09-04,26349
PR_G5-1_1_GE02_14_19,65,PR,1081,GE02,2015-10-02,27430
PR_G5-1_1_GE02_14_19,70,PR,2920,GE02,2016-03-18,30350
PR_G5-1_1_GE02_14_19,70,PR,2920,GE02,2016-03-28,33270
PR_G5-1_1_GE02_14_19,71,PR,0,GE02,2016-04-06,33270
PR_G5-1_1_GE02_14_19,71,PR,0,GE02,2016-04-15,33270
PR_G5-1_1_GE02_14_19,71,PR,0,GE02,2016-04-25,33270
PR_G5-1_1_GE02_14_19,73,PR,2023,GE02,2016-06-20,35293
PR_G5-1_1_GE02_14_19,73,PR,2023,GE02,2016-06-10,37316
PR_G5-1_1_GE02_14_19,73,PR,2023,GE02,2016-06-29,39339
PR_G5-1_1_GE02_14_19,74,PR,0,GE02,2016-07-08,39339
PR_G5-1_1_GE02_14_19,74,PR,0,GE02,2016-07-18,39339
PR_G5-1_1_GE02_14_19,75,PR,770,GE02,2016-08-24,40109
PR_G5-1_1_GE02_14_19,76,PR,2221,GE02,2016-09-12,42330
PR_G5-1_1_GE02_14_19,76,PR,2221,GE02,2016-09-30,44551
PR_G5-1_1_GE02_14_19,77,PR,0,GE02,2016-10-10,44551
PR_G5-1_1_GE02_14_19,85,PR,2289,GE02,2017-06-19,46840
PR_G5-1_1_GE02_14_19,85,PR,2289,GE02,2017-06-28,49129
PR_G5-1_1_GE02_14_19,86,PR,0,GE02,2017-07-17,49129
PR_G5-1_1_GE02_14_19,86,PR,0,GE02,2017-07-26,49129
PR_G5-1_1_GE02_14_19,87,PR,1147,GE02,2017-08-23,50276
PR_G5-1_1_GE02_14_19,88,PR,1160,GE02,2017-09-01,51436
PR_G5-1_1_GE02_14_19,88,PR,1160,GE02,2017-09-20,52596
PR_G5-1_1_GE02_14_19,89,PR,3290,GE02,2017-10-09,55886
PR_G5-1_1_GE02_14_19,89,PR,3290,GE02,2017-10-27,59176
PR_G5-1_1_GE02_14_19,90,PR,1771,GE02,2017-11-06,60947
PR_G5-1_1_GE02_14_19,90,PR,1771,GE02,2017-11-24,62718
PR_G5-1_1_GE02_14_19,92,PR,1667,GE02,2018-01-10,64385
PR_G5-1_1_GE02_14_19,92,PR,1667,GE02,2018-01-29,66052
PR_G5-1_1_GE02_14_19,98,PR,1116,GE02,2018-07-25,67168
PR_G5-1_1_GE02_14_19,100,PR,2614,GE02,2018-09-10,69782
PR_G5-1_1_GE02_14_19,100,PR,2614,GE02,2018-09-28,72396
PR_G5-1_1_GE02_14_19,101,PR,0,GE02,2018-10-08,72396
PR_G5-1_1_GE02_14_19,102,PR,1662,GE02,2018-11-05,74058
PR_G5-1_1_GE02_14_19,102,PR,1662,GE02,2018-11-14,75720
PR_G5-1_1_GE02_14_19,103,PR,1968,GE02,2018-12-21,77688
PR_G5-1_1_GE02_14_19,104,PR,3872,GE02,2019-01-09,81560
PR_G5-1_1_GE02_14_19,104,PR,3872,GE02,2019-01-28,85432
PR_G5-1_1_GE02_14_19,105,PR,1215,GE02,2019-02-25,86647
PR_G5-1_1_GE02_14_19,114,PR,1949,GE02,2019-11-04,88596
PR_G5-1_1_GE02_14_19,114,PR,1949,GE02,2019-11-13,90545
PR_G5-1_1_GE02_14_19,113,PR,2162,GE02,2019-10-07,92707
PR_G5-1_1_GE02_14_19,115,PR,0,GE02,2019-12-02,92707
PR_G5-1_1_GE02_14_19,116,PR,1831,GE02,2020-01-27,94538
PR_G5-1_1_GE02_14_19,117,PR,0,GE02,2020-02-05,94538
PR_G5-1_1_GE02_14_19,119,PR,1658,GE02,2020-04-01,96196
PR_G5-1_1_GE02_14_19,125,PR,1576,GE02,2020-10-05,97772
PR_G5-1_1_GE02_14_19,129,PR,2495,GE02,2021-02-08,100267
PR_G5-1_1_GE02_14_19,130,PR,2348,GE02,2021-03-26,102615
PR_G5-1_1_GE02_14_19,131,PR,2074,GE02,2021-04-07,104689
PR_G5-1_1_GE02_14_19,132,PR,2329,GE02,2021-05-12,107018
PR_G5-1_1_GE02_14_19,132,PR,2329,GE02,2021-05-24,109347
PR_G5-1_1_GE02_14_19,133,PR,2396,GE02,2021-06-04,111743
PR_G5-1_1_GE02_14_19,134,PR,0,GE02,2021-07-23,111743
PR_G5-1_1_GE02_14_19,144,PR,2108,GE02,2022-05-02,113851
PR_G5-1_1_GE02_14_19,144,PR,2108,GE02,2022-05-25,115959
PR_G5-1_1_GE02_14_19,145,PR,3024,GE02,2022-06-06,118983
PR_G5-1_1_GE02_14_19,145,PR,3024,GE02,2022-06-29,122007
PR_G5-1_1_GE02_14_19,146,PR,0,GE02,2022-07-22,122007
PR_G5-1_1_GE02_14_19,147,PR,1652,GE02,2022-08-03,123659
PR_G5-1_1_GE02_14_19,147,PR,1652,GE02,2022-08-15,125311
PR_G5-1_1_GE02_14_19,148,PR,1728,GE02,2022-09-07,127039
PR_G5-1_1_GE02_14_19,148,PR,1728,GE02,2022-09-30,128767
PR_G5-1_1_GE02_14_19,158,PR,1882,GE02,2023-07-13,130649
PR_G5-1_1_GE02_14_19,158,PR,1882,GE02,2023-07-25,132531
PR_G5-1_1_GE02_14_19,159,PR,5166,GE02,2023-08-05,137697
PR_G5-1_1_GE02_14_19,159,PR,5166,GE02,2023-08-29,142863
PR_G5-1_1_GE02_14_19,161,PR,1834,GE02,2023-10-03,144697
PR_G5-1_1_GE02_14_19,164,PR,2070,GE02,2024-01-10,146767
PR_G5-1_1_GE02_14_19,164,PR,2070,GE02,2024-01-27,148837
PR_G5-1_1_GE02_14_19,165,PR,0,GE02,2024-02-20,148837
PR_G5-1_1_GE02_14_19,167,PR,0,GE02,2024-04-02,148837
PR_G5-1_1_GE02_14_19,167,PR,0,GE02,2024-04-08,148837
PR_G5-1_1_GE02_14_20,34,PR,0,GE02,2013-03-29,0
PR_G5-1_1_GE02_14_20,35,PR,0,GE02,2013-04-10,0
PR_G5-1_1_GE02_14_20,39,PR,0,GE02,2013-08-30,0
PR_G5-1_1_GE02_14_20,40,PR,0,GE02,2013-09-30,0
PR_G5-1_1_GE02_14_20,41,PR,0,GE02,2013-10-21,0
PR_G5-1_1_GE02_14_20,42,PR,0,GE02,2013-11-07,0
PR_G5-1_1_GE02_14_20,42,PR,0,GE02,2013-11-18,0
PR_G5-1_1_GE02_14_20,43,PR,0,GE02,2013-12-06,0
PR_G5-1_1_GE02_14_20,43,PR,0,GE02,2013-12-17,0
PR_G5-1_1_GE02_14_20,44,PR,0,GE02,2014-01-14,0
PR_G5-1_1_GE02_14_20,44,PR,0,GE02,2014-01-24,0
PR_G5-1_1_GE02_14_20,45,PR,0,GE02,2014-02-03,0
PR_G5-1_1_GE02_14_20,45,PR,0,GE02,2014-02-13,0
PR_G5-1_1_GE02_14_20,46,PR,416,GE02,2014-03-03,416
PR_G5-1_1_GE02_14_20,46,PR,416,GE02,2014-03-31,832
PR_G5-1_1_GE02_14_20,46,PR,416,GE02,2014-03-21,1248
PR_G5-1_1_GE02_14_20,47,PR,0,GE02,2014-04-18,1248
PR_G5-1_1_GE02_14_20,48,PR,452,GE02,2014-05-16,1700
PR_G5-1_1_GE02_14_20,48,PR,452,GE02,2014-05-26,2152
PR_G5-1_1_GE02_14_20,49,PR,0,GE02,2014-06-13,2152
PR_G5-1_1_GE02_14_20,49,PR,0,GE02,2014-06-04,2152
PR_G5-1_1_GE02_14_20,49,PR,0,GE02,2014-06-23,2152
PR_G5-1_1_GE02_14_20,50,PR,1129,GE02,2014-07-02,3281
PR_G5-1_1_GE02_14_20,50,PR,1129,GE02,2014-07-11,4410
PR_G5-1_1_GE02_14_20,50,PR,1129,GE02,2014-07-30,5539
PR_G5-1_1_GE02_14_20,51,PR,530,GE02,2014-08-08,6069
PR_G5-1_1_GE02_14_20,51,PR,530,GE02,2014-08-18,6599
PR_G5-1_1_GE02_14_20,51,PR,530,GE02,2014-08-27,7129
PR_G5-1_1_GE02_14_20,53,PR,890,GE02,2014-10-22,8019
PR_G5-1_1_GE02_14_20,53,PR,890,GE02,2014-10-13,8909
PR_G5-1_1_GE02_14_20,54,PR,1606,GE02,2014-11-10,10515
PR_G5-1_1_GE02_14_20,54,PR,1606,GE02,2014-11-19,12121
PR_G5-1_1_GE02_14_20,54,PR,1606,GE02,2014-11-28,13727
PR_G5-1_1_GE02_14_20,56,PR,827,GE02,2015-01-05,14554
PR_G5-1_1_GE02_14_20,56,PR,827,GE02,2015-01-14,15381
PR_G5-1_1_GE02_14_20,57,PR,830,GE02,2015-02-02,16211
PR_G5-1_1_GE02_14_20,57,PR,830,GE02,2015-02-11,17041
PR_G5-1_1_GE02_14_20,57,PR,830,GE02,2015-02-20,17871
PR_G5-1_1_GE02_14_20,58,PR,2686,GE02,2015-03-20,20557
PR_G5-1_1_GE02_14_20,58,PR,2686,GE02,2015-03-30,23243
PR_G5-1_1_GE02_14_20,59,PR,1072,GE02,2015-04-27,24315
PR_G5-1_1_GE02_14_20,60,PR,0,GE02,2015-05-06,24315
PR_G5-1_1_GE02_14_20,60,PR,0,GE02,2015-05-25,24315
PR_G5-1_1_GE02_14_20,61,PR,1680,GE02,2015-06-12,25995
PR_G5-1_1_GE02_14_20,61,PR,1680,GE02,2015-06-22,27675
PR_G5-1_1_GE02_14_20,62,PR,872,GE02,2015-07-01,28547
PR_G5-1_1_GE02_14_20,62,PR,872,GE02,2015-07-20,29419
PR_G5-1_1_GE02_14_20,63,PR,1080,GE02,2015-08-07,30499
PR_G5-1_1_GE02_14_20,63,PR,1080,GE02,2015-08-26,31579
PR_G5-1_1_GE02_14_20,64,PR,0,GE02,2015-09-14,31579
PR_G5-1_1_GE02_14_20,69,PR,2045,GE02,2016-02-19,33624
PR_G5-1_1_GE02_14_20,69,PR,2045,GE02,2016-02-29,35669
PR_G5-1_1_GE02_14_20,70,PR,0,GE02,2016-03-09,35669
PR_G5-1_1_GE02_14_20,70,PR,0,GE02,2016-03-18,35669
PR_G5-1_1_GE02_14_20,71,PR,1080,GE02,2016-04-06,36749
PR_G5-1_1_GE02_14_20,71,PR,1080,GE02,2016-04-15,37829
PR_G5-1_1_GE02_14_20,72,PR,987,GE02,2016-05-04,38816
PR_G5-1_1_GE02_14_20,72,PR,987,GE02,2016-05-23,39803
PR_G5-1_1_GE02_14_20,73,PR,1726,GE02,2016-06-10,41529
PR_G5-1_1_GE02_14_20,73,PR,1726,GE02,2016-06-20,43255
PR_G5-1_1_GE02_14_20,73,PR,1726,GE02,2016-06-29,44981
PR_G5-1_1_GE02_14_20,74,PR,924,GE02,2016-07-18,45905
PR_G5-1_1_GE02_14_20,74,PR,924,GE02,2016-07-27,46829
PR_G5-1_1_GE02_14_20,75,PR,0,GE02,2016-08-05,46829
PR_G5-1_1_GE02_14_20,75,PR,0,GE02,2016-08-24,46829
PR_G5-1_1_GE02_14_20,76,PR,1038,GE02,2016-09-12,47867
PR_G5-1_1_GE02_14_20,84,PR,1348,GE02,2017-05-12,49215
PR_G5-1_1_GE02_14_20,84,PR,1348,GE02,2017-05-22,50563
PR_G5-1_1_GE02_14_20,85,PR,1044,GE02,2017-06-09,51607
PR_G5-1_1_GE02_14_20,85,PR,1044,GE02,2017-06-19,52651
PR_G5-1_1_GE02_14_20,86,PR,1069,GE02,2017-07-26,53720
PR_G5-1_1_GE02_14_20,87,PR,0,GE02,2017-08-14,53720
PR_G5-1_1_GE02_14_20,87,PR,0,GE02,2017-08-23,53720
PR_G5-1_1_GE02_14_20,88,PR,2442,GE02,2017-09-01,56162
PR_G5-1_1_GE02_14_20,88,PR,2442,GE02,2017-09-20,58604
PR_G5-1_1_GE02_14_20,88,PR,2442,GE02,2017-09-29,61046
PR_G5-1_1_GE02_14_20,89,PR,0,GE02,2017-10-09,61046
PR_G5-1_1_GE02_14_20,89,PR,0,GE02,2017-10-18,61046
PR_G5-1_1_GE02_14_20,90,PR,1376,GE02,2017-11-15,62422
PR_G5-1_1_GE02_14_20,99,PR,1890,GE02,2018-08-22,64312
PR_G5-1_1_GE02_14_20,99,PR,1890,GE02,2018-08-03,66202
PR_G5-1_1_GE02_14_20,99,PR,1890,GE02,2018-08-13,68092
PR_G5-1_1_GE02_14_20,97,PR,1550,GE02,2018-06-27,69642
PR_G5-1_1_GE02_14_20,98,PR,0,GE02,2018-07-06,69642
PR_G5-1_1_GE02_14_20,100,PR,3258,GE02,2018-09-10,72900
PR_G5-1_1_GE02_14_20,100,PR,3258,GE02,2018-09-19,76158
PR_G5-1_1_GE02_14_20,100,PR,3258,GE02,2018-09-28,79416
PR_G5-1_1_GE02_14_20,101,PR,1377,GE02,2018-10-17,80793
PR_G5-1_1_GE02_14_20,101,PR,1377,GE02,2018-10-26,82170
PR_G5-1_1_GE02_14_20,102,PR,0,GE02,2018-11-14,82170
PR_G5-1_1_GE02_14_20,103,PR,1565,GE02,2018-12-03,83735
PR_G5-1_1_GE02_14_20,103,PR,1565,GE02,2018-12-12,85300
PR_G5-1_1_GE02_14_20,103,PR,1565,GE02,2018-12-31,86865
PR_G5-1_1_GE02_14_20,112,PR,1625,GE02,2019-09-09,88490
PR_G5-1_1_GE02_14_20,113,PR,0,GE02,2019-10-07,88490
PR_G5-1_1_GE02_14_20,114,PR,1427,GE02,2019-11-04,89917
PR_G5-1_1_GE02_14_20,114,PR,1427,GE02,2019-11-13,91344
PR_G5-1_1_GE02_14_20,115,PR,1350,GE02,2019-12-02,92694
PR_G5-1_1_GE02_14_20,116,PR,1362,GE02,2020-01-27,94056
PR_G5-1_1_GE02_14_20,117,PR,0,GE02,2020-02-05,94056
PR_G5-1_1_GE02_14_20,118,PR,1861,GE02,2020-03-04,95917
PR_G5-1_1_GE02_14_20,118,PR,1861,GE02,2020-03-13,97778
PR_G5-1_1_GE02_14_20,119,PR,1747,GE02,2020-04-20,99525
PR_G5-1_1_GE02_14_20,119,PR,1747,GE02,2020-04-29,101272
PR_G5-1_1_GE02_14_20,120,PR,2127,GE02,2020-05-27,103399
PR_G5-1_1_GE02_14_20,121,PR,0,GE02,2020-06-15,103399
PR_G5-1_1_GE02_14_20,121,PR,0,GE02,2020-06-24,103399
PR_G5-1_1_GE02_14_20,130,PR,1630,GE02,2021-03-03,105029
PR_G5-1_1_GE02_14_20,131,PR,3887,GE02,2021-04-19,108916
PR_G5-1_1_GE02_14_20,131,PR,3887,GE02,2021-04-30,112803
PR_G5-1_1_GE02_14_20,132,PR,0,GE02,2021-05-12,112803
PR_G5-1_1_GE02_14_20,133,PR,2075,GE02,2021-06-04,114878
PR_G5-1_1_GE02_14_20,135,PR,3364,GE02,2021-08-04,118242
PR_G5-1_1_GE02_14_20,135,PR,3364,GE02,2021-08-27,121606
PR_G5-1_1_GE02_14_20,136,PR,0,GE02,2021-09-08,121606
PR_G5-1_1_GE02_14_20,136,PR,0,GE02,2021-09-20,121606
PR_G5-1_1_GE02_14_20,137,PR,1802,GE02,2021-10-01,123408
PR_G5-1_1_GE02_14_20,137,PR,1802,GE02,2021-10-13,125210
PR_G5-1_1_GE02_14_20,138,PR,2086,GE02,2021-11-17,127296
PR_G5-1_1_GE02_14_20,139,PR,2160,GE02,2021-12-10,129456
PR_G5-1_1_GE02_14_20,140,PR,0,GE02,2022-01-03,129456
PR_G5-1_1_GE02_14_20,144,PR,0,GE02,2022-05-02,129456
PR_G5-1_1_GE02_14_20,144,PR,0,GE02,2022-05-13,129456
PR_G5-1_1_GE02_14_20,149,PR,1976,GE02,2022-10-24,131432
PR_G5-1_1_GE02_14_20,149,PR,1976,GE02,2022-10-12,133408
PR_G5-1_1_GE02_14_20,148,PR,1864,GE02,2022-09-07,135272
PR_G5-1_1_GE02_14_20,152,PR,2018,GE02,2023-01-04,137290
PR_G5-1_1_GE02_14_20,152,PR,2018,GE02,2023-01-16,139308
PR_G5-1_1_GE02_14_20,154,PR,3731,GE02,2023-03-04,143039
PR_G5-1_1_GE02_14_20,154,PR,3731,GE02,2023-03-29,146770
PR_G5-1_1_GE02_14_20,155,PR,0,GE02,2023-04-21,146770
PR_G5-1_1_GE02_14_20,156,PR,2488,GE02,2023-05-03,149258
PR_G5-1_1_GE02_14_20,156,PR,2488,GE02,2023-05-15,151746
PR_G5-1_1_GE02_14_20,157,PR,5640,GE02,2023-06-07,157386
PR_G5-1_1_GE02_14_20,157,PR,5640,GE02,2023-06-30,163026
PR_G5-1_1_GE02_14_20,158,PR,0,GE02,2023-07-13,163026
PR_G5-1_1_GE02_14_20,159,PR,0,GE02,2023-08-05,163026
PR_G5-1_1_GE02_14_20,160,PR,0,GE02,2023-09-09,163026
PR_G5-1_1_GE02_14_20,168,PR,0,GE02,2024-05-14,163026
PR_G5-1_1_GE02_14_20,168,PR,0,GE02,2024-05-01,163026
PR_G5-1_1_GE02_14_20,167,PR,0,GE02,2024-04-13,163026
PR_G5-1_1_GE02_14_20,167,PR,0,GE02,2024-04-18,163026
PR_G5-1_1_GE02_14_21,34,PR,0,GE02,2013-03-29,0
PR_G5-1_1_GE02_14_21,35,PR,0,GE02,2013-04-10,0
PR_G5-1_1_GE02_14_21,35,PR,0,GE02,2013-04-19,0
PR_G5-1_1_GE02_14_21,35,PR,0,GE02,2013-04-30,0
PR_G5-1_1_GE02_14_21,36,PR,0,GE02,2013-05-20,0
PR_G5-1_1_GE02_14_21,43,PR,0,GE02,2013-12-17,0
PR_G5-1_1_GE02_14_21,44,PR,0,GE02,2014-01-04,0
PR_G5-1_1_GE02_14_21,44,PR,0,GE02,2014-01-14,0
PR_G5-1_1_GE02_14_21,45,PR,0,GE02,2014-02-03,0
PR_G5-1_1_GE02_14_21,45,PR,0,GE02,2014-02-22,0
PR_G5-1_1_GE02_14_21,45,PR,0,GE02,2014-02-13,0
PR_G5-1_1_GE02_14_21,46,PR,0,GE02,2014-03-03,0
PR_G5-1_1_GE02_14_21,47,PR,1084,GE02,2014-04-09,1084
PR_G5-1_1_GE02_14_21,47,PR,1084,GE02,2014-04-28,2168
PR_G5-1_1_GE02_14_21,48,PR,668,GE02,2014-05-16,2836
PR_G5-1_1_GE02_14_21,48,PR,668,GE02,2014-05-26,3504
PR_G5-1_1_GE02_14_21,49,PR,0,GE02,2014-06-04,3504
PR_G5-1_1_GE02_14_21,49,PR,0,GE02,2014-06-23,3504
PR_G5-1_1_GE02_14_21,50,PR,1286,GE02,2014-07-02,4790
PR_G5-1_1_GE02_14_21,50,PR,1286,GE02,2014-07-11,6076
PR_G5-1_1_GE02_14_21,50,PR,1286,GE02,2014-07-30,7362
PR_G5-1_1_GE02_14_21,51,PR,554,GE02,2014-08-08,7916
PR_G5-1_1_GE02_14_21,51,PR,554,GE02,2014-08-27,8470
PR_G5-1_1_GE02_14_21,52,PR,0,GE02,2014-09-15,8470
PR_G5-1_1_GE02_14_21,52,PR,0,GE02,2014-09-24,8470
PR_G5-1_1_GE02_14_21,53,PR,1632,GE02,2014-10-03,10102
PR_G5-1_1_GE02_14_21,53,PR,1632,GE02,2014-10-22,11734
PR_G5-1_1_GE02_14_21,53,PR,1632,GE02,2014-10-31,13366
PR_G5-1_1_GE02_14_21,54,PR,709,GE02,2014-11-28,14075
PR_G5-1_1_GE02_14_21,55,PR,0,GE02,2014-12-16,14075
PR_G5-1_1_GE02_14_21,59,PR,1654,GE02,2015-04-08,15729
PR_G5-1_1_GE02_14_21,59,PR,1654,GE02,2015-04-17,17383
PR_G5-1_1_GE02_14_21,59,PR,1654,GE02,2015-04-27,19037
PR_G5-1_1_GE02_14_21,60,PR,0,GE02,2015-05-06,19037
PR_G5-1_1_GE02_14_21,60,PR,0,GE02,2015-05-15,19037
PR_G5-1_1_GE02_14_21,61,PR,1930,GE02,2015-06-12,20967
PR_G5-1_1_GE02_14_21,61,PR,1930,GE02,2015-06-22,22897
PR_G5-1_1_GE02_14_21,62,PR,700,GE02,2015-07-01,23597
PR_G5-1_1_GE02_14_21,62,PR,700,GE02,2015-07-10,24297
PR_G5-1_1_GE02_14_21,62,PR,700,GE02,2015-07-20,24997
PR_G5-1_1_GE02_14_21,63,PR,735,GE02,2015-08-17,25732
PR_G5-1_1_GE02_14_21,64,PR,806,GE02,2015-09-04,26538
PR_G5-1_1_GE02_14_21,65,PR,1573,GE02,2015-10-02,28111
PR_G5-1_1_GE02_14_21,65,PR,1573,GE02,2015-10-21,29684
PR_G5-1_1_GE02_14_21,65,PR,1573,GE02,2015-10-30,31257
PR_G5-1_1_GE02_14_21,66,PR,813,GE02,2015-11-09,32070
PR_G5-1_1_GE02_14_21,66,PR,813,GE02,2015-11-27,32883
PR_G5-1_1_GE02_14_21,67,PR,0,GE02,2015-12-07,32883
PR_G5-1_1_GE02_14_21,67,PR,0,GE02,2015-12-26,32883
PR_G5-1_1_GE02_14_21,68,PR,958,GE02,2016-01-22,33841
PR_G5-1_1_GE02_14_21,74,PR,2418,GE02,2016-07-08,36259
PR_G5-1_1_GE02_14_21,74,PR,2418,GE02,2016-07-18,38677
PR_G5-1_1_GE02_14_21,74,PR,2418,GE02,2016-07-27,41095
PR_G5-1_1_GE02_14_21,75,PR,0,GE02,2016-08-24,41095
PR_G5-1_1_GE02_14_21,76,PR,956,GE02,2016-09-02,42051
PR_G5-1_1_GE02_14_21,76,PR,956,GE02,2016-09-12,43007
PR_G5-1_1_GE02_14_21,76,PR,956,GE02,2016-09-21,43963
PR_G5-1_1_GE02_14_21,77,PR,1995,GE02,2016-10-10,45958
PR_G5-1_1_GE02_14_21,77,PR,1995,GE02,2016-10-19,47953
PR_G5-1_1_GE02_14_21,77,PR,1995,GE02,2016-10-28,49948
PR_G5-1_1_GE02_14_21,78,PR,0,GE02,2016-11-16,49948
PR_G5-1_1_GE02_14_21,79,PR,1308,GE02,2016-12-05,51256
PR_G5-1_1_GE02_14_21,79,PR,1308,GE02,2016-12-14,52564
PR_G5-1_1_GE02_14_21,80,PR,1656,GE02,2017-01-03,54220
PR_G5-1_1_GE02_14_21,80,PR,1656,GE02,2017-01-20,55876
PR_G5-1_1_GE02_14_21,80,PR,1656,GE02,2017-01-30,57532
PR_G5-1_1_GE02_14_21,81,PR,1164,GE02,2017-02-27,58696
PR_G5-1_1_GE02_14_21,82,PR,0,GE02,2017-03-17,58696
PR_G5-1_1_GE02_14_21,82,PR,0,GE02,2017-03-27,58696
PR_G5-1_1_GE02_14_21,88,PR,1140,GE02,2017-09-11,59836
PR_G5-1_1_GE02_14_21,88,PR,1140,GE02,2017-09-20,60976
PR_G5-1_1_GE02_14_21,88,PR,1140,GE02,2017-09-01,62116
PR_G5-1_1_GE02_14_21,89,PR,1157,GE02,2017-10-09,63273
PR_G5-1_1_GE02_14_21,89,PR,1157,GE02,2017-10-18,64430
PR_G5-1_1_GE02_14_21,90,PR,1952,GE02,2017-11-06,66382
PR_G5-1_1_GE02_14_21,90,PR,1952,GE02,2017-11-15,68334
PR_G5-1_1_GE02_14_21,90,PR,1952,GE02,2017-11-24,70286
PR_G5-1_1_GE02_14_21,91,PR,0,GE02,2017-12-13,70286
PR_G5-1_1_GE02_14_21,92,PR,1230,GE02,2018-01-01,71516
PR_G5-1_1_GE02_14_21,92,PR,1230,GE02,2018-01-10,72746
PR_G5-1_1_GE02_14_21,92,PR,1230,GE02,2018-01-19,73976
PR_G5-1_1_GE02_14_21,92,PR,1230,GE02,2018-01-29,75206
PR_G5-1_1_GE02_14_21,93,PR,2018,GE02,2018-02-16,77224
PR_G5-1_1_GE02_14_21,93,PR,2018,GE02,2018-02-26,79242
PR_G5-1_1_GE02_14_21,101,PR,2912,GE02,2018-10-26,82154
PR_G5-1_1_GE02_14_21,101,PR,2912,GE02,2018-10-08,85066
PR_G5-1_1_GE02_14_21,101,PR,2912,GE02,2018-10-17,87978
PR_G5-1_1_GE02_14_21,102,PR,1742,GE02,2018-11-05,89720
PR_G5-1_1_GE02_14_21,102,PR,1742,GE02,2018-11-23,91462
PR_G5-1_1_GE02_14_21,102,PR,1742,GE02,2018-11-14,93204
PR_G5-1_1_GE02_14_21,103,PR,0,GE02,2018-12-03,93204
PR_G5-1_1_GE02_14_21,103,PR,0,GE02,2018-12-12,93204
PR_G5-1_1_GE02_14_21,103,PR,0,GE02,2018-12-31,93204
PR_G5-1_1_GE02_14_21,105,PR,1150,GE02,2019-02-06,94354
PR_G5-1_1_GE02_14_21,105,PR,1150,GE02,2019-02-25,95504
PR_G5-1_1_GE02_14_21,115,PR,737,GE02,2019-12-11,96241
PR_G5-1_1_GE02_14_21,114,PR,1843,GE02,2019-11-13,98084
PR_G5-1_1_GE02_14_21,117,PR,1742,GE02,2020-02-14,99826
PR_G5-1_1_GE02_14_21,118,PR,1436,GE02,2020-03-23,101262
PR_G5-1_1_GE02_14_21,118,PR,1436,GE02,2020-03-13,102698
PR_G5-1_1_GE02_14_21,120,PR,1947,GE02,2020-05-27,104645
PR_G5-1_1_GE02_14_21,121,PR,0,GE02,2020-06-15,104645
PR_G5-1_1_GE02_14_21,122,PR,2138,GE02,2020-07-04,106783
PR_G5-1_1_GE02_14_21,122,PR,2138,GE02,2020-07-25,108921
PR_G5-1_1_GE02_14_21,124,PR,1950,GE02,2020-09-10,110871
PR_G5-1_1_GE02_14_21,124,PR,1950,GE02,2020-09-23,112821
PR_G5-1_1_GE02_14_21,125,PR,2647,GE02,2020-10-05,115468
PR_G5-1_1_GE02_14_21,126,PR,0,GE02,2020-11-03,115468
PR_G5-1_1_GE02_14_21,133,PR,3588,GE02,2021-06-04,119056
PR_G5-1_1_GE02_14_21,133,PR,3588,GE02,2021-06-16,122644
PR_G5-1_1_GE02_14_21,133,PR,3588,GE02,2021-06-28,126232
PR_G5-1_1_GE02_14_21,132,PR,2169,GE02,2021-05-12,128401
PR_G5-1_1_GE02_14_21,132,PR,2169,GE02,2021-05-24,130570
PR_G5-1_1_GE02_14_21,134,PR,0,GE02,2021-07-10,130570
PR_G5-1_1_GE02_14_21,134,PR,0,GE02,2021-07-23,130570
PR_G5-1_1_GE02_14_21,135,PR,3260,GE02,2021-08-04,133830
PR_G5-1_1_GE02_14_21,135,PR,3260,GE02,2021-08-27,137090
PR_G5-1_1_GE02_14_21,136,PR,0,GE02,2021-09-08,137090
PR_G5-1_1_GE02_14_21,137,PR,0,GE02,2021-10-13,137090
PR_G5-1_1_GE02_14_21,138,PR,1485,GE02,2021-11-05,138575
PR_G5-1_1_GE02_14_21,138,PR,1485,GE02,2021-11-17,140060
PR_G5-1_1_GE02_14_21,139,PR,1180,GE02,2021-12-10,141240
PR_G5-1_1_GE02_14_21,140,PR,0,GE02,2022-01-17,141240
PR_G5-1_1_GE02_14_21,146,PR,0,GE02,2022-07-22,141240
PR_G5-1_1_GE02_14_21,147,PR,2387,GE02,2022-08-03,143627
PR_G5-1_1_GE02_14_21,149,PR,2099,GE02,2022-10-24,145726
PR_G5-1_1_GE02_14_21,150,PR,1438,GE02,2022-11-04,147164
PR_G5-1_1_GE02_14_21,161,PR,0,GE02,2023-10-26,147164
PR_G5-1_1_GE02_14_21,162,PR,1845,GE02,2023-11-18,149009
PR_G5-1_1_GE02_14_21,162,PR,1845,GE02,2023-11-25,150854
PR_G5-1_1_GE02_14_21,166,PR,0,GE02,2024-03-26,150854
PR_G5-1_1_GE02_14_21,167,PR,0,GE02,2024-04-13,150854
PR_G5-1_1_GE02_14_21,168,PR,0,GE02,2024-05-08,150854
PR_G5-1_1_GE02_14_21,168,PR,0,GE02,2024-05-14,150854
PR_G5-1_1_GE06_15_15,34,PR,0,GE06,2013-03-29,0
PR_G5-1_1_GE06_15_15,35,PR,0,GE06,2013-04-19,0
PR_G5-1_1_GE06_15_15,35,PR,0,GE06,2013-04-30,0
PR_G5-1_1_GE06_15_15,36,PR,0,GE06,2013-05-10,0
PR_G5-1_1_GE06_15_15,36,PR,0,GE06,2013-05-30,0
PR_G5-1_1_GE06_15_15,37,PR,0,GE06,2013-06-08,0
PR_G5-1_1_GE06_15_15,40,PR,0,GE06,2013-09-30,0
PR_G5-1_1_GE06_15_15,42,PR,0,GE06,2013-11-18,0
PR_G5-1_1_GE06_15_15,43,PR,0,GE06,2013-12-17,0
PR_G5-1_1_GE06_15_15,44,PR,0,GE06,2014-01-04,0
PR_G5-1_1_GE06_15_15,44,PR,0,GE06,2014-01-14,0
PR_G5-1_1_GE06_15_15,44,PR,0,GE06,2014-01-24,0
PR_G5-1_1_GE06_15_15,45,PR,0,GE06,2014-02-03,0
PR_G5-1_1_GE06_15_15,45,PR,0,GE06,2014-02-13,0
PR_G5-1_1_GE06_15_15,45,PR,0,GE06,2014-02-22,0
PR_G5-1_1_GE06_15_15,46,PR,581,GE06,2014-03-03,581
PR_G5-1_1_GE06_15_15,46,PR,581,GE06,2014-03-21,1162
PR_G5-1_1_GE06_15_15,46,PR,581,GE06,2014-03-12,1743
PR_G5-1_1_GE06_15_15,46,PR,581,GE06,2014-03-31,2324
PR_G5-1_1_GE06_15_15,47,PR,0,GE06,2014-04-09,2324
PR_G5-1_1_GE06_15_15,47,PR,0,GE06,2014-04-18,2324
PR_G5-1_1_GE06_15_15,48,PR,1691,GE06,2014-05-07,4015
PR_G5-1_1_GE06_15_15,48,PR,1691,GE06,2014-05-16,5706
PR_G5-1_1_GE06_15_15,48,PR,1691,GE06,2014-05-26,7397
PR_G5-1_1_GE06_15_15,49,PR,0,GE06,2014-06-04,7397
PR_G5-1_1_GE06_15_15,49,PR,0,GE06,2014-06-13,7397
PR_G5-1_1_GE06_15_15,50,PR,1822,GE06,2014-07-02,9219
PR_G5-1_1_GE06_15_15,50,PR,1822,GE06,2014-07-30,11041
PR_G5-1_1_GE06_15_15,51,PR,941,GE06,2014-08-08,11982
PR_G5-1_1_GE06_15_15,51,PR,941,GE06,2014-08-27,12923
PR_G5-1_1_GE06_15_15,52,PR,0,GE06,2014-09-05,12923
PR_G5-1_1_GE06_15_15,52,PR,0,GE06,2014-09-24,12923
PR_G5-1_1_GE06_15_15,53,PR,1400,GE06,2014-10-03,14323
PR_G5-1_1_GE06_15_15,53,PR,1400,GE06,2014-10-22,15723
PR_G5-1_1_GE06_15_15,53,PR,1400,GE06,2014-10-31,17123
PR_G5-1_1_GE06_15_15,54,PR,1440,GE06,2014-11-10,18563
PR_G5-1_1_GE06_15_15,54,PR,1440,GE06,2014-11-28,20003
PR_G5-1_1_GE06_15_15,55,PR,0,GE06,2014-12-16,20003
PR_G5-1_1_GE06_15_15,56,PR,705,GE06,2015-01-05,20708
PR_G5-1_1_GE06_15_15,56,PR,705,GE06,2015-01-14,21413
PR_G5-1_1_GE06_15_15,56,PR,705,GE06,2015-01-23,22118
PR_G5-1_1_GE06_15_15,57,PR,1093,GE06,2015-02-11,23211
PR_G5-1_1_GE06_15_15,57,PR,1093,GE06,2015-02-20,24304
PR_G5-1_1_GE06_15_15,58,PR,2184,GE06,2015-03-02,26488
PR_G5-1_1_GE06_15_15,58,PR,2184,GE06,2015-03-20,28672
PR_G5-1_1_GE06_15_15,58,PR,2184,GE06,2015-03-30,30856
PR_G5-1_1_GE06_15_15,59,PR,959,GE06,2015-04-08,31815
PR_G5-1_1_GE06_15_15,59,PR,959,GE06,2015-04-27,32774
PR_G5-1_1_GE06_15_15,60,PR,0,GE06,2015-05-06,32774
PR_G5-1_1_GE06_15_15,60,PR,0,GE06,2015-05-15,32774
PR_G5-1_1_GE06_15_15,61,PR,598,GE06,2015-06-03,33372
PR_G5-1_1_GE06_15_15,61,PR,598,GE06,2015-06-12,33970
PR_G5-1_1_GE06_15_15,62,PR,2335,GE06,2015-07-10,36305
PR_G5-1_1_GE06_15_15,62,PR,2335,GE06,2015-07-20,38640
PR_G5-1_1_GE06_15_15,62,PR,2335,GE06,2015-07-29,40975
PR_G5-1_1_GE06_15_15,63,PR,0,GE06,2015-08-07,40975
PR_G5-1_1_GE06_15_15,63,PR,0,GE06,2015-08-17,40975
PR_G5-1_1_GE06_15_15,64,PR,725,GE06,2015-09-04,41700
PR_G5-1_1_GE06_15_15,64,PR,725,GE06,2015-09-14,42425
PR_G5-1_1_GE06_15_15,64,PR,725,GE06,2015-09-23,43150
PR_G5-1_1_GE06_15_15,65,PR,701,GE06,2015-10-02,43851
PR_G5-1_1_GE06_15_15,65,PR,701,GE06,2015-10-12,44552
PR_G5-1_1_GE06_15_15,65,PR,701,GE06,2015-10-30,45253
PR_G5-1_1_GE06_15_15,68,PR,0,GE06,2016-01-22,45253
PR_G5-1_1_GE06_15_15,69,PR,701,GE06,2016-02-01,45954
PR_G5-1_1_GE06_15_15,69,PR,701,GE06,2016-02-29,46655
PR_G5-1_1_GE06_15_15,70,PR,778,GE06,2016-03-09,47433
PR_G5-1_1_GE06_15_15,70,PR,778,GE06,2016-03-28,48211
PR_G5-1_1_GE06_15_15,71,PR,0,GE06,2016-04-15,48211
PR_G5-1_1_GE06_15_15,72,PR,0,GE06,2016-05-04,48211
PR_G5-1_1_GE06_15_15,72,PR,0,GE06,2016-05-23,48211
PR_G5-1_1_GE06_15_15,73,PR,1089,GE06,2016-06-10,49300
PR_G5-1_1_GE06_15_15,73,PR,1089,GE06,2016-06-01,50389
PR_G5-1_1_GE06_15_15,73,PR,1089,GE06,2016-06-20,51478
PR_G5-1_1_GE06_15_15,73,PR,1089,GE06,2016-06-29,52567
PR_G5-1_1_GE06_15_15,74,PR,0,GE06,2016-07-08,52567
PR_G5-1_1_GE06_15_15,75,PR,541,GE06,2016-08-15,53108
PR_G5-1_1_GE06_15_15,75,PR,541,GE06,2016-08-24,53649
PR_G5-1_1_GE06_15_15,76,PR,721,GE06,2016-09-30,54370
PR_G5-1_1_GE06_15_15,83,PR,257,GE06,2017-04-05,54627
PR_G5-1_1_GE06_15_15,84,PR,1564,GE06,2017-05-03,56191
PR_G5-1_1_GE06_15_15,84,PR,1564,GE06,2017-05-12,57755
PR_G5-1_1_GE06_15_15,84,PR,1564,GE06,2017-05-22,59319
PR_G5-1_1_GE06_15_15,84,PR,1564,GE06,2017-05-31,60883
PR_G5-1_1_GE06_15_15,85,PR,769,GE06,2017-06-19,61652
PR_G5-1_1_GE06_15_15,85,PR,769,GE06,2017-06-28,62421
PR_G5-1_1_GE06_15_15,86,PR,0,GE06,2017-07-17,62421
PR_G5-1_1_GE06_15_15,87,PR,835,GE06,2017-08-04,63256
PR_G5-1_1_GE06_15_15,87,PR,835,GE06,2017-08-23,64091
PR_G5-1_1_GE06_15_15,88,PR,951,GE06,2017-09-01,65042
PR_G5-1_1_GE06_15_15,88,PR,951,GE06,2017-09-29,65993
PR_G5-1_1_GE06_15_15,89,PR,2482,GE06,2017-10-09,68475
PR_G5-1_1_GE06_15_15,89,PR,2482,GE06,2017-10-27,70957
PR_G5-1_1_GE06_15_15,90,PR,0,GE06,2017-11-06,70957
PR_G5-1_1_GE06_15_15,91,PR,1100,GE06,2017-12-04,72057
PR_G5-1_1_GE06_15_15,92,PR,894,GE06,2018-01-01,72951
PR_G5-1_1_GE06_15_15,92,PR,894,GE06,2018-01-10,73845
PR_G5-1_1_GE06_15_15,97,PR,3271,GE06,2018-06-18,77116
PR_G5-1_1_GE06_15_15,97,PR,3271,GE06,2018-06-27,80387
PR_G5-1_1_GE06_15_15,98,PR,0,GE06,2018-07-16,80387
PR_G5-1_1_GE06_15_15,99,PR,1343,GE06,2018-08-03,81730
PR_G5-1_1_GE06_15_15,99,PR,1343,GE06,2018-08-13,83073
PR_G5-1_1_GE06_15_15,99,PR,1343,GE06,2018-08-31,84416
PR_G5-1_1_GE06_15_15,100,PR,0,GE06,2018-09-10,84416
PR_G5-1_1_GE06_15_15,101,PR,1427,GE06,2018-10-08,85843
PR_G5-1_1_GE06_15_15,101,PR,1427,GE06,2018-10-17,87270
PR_G5-1_1_GE06_15_15,102,PR,3244,GE06,2018-11-05,90514
PR_G5-1_1_GE06_15_15,102,PR,3244,GE06,2018-11-23,93758
PR_G5-1_1_GE06_15_15,103,PR,0,GE06,2018-12-03,93758
PR_G5-1_1_GE06_15_15,103,PR,0,GE06,2018-12-12,93758
PR_G5-1_1_GE06_15_15,103,PR,0,GE06,2018-12-31,93758
PR_G5-1_1_GE06_15_15,104,PR,2136,GE06,2019-01-18,95894
PR_G5-1_1_GE06_15_15,104,PR,2136,GE06,2019-01-28,98030
PR_G5-1_1_GE06_15_15,105,PR,0,GE06,2019-02-25,98030
PR_G5-1_1_GE06_15_15,106,PR,1190,GE06,2019-03-06,99220
PR_G5-1_1_GE06_15_15,111,PR,3431,GE06,2019-08-12,102651
PR_G5-1_1_GE06_15_15,111,PR,3431,GE06,2019-08-21,106082
PR_G5-1_1_GE06_15_15,111,PR,3431,GE06,2019-08-30,109513
PR_G5-1_1_GE06_15_15,112,PR,1995,GE06,2019-09-27,111508
PR_G5-1_1_GE06_15_15,113,PR,0,GE06,2019-10-07,111508
PR_G5-1_1_GE06_15_15,113,PR,0,GE06,2019-10-16,111508
PR_G5-1_1_GE06_15_15,114,PR,1399,GE06,2019-11-13,112907
PR_G5-1_1_GE06_15_15,115,PR,1302,GE06,2019-12-02,114209
PR_G5-1_1_GE06_15_15,116,PR,1128,GE06,2020-01-17,115337
PR_G5-1_1_GE06_15_15,117,PR,1127,GE06,2020-02-05,116464
PR_G5-1_1_GE06_15_15,119,PR,0,GE06,2020-04-29,116464
PR_G5-1_1_GE06_15_15,118,PR,1792,GE06,2020-03-13,118256
PR_G5-1_1_GE06_15_15,123,PR,1509,GE06,2020-08-06,119765
PR_G5-1_1_GE06_15_15,123,PR,1509,GE06,2020-08-18,121274
PR_G5-1_1_GE06_15_15,127,PR,0,GE06,2020-12-19,121274
PR_G5-1_1_GE06_15_15,128,PR,2952,GE06,2021-01-15,124226
PR_G5-1_1_GE06_15_15,128,PR,2952,GE06,2021-01-27,127178
PR_G5-1_1_GE06_15_15,130,PR,1970,GE06,2021-03-15,129148
PR_G5-1_1_GE06_15_15,132,PR,0,GE06,2021-05-12,129148
PR_G5-1_1_GE06_15_15,132,PR,0,GE06,2021-05-24,129148
PR_G5-1_1_GE06_15_15,133,PR,1931,GE06,2021-06-04,131079
PR_G5-1_1_GE06_15_15,133,PR,1931,GE06,2021-06-16,133010
PR_G5-1_1_GE06_15_15,134,PR,0,GE06,2021-07-10,133010
PR_G5-1_1_GE06_15_15,135,PR,0,GE06,2021-08-04,133010
PR_G5-1_1_GE06_15_15,136,PR,0,GE06,2021-09-08,133010
PR_G5-1_1_GE06_15_15,142,PR,2300,GE06,2022-03-16,135310
PR_G5-1_1_GE06_15_15,142,PR,2300,GE06,2022-03-28,137610
PR_G5-1_1_GE06_15_15,143,PR,0,GE06,2022-04-08,137610
PR_G5-1_1_GE06_15_15,143,PR,0,GE06,2022-04-20,137610
PR_G5-1_1_GE06_15_15,146,PR,2180,GE06,2022-07-11,139790
PR_G5-1_1_GE06_15_15,146,PR,2180,GE06,2022-07-22,141970
PR_G5-1_1_GE06_15_15,147,PR,1572,GE06,2022-08-15,143542
PR_G5-1_1_GE06_15_15,147,PR,1572,GE06,2022-08-26,145114
PR_G5-1_1_GE06_15_15,148,PR,1861,GE06,2022-09-30,146975
PR_G5-1_1_GE06_15_15,150,PR,1531,GE06,2022-11-16,148506
PR_G5-1_1_GE06_15_15,154,PR,2517,GE06,2023-03-16,151023
PR_G5-1_1_GE06_15_15,155,PR,2135,GE06,2023-04-21,153158
PR_G5-1_1_GE06_15_15,156,PR,0,GE06,2023-05-15,153158
PR_G5-1_1_GE06_15_15,157,PR,0,GE06,2023-06-19,153158
PR_G5-1_1_GE06_15_15,157,PR,0,GE06,2023-06-30,153158
PR_G5-1_1_GE06_15_15,158,PR,1496,GE06,2023-07-25,154654
PR_G5-1_1_GE06_15_15,159,PR,0,GE06,2023-08-29,154654
PR_G5-1_1_GE06_15_15,160,PR,0,GE06,2023-09-21,154654
PR_G5-1_1_GE06_15_15,161,PR,2525,GE06,2023-10-03,157179
PR_G5-1_1_GE06_15_15,161,PR,2525,GE06,2023-10-26,159704
PR_G5-1_1_GE06_15_15,165,PR,0,GE06,2024-02-26,159704
PR_G5-1_1_GE06_15_15,166,PR,0,GE06,2024-03-26,159704
PR_G5-1_1_GE06_15_15,166,PR,0,GE06,2024-03-08,159704
PR_G5-1_1_GE06_15_15,166,PR,0,GE06,2024-03-14,159704
PR_G5-1_1_GE06_15_15,167,PR,0,GE06,2024-04-08,159704
PR_G5-1_1_GE06_15_15,168,PR,0,GE06,2024-05-01,159704
PR_G5-1_1_GE06_15_15,168,PR,0,GE06,2024-05-08,159704
PR_G5-1_2_GE09_28_25,40,PR,0,GE09,2013-09-10,0
PR_G5-1_2_GE09_28_25,40,PR,0,GE09,2013-09-19,0
PR_G5-1_2_GE09_28_25,40,PR,0,GE09,2013-09-30,0
PR_G5-1_2_GE09_28_25,39,PR,0,GE09,2013-08-30,0
PR_G5-1_2_GE09_28_25,41,PR,0,GE09,2013-10-09,0
PR_G5-1_2_GE09_28_25,41,PR,0,GE09,2013-10-21,0
PR_G5-1_2_GE09_28_25,42,PR,0,GE09,2013-11-07,0
PR_G5-1_2_GE09_28_25,42,PR,0,GE09,2013-11-26,0
PR_G5-1_2_GE09_28_25,43,PR,0,GE09,2013-12-17,0
PR_G5-1_2_GE09_28_25,44,PR,0,GE09,2014-01-04,0
PR_G5-1_2_GE09_28_25,44,PR,0,GE09,2014-01-14,0
PR_G5-1_2_GE09_28_25,45,PR,0,GE09,2014-02-03,0
PR_G5-1_2_GE09_28_25,45,PR,0,GE09,2014-02-13,0
PR_G5-1_2_GE09_28_25,46,PR,0,GE09,2014-03-14,0
PR_G5-1_2_GE09_28_25,46,PR,0,GE09,2014-03-05,0
PR_G5-1_2_GE09_28_25,47,PR,1439,GE09,2014-04-11,1439
PR_G5-1_2_GE09_28_25,47,PR,1439,GE09,2014-04-21,2878
PR_G5-1_2_GE09_28_25,47,PR,1439,GE09,2014-04-30,4317
PR_G5-1_2_GE09_28_25,48,PR,853,GE09,2014-05-09,5170
PR_G5-1_2_GE09_28_25,48,PR,853,GE09,2014-05-19,6023
PR_G5-1_2_GE09_28_25,48,PR,853,GE09,2014-05-28,6876
PR_G5-1_2_GE09_28_25,49,PR,0,GE09,2014-06-06,6876
PR_G5-1_2_GE09_28_25,49,PR,0,GE09,2014-06-25,6876
PR_G5-1_2_GE09_28_25,50,PR,477,GE09,2014-07-14,7353
PR_G5-1_2_GE09_28_25,51,PR,707,GE09,2014-08-11,8060
PR_G5-1_2_GE09_28_25,51,PR,707,GE09,2014-08-01,8767
PR_G5-1_2_GE09_28_25,51,PR,707,GE09,2014-08-20,9474
PR_G5-1_2_GE09_28_25,52,PR,728,GE09,2014-09-08,10202
PR_G5-1_2_GE09_28_25,52,PR,728,GE09,2014-09-26,10930
PR_G5-1_2_GE09_28_25,53,PR,1240,GE09,2014-10-06,12170
PR_G5-1_2_GE09_28_25,53,PR,1240,GE09,2014-10-15,13410
PR_G5-1_2_GE09_28_25,54,PR,1169,GE09,2014-11-03,14579
PR_G5-1_2_GE09_28_25,54,PR,1169,GE09,2014-11-12,15748
PR_G5-1_2_GE09_28_25,55,PR,653,GE09,2014-12-01,16401
PR_G5-1_2_GE09_28_25,55,PR,653,GE09,2014-12-17,17054
PR_G5-1_2_GE09_28_25,56,PR,799,GE09,2015-01-07,17853
PR_G5-1_2_GE09_28_25,56,PR,799,GE09,2015-01-16,18652
PR_G5-1_2_GE09_28_25,56,PR,799,GE09,2015-01-26,19451
PR_G5-1_2_GE09_28_25,57,PR,1863,GE09,2015-02-13,21314
PR_G5-1_2_GE09_28_25,57,PR,1863,GE09,2015-02-04,23177
PR_G5-1_2_GE09_28_25,57,PR,1863,GE09,2015-02-23,25040
PR_G5-1_2_GE09_28_25,58,PR,990,GE09,2015-03-04,26030
PR_G5-1_2_GE09_28_25,58,PR,990,GE09,2015-03-23,27020
PR_G5-1_2_GE09_28_25,59,PR,808,GE09,2015-04-01,27828
PR_G5-1_2_GE09_28_25,59,PR,808,GE09,2015-04-10,28636
PR_G5-1_2_GE09_28_25,59,PR,808,GE09,2015-04-20,29444
PR_G5-1_2_GE09_28_25,60,PR,919,GE09,2015-05-08,30363
PR_G5-1_2_GE09_28_25,60,PR,919,GE09,2015-05-18,31282
PR_G5-1_2_GE09_28_25,61,PR,751,GE09,2015-06-05,32033
PR_G5-1_2_GE09_28_25,61,PR,751,GE09,2015-06-24,32784
PR_G5-1_2_GE09_28_25,61,PR,751,GE09,2015-06-15,33535
PR_G5-1_2_GE09_28_25,62,PR,0,GE09,2015-07-03,33535
PR_G5-1_2_GE09_28_25,62,PR,0,GE09,2015-07-13,33535
PR_G5-1_2_GE09_28_25,62,PR,0,GE09,2015-07-22,33535
PR_G5-1_2_GE09_28_25,62,PR,0,GE09,2015-07-31,33535
PR_G5-1_2_GE09_28_25,63,PR,0,GE09,2015-08-10,33535
PR_G5-1_2_GE09_28_25,63,PR,0,GE09,2015-08-19,33535
PR_G5-1_2_GE09_28_25,64,PR,1738,GE09,2015-09-07,35273
PR_G5-1_2_GE09_28_25,64,PR,1738,GE09,2015-09-16,37011
PR_G5-1_2_GE09_28_25,64,PR,1738,GE09,2015-09-25,38749
PR_G5-1_2_GE09_28_25,65,PR,1271,GE09,2015-10-14,40020
PR_G5-1_2_GE09_28_25,70,PR,3415,GE09,2016-03-02,43435
PR_G5-1_2_GE09_28_25,70,PR,3415,GE09,2016-03-11,46850
PR_G5-1_2_GE09_28_25,70,PR,3415,GE09,2016-03-30,50265
PR_G5-1_2_GE09_28_25,70,PR,3415,GE09,2016-03-21,53680
PR_G5-1_2_GE09_28_25,69,PR,1461,GE09,2016-02-22,55141
PR_G5-1_2_GE09_28_25,69,PR,1461,GE09,2016-02-12,56602
PR_G5-1_2_GE09_28_25,71,PR,0,GE09,2016-04-08,56602
PR_G5-1_2_GE09_28_25,71,PR,0,GE09,2016-04-18,56602
PR_G5-1_2_GE09_28_25,72,PR,1813,GE09,2016-05-06,58415
PR_G5-1_2_GE09_28_25,72,PR,1813,GE09,2016-05-16,60228
PR_G5-1_2_GE09_28_25,72,PR,1813,GE09,2016-05-25,62041
PR_G5-1_2_GE09_28_25,73,PR,1800,GE09,2016-06-13,63841
PR_G5-1_2_GE09_28_25,73,PR,1800,GE09,2016-06-22,65641
PR_G5-1_2_GE09_28_25,74,PR,0,GE09,2016-07-11,65641
PR_G5-1_2_GE09_28_25,74,PR,0,GE09,2016-07-20,65641
PR_G5-1_2_GE09_28_25,75,PR,1593,GE09,2016-08-08,67234
PR_G5-1_2_GE09_28_25,75,PR,1593,GE09,2016-08-17,68827
PR_G5-1_2_GE09_28_25,75,PR,1593,GE09,2016-08-26,70420
PR_G5-1_2_GE09_28_25,76,PR,1994,GE09,2016-09-23,72414
PR_G5-1_2_GE09_28_25,77,PR,3179,GE09,2016-10-03,75593
PR_G5-1_2_GE09_28_25,77,PR,3179,GE09,2016-10-31,78772
PR_G5-1_2_GE09_28_25,82,PR,1196,GE09,2017-03-10,79968
PR_G5-1_2_GE09_28_25,82,PR,1196,GE09,2017-03-20,81164
PR_G5-1_2_GE09_28_25,82,PR,1196,GE09,2017-03-29,82360
PR_G5-1_2_GE09_28_25,83,PR,0,GE09,2017-04-07,82360
PR_G5-1_2_GE09_28_25,83,PR,0,GE09,2017-04-17,82360
PR_G5-1_2_GE09_28_25,83,PR,0,GE09,2017-04-26,82360
PR_G5-1_2_GE09_28_25,84,PR,1972,GE09,2017-05-05,84332
PR_G5-1_2_GE09_28_25,84,PR,1972,GE09,2017-05-24,86304
PR_G5-1_2_GE09_28_25,85,PR,0,GE09,2017-06-12,86304
PR_G5-1_2_GE09_28_25,85,PR,0,GE09,2017-06-21,86304
PR_G5-1_2_GE09_28_25,86,PR,1525,GE09,2017-07-10,87829
PR_G5-1_2_GE09_28_25,86,PR,1525,GE09,2017-07-19,89354
PR_G5-1_2_GE09_28_25,86,PR,1525,GE09,2017-07-28,90879
PR_G5-1_2_GE09_28_25,87,PR,1920,GE09,2017-08-25,92799
PR_G5-1_2_GE09_28_25,88,PR,1793,GE09,2017-09-22,94592
PR_G5-1_2_GE09_28_25,89,PR,3692,GE09,2017-10-11,98284
PR_G5-1_2_GE09_28_25,89,PR,3692,GE09,2017-10-30,101976
PR_G5-1_2_GE09_28_25,90,PR,0,GE09,2017-11-08,101976
PR_G5-1_2_GE09_28_25,95,PR,2167,GE09,2018-04-06,104143
PR_G5-1_2_GE09_28_25,95,PR,2167,GE09,2018-04-16,106310
PR_G5-1_2_GE09_28_25,96,PR,2639,GE09,2018-05-04,108949
PR_G5-1_2_GE09_28_25,96,PR,2639,GE09,2018-05-14,111588
PR_G5-1_2_GE09_28_25,96,PR,2639,GE09,2018-05-23,114227
PR_G5-1_2_GE09_28_25,97,PR,2063,GE09,2018-06-01,116290
PR_G5-1_2_GE09_28_25,97,PR,2063,GE09,2018-06-20,118353
PR_G5-1_2_GE09_28_25,98,PR,1928,GE09,2018-07-09,120281
PR_G5-1_2_GE09_28_25,98,PR,1928,GE09,2018-07-18,122209
PR_G5-1_2_GE09_28_25,99,PR,1957,GE09,2018-08-06,124166
PR_G5-1_2_GE09_28_25,99,PR,1957,GE09,2018-08-24,126123
PR_G5-1_2_GE09_28_25,100,PR,0,GE09,2018-09-12,126123
PR_G5-1_2_GE09_28_25,101,PR,0,GE09,2018-10-01,126123
PR_G5-1_2_GE09_28_25,101,PR,0,GE09,2018-10-19,126123
PR_G5-1_2_GE09_28_25,101,PR,0,GE09,2018-10-29,126123
PR_G5-1_2_GE09_28_25,102,PR,4502,GE09,2018-11-07,130625
PR_G5-1_2_GE09_28_25,102,PR,4502,GE09,2018-11-26,135127
PR_G5-1_2_GE09_28_25,103,PR,0,GE09,2018-12-24,135127
PR_G5-1_2_GE09_28_25,104,PR,2113,GE09,2019-01-02,137240
PR_G5-1_2_GE09_28_25,104,PR,2113,GE09,2019-01-11,139353
PR_G5-1_2_GE09_28_25,108,PR,5391,GE09,2019-05-22,144744
PR_G5-1_2_GE09_28_25,108,PR,5391,GE09,2019-05-13,150135
PR_G5-1_2_GE09_28_25,108,PR,5391,GE09,2019-05-31,155526
PR_G5-1_2_GE09_28_25,107,PR,2127,GE09,2019-04-15,157653
PR_G5-1_2_GE09_28_25,109,PR,2445,GE09,2019-06-10,160098
PR_G5-1_2_GE09_28_25,109,PR,2445,GE09,2019-06-28,162543
PR_G5-1_2_GE09_28_25,110,PR,0,GE09,2019-07-17,162543
PR_G5-1_2_GE09_28_25,110,PR,0,GE09,2019-07-26,162543
PR_G5-1_2_GE09_28_25,112,PR,2146,GE09,2019-09-02,164689
PR_G5-1_2_GE09_28_25,116,PR,2660,GE09,2020-01-10,167349
PR_G5-1_2_GE09_28_25,116,PR,2660,GE09,2020-01-01,170009
PR_G5-1_2_GE09_28_25,116,PR,2660,GE09,2020-01-20,172669
PR_G5-1_2_GE09_28_25,115,PR,2474,GE09,2019-12-23,175143
PR_G5-1_2_GE09_28_25,115,PR,2474,GE09,2019-12-13,177617
PR_G5-1_2_GE09_28_25,120,PR,3631,GE09,2020-05-11,181248
PR_G5-1_2_GE09_28_25,120,PR,3631,GE09,2020-05-01,184879
PR_G5-1_2_GE09_28_25,120,PR,3631,GE09,2020-05-29,188510
PR_G5-1_2_GE09_28_25,121,PR,0,GE09,2020-06-17,188510
PR_G5-1_2_GE09_28_25,121,PR,0,GE09,2020-06-26,188510
PR_G5-1_2_GE09_28_25,122,PR,2763,GE09,2020-07-07,191273
PR_G5-1_2_GE09_28_25,122,PR,2763,GE09,2020-07-28,194036
PR_G5-1_2_GE09_28_25,123,PR,2280,GE09,2020-08-08,196316
PR_G5-1_2_GE09_28_25,124,PR,2107,GE09,2020-09-01,198423
PR_G5-1_2_GE09_28_25,124,PR,2107,GE09,2020-09-25,200530
PR_G5-1_2_GE09_28_25,126,PR,2045,GE09,2020-11-28,202575
PR_G5-1_2_GE09_28_25,127,PR,0,GE09,2020-12-10,202575
PR_G5-1_2_GE09_28_25,131,PR,1720,GE09,2021-04-21,204295
PR_G5-1_2_GE09_28_25,131,PR,1720,GE09,2021-04-09,206015
PR_G5-1_2_GE09_28_25,132,PR,3300,GE09,2021-05-03,209315
PR_G5-1_2_GE09_28_25,132,PR,3300,GE09,2021-05-14,212615
PR_G5-1_2_GE09_28_25,132,PR,3300,GE09,2021-05-26,215915
PR_G5-1_2_GE09_28_25,133,PR,2396,GE09,2021-06-30,218311
PR_G5-1_2_GE09_28_25,134,PR,0,GE09,2021-07-13,218311
PR_G5-1_2_GE09_28_25,134,PR,0,GE09,2021-07-26,218311
PR_G5-1_2_GE09_28_25,135,PR,0,GE09,2021-08-18,218311
PR_G5-1_2_GE09_28_25,135,PR,0,GE09,2021-08-30,218311
PR_G5-1_2_GE09_28_25,136,PR,0,GE09,2021-09-22,218311
PR_G5-1_2_GE09_28_25,137,PR,0,GE09,2021-10-27,218311
PR_G5-1_2_GE09_28_25,138,PR,2452,GE09,2021-11-08,220763
PR_G5-1_2_GE09_28_25,139,PR,1736,GE09,2021-12-01,222499
PR_G5-1_2_GE09_28_25,139,PR,1736,GE09,2021-12-13,224235
PR_G5-1_2_GE09_28_25,142,PR,6603,GE09,2022-03-07,230838
PR_G5-1_2_GE09_28_25,142,PR,6603,GE09,2022-03-18,237441
PR_G5-1_2_GE09_28_25,142,PR,6603,GE09,2022-03-30,244044
PR_G5-1_2_GE09_28_25,143,PR,0,GE09,2022-04-11,244044
PR_G5-1_2_GE09_28_25,145,PR,3307,GE09,2022-06-08,247351
PR_G5-1_2_GE09_28_25,145,PR,3307,GE09,2022-06-20,250658
PR_G5-1_2_GE09_28_25,146,PR,2649,GE09,2022-07-13,253307
PR_G5-1_2_GE09_28_25,147,PR,0,GE09,2022-08-05,253307
PR_G5-1_2_GE09_28_25,147,PR,0,GE09,2022-08-17,253307
PR_G5-1_2_GE09_28_25,148,PR,1943,GE09,2022-09-09,255250
PR_G5-1_2_GE09_28_25,154,PR,7153,GE09,2023-03-07,262403
PR_G5-1_2_GE09_28_25,154,PR,7153,GE09,2023-03-20,269556
PR_G5-1_2_GE09_28_25,154,PR,7153,GE09,2023-03-31,276709
PR_G5-1_2_GE09_28_25,155,PR,0,GE09,2023-04-24,276709
PR_G5-1_2_GE09_28_25,156,PR,3076,GE09,2023-05-05,279785
PR_G5-1_2_GE09_28_25,156,PR,3076,GE09,2023-05-29,282861
PR_G5-1_2_GE09_28_25,157,PR,2280,GE09,2023-06-21,285141
PR_G5-1_2_GE09_28_25,158,PR,2382,GE09,2023-07-04,287523
PR_G5-1_2_GE09_28_25,166,PR,0,GE09,2024-03-16,287523
PR_G5-1_2_GE09_28_25,166,PR,0,GE09,2024-03-08,287523
PR_G5-1_2_GE09_28_25,166,PR,0,GE09,2024-03-28,287523
PR_G5-1_2_GE09_28_25,167,PR,0,GE09,2024-04-10,287523
PR_G5-1_2_GE09_28_25,169,PR,0,GE09,2024-06-08,287523
PR_G5-1_2_GE09_28_25,169,PR,0,GE09,2024-06-21,287523
PR_G5-1_2_GE09_28_26,35,PR,0,GE09,2013-04-10,0
PR_G5-1_2_GE09_28_26,35,PR,0,GE09,2013-04-19,0
PR_G5-1_2_GE09_28_26,35,PR,0,GE09,2013-04-30,0
PR_G5-1_2_GE09_28_26,36,PR,0,GE09,2013-05-20,0
PR_G5-1_2_GE09_28_26,37,PR,0,GE09,2013-06-19,0
PR_G5-1_2_GE09_28_26,38,PR,0,GE09,2013-07-03,0
PR_G5-1_2_GE09_28_26,38,PR,0,GE09,2013-07-12,0
PR_G5-1_2_GE09_28_26,39,PR,0,GE09,2013-08-09,0
PR_G5-1_2_GE09_28_26,42,PR,0,GE09,2013-11-07,0
PR_G5-1_2_GE09_28_26,42,PR,0,GE09,2013-11-18,0
PR_G5-1_2_GE09_28_26,43,PR,0,GE09,2013-12-07,0
PR_G5-1_2_GE09_28_26,44,PR,0,GE09,2014-01-04,0
PR_G5-1_2_GE09_28_26,44,PR,0,GE09,2014-01-24,0
PR_G5-1_2_GE09_28_26,45,PR,0,GE09,2014-02-03,0
PR_G5-1_2_GE09_28_26,45,PR,0,GE09,2014-02-24,0
PR_G5-1_2_GE09_28_26,46,PR,0,GE09,2014-03-14,0
PR_G5-1_2_GE09_28_26,46,PR,0,GE09,2014-03-24,0
PR_G5-1_2_GE09_28_26,47,PR,1840,GE09,2014-04-02,1840
PR_G5-1_2_GE09_28_26,47,PR,1840,GE09,2014-04-30,3680
PR_G5-1_2_GE09_28_26,48,PR,0,GE09,2014-05-19,3680
PR_G5-1_2_GE09_28_26,49,PR,913,GE09,2014-06-16,4593
PR_G5-1_2_GE09_28_26,50,PR,892,GE09,2014-07-04,5485
PR_G5-1_2_GE09_28_26,50,PR,892,GE09,2014-07-23,6377
PR_G5-1_2_GE09_28_26,51,PR,1791,GE09,2014-08-11,8168
PR_G5-1_2_GE09_28_26,51,PR,1791,GE09,2014-08-20,9959
PR_G5-1_2_GE09_28_26,51,PR,1791,GE09,2014-08-29,11750
PR_G5-1_2_GE09_28_26,52,PR,0,GE09,2014-09-17,11750
PR_G5-1_2_GE09_28_26,53,PR,846,GE09,2014-10-06,12596
PR_G5-1_2_GE09_28_26,53,PR,846,GE09,2014-10-24,13442
PR_G5-1_2_GE09_28_26,54,PR,1050,GE09,2014-11-12,14492
PR_G5-1_2_GE09_28_26,55,PR,1021,GE09,2014-12-01,15513
PR_G5-1_2_GE09_28_26,55,PR,1021,GE09,2014-12-17,16534
PR_G5-1_2_GE09_28_26,57,PR,1470,GE09,2015-02-23,18004
PR_G5-1_2_GE09_28_26,58,PR,1250,GE09,2015-03-23,19254
PR_G5-1_2_GE09_28_26,61,PR,1000,GE09,2015-06-05,20254
PR_G5-1_2_GE09_28_26,61,PR,1000,GE09,2015-06-15,21254
PR_G5-1_2_GE09_28_26,62,PR,2025,GE09,2015-07-03,23279
PR_G5-1_2_GE09_28_26,62,PR,2025,GE09,2015-07-13,25304
PR_G5-1_2_GE09_28_26,62,PR,2025,GE09,2015-07-22,27329
PR_G5-1_2_GE09_28_26,62,PR,2025,GE09,2015-07-31,29354
PR_G5-1_2_GE09_28_26,63,PR,892,GE09,2015-08-19,30246
PR_G5-1_2_GE09_28_26,63,PR,892,GE09,2015-08-28,31138
PR_G5-1_2_GE09_28_26,64,PR,0,GE09,2015-09-07,31138
PR_G5-1_2_GE09_28_26,64,PR,0,GE09,2015-09-16,31138
PR_G5-1_2_GE09_28_26,65,PR,1286,GE09,2015-10-05,32424
PR_G5-1_2_GE09_28_26,65,PR,1286,GE09,2015-10-14,33710
PR_G5-1_2_GE09_28_26,66,PR,3516,GE09,2015-11-02,37226
PR_G5-1_2_GE09_28_26,66,PR,3516,GE09,2015-11-20,40742
PR_G5-1_2_GE09_28_26,66,PR,3516,GE09,2015-11-30,44258
PR_G5-1_2_GE09_28_26,67,PR,0,GE09,2015-12-09,44258
PR_G5-1_2_GE09_28_26,67,PR,0,GE09,2015-12-26,44258
PR_G5-1_2_GE09_28_26,68,PR,1391,GE09,2016-01-25,45649
PR_G5-1_2_GE09_28_26,69,PR,1239,GE09,2016-02-03,46888
PR_G5-1_2_GE09_28_26,69,PR,1239,GE09,2016-02-22,48127
PR_G5-1_2_GE09_28_26,70,PR,2526,GE09,2016-03-11,50653
PR_G5-1_2_GE09_28_26,70,PR,2526,GE09,2016-03-30,53179
PR_G5-1_2_GE09_28_26,71,PR,0,GE09,2016-04-18,53179
PR_G5-1_2_GE09_28_26,72,PR,2596,GE09,2016-05-06,55775
PR_G5-1_2_GE09_28_26,73,PR,2120,GE09,2016-06-03,57895
PR_G5-1_2_GE09_28_26,73,PR,2120,GE09,2016-06-13,60015
PR_G5-1_2_GE09_28_26,73,PR,2120,GE09,2016-06-22,62135
PR_G5-1_2_GE09_28_26,74,PR,2930,GE09,2016-07-11,65065
PR_G5-1_2_GE09_28_26,74,PR,2930,GE09,2016-07-29,67995
PR_G5-1_2_GE09_28_26,75,PR,0,GE09,2016-08-08,67995
PR_G5-1_2_GE09_28_26,75,PR,0,GE09,2016-08-17,67995
PR_G5-1_2_GE09_28_26,75,PR,0,GE09,2016-08-26,67995
PR_G5-1_2_GE09_28_26,76,PR,0,GE09,2016-09-23,67995
PR_G5-1_2_GE09_28_26,77,PR,3743,GE09,2016-10-03,71738
PR_G5-1_2_GE09_28_26,77,PR,3743,GE09,2016-10-12,75481
PR_G5-1_2_GE09_28_26,77,PR,3743,GE09,2016-10-31,79224
PR_G5-1_2_GE09_28_26,82,PR,1460,GE09,2017-03-20,80684
PR_G5-1_2_GE09_28_26,83,PR,0,GE09,2017-04-07,80684
PR_G5-1_2_GE09_28_26,83,PR,0,GE09,2017-04-17,80684
PR_G5-1_2_GE09_28_26,86,PR,1656,GE09,2017-07-10,82340
PR_G5-1_2_GE09_28_26,86,PR,1656,GE09,2017-07-28,83996
PR_G5-1_2_GE09_28_26,87,PR,2208,GE09,2017-08-16,86204
PR_G5-1_2_GE09_28_26,87,PR,2208,GE09,2017-08-25,88412
PR_G5-1_2_GE09_28_26,88,PR,1529,GE09,2017-09-22,89941
PR_G5-1_2_GE09_28_26,89,PR,2100,GE09,2017-10-30,92041
PR_G5-1_2_GE09_28_26,90,PR,0,GE09,2017-11-08,92041
PR_G5-1_2_GE09_28_26,91,PR,1339,GE09,2017-12-06,93380
PR_G5-1_2_GE09_28_26,92,PR,1643,GE09,2018-01-12,95023
PR_G5-1_2_GE09_28_26,92,PR,1643,GE09,2018-01-22,96666
PR_G5-1_2_GE09_28_26,93,PR,1570,GE09,2018-02-09,98236
PR_G5-1_2_GE09_28_26,93,PR,1570,GE09,2018-02-19,99806
PR_G5-1_2_GE09_28_26,94,PR,1437,GE09,2018-03-09,101243
PR_G5-1_2_GE09_28_26,94,PR,1437,GE09,2018-03-28,102680
PR_G5-1_2_GE09_28_26,95,PR,1842,GE09,2018-04-16,104522
PR_G5-1_2_GE09_28_26,98,PR,2289,GE09,2018-07-09,106811
PR_G5-1_2_GE09_28_26,98,PR,2289,GE09,2018-07-18,109100
PR_G5-1_2_GE09_28_26,99,PR,0,GE09,2018-08-15,109100
PR_G5-1_2_GE09_28_26,100,PR,1893,GE09,2018-09-12,110993
PR_G5-1_2_GE09_28_26,101,PR,1944,GE09,2018-10-10,112937
PR_G5-1_2_GE09_28_26,104,PR,3736,GE09,2019-01-11,116673
PR_G5-1_2_GE09_28_26,104,PR,3736,GE09,2019-01-21,120409
PR_G5-1_2_GE09_28_26,104,PR,3736,GE09,2019-01-30,124145
PR_G5-1_2_GE09_28_26,105,PR,2152,GE09,2019-02-18,126297
PR_G5-1_2_GE09_28_26,105,PR,2152,GE09,2019-02-27,128449
PR_G5-1_2_GE09_28_26,106,PR,0,GE09,2019-03-08,128449
PR_G5-1_2_GE09_28_26,106,PR,0,GE09,2019-03-27,128449
PR_G5-1_2_GE09_28_26,107,PR,1910,GE09,2019-04-05,130359
PR_G5-1_2_GE09_28_26,107,PR,1910,GE09,2019-04-24,132269
PR_G5-1_2_GE09_28_26,108,PR,2172,GE09,2019-05-03,134441
PR_G5-1_2_GE09_28_26,109,PR,1867,GE09,2019-06-19,136308
PR_G5-1_2_GE09_28_26,110,PR,1558,GE09,2019-07-08,137866
PR_G5-1_2_GE09_28_26,110,PR,1558,GE09,2019-07-26,139424
PR_G5-1_2_GE09_28_26,112,PR,1972,GE09,2019-09-02,141396
PR_G5-1_2_GE09_28_26,112,PR,1972,GE09,2019-09-11,143368
PR_G5-1_2_GE09_28_26,117,PR,5282,GE09,2020-02-17,148650
PR_G5-1_2_GE09_28_26,117,PR,5282,GE09,2020-02-26,153932
PR_G5-1_2_GE09_28_26,120,PR,5147,GE09,2020-05-11,159079
PR_G5-1_2_GE09_28_26,120,PR,5147,GE09,2020-05-29,164226
PR_G5-1_2_GE09_28_26,121,PR,0,GE09,2020-06-08,164226
PR_G5-1_2_GE09_28_26,121,PR,0,GE09,2020-06-17,164226
PR_G5-1_2_GE09_28_26,123,PR,2187,GE09,2020-08-20,166413
PR_G5-1_2_GE09_28_26,124,PR,2108,GE09,2020-09-12,168521
PR_G5-1_2_GE09_28_26,124,PR,2108,GE09,2020-09-25,170629
PR_G5-1_2_GE09_28_26,125,PR,2304,GE09,2020-10-19,172933
PR_G5-1_2_GE09_28_26,128,PR,5102,GE09,2021-01-06,178035
PR_G5-1_2_GE09_28_26,128,PR,5102,GE09,2021-01-29,183137
PR_G5-1_2_GE09_28_26,129,PR,0,GE09,2021-02-10,183137
PR_G5-1_2_GE09_28_26,129,PR,0,GE09,2021-02-22,183137
PR_G5-1_2_GE09_28_26,130,PR,2670,GE09,2021-03-17,185807
PR_G5-1_2_GE09_28_26,130,PR,2670,GE09,2021-03-29,188477
PR_G5-1_2_GE09_28_26,136,PR,2603,GE09,2021-09-22,191080
PR_G5-1_2_GE09_28_26,139,PR,2258,GE09,2021-12-13,193338
PR_G5-1_2_GE09_28_26,139,PR,2258,GE09,2021-12-24,195596
PR_G5-1_2_GE09_28_26,140,PR,4619,GE09,2022-01-07,200215
PR_G5-1_2_GE09_28_26,140,PR,4619,GE09,2022-01-19,204834
PR_G5-1_2_GE09_28_26,140,PR,4619,GE09,2022-01-31,209453
PR_G5-1_2_GE09_28_26,142,PR,2972,GE09,2022-03-18,212425
PR_G5-1_2_GE09_28_26,143,PR,3008,GE09,2022-04-11,215433
PR_G5-1_2_GE09_28_26,143,PR,3008,GE09,2022-04-22,218441
PR_G5-1_2_GE09_28_26,144,PR,0,GE09,2022-05-04,218441
PR_G5-1_2_GE09_28_26,144,PR,0,GE09,2022-05-27,218441
PR_G5-1_2_GE09_28_26,150,PR,4826,GE09,2022-11-18,223267
PR_G5-1_2_GE09_28_26,150,PR,4826,GE09,2022-11-30,228093
PR_G5-1_2_GE09_28_26,151,PR,0,GE09,2022-12-12,228093
PR_G5-1_2_GE09_28_26,152,PR,2746,GE09,2023-01-06,230839
PR_G5-1_2_GE09_28_26,155,PR,0,GE09,2023-04-24,230839
PR_G5-1_2_GE09_28_26,156,PR,0,GE09,2023-05-05,230839
PR_G5-1_2_GE09_28_26,161,PR,1747,GE09,2023-10-05,232586
PR_G5-1_2_GE09_28_26,161,PR,1747,GE09,2023-10-17,234333
PR_G5-1_2_GE09_28_26,162,PR,0,GE09,2023-11-09,234333
PR_G5-1_2_GE09_28_26,162,PR,0,GE09,2023-11-21,234333
PR_G5-1_2_GE09_28_26,163,PR,2175,GE09,2023-12-02,236508
PR_G5-1_2_GE09_28_26,163,PR,2175,GE09,2023-12-26,238683
PR_G5-1_2_GE09_28_26,166,PR,0,GE09,2024-03-08,238683
PR_G5-1_2_GE12_29_10,34,PR,0,GE12,2013-03-29,0
PR_G5-1_2_GE12_29_10,35,PR,0,GE12,2013-04-10,0
PR_G5-1_2_GE12_29_10,35,PR,0,GE12,2013-04-30,0
PR_G5-1_2_GE12_29_10,36,PR,0,GE12,2013-05-10,0
PR_G5-1_2_GE12_29_10,36,PR,0,GE12,2013-05-20,0
PR_G5-1_2_GE12_29_10,37,PR,0,GE12,2013-06-08,0
PR_G5-1_2_GE12_29_10,37,PR,0,GE12,2013-06-19,0
PR_G5-1_2_GE12_29_10,38,PR,0,GE12,2013-07-12,0
PR_G5-1_2_GE12_29_10,39,PR,0,GE12,2013-08-09,0
PR_G5-1_2_GE12_29_10,39,PR,0,GE12,2013-08-20,0
PR_G5-1_2_GE12_29_10,39,PR,0,GE12,2013-08-30,0
PR_G5-1_2_GE12_29_10,40,PR,0,GE12,2013-09-19,0
PR_G5-1_2_GE12_29_10,40,PR,0,GE12,2013-09-30,0
PR_G5-1_2_GE12_29_10,41,PR,0,GE12,2013-10-09,0
PR_G5-1_2_GE12_29_10,42,PR,0,GE12,2013-11-18,0
PR_G5-1_2_GE12_29_10,43,PR,0,GE12,2013-12-06,0
PR_G5-1_2_GE12_29_10,44,PR,0,GE12,2014-01-14,0
PR_G5-1_2_GE12_29_10,44,PR,0,GE12,2014-01-24,0
PR_G5-1_2_GE12_29_10,45,PR,0,GE12,2014-02-03,0
PR_G5-1_2_GE12_29_10,45,PR,0,GE12,2014-02-13,0
PR_G5-1_2_GE12_29_10,45,PR,0,GE12,2014-02-24,0
PR_G5-1_2_GE12_29_10,46,PR,0,GE12,2014-03-05,0
PR_G5-1_2_GE12_29_10,46,PR,0,GE12,2014-03-14,0
PR_G5-1_2_GE12_29_10,47,PR,1139,GE12,2014-04-02,1139
PR_G5-1_2_GE12_29_10,47,PR,1139,GE12,2014-04-21,2278
PR_G5-1_2_GE12_29_10,47,PR,1139,GE12,2014-04-30,3417
PR_G5-1_2_GE12_29_10,48,PR,568,GE12,2014-05-09,3985
PR_G5-1_2_GE12_29_10,48,PR,568,GE12,2014-05-28,4553
PR_G5-1_2_GE12_29_10,49,PR,0,GE12,2014-06-06,4553
PR_G5-1_2_GE12_29_10,49,PR,0,GE12,2014-06-16,4553
PR_G5-1_2_GE12_29_10,50,PR,423,GE12,2014-07-04,4976
PR_G5-1_2_GE12_29_10,50,PR,423,GE12,2014-07-23,5399
PR_G5-1_2_GE12_29_10,51,PR,125,GE12,2014-08-20,5524
PR_G5-1_2_GE12_29_10,51,PR,125,GE12,2014-08-11,5649
PR_G5-1_2_GE12_29_10,52,PR,470,GE12,2014-09-08,6119
PR_G5-1_2_GE12_29_10,53,PR,646,GE12,2014-10-06,6765
PR_G5-1_2_GE12_29_10,54,PR,0,GE12,2014-11-03,6765
PR_G5-1_2_GE12_29_10,59,PR,1322,GE12,2015-04-20,8087
PR_G5-1_2_GE12_29_10,60,PR,1030,GE12,2015-05-08,9117
PR_G5-1_2_GE12_29_10,60,PR,1030,GE12,2015-05-18,10147
PR_G5-1_2_GE12_29_10,60,PR,1030,GE12,2015-05-27,11177
PR_G5-1_2_GE12_29_10,61,PR,558,GE12,2015-06-15,11735
PR_G5-1_2_GE12_29_10,62,PR,0,GE12,2015-07-03,11735
PR_G5-1_2_GE12_29_10,62,PR,0,GE12,2015-07-13,11735
PR_G5-1_2_GE12_29_10,62,PR,0,GE12,2015-07-22,11735
PR_G5-1_2_GE12_29_10,63,PR,1730,GE12,2015-08-19,13465
PR_G5-1_2_GE12_29_10,63,PR,1730,GE12,2015-08-28,15195
PR_G5-1_2_GE12_29_10,64,PR,0,GE12,2015-09-07,15195
PR_G5-1_2_GE12_29_10,64,PR,0,GE12,2015-09-16,15195
PR_G5-1_2_GE12_29_10,65,PR,940,GE12,2015-10-05,16135
PR_G5-1_2_GE12_29_10,65,PR,940,GE12,2015-10-14,17075
PR_G5-1_2_GE12_29_10,66,PR,2093,GE12,2015-11-02,19168
PR_G5-1_2_GE12_29_10,66,PR,2093,GE12,2015-11-11,21261
PR_G5-1_2_GE12_29_10,66,PR,2093,GE12,2015-11-30,23354
PR_G5-1_2_GE12_29_10,73,PR,929,GE12,2016-06-13,24283
PR_G5-1_2_GE12_29_10,73,PR,929,GE12,2016-06-22,25212
PR_G5-1_2_GE12_29_10,74,PR,2260,GE12,2016-07-01,27472
PR_G5-1_2_GE12_29_10,74,PR,2260,GE12,2016-07-11,29732
PR_G5-1_2_GE12_29_10,74,PR,2260,GE12,2016-07-20,31992
PR_G5-1_2_GE12_29_10,74,PR,2260,GE12,2016-07-29,34252
PR_G5-1_2_GE12_29_10,75,PR,0,GE12,2016-08-17,34252
PR_G5-1_2_GE12_29_10,75,PR,0,GE12,2016-08-26,34252
PR_G5-1_2_GE12_29_10,76,PR,897,GE12,2016-09-23,35149
PR_G5-1_2_GE12_29_10,77,PR,1322,GE12,2016-10-12,36471
PR_G5-1_2_GE12_29_10,77,PR,1322,GE12,2016-10-21,37793
PR_G5-1_2_GE12_29_10,77,PR,1322,GE12,2016-10-31,39115
PR_G5-1_2_GE12_29_10,78,PR,0,GE12,2016-11-18,39115
PR_G5-1_2_GE12_29_10,88,PR,0,GE12,2017-09-04,39115
PR_G5-1_2_GE12_29_10,88,PR,0,GE12,2017-09-13,39115
PR_G5-1_2_GE12_29_10,89,PR,2100,GE12,2017-10-02,41215
PR_G5-1_2_GE12_29_10,89,PR,2100,GE12,2017-10-11,43315
PR_G5-1_2_GE12_29_10,89,PR,2100,GE12,2017-10-20,45415
PR_G5-1_2_GE12_29_10,89,PR,2100,GE12,2017-10-30,47515
PR_G5-1_2_GE12_29_10,90,PR,0,GE12,2017-11-08,47515
PR_G5-1_2_GE12_29_10,90,PR,0,GE12,2017-11-17,47515
PR_G5-1_2_GE12_29_10,91,PR,1062,GE12,2017-12-06,48577
PR_G5-1_2_GE12_29_10,92,PR,972,GE12,2018-01-03,49549
PR_G5-1_2_GE12_29_10,92,PR,972,GE12,2018-01-31,50521
PR_G5-1_2_GE12_29_10,102,PR,3115,GE12,2018-11-26,53636
PR_G5-1_2_GE12_29_10,102,PR,3115,GE12,2018-11-16,56751
PR_G5-1_2_GE12_29_10,103,PR,0,GE12,2018-12-05,56751
PR_G5-1_2_GE12_29_10,104,PR,0,GE12,2019-01-11,56751
PR_G5-1_2_GE12_29_10,105,PR,1315,GE12,2019-02-27,58066
PR_G5-1_2_GE12_29_10,108,PR,1426,GE12,2019-05-03,59492
PR_G5-1_2_GE12_29_10,108,PR,1426,GE12,2019-05-13,60918
PR_G5-1_2_GE12_29_10,108,PR,1426,GE12,2019-05-22,62344
PR_G5-1_2_GE12_29_10,109,PR,3483,GE12,2019-06-10,65827
PR_G5-1_2_GE12_29_10,109,PR,3483,GE12,2019-06-28,69310
PR_G5-1_2_GE12_29_10,110,PR,0,GE12,2019-07-17,69310
PR_G5-1_2_GE12_29_10,113,PR,1508,GE12,2019-10-18,70818
PR_G5-1_2_GE12_29_10,114,PR,1651,GE12,2019-11-25,72469
PR_G5-1_2_GE12_29_10,120,PR,1891,GE12,2020-05-29,74360
PR_G5-1_2_GE12_29_10,122,PR,1939,GE12,2020-07-07,76299
PR_G5-1_2_GE12_29_10,122,PR,1939,GE12,2020-07-28,78238
PR_G5-1_2_GE12_29_10,123,PR,2254,GE12,2020-08-08,80492
PR_G5-1_2_GE12_29_10,124,PR,1995,GE12,2020-09-01,82487
PR_G5-1_2_GE12_29_10,124,PR,1995,GE12,2020-09-12,84482
PR_G5-1_2_GE12_29_10,125,PR,1620,GE12,2020-10-07,86102
PR_G5-1_2_GE12_29_10,125,PR,1620,GE12,2020-10-19,87722
PR_G5-1_2_GE12_29_10,126,PR,1593,GE12,2020-11-17,89315
PR_G5-1_2_GE12_29_10,127,PR,0,GE12,2020-12-10,89315
PR_G5-1_2_GE12_29_10,128,PR,0,GE12,2021-01-06,89315
PR_G5-1_2_GE12_29_10,128,PR,0,GE12,2021-01-29,89315
PR_G5-1_2_GE12_29_10,135,PR,2646,GE12,2021-08-18,91961
PR_G5-1_2_GE12_29_10,135,PR,2646,GE12,2021-08-30,94607
PR_G5-1_2_GE12_29_10,137,PR,1662,GE12,2021-10-27,96269
PR_G5-1_2_GE12_29_10,138,PR,1907,GE12,2021-11-08,98176
PR_G5-1_2_GE12_29_10,139,PR,1941,GE12,2021-12-01,100117
PR_G5-1_2_GE12_29_10,139,PR,1941,GE12,2021-12-13,102058
PR_G5-1_2_GE12_29_10,140,PR,1609,GE12,2022-01-07,103667
PR_G5-1_2_GE12_29_10,140,PR,1609,GE12,2022-01-19,105276
PR_G5-1_2_GE12_29_10,152,PR,2239,GE12,2023-01-30,107515
PR_G5-1_2_GE12_29_10,154,PR,0,GE12,2023-03-20,107515
PR_G5-1_2_GE12_29_10,157,PR,0,GE12,2023-06-21,107515
PR_G5-1_2_GE12_29_10,158,PR,0,GE12,2023-07-04,107515
PR_G5-1_2_GE12_29_10,159,PR,2949,GE12,2023-08-08,110464
PR_G5-1_2_GE12_29_10,159,PR,2949,GE12,2023-08-31,113413
PR_G5-1_2_GE12_29_10,161,PR,2531,GE12,2023-10-05,115944
PR_G5-1_2_GE02_29_13,35,PR,0,GE02,2013-04-19,0
PR_G5-1_2_GE02_29_13,40,PR,0,GE02,2013-09-10,0
PR_G5-1_2_GE02_29_13,40,PR,0,GE02,2013-09-19,0
PR_G5-1_2_GE02_29_13,40,PR,0,GE02,2013-09-30,0
PR_G5-1_2_GE02_29_13,41,PR,0,GE02,2013-10-21,0
PR_G5-1_2_GE02_29_13,42,PR,0,GE02,2013-11-18,0
PR_G5-1_2_GE02_29_13,43,PR,0,GE02,2013-12-06,0
PR_G5-1_2_GE02_29_13,43,PR,0,GE02,2013-12-17,0
PR_G5-1_2_GE02_29_13,44,PR,0,GE02,2014-01-04,0
PR_G5-1_2_GE02_29_13,44,PR,0,GE02,2014-01-14,0
PR_G5-1_2_GE02_29_13,45,PR,0,GE02,2014-02-03,0
PR_G5-1_2_GE02_29_13,45,PR,0,GE02,2014-02-24,0
PR_G5-1_2_GE02_29_13,46,PR,0,GE02,2014-03-14,0
PR_G5-1_2_GE02_29_13,47,PR,1290,GE02,2014-04-02,1290
PR_G5-1_2_GE02_29_13,47,PR,1290,GE02,2014-04-11,2580
PR_G5-1_2_GE02_29_13,47,PR,1290,GE02,2014-04-30,3870
PR_G5-1_2_GE02_29_13,48,PR,825,GE02,2014-05-09,4695
PR_G5-1_2_GE02_29_13,48,PR,825,GE02,2014-05-19,5520
PR_G5-1_2_GE02_29_13,48,PR,825,GE02,2014-05-28,6345
PR_G5-1_2_GE02_29_13,49,PR,0,GE02,2014-06-16,6345
PR_G5-1_2_GE02_29_13,49,PR,0,GE02,2014-06-25,6345
PR_G5-1_2_GE02_29_13,50,PR,614,GE02,2014-07-04,6959
PR_G5-1_2_GE02_29_13,50,PR,614,GE02,2014-07-23,7573
PR_G5-1_2_GE02_29_13,56,PR,1270,GE02,2015-01-26,8843
PR_G5-1_2_GE02_29_13,57,PR,1178,GE02,2015-02-04,10021
PR_G5-1_2_GE02_29_13,57,PR,1178,GE02,2015-02-13,11199
PR_G5-1_2_GE02_29_13,57,PR,1178,GE02,2015-02-23,12377
PR_G5-1_2_GE02_29_13,58,PR,1095,GE02,2015-03-13,13472
PR_G5-1_2_GE02_29_13,58,PR,1095,GE02,2015-03-23,14567
PR_G5-1_2_GE02_29_13,59,PR,1803,GE02,2015-04-20,16370
PR_G5-1_2_GE02_29_13,59,PR,1803,GE02,2015-04-29,18173
PR_G5-1_2_GE02_29_13,60,PR,0,GE02,2015-05-27,18173
PR_G5-1_2_GE02_29_13,60,PR,0,GE02,2015-05-18,18173
PR_G5-1_2_GE02_29_13,61,PR,0,GE02,2015-06-15,18173
PR_G5-1_2_GE02_29_13,70,PR,1510,GE02,2016-03-30,19683
PR_G5-1_2_GE02_29_13,70,PR,1510,GE02,2016-03-21,21193
PR_G5-1_2_GE02_29_13,71,PR,0,GE02,2016-04-08,21193
PR_G5-1_2_GE02_29_13,71,PR,0,GE02,2016-04-18,21193
PR_G5-1_2_GE02_29_13,71,PR,0,GE02,2016-04-27,21193
PR_G5-1_2_GE02_29_13,72,PR,699,GE02,2016-05-16,21892
PR_G5-1_2_GE02_29_13,72,PR,699,GE02,2016-05-25,22591
PR_G5-1_2_GE02_29_13,73,PR,1040,GE02,2016-06-13,23631
PR_G5-1_2_GE02_29_13,73,PR,1040,GE02,2016-06-22,24671
PR_G5-1_2_GE02_29_13,74,PR,2242,GE02,2016-07-11,26913
PR_G5-1_2_GE02_29_13,74,PR,2242,GE02,2016-07-20,29155
PR_G5-1_2_GE02_29_13,74,PR,2242,GE02,2016-07-29,31397
PR_G5-1_2_GE02_29_13,75,PR,0,GE02,2016-08-17,31397
PR_G5-1_2_GE02_29_13,75,PR,0,GE02,2016-08-26,31397
PR_G5-1_2_GE02_29_13,76,PR,1110,GE02,2016-09-23,32507
PR_G5-1_2_GE02_29_13,85,PR,1111,GE02,2017-06-12,33618
PR_G5-1_2_GE02_29_13,85,PR,1111,GE02,2017-06-21,34729
PR_G5-1_2_GE02_29_13,86,PR,1150,GE02,2017-07-10,35879
PR_G5-1_2_GE02_29_13,86,PR,1150,GE02,2017-07-19,37029
PR_G5-1_2_GE02_29_13,86,PR,1150,GE02,2017-07-28,38179
PR_G5-1_2_GE02_29_13,87,PR,1412,GE02,2017-08-16,39591
PR_G5-1_2_GE02_29_13,88,PR,1560,GE02,2017-09-04,41151
PR_G5-1_2_GE02_29_13,88,PR,1560,GE02,2017-09-13,42711
PR_G5-1_2_GE02_29_13,88,PR,1560,GE02,2017-09-22,44271
PR_G5-1_2_GE02_29_13,89,PR,3981,GE02,2017-10-11,48252
PR_G5-1_2_GE02_29_13,89,PR,3981,GE02,2017-10-20,52233
PR_G5-1_2_GE02_29_13,89,PR,3981,GE02,2017-10-30,56214
PR_G5-1_2_GE02_29_13,90,PR,1861,GE02,2017-11-27,58075
PR_G5-1_2_GE02_29_13,100,PR,2140,GE02,2018-09-12,60215
PR_G5-1_2_GE02_29_13,100,PR,2140,GE02,2018-09-03,62355
PR_G5-1_2_GE02_29_13,100,PR,2140,GE02,2018-09-21,64495
PR_G5-1_2_GE02_29_13,99,PR,2025,GE02,2018-08-15,66520
PR_G5-1_2_GE02_29_13,99,PR,2025,GE02,2018-08-24,68545
PR_G5-1_2_GE02_29_13,101,PR,1789,GE02,2018-10-19,70334
PR_G5-1_2_GE02_29_13,101,PR,1789,GE02,2018-10-10,72123
PR_G5-1_2_GE02_29_13,102,PR,1333,GE02,2018-11-07,73456
PR_G5-1_2_GE02_29_13,102,PR,1333,GE02,2018-11-26,74789
PR_G5-1_2_GE02_29_13,103,PR,0,GE02,2018-12-24,74789
PR_G5-1_2_GE02_29_13,104,PR,2722,GE02,2019-01-11,77511
PR_G5-1_2_GE02_29_13,104,PR,2722,GE02,2019-01-30,80233
PR_G5-1_2_GE02_29_13,105,PR,0,GE02,2019-02-18,80233
PR_G5-1_2_GE02_29_13,112,PR,5092,GE02,2019-09-11,85325
PR_G5-1_2_GE02_29_13,112,PR,5092,GE02,2019-09-02,90417
PR_G5-1_2_GE02_29_13,112,PR,5092,GE02,2019-09-20,95509
PR_G5-1_2_GE02_29_13,112,PR,5092,GE02,2019-09-30,100601
PR_G5-1_2_GE02_29_13,111,PR,2910,GE02,2019-08-23,103511
PR_G5-1_2_GE02_29_13,113,PR,0,GE02,2019-10-09,103511
PR_G5-1_2_GE02_29_13,113,PR,0,GE02,2019-10-18,103511
PR_G5-1_2_GE02_29_13,118,PR,2840,GE02,2020-03-25,106351
PR_G5-1_2_GE02_29_13,122,PR,3057,GE02,2020-07-28,109408
PR_G5-1_2_GE02_29_13,131,PR,3411,GE02,2021-04-09,112819
PR_G5-1_2_GE02_29_13,131,PR,3411,GE02,2021-04-21,116230
PR_G5-1_2_GE02_29_13,132,PR,3396,GE02,2021-05-03,119626
PR_G5-1_2_GE02_29_13,141,PR,2282,GE02,2022-02-23,121908
PR_G5-1_2_GE02_29_13,145,PR,2603,GE02,2022-06-08,124511
PR_G5-1_2_GE02_29_13,145,PR,2603,GE02,2022-06-20,127114
PR_G5-1_2_GE02_29_13,148,PR,3060,GE02,2022-09-09,130174
PR_G5-1_2_GE02_29_13,148,PR,3060,GE02,2022-09-21,133234
PR_G5-1_2_GE02_29_13,149,PR,3516,GE02,2022-10-03,136750
PR_G5-1_2_GE02_29_13,150,PR,2561,GE02,2022-11-07,139311
PR_G5-1_2_GE02_29_13,150,PR,2561,GE02,2022-11-18,141872
PR_G5-1_2_GE02_29_13,151,PR,3772,GE02,2022-12-12,145644
PR_G5-1_2_GE02_29_13,151,PR,3772,GE02,2022-12-23,149416
PR_G5-1_2_GE02_29_13,152,PR,3723,GE02,2023-01-30,153139
PR_G5-1_2_GE02_29_13,153,PR,0,GE02,2023-02-22,153139
PR_G5-1_2_GE02_29_13,161,PR,0,GE02,2023-10-28,153139
PR_G5-1_2_GE02_29_13,164,PR,2343,GE02,2024-01-18,155482
PR_G5-1_2_GE02_29_13,164,PR,2343,GE02,2024-01-06,157825
PR_G5-1_2_GE02_29_13,164,PR,2343,GE02,2024-01-30,160168
PR_G5-1_2_GE02_29_14,35,PR,0,GE02,2013-04-10,0
PR_G5-1_2_GE02_29_14,35,PR,0,GE02,2013-04-19,0
PR_G5-1_2_GE02_29_14,35,PR,0,GE02,2013-04-30,0
PR_G5-1_2_GE02_29_14,37,PR,0,GE02,2013-06-08,0
PR_G5-1_2_GE02_29_14,40,PR,0,GE02,2013-09-10,0
PR_G5-1_2_GE02_29_14,41,PR,0,GE02,2013-10-29,0
PR_G5-1_2_GE02_29_14,42,PR,0,GE02,2013-11-07,0
PR_G5-1_2_GE02_29_14,43,PR,0,GE02,2013-12-06,0
PR_G5-1_2_GE02_29_14,44,PR,0,GE02,2014-01-04,0
PR_G5-1_2_GE02_29_14,44,PR,0,GE02,2014-01-14,0
PR_G5-1_2_GE02_29_14,44,PR,0,GE02,2014-01-24,0
PR_G5-1_2_GE02_29_14,45,PR,0,GE02,2014-02-24,0
PR_G5-1_2_GE02_29_14,45,PR,0,GE02,2014-02-03,0
PR_G5-1_2_GE02_29_14,47,PR,1096,GE02,2014-04-02,1096
PR_G5-1_2_GE02_29_14,47,PR,1096,GE02,2014-04-30,2192
PR_G5-1_2_GE02_29_14,47,PR,1096,GE02,2014-04-21,3288
PR_G5-1_2_GE02_29_14,46,PR,0,GE02,2014-03-24,3288
PR_G5-1_2_GE02_29_14,48,PR,900,GE02,2014-05-19,4188
PR_G5-1_2_GE02_29_14,48,PR,900,GE02,2014-05-28,5088
PR_G5-1_2_GE02_29_14,49,PR,0,GE02,2014-06-16,5088
PR_G5-1_2_GE02_29_14,50,PR,98,GE02,2014-07-04,5186
PR_G5-1_2_GE02_29_14,50,PR,98,GE02,2014-07-14,5284
PR_G5-1_2_GE02_29_14,51,PR,1222,GE02,2014-08-01,6506
PR_G5-1_2_GE02_29_14,51,PR,1222,GE02,2014-08-11,7728
PR_G5-1_2_GE02_29_14,51,PR,1222,GE02,2014-08-20,8950
PR_G5-1_2_GE02_29_14,51,PR,1222,GE02,2014-08-29,10172
PR_G5-1_2_GE02_29_14,52,PR,0,GE02,2014-09-26,10172
PR_G5-1_2_GE02_29_14,59,PR,1826,GE02,2015-04-29,11998
PR_G5-1_2_GE02_29_14,59,PR,1826,GE02,2015-04-10,13824
PR_G5-1_2_GE02_29_14,58,PR,533,GE02,2015-03-23,14357
PR_G5-1_2_GE02_29_14,58,PR,533,GE02,2015-03-04,14890
PR_G5-1_2_GE02_29_14,58,PR,533,GE02,2015-03-13,15423
PR_G5-1_2_GE02_29_14,57,PR,925,GE02,2015-02-13,16348
PR_G5-1_2_GE02_29_14,60,PR,0,GE02,2015-05-08,16348
PR_G5-1_2_GE02_29_14,60,PR,0,GE02,2015-05-18,16348
PR_G5-1_2_GE02_29_14,60,PR,0,GE02,2015-05-27,16348
PR_G5-1_2_GE02_29_14,61,PR,851,GE02,2015-06-05,17199
PR_G5-1_2_GE02_29_14,61,PR,851,GE02,2015-06-15,18050
PR_G5-1_2_GE02_29_14,61,PR,851,GE02,2015-06-24,18901
PR_G5-1_2_GE02_29_14,62,PR,1525,GE02,2015-07-03,20426
PR_G5-1_2_GE02_29_14,62,PR,1525,GE02,2015-07-13,21951
PR_G5-1_2_GE02_29_14,62,PR,1525,GE02,2015-07-31,23476
PR_G5-1_2_GE02_29_14,63,PR,0,GE02,2015-08-10,23476
PR_G5-1_2_GE02_29_14,63,PR,0,GE02,2015-08-19,23476
PR_G5-1_2_GE02_29_14,70,PR,1651,GE02,2016-03-30,25127
PR_G5-1_2_GE02_29_14,71,PR,0,GE02,2016-04-08,25127
PR_G5-1_2_GE02_29_14,71,PR,0,GE02,2016-04-18,25127
PR_G5-1_2_GE02_29_14,72,PR,0,GE02,2016-05-06,25127
PR_G5-1_2_GE02_29_14,72,PR,0,GE02,2016-05-25,25127
PR_G5-1_2_GE02_29_14,73,PR,1183,GE02,2016-06-03,26310
PR_G5-1_2_GE02_29_14,73,PR,1183,GE02,2016-06-22,27493
PR_G5-1_2_GE02_29_14,73,PR,1183,GE02,2016-06-13,28676
PR_G5-1_2_GE02_29_14,74,PR,2351,GE02,2016-07-11,31027
PR_G5-1_2_GE02_29_14,74,PR,2351,GE02,2016-07-29,33378
PR_G5-1_2_GE02_29_14,75,PR,0,GE02,2016-08-08,33378
PR_G5-1_2_GE02_29_14,76,PR,916,GE02,2016-09-05,34294
PR_G5-1_2_GE02_29_14,76,PR,916,GE02,2016-09-14,35210
PR_G5-1_2_GE02_29_14,77,PR,160,GE02,2016-10-21,35370
PR_G5-1_2_GE02_29_14,84,PR,1757,GE02,2017-05-15,37127
PR_G5-1_2_GE02_29_14,85,PR,1114,GE02,2017-06-30,38241
PR_G5-1_2_GE02_29_14,86,PR,0,GE02,2017-07-10,38241
PR_G5-1_2_GE02_29_14,86,PR,0,GE02,2017-07-28,38241
PR_G5-1_2_GE02_29_14,87,PR,1357,GE02,2017-08-07,39598
PR_G5-1_2_GE02_29_14,87,PR,1357,GE02,2017-08-25,40955
PR_G5-1_2_GE02_29_14,88,PR,1660,GE02,2017-09-13,42615
PR_G5-1_2_GE02_29_14,88,PR,1660,GE02,2017-09-22,44275
PR_G5-1_2_GE02_29_14,89,PR,1769,GE02,2017-10-11,46044
PR_G5-1_2_GE02_29_14,89,PR,1769,GE02,2017-10-20,47813
PR_G5-1_2_GE02_29_14,90,PR,2646,GE02,2017-11-08,50459
PR_G5-1_2_GE02_29_14,90,PR,2646,GE02,2017-11-17,53105
PR_G5-1_2_GE02_29_14,91,PR,2290,GE02,2017-12-06,55395
PR_G5-1_2_GE02_29_14,92,PR,0,GE02,2018-01-03,55395
PR_G5-1_2_GE02_29_14,92,PR,0,GE02,2018-01-12,55395
PR_G5-1_2_GE02_29_14,100,PR,2240,GE02,2018-09-12,57635
PR_G5-1_2_GE02_29_14,100,PR,2240,GE02,2018-09-03,59875
PR_G5-1_2_GE02_29_14,100,PR,2240,GE02,2018-09-21,62115
PR_G5-1_2_GE02_29_14,99,PR,2556,GE02,2018-08-06,64671
PR_G5-1_2_GE02_29_14,99,PR,2556,GE02,2018-08-15,67227
PR_G5-1_2_GE02_29_14,101,PR,4426,GE02,2018-10-01,71653
PR_G5-1_2_GE02_29_14,101,PR,4426,GE02,2018-10-29,76079
PR_G5-1_2_GE02_29_14,102,PR,0,GE02,2018-11-07,76079
PR_G5-1_2_GE02_29_14,103,PR,2045,GE02,2018-12-05,78124
PR_G5-1_2_GE02_29_14,103,PR,2045,GE02,2018-12-24,80169
PR_G5-1_2_GE02_29_14,104,PR,993,GE02,2019-01-11,81162
PR_G5-1_2_GE02_29_14,104,PR,993,GE02,2019-01-21,82155
PR_G5-1_2_GE02_29_14,106,PR,0,GE02,2019-03-08,82155
PR_G5-1_2_GE02_29_14,112,PR,4403,GE02,2019-09-30,86558
PR_G5-1_2_GE02_29_14,112,PR,4403,GE02,2019-09-11,90961
PR_G5-1_2_GE02_29_14,112,PR,4403,GE02,2019-09-02,95364
PR_G5-1_2_GE02_29_14,113,PR,3298,GE02,2019-10-18,98662
PR_G5-1_2_GE02_29_14,113,PR,3298,GE02,2019-10-28,101960
PR_G5-1_2_GE02_29_14,114,PR,2480,GE02,2019-11-25,104440
PR_G5-1_2_GE02_29_14,115,PR,0,GE02,2019-12-04,104440
PR_G5-1_2_GE02_29_14,116,PR,1801,GE02,2020-01-01,106241
PR_G5-1_2_GE02_29_14,116,PR,1801,GE02,2020-01-29,108042
PR_G5-1_2_GE02_29_14,117,PR,1271,GE02,2020-02-07,109313
PR_G5-1_2_GE02_29_14,117,PR,1271,GE02,2020-02-26,110584
PR_G5-1_2_GE02_29_14,118,PR,0,GE02,2020-03-16,110584
PR_G5-1_2_GE02_29_14,119,PR,2415,GE02,2020-04-03,112999
PR_G5-1_2_GE02_29_14,119,PR,2415,GE02,2020-04-13,115414
PR_G5-1_2_GE02_29_14,125,PR,827,GE02,2020-10-19,116241
PR_G5-1_2_GE02_29_14,129,PR,2530,GE02,2021-02-10,118771
PR_G5-1_2_GE02_29_14,129,PR,2530,GE02,2021-02-22,121301
PR_G5-1_2_GE02_29_14,131,PR,2510,GE02,2021-04-21,123811
PR_G5-1_2_GE02_29_14,132,PR,2609,GE02,2021-05-03,126420
PR_G5-1_2_GE02_29_14,132,PR,2609,GE02,2021-05-14,129029
PR_G5-1_2_GE02_29_14,133,PR,6225,GE02,2021-06-07,135254
PR_G5-1_2_GE02_29_14,133,PR,6225,GE02,2021-06-30,141479
PR_G5-1_2_GE02_29_14,134,PR,0,GE02,2021-07-26,141479
PR_G5-1_2_GE02_29_14,136,PR,3015,GE02,2021-09-10,144494
PR_G5-1_2_GE02_29_14,137,PR,0,GE02,2021-10-15,144494
PR_G5-1_2_GE02_29_14,143,PR,0,GE02,2022-04-22,144494
PR_G5-1_2_GE02_29_14,144,PR,2757,GE02,2022-05-04,147251
PR_G5-1_2_GE02_29_14,144,PR,2757,GE02,2022-05-16,150008
PR_G5-1_2_GE02_29_14,144,PR,2757,GE02,2022-05-27,152765
PR_G5-1_2_GE02_29_14,145,PR,3601,GE02,2022-06-08,156366
PR_G5-1_2_GE02_29_14,145,PR,3601,GE02,2022-06-20,159967
PR_G5-1_2_GE02_29_14,146,PR,2668,GE02,2022-07-13,162635
PR_G5-1_2_GE02_29_14,147,PR,3923,GE02,2022-08-05,166558
PR_G5-1_2_GE02_29_14,147,PR,3923,GE02,2022-08-29,170481
PR_G5-1_2_GE02_29_14,149,PR,0,GE02,2022-10-03,170481
PR_G5-1_2_GE02_29_14,150,PR,0,GE02,2022-11-07,170481
PR_G5-1_2_GE02_29_14,156,PR,2474,GE02,2023-05-17,172955
PR_G5-1_2_GE02_29_14,156,PR,2474,GE02,2023-05-29,175429
PR_G5-1_2_GE02_29_14,157,PR,2990,GE02,2023-06-21,178419
PR_G5-1_2_GE02_29_14,158,PR,3142,GE02,2023-07-04,181561
PR_G5-1_2_GE02_29_14,158,PR,3142,GE02,2023-07-15,184703
PR_G5-1_2_GE02_29_14,159,PR,0,GE02,2023-08-19,184703
PR_G5-1_2_GE02_29_14,159,PR,0,GE02,2023-08-31,184703
PR_G5-1_2_GE02_29_14,160,PR,0,GE02,2023-09-23,184703
PR_G5-1_2_GE02_29_14,169,PR,0,GE02,2024-06-08,184703
PR_G5-1_2_GE02_29_14,169,PR,0,GE02,2024-06-21,184703
PR_G5-1_2_GE02_29_15,35,PR,0,GE02,2013-04-10,0
PR_G5-1_2_GE02_29_15,35,PR,0,GE02,2013-04-30,0
PR_G5-1_2_GE02_29_15,38,PR,0,GE02,2013-07-31,0
PR_G5-1_2_GE02_29_15,39,PR,0,GE02,2013-08-20,0
PR_G5-1_2_GE02_29_15,40,PR,0,GE02,2013-09-19,0
PR_G5-1_2_GE02_29_15,40,PR,0,GE02,2013-09-10,0
PR_G5-1_2_GE02_29_15,40,PR,0,GE02,2013-09-30,0
PR_G5-1_2_GE02_29_15,41,PR,0,GE02,2013-10-21,0
PR_G5-1_2_GE02_29_15,42,PR,0,GE02,2013-11-18,0
PR_G5-1_2_GE02_29_15,42,PR,0,GE02,2013-11-26,0
PR_G5-1_2_GE02_29_15,43,PR,0,GE02,2013-12-17,0
PR_G5-1_2_GE02_29_15,44,PR,0,GE02,2014-01-04,0
PR_G5-1_2_GE02_29_15,44,PR,0,GE02,2014-01-14,0
PR_G5-1_2_GE02_29_15,45,PR,0,GE02,2014-02-03,0
PR_G5-1_2_GE02_29_15,45,PR,0,GE02,2014-02-24,0
PR_G5-1_2_GE02_29_15,46,PR,0,GE02,2014-03-24,0
PR_G5-1_2_GE02_29_15,47,PR,1100,GE02,2014-04-02,1100
PR_G5-1_2_GE02_29_15,47,PR,1100,GE02,2014-04-30,2200
PR_G5-1_2_GE02_29_15,48,PR,0,GE02,2014-05-09,2200
PR_G5-1_2_GE02_29_15,48,PR,0,GE02,2014-05-19,2200
PR_G5-1_2_GE02_29_15,49,PR,694,GE02,2014-06-06,2894
PR_G5-1_2_GE02_29_15,49,PR,694,GE02,2014-06-25,3588
PR_G5-1_2_GE02_29_15,50,PR,502,GE02,2014-07-14,4090
PR_G5-1_2_GE02_29_15,50,PR,502,GE02,2014-07-23,4592
PR_G5-1_2_GE02_29_15,51,PR,940,GE02,2014-08-11,5532
PR_G5-1_2_GE02_29_15,51,PR,940,GE02,2014-08-20,6472
PR_G5-1_2_GE02_29_15,51,PR,940,GE02,2014-08-29,7412
PR_G5-1_2_GE02_29_15,52,PR,0,GE02,2014-09-26,7412
PR_G5-1_2_GE02_29_15,58,PR,664,GE02,2015-03-04,8076
PR_G5-1_2_GE02_29_15,58,PR,664,GE02,2015-03-23,8740
PR_G5-1_2_GE02_29_15,58,PR,664,GE02,2015-03-13,9404
PR_G5-1_2_GE02_29_15,57,PR,627,GE02,2015-02-13,10031
PR_G5-1_2_GE02_29_15,57,PR,627,GE02,2015-02-04,10658
PR_G5-1_2_GE02_29_15,59,PR,1500,GE02,2015-04-01,12158
PR_G5-1_2_GE02_29_15,59,PR,1500,GE02,2015-04-10,13658
PR_G5-1_2_GE02_29_15,59,PR,1500,GE02,2015-04-29,15158
PR_G5-1_2_GE02_29_15,60,PR,0,GE02,2015-05-08,15158
PR_G5-1_2_GE02_29_15,60,PR,0,GE02,2015-05-29,15158
PR_G5-1_2_GE02_29_15,61,PR,712,GE02,2015-06-15,15870
PR_G5-1_2_GE02_29_15,61,PR,712,GE02,2015-06-24,16582
PR_G5-1_2_GE02_29_15,62,PR,1435,GE02,2015-07-03,18017
PR_G5-1_2_GE02_29_15,62,PR,1435,GE02,2015-07-22,19452
PR_G5-1_2_GE02_29_15,62,PR,1435,GE02,2015-07-31,20887
PR_G5-1_2_GE02_29_15,63,PR,470,GE02,2015-08-19,21357
PR_G5-1_2_GE02_29_15,63,PR,470,GE02,2015-08-28,21827
PR_G5-1_2_GE02_29_15,65,PR,670,GE02,2015-10-05,22497
PR_G5-1_2_GE02_29_15,70,PR,1041,GE02,2016-03-02,23538
PR_G5-1_2_GE02_29_15,70,PR,1041,GE02,2016-03-11,24579
PR_G5-1_2_GE02_29_15,71,PR,935,GE02,2016-04-08,25514
PR_G5-1_2_GE02_29_15,71,PR,935,GE02,2016-04-18,26449
PR_G5-1_2_GE02_29_15,72,PR,857,GE02,2016-05-16,27306
PR_G5-1_2_GE02_29_15,72,PR,857,GE02,2016-05-06,28163
PR_G5-1_2_GE02_29_15,72,PR,857,GE02,2016-05-25,29020
PR_G5-1_2_GE02_29_15,73,PR,779,GE02,2016-06-13,29799
PR_G5-1_2_GE02_29_15,74,PR,1402,GE02,2016-07-01,31201
PR_G5-1_2_GE02_29_15,74,PR,1402,GE02,2016-07-11,32603
PR_G5-1_2_GE02_29_15,74,PR,1402,GE02,2016-07-20,34005
PR_G5-1_2_GE02_29_15,74,PR,1402,GE02,2016-07-29,35407
PR_G5-1_2_GE02_29_15,75,PR,0,GE02,2016-08-08,35407
PR_G5-1_2_GE02_29_15,75,PR,0,GE02,2016-08-26,35407
PR_G5-1_2_GE02_29_15,76,PR,685,GE02,2016-09-05,36092
PR_G5-1_2_GE02_29_15,77,PR,705,GE02,2016-10-03,36797
PR_G5-1_2_GE02_29_15,83,PR,772,GE02,2017-04-26,37569
PR_G5-1_2_GE02_29_15,85,PR,1788,GE02,2017-06-12,39357
PR_G5-1_2_GE02_29_15,85,PR,1788,GE02,2017-06-30,41145
PR_G5-1_2_GE02_29_15,86,PR,0,GE02,2017-07-10,41145
PR_G5-1_2_GE02_29_15,86,PR,0,GE02,2017-07-28,41145
PR_G5-1_2_GE02_29_15,87,PR,680,GE02,2017-08-07,41825
PR_G5-1_2_GE02_29_15,87,PR,680,GE02,2017-08-25,42505
PR_G5-1_2_GE02_29_15,88,PR,916,GE02,2017-09-04,43421
PR_G5-1_2_GE02_29_15,88,PR,916,GE02,2017-09-13,44337
PR_G5-1_2_GE02_29_15,88,PR,916,GE02,2017-09-22,45253
PR_G5-1_2_GE02_29_15,89,PR,2275,GE02,2017-10-11,47528
PR_G5-1_2_GE02_29_15,89,PR,2275,GE02,2017-10-30,49803
PR_G5-1_2_GE02_29_15,90,PR,0,GE02,2017-11-08,49803
PR_G5-1_2_GE02_29_15,90,PR,0,GE02,2017-11-17,49803
PR_G5-1_2_GE02_29_15,91,PR,833,GE02,2017-12-06,50636
PR_G5-1_2_GE02_29_15,92,PR,0,GE02,2018-01-03,50636
PR_G5-1_2_GE02_29_15,99,PR,1476,GE02,2018-08-06,52112
PR_G5-1_2_GE02_29_15,99,PR,1476,GE02,2018-08-15,53588
PR_G5-1_2_GE02_29_15,99,PR,1476,GE02,2018-08-24,55064
PR_G5-1_2_GE02_29_15,100,PR,1545,GE02,2018-09-12,56609
PR_G5-1_2_GE02_29_15,100,PR,1545,GE02,2018-09-21,58154
PR_G5-1_2_GE02_29_15,101,PR,2816,GE02,2018-10-10,60970
PR_G5-1_2_GE02_29_15,101,PR,2816,GE02,2018-10-29,63786
PR_G5-1_2_GE02_29_15,102,PR,0,GE02,2018-11-07,63786
PR_G5-1_2_GE02_29_15,102,PR,0,GE02,2018-11-16,63786
PR_G5-1_2_GE02_29_15,103,PR,1152,GE02,2018-12-14,64938
PR_G5-1_2_GE02_29_15,104,PR,1343,GE02,2019-01-11,66281
PR_G5-1_2_GE02_29_15,104,PR,1343,GE02,2019-01-21,67624
PR_G5-1_2_GE02_29_15,105,PR,1825,GE02,2019-02-08,69449
PR_G5-1_2_GE02_29_15,105,PR,1825,GE02,2019-02-27,71274
PR_G5-1_2_GE02_29_15,106,PR,0,GE02,2019-03-27,71274
PR_G5-1_2_GE02_29_15,112,PR,3293,GE02,2019-09-20,74567
PR_G5-1_2_GE02_29_15,112,PR,3293,GE02,2019-09-11,77860
PR_G5-1_2_GE02_29_15,112,PR,3293,GE02,2019-09-30,81153
PR_G5-1_2_GE02_29_15,113,PR,0,GE02,2019-10-18,81153
PR_G5-1_2_GE02_29_15,114,PR,3475,GE02,2019-11-15,84628
PR_G5-1_2_GE02_29_15,114,PR,3475,GE02,2019-11-25,88103
PR_G5-1_2_GE02_29_15,115,PR,0,GE02,2019-12-23,88103
PR_G5-1_2_GE02_29_15,117,PR,1403,GE02,2020-02-17,89506
PR_G5-1_2_GE02_29_15,117,PR,1403,GE02,2020-02-26,90909
PR_G5-1_2_GE02_29_15,118,PR,0,GE02,2020-03-16,90909
PR_G5-1_2_GE02_29_15,124,PR,1882,GE02,2020-09-12,92791
PR_G5-1_2_GE02_29_15,124,PR,1882,GE02,2020-09-01,94673
PR_G5-1_2_GE02_29_15,129,PR,1576,GE02,2021-02-10,96249
PR_G5-1_2_GE02_29_15,132,PR,1670,GE02,2021-05-14,97919
PR_G5-1_2_GE02_29_15,132,PR,1670,GE02,2021-05-26,99589
PR_G5-1_2_GE02_29_15,133,PR,2137,GE02,2021-06-30,101726
PR_G5-1_2_GE02_29_15,140,PR,2994,GE02,2022-01-31,104720
PR_G5-1_2_GE02_29_15,141,PR,0,GE02,2022-02-23,104720
PR_G5-1_2_GE02_29_15,145,PR,2080,GE02,2022-06-20,106800
PR_G5-1_2_GE02_29_15,146,PR,2330,GE02,2022-07-01,109130
PR_G5-1_2_GE02_29_15,146,PR,2330,GE02,2022-07-13,111460
PR_G5-1_2_GE02_29_15,146,PR,2330,GE02,2022-07-25,113790
PR_G5-1_2_GE02_29_15,147,PR,2010,GE02,2022-08-05,115800
PR_G5-1_2_GE02_29_15,147,PR,2010,GE02,2022-08-17,117810
PR_G5-1_2_GE02_29_15,149,PR,2126,GE02,2022-10-03,119936
PR_G5-1_2_GE02_29_15,149,PR,2126,GE02,2022-10-14,122062
PR_G5-1_2_GE02_29_15,152,PR,2589,GE02,2023-01-30,124651
PR_G5-1_2_GE02_29_15,153,PR,0,GE02,2023-02-10,124651
PR_G5-1_2_GE02_29_15,157,PR,2276,GE02,2023-06-21,126927
PR_G5-1_2_GE02_29_15,157,PR,2276,GE02,2023-06-09,129203
PR_G5-1_2_GE02_29_15,156,PR,0,GE02,2023-05-17,129203
PR_G5-1_2_GE02_29_15,158,PR,2154,GE02,2023-07-15,131357
PR_G5-1_2_GE02_29_15,159,PR,0,GE02,2023-08-19,131357
PR_G5-1_2_GE02_29_15,160,PR,2328,GE02,2023-09-12,133685
PR_G5-1_2_GE02_29_15,160,PR,2328,GE02,2023-09-23,136013
PR_G5-1_2_GE02_29_15,164,PR,2197,GE02,2024-01-22,138210
PR_G5-1_2_GE02_29_15,168,PR,0,GE02,2024-05-16,138210
PR_G5-1_2_GE02_29_15,168,PR,0,GE02,2024-05-08,138210
PR_G5-1_2_GE02_29_15,168,PR,0,GE02,2024-05-28,138210
PR_G5-1_2_GE02_29_15,169,PR,0,GE02,2024-06-08,138210
PR_G5-1_2_GE09_29_25,35,PR,0,GE09,2013-04-10,0
PR_G5-1_2_GE09_29_25,35,PR,0,GE09,2013-04-30,0
PR_G5-1_2_GE09_29_25,36,PR,0,GE09,2013-05-20,0
PR_G5-1_2_GE09_29_25,36,PR,0,GE09,2013-05-30,0
PR_G5-1_2_GE09_29_25,37,PR,0,GE09,2013-06-19,0
PR_G5-1_2_GE09_29_25,38,PR,0,GE09,2013-07-22,0
PR_G5-1_2_GE09_29_25,38,PR,0,GE09,2013-07-12,0
PR_G5-1_2_GE09_29_25,39,PR,0,GE09,2013-08-09,0
PR_G5-1_2_GE09_29_25,39,PR,0,GE09,2013-08-30,0
PR_G5-1_2_GE09_29_25,40,PR,0,GE09,2013-09-19,0
PR_G5-1_2_GE09_29_25,41,PR,0,GE09,2013-10-09,0
PR_G5-1_2_GE09_29_25,41,PR,0,GE09,2013-10-21,0
PR_G5-1_2_GE09_29_25,43,PR,0,GE09,2013-12-17,0
PR_G5-1_2_GE09_29_25,43,PR,0,GE09,2013-12-06,0
PR_G5-1_2_GE09_29_25,44,PR,0,GE09,2014-01-04,0
PR_G5-1_2_GE09_29_25,44,PR,0,GE09,2014-01-24,0
PR_G5-1_2_GE09_29_25,44,PR,0,GE09,2014-01-14,0
PR_G5-1_2_GE09_29_25,45,PR,0,GE09,2014-02-03,0
PR_G5-1_2_GE09_29_25,45,PR,0,GE09,2014-02-24,0
PR_G5-1_2_GE09_29_25,46,PR,0,GE09,2014-03-14,0
PR_G5-1_2_GE09_29_25,46,PR,0,GE09,2014-03-05,0
PR_G5-1_2_GE09_29_25,46,PR,0,GE09,2014-03-24,0
PR_G5-1_2_GE09_29_25,47,PR,1309,GE09,2014-04-30,1309
PR_G5-1_2_GE09_29_25,47,PR,1309,GE09,2014-04-11,2618
PR_G5-1_2_GE09_29_25,48,PR,1216,GE09,2014-05-19,3834
PR_G5-1_2_GE09_29_25,48,PR,1216,GE09,2014-05-28,5050
PR_G5-1_2_GE09_29_25,49,PR,0,GE09,2014-06-16,5050
PR_G5-1_2_GE09_29_25,50,PR,836,GE09,2014-07-04,5886
PR_G5-1_2_GE09_29_25,50,PR,836,GE09,2014-07-14,6722
PR_G5-1_2_GE09_29_25,50,PR,836,GE09,2014-07-23,7558
PR_G5-1_2_GE09_29_25,51,PR,2649,GE09,2014-08-01,10207
PR_G5-1_2_GE09_29_25,51,PR,2649,GE09,2014-08-20,12856
PR_G5-1_2_GE09_29_25,51,PR,2649,GE09,2014-08-29,15505
PR_G5-1_2_GE09_29_25,52,PR,0,GE09,2014-09-26,15505
PR_G5-1_2_GE09_29_25,53,PR,940,GE09,2014-10-06,16445
PR_G5-1_2_GE09_29_25,53,PR,940,GE09,2014-10-15,17385
PR_G5-1_2_GE09_29_25,53,PR,940,GE09,2014-10-24,18325
PR_G5-1_2_GE09_29_25,54,PR,1075,GE09,2014-11-21,19400
PR_G5-1_2_GE09_29_25,55,PR,1276,GE09,2014-12-01,20676
PR_G5-1_2_GE09_29_25,55,PR,1276,GE09,2014-12-10,21952
PR_G5-1_2_GE09_29_25,56,PR,952,GE09,2015-01-07,22904
PR_G5-1_2_GE09_29_25,56,PR,952,GE09,2015-01-26,23856
PR_G5-1_2_GE09_29_25,57,PR,1170,GE09,2015-02-23,25026
PR_G5-1_2_GE09_29_25,58,PR,1313,GE09,2015-03-04,26339
PR_G5-1_2_GE09_29_25,58,PR,1313,GE09,2015-03-13,27652
PR_G5-1_2_GE09_29_25,58,PR,1313,GE09,2015-03-23,28965
PR_G5-1_2_GE09_29_25,59,PR,1473,GE09,2015-04-01,30438
PR_G5-1_2_GE09_29_25,59,PR,1473,GE09,2015-04-20,31911
PR_G5-1_2_GE09_29_25,59,PR,1473,GE09,2015-04-10,33384
PR_G5-1_2_GE09_29_25,59,PR,1473,GE09,2015-04-29,34857
PR_G5-1_2_GE09_29_25,60,PR,0,GE09,2015-05-08,34857
PR_G5-1_2_GE09_29_25,60,PR,0,GE09,2015-05-27,34857
PR_G5-1_2_GE09_29_25,61,PR,1407,GE09,2015-06-15,36264
PR_G5-1_2_GE09_29_25,61,PR,1407,GE09,2015-06-24,37671
PR_G5-1_2_GE09_29_25,62,PR,2167,GE09,2015-07-03,39838
PR_G5-1_2_GE09_29_25,62,PR,2167,GE09,2015-07-13,42005
PR_G5-1_2_GE09_29_25,62,PR,2167,GE09,2015-07-31,44172
PR_G5-1_2_GE09_29_25,63,PR,0,GE09,2015-08-19,44172
PR_G5-1_2_GE09_29_25,64,PR,0,GE09,2015-09-25,44172
PR_G5-1_2_GE09_29_25,65,PR,810,GE09,2015-10-14,44982
PR_G5-1_2_GE09_29_25,65,PR,810,GE09,2015-10-05,45792
PR_G5-1_2_GE09_29_25,66,PR,1200,GE09,2015-11-11,46992
PR_G5-1_2_GE09_29_25,66,PR,1200,GE09,2015-11-20,48192
PR_G5-1_2_GE09_29_25,67,PR,1270,GE09,2015-12-09,49462
PR_G5-1_2_GE09_29_25,68,PR,1223,GE09,2016-01-25,50685
PR_G5-1_2_GE09_29_25,69,PR,1018,GE09,2016-02-22,51703
PR_G5-1_2_GE09_29_25,69,PR,1018,GE09,2016-02-03,52721
PR_G5-1_2_GE09_29_25,70,PR,2356,GE09,2016-03-02,55077
PR_G5-1_2_GE09_29_25,70,PR,2356,GE09,2016-03-11,57433
PR_G5-1_2_GE09_29_25,70,PR,2356,GE09,2016-03-30,59789
PR_G5-1_2_GE09_29_25,71,PR,0,GE09,2016-04-08,59789
PR_G5-1_2_GE09_29_25,71,PR,0,GE09,2016-04-18,59789
PR_G5-1_2_GE09_29_25,72,PR,1230,GE09,2016-05-06,61019
PR_G5-1_2_GE09_29_25,72,PR,1230,GE09,2016-05-25,62249
PR_G5-1_2_GE09_29_25,73,PR,1535,GE09,2016-06-13,63784
PR_G5-1_2_GE09_29_25,73,PR,1535,GE09,2016-06-22,65319
PR_G5-1_2_GE09_29_25,74,PR,2956,GE09,2016-07-01,68275
PR_G5-1_2_GE09_29_25,74,PR,2956,GE09,2016-07-11,71231
PR_G5-1_2_GE09_29_25,74,PR,2956,GE09,2016-07-29,74187
PR_G5-1_2_GE09_29_25,75,PR,0,GE09,2016-08-08,74187
PR_G5-1_2_GE09_29_25,75,PR,0,GE09,2016-08-26,74187
PR_G5-1_2_GE09_29_25,76,PR,1801,GE09,2016-09-14,75988
PR_G5-1_2_GE09_29_25,76,PR,1801,GE09,2016-09-23,77789
PR_G5-1_2_GE09_29_25,77,PR,1705,GE09,2016-10-03,79494
PR_G5-1_2_GE09_29_25,77,PR,1705,GE09,2016-10-21,81199
PR_G5-1_2_GE09_29_25,78,PR,1565,GE09,2016-11-09,82764
PR_G5-1_2_GE09_29_25,83,PR,1030,GE09,2017-04-26,83794
PR_G5-1_2_GE09_29_25,85,PR,3354,GE09,2017-06-02,87148
PR_G5-1_2_GE09_29_25,85,PR,3354,GE09,2017-06-12,90502
PR_G5-1_2_GE09_29_25,85,PR,3354,GE09,2017-06-21,93856
PR_G5-1_2_GE09_29_25,85,PR,3354,GE09,2017-06-30,97210
PR_G5-1_2_GE09_29_25,86,PR,0,GE09,2017-07-10,97210
PR_G5-1_2_GE09_29_25,86,PR,0,GE09,2017-07-28,97210
PR_G5-1_2_GE09_29_25,87,PR,1504,GE09,2017-08-16,98714
PR_G5-1_2_GE09_29_25,87,PR,1504,GE09,2017-08-25,100218
PR_G5-1_2_GE09_29_25,88,PR,1556,GE09,2017-09-13,101774
PR_G5-1_2_GE09_29_25,89,PR,1736,GE09,2017-10-02,103510
PR_G5-1_2_GE09_29_25,89,PR,1736,GE09,2017-10-11,105246
PR_G5-1_2_GE09_29_25,90,PR,3339,GE09,2017-11-08,108585
PR_G5-1_2_GE09_29_25,90,PR,3339,GE09,2017-11-17,111924
PR_G5-1_2_GE09_29_25,90,PR,3339,GE09,2017-11-27,115263
PR_G5-1_2_GE09_29_25,91,PR,0,GE09,2017-12-15,115263
PR_G5-1_2_GE09_29_25,92,PR,1734,GE09,2018-01-03,116997
PR_G5-1_2_GE09_29_25,92,PR,1734,GE09,2018-01-12,118731
PR_G5-1_2_GE09_29_25,92,PR,1734,GE09,2018-01-31,120465
PR_G5-1_2_GE09_29_25,93,PR,0,GE09,2018-02-19,120465
PR_G5-1_2_GE09_29_25,94,PR,2223,GE09,2018-03-09,122688
PR_G5-1_2_GE09_29_25,94,PR,2223,GE09,2018-03-19,124911
PR_G5-1_2_GE09_29_25,97,PR,2233,GE09,2018-06-11,127144
PR_G5-1_2_GE09_29_25,98,PR,2424,GE09,2018-07-18,129568
PR_G5-1_2_GE09_29_25,98,PR,2424,GE09,2018-07-09,131992
PR_G5-1_2_GE09_29_25,98,PR,2424,GE09,2018-07-27,134416
PR_G5-1_2_GE09_29_25,99,PR,0,GE09,2018-08-06,134416
PR_G5-1_2_GE09_29_25,100,PR,2341,GE09,2018-09-03,136757
PR_G5-1_2_GE09_29_25,100,PR,2341,GE09,2018-09-12,139098
PR_G5-1_2_GE09_29_25,104,PR,1359,GE09,2019-01-11,140457
PR_G5-1_2_GE09_29_25,104,PR,1359,GE09,2019-01-21,141816
PR_G5-1_2_GE09_29_25,105,PR,1287,GE09,2019-02-08,143103
PR_G5-1_2_GE09_29_25,105,PR,1287,GE09,2019-02-18,144390
PR_G5-1_2_GE09_29_25,106,PR,2299,GE09,2019-03-27,146689
PR_G5-1_2_GE09_29_25,107,PR,1753,GE09,2019-04-24,148442
PR_G5-1_2_GE09_29_25,109,PR,2220,GE09,2019-06-28,150662
PR_G5-1_2_GE09_29_25,110,PR,0,GE09,2019-07-17,150662
PR_G5-1_2_GE09_29_25,111,PR,2385,GE09,2019-08-14,153047
PR_G5-1_2_GE09_29_25,112,PR,1857,GE09,2019-09-02,154904
PR_G5-1_2_GE09_29_25,112,PR,1857,GE09,2019-09-20,156761
PR_G5-1_2_GE09_29_25,116,PR,2482,GE09,2020-01-29,159243
PR_G5-1_2_GE09_29_25,117,PR,0,GE09,2020-02-17,159243
PR_G5-1_2_GE09_29_25,121,PR,2317,GE09,2020-06-17,161560
PR_G5-1_2_GE09_29_25,121,PR,2317,GE09,2020-06-26,163877
PR_G5-1_2_GE09_29_25,122,PR,2555,GE09,2020-07-07,166432
PR_G5-1_2_GE09_29_25,122,PR,2555,GE09,2020-07-28,168987
PR_G5-1_2_GE09_29_25,123,PR,2787,GE09,2020-08-08,171774
PR_G5-1_2_GE09_29_25,124,PR,2153,GE09,2020-09-01,173927
PR_G5-1_2_GE09_29_25,124,PR,2153,GE09,2020-09-12,176080
PR_G5-1_2_GE09_29_25,125,PR,2384,GE09,2020-10-19,178464
PR_G5-1_2_GE09_29_25,129,PR,3158,GE09,2021-02-10,181622
PR_G5-1_2_GE09_29_25,130,PR,2256,GE09,2021-03-05,183878
PR_G5-1_2_GE09_29_25,133,PR,2536,GE09,2021-06-30,186414
PR_G5-1_2_GE09_29_25,134,PR,0,GE09,2021-07-13,186414
PR_G5-1_2_GE09_29_25,135,PR,2544,GE09,2021-08-06,188958
PR_G5-1_2_GE09_29_25,140,PR,5419,GE09,2022-01-07,194377
PR_G5-1_2_GE09_29_25,140,PR,5419,GE09,2022-01-19,199796
PR_G5-1_2_GE09_29_25,140,PR,5419,GE09,2022-01-31,205215
PR_G5-1_2_GE09_29_25,144,PR,0,GE09,2022-05-04,205215
PR_G5-1_2_GE09_29_25,147,PR,2581,GE09,2022-08-17,207796
PR_G5-1_2_GE09_29_25,148,PR,2569,GE09,2022-09-09,210365
PR_G5-1_2_GE09_29_25,148,PR,2569,GE09,2022-09-21,212934
PR_G5-1_2_GE09_29_25,149,PR,2690,GE09,2022-10-14,215624
PR_G5-1_2_GE09_29_25,150,PR,5248,GE09,2022-11-07,220872
PR_G5-1_2_GE09_29_25,150,PR,5248,GE09,2022-11-18,226120
PR_G5-1_2_GE09_29_25,150,PR,5248,GE09,2022-11-30,231368
PR_G5-1_2_GE09_29_25,152,PR,3069,GE09,2023-01-30,234437
PR_G5-1_2_GE09_29_25,153,PR,0,GE09,2023-02-22,234437
PR_G5-1_2_GE09_29_25,154,PR,2841,GE09,2023-03-20,237278
PR_G5-1_2_GE09_29_25,154,PR,2841,GE09,2023-03-31,240119
PR_G5-1_2_GE09_29_25,155,PR,0,GE09,2023-04-12,240119
PR_G5-1_2_GE09_29_25,156,PR,2258,GE09,2023-05-05,242377
PR_G5-1_2_GE09_29_25,162,PR,0,GE09,2023-11-09,242377
PR_G5-1_2_GE09_29_25,162,PR,0,GE09,2023-11-21,242377
PR_G5-1_2_GE09_29_25,163,PR,0,GE09,2023-12-14,242377
PR_G5-1_2_GE09_29_25,164,PR,5363,GE09,2024-01-30,247740
PR_G5-1_2_GE09_29_25,164,PR,5363,GE09,2024-01-18,253103
PR_G5-1_2_GE09_29_25,165,PR,0,GE09,2024-02-10,253103
PR_G5-1_2_GE09_29_25,165,PR,0,GE09,2024-02-22,253103
PR_G5-1_2_GE09_29_25,166,PR,0,GE09,2024-03-05,253103
PR_G5-1_2_GE09_29_25,166,PR,0,GE09,2024-03-16,253103
PR_G5-1_2_GE09_29_25,168,PR,0,GE09,2024-05-20,253103
PR_G5-1_2_GE09_29_25,168,PR,0,GE09,2024-05-28,253103
PR_G5-1_2_GE09_29_25,169,PR,0,GE09,2024-06-08,253103
PR_G5-1_2_GE12_29_8,41,PR,0,GE12,2013-10-09,0
PR_G5-1_2_GE12_29_8,41,PR,0,GE12,2013-10-21,0
PR_G5-1_2_GE12_29_8,42,PR,0,GE12,2013-11-07,0
PR_G5-1_2_GE12_29_8,42,PR,0,GE12,2013-11-26,0
PR_G5-1_2_GE12_29_8,43,PR,0,GE12,2013-12-06,0
PR_G5-1_2_GE12_29_8,43,PR,0,GE12,2013-12-17,0
PR_G5-1_2_GE12_29_8,44,PR,0,GE12,2014-01-14,0
PR_G5-1_2_GE12_29_8,44,PR,0,GE12,2014-01-24,0
PR_G5-1_2_GE12_29_8,45,PR,0,GE12,2014-02-03,0
PR_G5-1_2_GE12_29_8,45,PR,0,GE12,2014-02-24,0
PR_G5-1_2_GE12_29_8,46,PR,0,GE12,2014-03-05,0
PR_G5-1_2_GE12_29_8,46,PR,0,GE12,2014-03-24,0
PR_G5-1_2_GE12_29_8,47,PR,1069,GE12,2014-04-02,1069
PR_G5-1_2_GE12_29_8,47,PR,1069,GE12,2014-04-21,2138
PR_G5-1_2_GE12_29_8,47,PR,1069,GE12,2014-04-30,3207
PR_G5-1_2_GE12_29_8,48,PR,0,GE12,2014-05-09,3207
PR_G5-1_2_GE12_29_8,48,PR,0,GE12,2014-05-19,3207
PR_G5-1_2_GE12_29_8,49,PR,606,GE12,2014-06-06,3813
PR_G5-1_2_GE12_29_8,49,PR,606,GE12,2014-06-16,4419
PR_G5-1_2_GE12_29_8,50,PR,560,GE12,2014-07-04,4979
PR_G5-1_2_GE12_29_8,51,PR,760,GE12,2014-08-01,5739
PR_G5-1_2_GE12_29_8,51,PR,760,GE12,2014-08-20,6499
PR_G5-1_2_GE12_29_8,52,PR,985,GE12,2014-09-08,7484
PR_G5-1_2_GE12_29_8,52,PR,985,GE12,2014-09-26,8469
PR_G5-1_2_GE12_29_8,59,PR,2280,GE12,2015-04-01,10749
PR_G5-1_2_GE12_29_8,59,PR,2280,GE12,2015-04-10,13029
PR_G5-1_2_GE12_29_8,59,PR,2280,GE12,2015-04-29,15309
PR_G5-1_2_GE12_29_8,60,PR,0,GE12,2015-05-08,15309
PR_G5-1_2_GE12_29_8,60,PR,0,GE12,2015-05-18,15309
PR_G5-1_2_GE12_29_8,60,PR,0,GE12,2015-05-29,15309
PR_G5-1_2_GE12_29_8,62,PR,876,GE12,2015-07-13,16185
PR_G5-1_2_GE12_29_8,62,PR,876,GE12,2015-07-22,17061
PR_G5-1_2_GE12_29_8,61,PR,1615,GE12,2015-06-15,18676
PR_G5-1_2_GE12_29_8,61,PR,1615,GE12,2015-06-24,20291
PR_G5-1_2_GE12_29_8,63,PR,662,GE12,2015-08-10,20953
PR_G5-1_2_GE12_29_8,63,PR,662,GE12,2015-08-19,21615
PR_G5-1_2_GE12_29_8,65,PR,920,GE12,2015-10-14,22535
PR_G5-1_2_GE12_29_8,66,PR,724,GE12,2015-11-02,23259
PR_G5-1_2_GE12_29_8,66,PR,724,GE12,2015-11-20,23983
PR_G5-1_2_GE12_29_8,67,PR,887,GE12,2015-12-09,24870
PR_G5-1_2_GE12_29_8,71,PR,0,GE12,2016-04-18,24870
PR_G5-1_2_GE12_29_8,72,PR,1211,GE12,2016-05-06,26081
PR_G5-1_2_GE12_29_8,72,PR,1211,GE12,2016-05-25,27292
PR_G5-1_2_GE12_29_8,73,PR,1317,GE12,2016-06-03,28609
PR_G5-1_2_GE12_29_8,73,PR,1317,GE12,2016-06-13,29926
PR_G5-1_2_GE12_29_8,74,PR,914,GE12,2016-07-01,30840
PR_G5-1_2_GE12_29_8,74,PR,914,GE12,2016-07-11,31754
PR_G5-1_2_GE12_29_8,76,PR,0,GE12,2016-09-23,31754
PR_G5-1_2_GE12_29_8,77,PR,1007,GE12,2016-10-21,32761
PR_G5-1_2_GE12_29_8,78,PR,2171,GE12,2016-11-09,34932
PR_G5-1_2_GE12_29_8,78,PR,2171,GE12,2016-11-28,37103
PR_G5-1_2_GE12_29_8,84,PR,0,GE12,2017-05-24,37103
PR_G5-1_2_GE12_29_8,88,PR,1135,GE12,2017-09-13,38238
PR_G5-1_2_GE12_29_8,89,PR,1045,GE12,2017-10-02,39283
PR_G5-1_2_GE12_29_8,89,PR,1045,GE12,2017-10-11,40328
PR_G5-1_2_GE12_29_8,90,PR,1032,GE12,2017-11-08,41360
PR_G5-1_2_GE12_29_8,90,PR,1032,GE12,2017-11-17,42392
PR_G5-1_2_GE12_29_8,92,PR,1390,GE12,2018-01-22,43782
PR_G5-1_2_GE12_29_8,98,PR,1595,GE12,2018-07-09,45377
PR_G5-1_2_GE12_29_8,98,PR,1595,GE12,2018-07-18,46972
PR_G5-1_2_GE12_29_8,99,PR,1687,GE12,2018-08-06,48659
PR_G5-1_2_GE12_29_8,99,PR,1687,GE12,2018-08-24,50346
PR_G5-1_2_GE12_29_8,100,PR,1724,GE12,2018-09-03,52070
PR_G5-1_2_GE12_29_8,100,PR,1724,GE12,2018-09-21,53794
PR_G5-1_2_GE12_29_8,101,PR,1796,GE12,2018-10-01,55590
PR_G5-1_2_GE12_29_8,101,PR,1796,GE12,2018-10-19,57386
PR_G5-1_2_GE12_29_8,102,PR,1687,GE12,2018-11-07,59073
PR_G5-1_2_GE12_29_8,102,PR,1687,GE12,2018-11-16,60760
PR_G5-1_2_GE12_29_8,103,PR,1448,GE12,2018-12-05,62208
PR_G5-1_2_GE12_29_8,103,PR,1448,GE12,2018-12-24,63656
PR_G5-1_2_GE12_29_8,104,PR,1243,GE12,2019-01-02,64899
PR_G5-1_2_GE12_29_8,104,PR,1243,GE12,2019-01-11,66142
PR_G5-1_2_GE12_29_8,113,PR,2348,GE12,2019-10-09,68490
PR_G5-1_2_GE12_29_8,113,PR,2348,GE12,2019-10-18,70838
PR_G5-1_2_GE12_29_8,114,PR,1808,GE12,2019-11-06,72646
PR_G5-1_2_GE12_29_8,118,PR,1755,GE12,2020-03-25,74401
PR_G5-1_2_GE12_29_8,119,PR,0,GE12,2020-04-13,74401
PR_G5-1_2_GE12_29_8,124,PR,1832,GE12,2020-09-25,76233
PR_G5-1_2_GE12_29_8,125,PR,2208,GE12,2020-10-07,78441
PR_G5-1_2_GE12_29_8,131,PR,2251,GE12,2021-04-09,80692
PR_G5-1_2_GE12_29_8,131,PR,2251,GE12,2021-04-21,82943
PR_G5-1_2_GE12_29_8,132,PR,0,GE12,2021-05-14,82943
PR_G5-1_2_GE12_29_8,132,PR,0,GE12,2021-05-26,82943
PR_G5-1_2_GE12_29_8,133,PR,2013,GE12,2021-06-07,84956
PR_G5-1_2_GE12_29_8,133,PR,2013,GE12,2021-06-18,86969
PR_G5-1_2_GE12_29_8,134,PR,2112,GE12,2021-07-26,89081
PR_G5-1_2_GE12_29_8,135,PR,2188,GE12,2021-08-18,91269
PR_G5-1_2_GE12_29_8,135,PR,2188,GE12,2021-08-30,93457
PR_G5-1_2_GE12_29_8,137,PR,0,GE12,2021-10-04,93457
PR_G5-1_2_GE12_29_8,137,PR,0,GE12,2021-10-27,93457
PR_G5-1_2_GE12_29_8,146,PR,0,GE12,2022-07-01,93457
PR_G5-1_2_GE12_29_8,156,PR,2794,GE12,2023-05-17,96251
PR_G5-1_2_GE12_29_8,163,PR,3070,GE12,2023-12-18,99321
PR_G5-1_2_GE12_29_8,164,PR,2853,GE12,2024-01-06,102174
PR_G5-1_2_GE12_29_8,166,PR,0,GE12,2024-03-28,102174
PR_G5-1_2_GE12_29_8,167,PR,0,GE12,2024-04-10,102174
PR_G5-1_2_GE12_29_8,168,PR,0,GE12,2024-05-03,102174
PR_G5-1_2_GE12_29_8,168,PR,0,GE12,2024-05-16,102174
PR_G5-1_2_GE12_29_8,168,PR,0,GE12,2024-05-28,102174
PR_G5-1_2_GE12_29_8,169,PR,0,GE12,2024-06-21,102174
PR_G5-1_2_GE12_29_9,35,PR,0,GE12,2013-04-19,0
PR_G5-1_2_GE12_29_9,35,PR,0,GE12,2013-04-30,0
PR_G5-1_2_GE12_29_9,37,PR,0,GE12,2013-06-19,0
PR_G5-1_2_GE12_29_9,40,PR,0,GE12,2013-09-30,0
PR_G5-1_2_GE12_29_9,41,PR,0,GE12,2013-10-09,0
PR_G5-1_2_GE12_29_9,42,PR,0,GE12,2013-11-07,0
PR_G5-1_2_GE12_29_9,42,PR,0,GE12,2013-11-18,0
PR_G5-1_2_GE12_29_9,43,PR,0,GE12,2013-12-06,0
PR_G5-1_2_GE12_29_9,44,PR,0,GE12,2014-01-04,0
PR_G5-1_2_GE12_29_9,44,PR,0,GE12,2014-01-24,0
PR_G5-1_2_GE12_29_9,44,PR,0,GE12,2014-01-14,0
PR_G5-1_2_GE12_29_9,45,PR,0,GE12,2014-02-24,0
PR_G5-1_2_GE12_29_9,45,PR,0,GE12,2014-02-13,0
PR_G5-1_2_GE12_29_9,46,PR,0,GE12,2014-03-05,0
PR_G5-1_2_GE12_29_9,47,PR,572,GE12,2014-04-02,572
PR_G5-1_2_GE12_29_9,47,PR,572,GE12,2014-04-11,1144
PR_G5-1_2_GE12_29_9,47,PR,572,GE12,2014-04-30,1716
PR_G5-1_2_GE12_29_9,48,PR,572,GE12,2014-05-09,2288
PR_G5-1_2_GE12_29_9,48,PR,572,GE12,2014-05-28,2860
PR_G5-1_2_GE12_29_9,50,PR,264,GE12,2014-07-04,3124
PR_G5-1_2_GE12_29_9,51,PR,400,GE12,2014-08-11,3524
PR_G5-1_2_GE12_29_9,51,PR,400,GE12,2014-08-20,3924
PR_G5-1_2_GE12_29_9,52,PR,650,GE12,2014-09-17,4574
PR_G5-1_2_GE12_29_9,59,PR,1253,GE12,2015-04-01,5827
PR_G5-1_2_GE12_29_9,59,PR,1253,GE12,2015-04-10,7080
PR_G5-1_2_GE12_29_9,59,PR,1253,GE12,2015-04-29,8333
PR_G5-1_2_GE12_29_9,60,PR,0,GE12,2015-05-08,8333
PR_G5-1_2_GE12_29_9,60,PR,0,GE12,2015-05-27,8333
PR_G5-1_2_GE12_29_9,61,PR,587,GE12,2015-06-05,8920
PR_G5-1_2_GE12_29_9,61,PR,587,GE12,2015-06-15,9507
PR_G5-1_2_GE12_29_9,62,PR,2544,GE12,2015-07-03,12051
PR_G5-1_2_GE12_29_9,62,PR,2544,GE12,2015-07-13,14595
PR_G5-1_2_GE12_29_9,62,PR,2544,GE12,2015-07-22,17139
PR_G5-1_2_GE12_29_9,62,PR,2544,GE12,2015-07-31,19683
PR_G5-1_2_GE12_29_9,63,PR,0,GE12,2015-08-19,19683
PR_G5-1_2_GE12_29_9,64,PR,651,GE12,2015-09-07,20334
PR_G5-1_2_GE12_29_9,73,PR,1071,GE12,2016-06-13,21405
PR_G5-1_2_GE12_29_9,73,PR,1071,GE12,2016-06-22,22476
PR_G5-1_2_GE12_29_9,74,PR,1671,GE12,2016-07-11,24147
PR_G5-1_2_GE12_29_9,74,PR,1671,GE12,2016-07-20,25818
PR_G5-1_2_GE12_29_9,74,PR,1671,GE12,2016-07-29,27489
PR_G5-1_2_GE12_29_9,75,PR,0,GE12,2016-08-26,27489
PR_G5-1_2_GE12_29_9,76,PR,968,GE12,2016-09-05,28457
PR_G5-1_2_GE12_29_9,76,PR,968,GE12,2016-09-23,29425
PR_G5-1_2_GE12_29_9,77,PR,2323,GE12,2016-10-03,31748
PR_G5-1_2_GE12_29_9,77,PR,2323,GE12,2016-10-12,34071
PR_G5-1_2_GE12_29_9,77,PR,2323,GE12,2016-10-31,36394
PR_G5-1_2_GE12_29_9,78,PR,0,GE12,2016-11-18,36394
PR_G5-1_2_GE12_29_9,79,PR,1038,GE12,2016-12-07,37432
PR_G5-1_2_GE12_29_9,80,PR,1286,GE12,2017-01-13,38718
PR_G5-1_2_GE12_29_9,81,PR,1128,GE12,2017-02-20,39846
PR_G5-1_2_GE12_29_9,83,PR,0,GE12,2017-04-07,39846
PR_G5-1_2_GE12_29_9,90,PR,1952,GE12,2017-11-08,41798
PR_G5-1_2_GE12_29_9,90,PR,1952,GE12,2017-11-27,43750
PR_G5-1_2_GE12_29_9,91,PR,0,GE12,2017-12-15,43750
PR_G5-1_2_GE12_29_9,92,PR,996,GE12,2018-01-03,44746
PR_G5-1_2_GE12_29_9,92,PR,996,GE12,2018-01-22,45742
PR_G5-1_2_GE12_29_9,100,PR,1498,GE12,2018-09-03,47240
PR_G5-1_2_GE12_29_9,103,PR,1574,GE12,2018-12-24,48814
PR_G5-1_2_GE12_29_9,103,PR,1574,GE12,2018-12-05,50388
PR_G5-1_2_GE12_29_9,103,PR,1574,GE12,2018-12-14,51962
PR_G5-1_2_GE12_29_9,101,PR,1670,GE12,2018-10-10,53632
PR_G5-1_2_GE12_29_9,104,PR,0,GE12,2019-01-02,53632
PR_G5-1_2_GE12_29_9,106,PR,1574,GE12,2019-03-08,55206
PR_G5-1_2_GE12_29_9,106,PR,1574,GE12,2019-03-18,56780
PR_G5-1_2_GE12_29_9,109,PR,2184,GE12,2019-06-28,58964
PR_G5-1_2_GE12_29_9,111,PR,2341,GE12,2019-08-05,61305
PR_G5-1_2_GE12_29_9,116,PR,2536,GE12,2020-01-01,63841
PR_G5-1_2_GE12_29_9,116,PR,2536,GE12,2020-01-10,66377
PR_G5-1_2_GE12_29_9,121,PR,2420,GE12,2020-06-26,68797
PR_G5-1_2_GE12_29_9,122,PR,2019,GE12,2020-07-07,70816
PR_G5-1_2_GE12_29_9,122,PR,2019,GE12,2020-07-28,72835
PR_G5-1_2_GE12_29_9,123,PR,0,GE12,2020-08-20,72835
PR_G5-1_2_GE12_29_9,124,PR,0,GE12,2020-09-12,72835
PR_G5-1_2_GE12_29_9,124,PR,0,GE12,2020-09-25,72835
PR_G5-1_2_GE12_29_9,125,PR,0,GE12,2020-10-19,72835
PR_G5-1_2_GE12_29_9,126,PR,2521,GE12,2020-11-17,75356
PR_G5-1_2_GE12_29_9,134,PR,2649,GE12,2021-07-13,78005
PR_G5-1_2_GE12_29_9,134,PR,2649,GE12,2021-07-26,80654
PR_G5-1_2_GE12_29_9,135,PR,1816,GE12,2021-08-18,82470
PR_G5-1_2_GE12_29_9,135,PR,1816,GE12,2021-08-30,84286
PR_G5-1_2_GE12_29_9,136,PR,0,GE12,2021-09-22,84286
PR_G5-1_2_GE12_29_9,137,PR,0,GE12,2021-10-04,84286
PR_G5-1_2_GE12_29_9,137,PR,0,GE12,2021-10-27,84286
PR_G5-1_2_GE12_29_9,138,PR,2143,GE12,2021-11-08,86429
PR_G5-1_2_GE12_29_9,139,PR,0,GE12,2021-12-13,86429
PR_G5-1_2_GE12_29_9,139,PR,0,GE12,2021-12-24,86429
PR_G5-1_2_GE12_29_9,143,PR,0,GE12,2022-04-22,86429
PR_G5-1_2_GE12_29_9,154,PR,0,GE12,2023-03-07,86429
PR_G5-1_2_GE12_29_9,159,PR,2568,GE12,2023-08-31,88997
PR_G5-1_2_GE12_29_9,160,PR,0,GE12,2023-09-23,88997
PR_G5-1_2_GE12_29_9,161,PR,0,GE12,2023-10-17,88997
PR_G5-1_2_GE12_29_9,162,PR,2894,GE12,2023-11-09,91891
PR_G5-1_2_GE12_29_9,162,PR,2894,GE12,2023-11-21,94785
PR_G5-1_2_GE12_29_9,163,PR,2688,GE12,2023-12-14,97473
PR_G5-1_2_GE12_29_9,163,PR,2688,GE12,2023-12-26,100161
PR_G5-1_2_GE12_29_9,164,PR,0,GE12,2024-01-30,100161
PR_G5-1_2_GE12_29_9,167,PR,0,GE12,2024-04-10,100161
PR_G5-1_2_GE12_29_9,168,PR,0,GE12,2024-05-03,100161
PR_G5-1_2_GE12_29_9,168,PR,0,GE12,2024-05-28,100161
PR_G5-1_2_GE06_34_10,35,PR,0,GE06,2013-04-10,0
PR_G5-1_2_GE06_34_10,35,PR,0,GE06,2013-04-19,0
PR_G5-1_2_GE06_34_10,36,PR,0,GE06,2013-05-20,0
PR_G5-1_2_GE06_34_10,37,PR,0,GE06,2013-06-08,0
PR_G5-1_2_GE06_34_10,37,PR,0,GE06,2013-06-19,0
PR_G5-1_2_GE06_34_10,37,PR,0,GE06,2013-06-28,0
PR_G5-1_2_GE06_34_10,38,PR,0,GE06,2013-07-12,0
PR_G5-1_2_GE06_34_10,39,PR,0,GE06,2013-08-20,0
PR_G5-1_2_GE06_34_10,40,PR,0,GE06,2013-09-10,0
PR_G5-1_2_GE06_34_10,41,PR,0,GE06,2013-10-21,0
PR_G5-1_2_GE06_34_10,42,PR,0,GE06,2013-11-18,0
PR_G5-1_2_GE06_34_10,44,PR,0,GE06,2014-01-04,0
PR_G5-1_2_GE06_34_10,44,PR,0,GE06,2014-01-14,0
PR_G5-1_2_GE06_34_10,44,PR,0,GE06,2014-01-24,0
PR_G5-1_2_GE06_34_10,45,PR,0,GE06,2014-02-03,0
PR_G5-1_2_GE06_34_10,45,PR,0,GE06,2014-02-13,0
PR_G5-1_2_GE06_34_10,45,PR,0,GE06,2014-02-24,0
PR_G5-1_2_GE06_34_10,46,PR,0,GE06,2014-03-05,0
PR_G5-1_2_GE06_34_10,46,PR,0,GE06,2014-03-24,0
PR_G5-1_2_GE06_34_10,47,PR,673,GE06,2014-04-11,673
PR_G5-1_2_GE06_34_10,47,PR,673,GE06,2014-04-21,1346
PR_G5-1_2_GE06_34_10,48,PR,809,GE06,2014-05-09,2155
PR_G5-1_2_GE06_34_10,48,PR,809,GE06,2014-05-28,2964
PR_G5-1_2_GE06_34_10,49,PR,0,GE06,2014-06-06,2964
PR_G5-1_2_GE06_34_10,49,PR,0,GE06,2014-06-25,2964
PR_G5-1_2_GE06_34_10,50,PR,950,GE06,2014-07-14,3914
PR_G5-1_2_GE06_34_10,50,PR,950,GE06,2014-07-23,4864
PR_G5-1_2_GE06_34_10,51,PR,682,GE06,2014-08-11,5546
PR_G5-1_2_GE06_34_10,56,PR,1213,GE06,2015-01-16,6759
PR_G5-1_2_GE06_34_10,56,PR,1213,GE06,2015-01-07,7972
PR_G5-1_2_GE06_34_10,57,PR,1356,GE06,2015-02-13,9328
PR_G5-1_2_GE06_34_10,57,PR,1356,GE06,2015-02-23,10684
PR_G5-1_2_GE06_34_10,59,PR,1594,GE06,2015-04-01,12278
PR_G5-1_2_GE06_34_10,59,PR,1594,GE06,2015-04-20,13872
PR_G5-1_2_GE06_34_10,59,PR,1594,GE06,2015-04-29,15466
PR_G5-1_2_GE06_34_10,60,PR,0,GE06,2015-05-18,15466
PR_G5-1_2_GE06_34_10,60,PR,0,GE06,2015-05-27,15466
PR_G5-1_2_GE06_34_10,61,PR,0,GE06,2015-06-05,15466
PR_G5-1_2_GE06_34_10,61,PR,0,GE06,2015-06-24,15466
PR_G5-1_2_GE06_34_10,62,PR,0,GE06,2015-07-03,15466
PR_G5-1_2_GE06_34_10,62,PR,0,GE06,2015-07-13,15466
PR_G5-1_2_GE06_34_10,63,PR,1238,GE06,2015-08-10,16704
PR_G5-1_2_GE06_34_10,66,PR,2862,GE06,2015-11-20,19566
PR_G5-1_2_GE06_34_10,66,PR,2862,GE06,2015-11-30,22428
PR_G5-1_2_GE06_34_10,67,PR,0,GE06,2015-12-09,22428
PR_G5-1_2_GE06_34_10,67,PR,0,GE06,2015-12-26,22428
PR_G5-1_2_GE06_34_10,68,PR,0,GE06,2016-01-06,22428
PR_G5-1_2_GE06_34_10,68,PR,0,GE06,2016-01-25,22428
PR_G5-1_2_GE06_34_10,68,PR,0,GE06,2016-01-15,22428
PR_G5-1_2_GE06_34_10,72,PR,1211,GE06,2016-05-06,23639
PR_G5-1_2_GE06_34_10,72,PR,1211,GE06,2016-05-16,24850
PR_G5-1_2_GE06_34_10,72,PR,1211,GE06,2016-05-25,26061
PR_G5-1_2_GE06_34_10,73,PR,1400,GE06,2016-06-03,27461
PR_G5-1_2_GE06_34_10,73,PR,1400,GE06,2016-06-22,28861
PR_G5-1_2_GE06_34_10,74,PR,1523,GE06,2016-07-11,30384
PR_G5-1_2_GE06_34_10,74,PR,1523,GE06,2016-07-20,31907
PR_G5-1_2_GE06_34_10,75,PR,2640,GE06,2016-08-08,34547
PR_G5-1_2_GE06_34_10,75,PR,2640,GE06,2016-08-26,37187
PR_G5-1_2_GE06_34_10,77,PR,1560,GE06,2016-10-03,38747
PR_G5-1_2_GE06_34_10,78,PR,3170,GE06,2016-11-18,41917
PR_G5-1_2_GE06_34_10,78,PR,3170,GE06,2016-11-28,45087
PR_G5-1_2_GE06_34_10,79,PR,0,GE06,2016-12-16,45087
PR_G5-1_2_GE06_34_10,80,PR,1409,GE06,2017-01-04,46496
PR_G5-1_2_GE06_34_10,80,PR,1409,GE06,2017-01-13,47905
PR_G5-1_2_GE06_34_10,81,PR,1609,GE06,2017-02-01,49514
PR_G5-1_2_GE06_34_10,83,PR,812,GE06,2017-04-17,50326
PR_G5-1_2_GE06_34_10,83,PR,812,GE06,2017-04-26,51138
PR_G5-1_2_GE06_34_10,84,PR,1901,GE06,2017-05-05,53039
PR_G5-1_2_GE06_34_10,84,PR,1901,GE06,2017-05-24,54940
PR_G5-1_2_GE06_34_10,85,PR,2940,GE06,2017-06-12,57880
PR_G5-1_2_GE06_34_10,85,PR,2940,GE06,2017-06-30,60820
PR_G5-1_2_GE06_34_10,86,PR,0,GE06,2017-07-19,60820
PR_G5-1_2_GE06_34_10,86,PR,0,GE06,2017-07-28,60820
PR_G5-1_2_GE06_34_10,91,PR,1773,GE06,2017-12-15,62593
PR_G5-1_2_GE06_34_10,92,PR,1600,GE06,2018-01-03,64193
PR_G5-1_2_GE06_34_10,92,PR,1600,GE06,2018-01-22,65793
PR_G5-1_2_GE06_34_10,92,PR,1600,GE06,2018-01-31,67393
PR_G5-1_2_GE06_34_10,93,PR,1683,GE06,2018-02-19,69076
PR_G5-1_2_GE06_34_10,93,PR,1683,GE06,2018-02-28,70759
PR_G5-1_2_GE06_34_10,96,PR,1635,GE06,2018-05-23,72394
PR_G5-1_2_GE06_34_10,97,PR,1571,GE06,2018-06-01,73965
PR_G5-1_2_GE06_34_10,97,PR,1571,GE06,2018-06-20,75536
PR_G5-1_2_GE06_34_10,98,PR,1597,GE06,2018-07-18,77133
PR_G5-1_2_GE06_34_10,103,PR,0,GE06,2018-12-24,77133
PR_G5-1_2_GE06_34_10,104,PR,0,GE06,2019-01-02,77133
PR_G5-1_2_GE06_34_10,104,PR,0,GE06,2019-01-11,77133
PR_G5-1_2_GE06_34_10,107,PR,1700,GE06,2019-04-15,78833
PR_G5-1_2_GE06_34_10,107,PR,1700,GE06,2019-04-24,80533
PR_G5-1_2_GE06_34_10,108,PR,4459,GE06,2019-05-03,84992
PR_G5-1_2_GE06_34_10,108,PR,4459,GE06,2019-05-22,89451
PR_G5-1_2_GE06_34_10,108,PR,4459,GE06,2019-05-31,93910
PR_G5-1_2_GE06_34_10,109,PR,0,GE06,2019-06-19,93910
PR_G5-1_2_GE06_34_10,110,PR,1899,GE06,2019-07-26,95809
PR_G5-1_2_GE06_34_10,115,PR,2703,GE06,2019-12-04,98512
PR_G5-1_2_GE06_34_10,115,PR,2703,GE06,2019-12-23,101215
PR_G5-1_2_GE06_34_10,116,PR,0,GE06,2020-01-01,101215
PR_G5-1_2_GE06_34_10,118,PR,0,GE06,2020-03-16,101215
PR_G5-1_2_GE06_34_10,118,PR,0,GE06,2020-03-06,101215
PR_G5-1_2_GE06_34_10,117,PR,1379,GE06,2020-02-26,102594
PR_G5-1_2_GE06_34_10,120,PR,0,GE06,2020-05-29,102594
PR_G5-1_2_GE06_34_10,121,PR,2814,GE06,2020-06-08,105408
PR_G5-1_2_GE06_34_10,122,PR,2947,GE06,2020-07-16,108355
PR_G5-1_2_GE06_34_10,123,PR,2542,GE06,2020-08-08,110897
PR_G5-1_2_GE06_34_10,126,PR,4793,GE06,2020-11-05,115690
PR_G5-1_2_GE06_34_10,126,PR,4793,GE06,2020-11-17,120483
PR_G5-1_2_GE06_34_10,126,PR,4793,GE06,2020-11-28,125276
PR_G5-1_2_GE06_34_10,128,PR,4723,GE06,2021-01-06,129999
PR_G5-1_2_GE06_34_10,128,PR,4723,GE06,2021-01-29,134722
PR_G5-1_2_GE06_34_10,128,PR,4723,GE06,2021-01-18,139445
PR_G5-1_2_GE06_34_10,133,PR,2246,GE06,2021-06-07,141691
PR_G5-1_2_GE06_34_10,133,PR,2246,GE06,2021-06-18,143937
PR_G5-1_2_GE06_34_10,134,PR,0,GE06,2021-07-13,143937
PR_G5-1_2_GE06_34_10,136,PR,2681,GE06,2021-09-22,146618
PR_G5-1_2_GE06_34_10,137,PR,0,GE06,2021-10-15,146618
PR_G5-1_2_GE06_34_10,140,PR,5566,GE06,2022-01-07,152184
PR_G5-1_2_GE06_34_10,140,PR,5566,GE06,2022-01-31,157750
PR_G5-1_2_GE06_34_10,141,PR,0,GE06,2022-02-23,157750
PR_G5-1_2_GE06_34_10,144,PR,2606,GE06,2022-05-04,160356
PR_G5-1_2_GE06_34_10,144,PR,2606,GE06,2022-05-16,162962
PR_G5-1_2_GE06_34_10,147,PR,2349,GE06,2022-08-05,165311
PR_G5-1_2_GE06_34_10,147,PR,2349,GE06,2022-08-17,167660
PR_G5-1_2_GE06_34_10,148,PR,2815,GE06,2022-09-09,170475
PR_G5-1_2_GE06_34_10,153,PR,0,GE06,2023-02-22,170475
PR_G5-1_2_GE06_34_10,154,PR,3227,GE06,2023-03-07,173702
PR_G5-1_2_GE06_34_10,154,PR,3227,GE06,2023-03-20,176929
PR_G5-1_2_GE06_34_10,154,PR,3227,GE06,2023-03-31,180156
PR_G5-1_2_GE06_34_10,158,PR,2286,GE06,2023-07-15,182442
PR_G5-1_2_GE06_34_10,159,PR,0,GE06,2023-08-19,182442
PR_G5-1_2_GE06_34_10,160,PR,2611,GE06,2023-09-12,185053
PR_G5-1_2_GE06_34_10,161,PR,0,GE06,2023-10-17,185053
PR_G5-1_2_GE06_34_10,164,PR,4674,GE06,2024-01-06,189727
PR_G5-1_2_GE06_34_10,164,PR,4674,GE06,2024-01-30,194401
PR_G5-1_2_GE06_34_10,165,PR,0,GE06,2024-02-10,194401
PR_G5-1_2_GE06_34_10,165,PR,0,GE06,2024-02-22,194401
PR_G5-1_2_GE06_34_10,166,PR,0,GE06,2024-03-16,194401
PR_G5-1_2_GE06_34_10,166,PR,0,GE06,2024-03-28,194401
PR_G5-1_2_GE06_34_10,167,PR,0,GE06,2024-04-10,194401
PR_G5-1_2_GE06_34_11,35,PR,0,GE06,2013-04-10,0
PR_G5-1_2_GE06_34_11,35,PR,0,GE06,2013-04-19,0
PR_G5-1_2_GE06_34_11,35,PR,0,GE06,2013-04-30,0
PR_G5-1_2_GE06_34_11,36,PR,0,GE06,2013-05-20,0
PR_G5-1_2_GE06_34_11,38,PR,0,GE06,2013-07-22,0
PR_G5-1_2_GE06_34_11,38,PR,0,GE06,2013-07-31,0
PR_G5-1_2_GE06_34_11,39,PR,0,GE06,2013-08-20,0
PR_G5-1_2_GE06_34_11,40,PR,0,GE06,2013-09-10,0
PR_G5-1_2_GE06_34_11,40,PR,0,GE06,2013-09-19,0
PR_G5-1_2_GE06_34_11,41,PR,0,GE06,2013-10-09,0
PR_G5-1_2_GE06_34_11,41,PR,0,GE06,2013-10-21,0
PR_G5-1_2_GE06_34_11,42,PR,0,GE06,2013-11-07,0
PR_G5-1_2_GE06_34_11,42,PR,0,GE06,2013-11-18,0
PR_G5-1_2_GE06_34_11,43,PR,0,GE06,2013-12-17,0
PR_G5-1_2_GE06_34_11,44,PR,0,GE06,2014-01-04,0
PR_G5-1_2_GE06_34_11,45,PR,0,GE06,2014-02-03,0
PR_G5-1_2_GE06_34_11,45,PR,0,GE06,2014-02-24,0
PR_G5-1_2_GE06_34_11,46,PR,0,GE06,2014-03-14,0
PR_G5-1_2_GE06_34_11,46,PR,0,GE06,2014-03-24,0
PR_G5-1_2_GE06_34_11,47,PR,1034,GE06,2014-04-02,1034
PR_G5-1_2_GE06_34_11,47,PR,1034,GE06,2014-04-21,2068
PR_G5-1_2_GE06_34_11,47,PR,1034,GE06,2014-04-30,3102
PR_G5-1_2_GE06_34_11,48,PR,574,GE06,2014-05-19,3676
PR_G5-1_2_GE06_34_11,48,PR,574,GE06,2014-05-28,4250
PR_G5-1_2_GE06_34_11,49,PR,0,GE06,2014-06-06,4250
PR_G5-1_2_GE06_34_11,49,PR,0,GE06,2014-06-25,4250
PR_G5-1_2_GE06_34_11,50,PR,587,GE06,2014-07-14,4837
PR_G5-1_2_GE06_34_11,50,PR,587,GE06,2014-07-23,5424
PR_G5-1_2_GE06_34_11,51,PR,598,GE06,2014-08-11,6022
PR_G5-1_2_GE06_34_11,51,PR,598,GE06,2014-08-20,6620
PR_G5-1_2_GE06_34_11,52,PR,655,GE06,2014-09-08,7275
PR_G5-1_2_GE06_34_11,52,PR,655,GE06,2014-09-26,7930
PR_G5-1_2_GE06_34_11,53,PR,670,GE06,2014-10-24,8600
PR_G5-1_2_GE06_34_11,54,PR,775,GE06,2014-11-03,9375
PR_G5-1_2_GE06_34_11,54,PR,775,GE06,2014-11-21,10150
PR_G5-1_2_GE06_34_11,55,PR,678,GE06,2014-12-10,10828
PR_G5-1_2_GE06_34_11,55,PR,678,GE06,2014-12-17,11506
PR_G5-1_2_GE06_34_11,56,PR,1216,GE06,2015-01-07,12722
PR_G5-1_2_GE06_34_11,56,PR,1216,GE06,2015-01-16,13938
PR_G5-1_2_GE06_34_11,57,PR,707,GE06,2015-02-23,14645
PR_G5-1_2_GE06_34_11,58,PR,1340,GE06,2015-03-23,15985
PR_G5-1_2_GE06_34_11,59,PR,1530,GE06,2015-04-01,17515
PR_G5-1_2_GE06_34_11,59,PR,1530,GE06,2015-04-10,19045
PR_G5-1_2_GE06_34_11,59,PR,1530,GE06,2015-04-20,20575
PR_G5-1_2_GE06_34_11,59,PR,1530,GE06,2015-04-29,22105
PR_G5-1_2_GE06_34_11,60,PR,0,GE06,2015-05-08,22105
PR_G5-1_2_GE06_34_11,60,PR,0,GE06,2015-05-18,22105
PR_G5-1_2_GE06_34_11,61,PR,500,GE06,2015-06-05,22605
PR_G5-1_2_GE06_34_11,61,PR,500,GE06,2015-06-15,23105
PR_G5-1_2_GE06_34_11,61,PR,500,GE06,2015-06-24,23605
PR_G5-1_2_GE06_34_11,62,PR,783,GE06,2015-07-03,24388
PR_G5-1_2_GE06_34_11,62,PR,783,GE06,2015-07-13,25171
PR_G5-1_2_GE06_34_11,62,PR,783,GE06,2015-07-31,25954
PR_G5-1_2_GE06_34_11,63,PR,755,GE06,2015-08-19,26709
PR_G5-1_2_GE06_34_11,63,PR,755,GE06,2015-08-28,27464
PR_G5-1_2_GE06_34_11,64,PR,0,GE06,2015-09-07,27464
PR_G5-1_2_GE06_34_11,65,PR,960,GE06,2015-10-23,28424
PR_G5-1_2_GE06_34_11,65,PR,960,GE06,2015-10-14,29384
PR_G5-1_2_GE06_34_11,69,PR,854,GE06,2016-02-22,30238
PR_G5-1_2_GE06_34_11,70,PR,1819,GE06,2016-03-02,32057
PR_G5-1_2_GE06_34_11,70,PR,1819,GE06,2016-03-11,33876
PR_G5-1_2_GE06_34_11,70,PR,1819,GE06,2016-03-30,35695
PR_G5-1_2_GE06_34_11,71,PR,0,GE06,2016-04-18,35695
PR_G5-1_2_GE06_34_11,72,PR,915,GE06,2016-05-06,36610
PR_G5-1_2_GE06_34_11,72,PR,915,GE06,2016-05-16,37525
PR_G5-1_2_GE06_34_11,72,PR,915,GE06,2016-05-25,38440
PR_G5-1_2_GE06_34_11,73,PR,959,GE06,2016-06-13,39399
PR_G5-1_2_GE06_34_11,74,PR,1822,GE06,2016-07-01,41221
PR_G5-1_2_GE06_34_11,74,PR,1822,GE06,2016-07-20,43043
PR_G5-1_2_GE06_34_11,74,PR,1822,GE06,2016-07-29,44865
PR_G5-1_2_GE06_34_11,75,PR,0,GE06,2016-08-17,44865
PR_G5-1_2_GE06_34_11,76,PR,697,GE06,2016-09-14,45562
PR_G5-1_2_GE06_34_11,77,PR,925,GE06,2016-10-03,46487
PR_G5-1_2_GE06_34_11,82,PR,935,GE06,2017-03-01,47422
PR_G5-1_2_GE06_34_11,82,PR,935,GE06,2017-03-10,48357
PR_G5-1_2_GE06_34_11,82,PR,935,GE06,2017-03-20,49292
PR_G5-1_2_GE06_34_11,82,PR,935,GE06,2017-03-29,50227
PR_G5-1_2_GE06_34_11,83,PR,0,GE06,2017-04-07,50227
PR_G5-1_2_GE06_34_11,83,PR,0,GE06,2017-04-17,50227
PR_G5-1_2_GE06_34_11,83,PR,0,GE06,2017-04-26,50227
PR_G5-1_2_GE06_34_11,88,PR,885,GE06,2017-09-13,51112
PR_G5-1_2_GE06_34_11,89,PR,1849,GE06,2017-10-02,52961
PR_G5-1_2_GE06_34_11,89,PR,1849,GE06,2017-10-30,54810
PR_G5-1_2_GE06_34_11,93,PR,0,GE06,2018-02-28,54810
PR_G5-1_2_GE06_34_11,93,PR,0,GE06,2018-02-19,54810
PR_G5-1_2_GE06_34_11,94,PR,1339,GE06,2018-03-09,56149
PR_G5-1_2_GE06_34_11,94,PR,1339,GE06,2018-03-28,57488
PR_G5-1_2_GE06_34_11,98,PR,1096,GE06,2018-07-18,58584
PR_G5-1_2_GE06_34_11,99,PR,0,GE06,2018-08-06,58584
PR_G5-1_2_GE06_34_11,100,PR,0,GE06,2018-09-03,58584
PR_G5-1_2_GE06_34_11,101,PR,1580,GE06,2018-10-01,60164
PR_G5-1_2_GE06_34_11,101,PR,1580,GE06,2018-10-19,61744
PR_G5-1_2_GE06_34_11,102,PR,1674,GE06,2018-11-07,63418
PR_G5-1_2_GE06_34_11,103,PR,0,GE06,2018-12-24,63418
PR_G5-1_2_GE06_34_11,104,PR,3544,GE06,2019-01-11,66962
PR_G5-1_2_GE06_34_11,104,PR,3544,GE06,2019-01-30,70506
PR_G5-1_2_GE06_34_11,105,PR,0,GE06,2019-02-18,70506
PR_G5-1_2_GE06_34_11,106,PR,1326,GE06,2019-03-08,71832
PR_G5-1_2_GE06_34_11,106,PR,1326,GE06,2019-03-27,73158
PR_G5-1_2_GE06_34_11,107,PR,0,GE06,2019-04-15,73158
PR_G5-1_2_GE06_34_11,108,PR,1894,GE06,2019-05-03,75052
PR_G5-1_2_GE06_34_11,109,PR,1893,GE06,2019-06-28,76945
PR_G5-1_2_GE06_34_11,111,PR,1905,GE06,2019-08-05,78850
PR_G5-1_2_GE06_34_11,112,PR,3619,GE06,2019-09-02,82469
PR_G5-1_2_GE06_34_11,112,PR,3619,GE06,2019-09-30,86088
PR_G5-1_2_GE06_34_11,117,PR,3238,GE06,2020-02-17,89326
PR_G5-1_2_GE06_34_11,117,PR,3238,GE06,2020-02-26,92564
PR_G5-1_2_GE06_34_11,118,PR,0,GE06,2020-03-06,92564
PR_G5-1_2_GE06_34_11,119,PR,1825,GE06,2020-04-03,94389
PR_G5-1_2_GE06_34_11,119,PR,1825,GE06,2020-04-13,96214
PR_G5-1_2_GE06_34_11,120,PR,1514,GE06,2020-05-01,97728
PR_G5-1_2_GE06_34_11,129,PR,0,GE06,2021-02-22,97728
PR_G5-1_2_GE06_34_11,129,PR,0,GE06,2021-02-10,97728
PR_G5-1_2_GE06_34_11,125,PR,1882,GE06,2020-10-07,99610
PR_G5-1_2_GE06_34_11,128,PR,1899,GE06,2021-01-29,101509
PR_G5-1_2_GE06_34_11,130,PR,1755,GE06,2021-03-05,103264
PR_G5-1_2_GE06_34_11,130,PR,1755,GE06,2021-03-17,105019
PR_G5-1_2_GE06_34_11,130,PR,1755,GE06,2021-03-29,106774
PR_G5-1_2_GE06_34_11,131,PR,2458,GE06,2021-04-09,109232
PR_G5-1_2_GE06_34_11,134,PR,2371,GE06,2021-07-26,111603
PR_G5-1_2_GE06_34_11,135,PR,0,GE06,2021-08-18,111603
PR_G5-1_2_GE06_34_11,136,PR,0,GE06,2021-09-22,111603
PR_G5-1_2_GE06_34_11,137,PR,1368,GE06,2021-10-27,112971
PR_G5-1_2_GE06_34_11,140,PR,2149,GE06,2022-01-19,115120
PR_G5-1_2_GE06_34_11,140,PR,2149,GE06,2022-01-31,117269
PR_G5-1_2_GE06_34_11,141,PR,0,GE06,2022-02-23,117269
PR_G5-1_2_GE06_34_11,142,PR,0,GE06,2022-03-07,117269
PR_G5-1_2_GE06_34_11,142,PR,0,GE06,2022-03-18,117269
PR_G5-1_2_GE06_34_11,143,PR,0,GE06,2022-04-11,117269
PR_G5-1_2_GE06_34_11,143,PR,0,GE06,2022-04-22,117269
PR_G5-1_2_GE06_34_11,152,PR,0,GE06,2023-01-18,117269
PR_G5-1_2_GE06_34_11,153,PR,1628,GE06,2023-02-10,118897
PR_G5-1_2_GE06_34_11,154,PR,0,GE06,2023-03-31,118897
PR_G5-1_2_GE06_34_11,155,PR,0,GE06,2023-04-12,118897
PR_G5-1_2_GE06_34_11,155,PR,0,GE06,2023-04-24,118897
PR_G5-1_2_GE06_34_11,159,PR,0,GE06,2023-08-31,118897
PR_G5-1_2_GE06_34_11,160,PR,0,GE06,2023-09-12,118897
PR_G5-1_2_GE06_34_11,161,PR,0,GE06,2023-10-17,118897
PR_G5-1_2_GE06_34_11,162,PR,0,GE06,2023-11-09,118897
PR_G5-1_2_GE06_34_11,162,PR,0,GE06,2023-11-21,118897
PR_G5-1_2_GE06_34_11,163,PR,0,GE06,2023-12-02,118897
PR_G5-1_2_GE06_34_11,163,PR,0,GE06,2023-12-26,118897
PR_G5-1_2_GE06_34_11,164,PR,0,GE06,2024-01-18,118897
PR_G5-1_2_GE06_34_11,165,PR,0,GE06,2024-02-02,118897
PR_G5-1_2_GE06_34_11,165,PR,0,GE06,2024-02-26,118897
PR_G5-1_2_GE06_34_11,166,PR,0,GE06,2024-03-28,118897
PR_G5-1_2_GE06_34_9,41,PR,0,GE06,2013-10-09,0
PR_G5-1_2_GE06_34_9,40,PR,0,GE06,2013-09-19,0
PR_G5-1_2_GE06_34_9,42,PR,0,GE06,2013-11-07,0
PR_G5-1_2_GE06_34_9,42,PR,0,GE06,2013-11-18,0
PR_G5-1_2_GE06_34_9,43,PR,0,GE06,2013-12-06,0
PR_G5-1_2_GE06_34_9,43,PR,0,GE06,2013-12-17,0
PR_G5-1_2_GE06_34_9,44,PR,0,GE06,2014-01-14,0
PR_G5-1_2_GE06_34_9,45,PR,0,GE06,2014-02-03,0
PR_G5-1_2_GE06_34_9,45,PR,0,GE06,2014-02-13,0
PR_G5-1_2_GE06_34_9,45,PR,0,GE06,2014-02-24,0
PR_G5-1_2_GE06_34_9,46,PR,0,GE06,2014-03-05,0
PR_G5-1_2_GE06_34_9,46,PR,0,GE06,2014-03-14,0
PR_G5-1_2_GE06_34_9,46,PR,0,GE06,2014-03-24,0
PR_G5-1_2_GE06_34_9,47,PR,760,GE06,2014-04-02,760
PR_G5-1_2_GE06_34_9,47,PR,760,GE06,2014-04-11,1520
PR_G5-1_2_GE06_34_9,47,PR,760,GE06,2014-04-30,2280
PR_G5-1_2_GE06_34_9,48,PR,235,GE06,2014-05-09,2515
PR_G5-1_2_GE06_34_9,48,PR,235,GE06,2014-05-28,2750
PR_G5-1_2_GE06_34_9,49,PR,0,GE06,2014-06-16,2750
PR_G5-1_2_GE06_34_9,50,PR,349,GE06,2014-07-04,3099
PR_G5-1_2_GE06_34_9,50,PR,349,GE06,2014-07-14,3448
PR_G5-1_2_GE06_34_9,51,PR,459,GE06,2014-08-01,3907
PR_G5-1_2_GE06_34_9,51,PR,459,GE06,2014-08-20,4366
PR_G5-1_2_GE06_34_9,54,PR,242,GE06,2014-11-12,4608
PR_G5-1_2_GE06_34_9,57,PR,677,GE06,2015-02-13,5285
PR_G5-1_2_GE06_34_9,58,PR,276,GE06,2015-03-13,5561
PR_G5-1_2_GE06_34_9,58,PR,276,GE06,2015-03-23,5837
PR_G5-1_2_GE06_34_9,59,PR,1356,GE06,2015-04-10,7193
PR_G5-1_2_GE06_34_9,59,PR,1356,GE06,2015-04-29,8549
PR_G5-1_2_GE06_34_9,60,PR,0,GE06,2015-05-08,8549
PR_G5-1_2_GE06_34_9,60,PR,0,GE06,2015-05-27,8549
PR_G5-1_2_GE06_34_9,61,PR,1210,GE06,2015-06-15,9759
PR_G5-1_2_GE06_34_9,61,PR,1210,GE06,2015-06-24,10969
PR_G5-1_2_GE06_34_9,62,PR,0,GE06,2015-07-13,10969
PR_G5-1_2_GE06_34_9,62,PR,0,GE06,2015-07-31,10969
PR_G5-1_2_GE06_34_9,63,PR,2239,GE06,2015-08-10,13208
PR_G5-1_2_GE06_34_9,63,PR,2239,GE06,2015-08-19,15447
PR_G5-1_2_GE06_34_9,63,PR,2239,GE06,2015-08-28,17686
PR_G5-1_2_GE06_34_9,64,PR,0,GE06,2015-09-07,17686
PR_G5-1_2_GE06_34_9,64,PR,0,GE06,2015-09-25,17686
PR_G5-1_2_GE06_34_9,65,PR,925,GE06,2015-10-05,18611
PR_G5-1_2_GE06_34_9,65,PR,925,GE06,2015-10-14,19536
PR_G5-1_2_GE06_34_9,65,PR,925,GE06,2015-10-23,20461
PR_G5-1_2_GE06_34_9,66,PR,2054,GE06,2015-11-11,22515
PR_G5-1_2_GE06_34_9,66,PR,2054,GE06,2015-11-30,24569
PR_G5-1_2_GE06_34_9,67,PR,0,GE06,2015-12-18,24569
PR_G5-1_2_GE06_34_9,67,PR,0,GE06,2015-12-26,24569
PR_G5-1_2_GE06_34_9,68,PR,0,GE06,2016-01-06,24569
PR_G5-1_2_GE06_34_9,69,PR,1129,GE06,2016-02-22,25698
PR_G5-1_2_GE06_34_9,70,PR,2213,GE06,2016-03-11,27911
PR_G5-1_2_GE06_34_9,70,PR,2213,GE06,2016-03-21,30124
PR_G5-1_2_GE06_34_9,70,PR,2213,GE06,2016-03-30,32337
PR_G5-1_2_GE06_34_9,71,PR,0,GE06,2016-04-08,32337
PR_G5-1_2_GE06_34_9,71,PR,0,GE06,2016-04-18,32337
PR_G5-1_2_GE06_34_9,71,PR,0,GE06,2016-04-27,32337
PR_G5-1_2_GE06_34_9,72,PR,1243,GE06,2016-05-06,33580
PR_G5-1_2_GE06_34_9,72,PR,1243,GE06,2016-05-25,34823
PR_G5-1_2_GE06_34_9,73,PR,1149,GE06,2016-06-03,35972
PR_G5-1_2_GE06_34_9,73,PR,1149,GE06,2016-06-22,37121
PR_G5-1_2_GE06_34_9,74,PR,2586,GE06,2016-07-01,39707
PR_G5-1_2_GE06_34_9,74,PR,2586,GE06,2016-07-29,42293
PR_G5-1_2_GE06_34_9,75,PR,0,GE06,2016-08-17,42293
PR_G5-1_2_GE06_34_9,75,PR,0,GE06,2016-08-26,42293
PR_G5-1_2_GE06_34_9,76,PR,964,GE06,2016-09-14,43257
PR_G5-1_2_GE06_34_9,76,PR,964,GE06,2016-09-23,44221
PR_G5-1_2_GE06_34_9,77,PR,2247,GE06,2016-10-12,46468
PR_G5-1_2_GE06_34_9,77,PR,2247,GE06,2016-10-31,48715
PR_G5-1_2_GE06_34_9,80,PR,813,GE06,2017-01-23,49528
PR_G5-1_2_GE06_34_9,81,PR,1345,GE06,2017-02-10,50873
PR_G5-1_2_GE06_34_9,81,PR,1345,GE06,2017-02-01,52218
PR_G5-1_2_GE06_34_9,81,PR,1345,GE06,2017-02-20,53563
PR_G5-1_2_GE06_34_9,82,PR,1219,GE06,2017-03-10,54782
PR_G5-1_2_GE06_34_9,82,PR,1219,GE06,2017-03-01,56001
PR_G5-1_2_GE06_34_9,82,PR,1219,GE06,2017-03-20,57220
PR_G5-1_2_GE06_34_9,88,PR,1624,GE06,2017-09-22,58844
PR_G5-1_2_GE06_34_9,89,PR,2732,GE06,2017-10-02,61576
PR_G5-1_2_GE06_34_9,89,PR,2732,GE06,2017-10-20,64308
PR_G5-1_2_GE06_34_9,89,PR,2732,GE06,2017-10-30,67040
PR_G5-1_2_GE06_34_9,90,PR,0,GE06,2017-11-17,67040
PR_G5-1_2_GE06_34_9,91,PR,0,GE06,2017-12-15,67040
PR_G5-1_2_GE06_34_9,97,PR,3338,GE06,2018-06-11,70378
PR_G5-1_2_GE06_34_9,97,PR,3338,GE06,2018-06-29,73716
PR_G5-1_2_GE06_34_9,98,PR,0,GE06,2018-07-18,73716
PR_G5-1_2_GE06_34_9,98,PR,0,GE06,2018-07-27,73716
PR_G5-1_2_GE06_34_9,99,PR,0,GE06,2018-08-15,73716
PR_G5-1_2_GE06_34_9,100,PR,1705,GE06,2018-09-03,75421
PR_G5-1_2_GE06_34_9,100,PR,1705,GE06,2018-09-12,77126
PR_G5-1_2_GE06_34_9,101,PR,4101,GE06,2018-10-01,81227
PR_G5-1_2_GE06_34_9,101,PR,4101,GE06,2018-10-19,85328
PR_G5-1_2_GE06_34_9,101,PR,4101,GE06,2018-10-29,89429
PR_G5-1_2_GE06_34_9,102,PR,0,GE06,2018-11-16,89429
PR_G5-1_2_GE06_34_9,103,PR,0,GE06,2018-12-05,89429
PR_G5-1_2_GE06_34_9,103,PR,0,GE06,2018-12-14,89429
PR_G5-1_2_GE06_34_9,103,PR,0,GE06,2018-12-24,89429
PR_G5-1_2_GE06_34_9,104,PR,1880,GE06,2019-01-11,91309
PR_G5-1_2_GE06_34_9,107,PR,2099,GE06,2019-04-24,93408
PR_G5-1_2_GE06_34_9,108,PR,2135,GE06,2019-05-13,95543
PR_G5-1_2_GE06_34_9,108,PR,2135,GE06,2019-05-22,97678
PR_G5-1_2_GE06_34_9,109,PR,2224,GE06,2019-06-10,99902
PR_G5-1_2_GE06_34_9,110,PR,2073,GE06,2019-07-08,101975
PR_G5-1_2_GE06_34_9,110,PR,2073,GE06,2019-07-17,104048
PR_G5-1_2_GE06_34_9,111,PR,1857,GE06,2019-08-05,105905
PR_G5-1_2_GE06_34_9,112,PR,1963,GE06,2019-09-02,107868
PR_G5-1_2_GE06_34_9,112,PR,1963,GE06,2019-09-11,109831
PR_G5-1_2_GE06_34_9,112,PR,1963,GE06,2019-09-30,111794
PR_G5-1_2_GE06_34_9,113,PR,1594,GE06,2019-10-09,113388
PR_G5-1_2_GE06_34_9,114,PR,1819,GE06,2019-11-06,115207
PR_G5-1_2_GE06_34_9,114,PR,1819,GE06,2019-11-25,117026
PR_G5-1_2_GE06_34_9,115,PR,0,GE06,2019-12-04,117026
PR_G5-1_2_GE06_34_9,115,PR,0,GE06,2019-12-23,117026
PR_G5-1_2_GE06_34_9,120,PR,1465,GE06,2020-05-20,118491
PR_G5-1_2_GE06_34_9,125,PR,0,GE06,2020-10-19,118491
PR_G5-1_2_GE06_34_9,127,PR,0,GE06,2020-12-22,118491
PR_G5-1_2_GE06_34_9,128,PR,2618,GE06,2021-01-18,121109
PR_G5-1_2_GE06_34_9,129,PR,1902,GE06,2021-02-10,123011
PR_G5-1_2_GE06_34_9,129,PR,1902,GE06,2021-02-22,124913
PR_G5-1_2_GE06_34_9,130,PR,2085,GE06,2021-03-17,126998
PR_G5-1_2_GE06_34_9,130,PR,2085,GE06,2021-03-29,129083
PR_G5-1_2_GE06_34_9,131,PR,0,GE06,2021-04-21,129083
PR_G5-1_2_GE06_34_9,135,PR,1794,GE06,2021-08-06,130877
PR_G5-1_2_GE06_34_9,135,PR,1794,GE06,2021-08-18,132671
PR_G5-1_2_GE06_34_9,136,PR,2296,GE06,2021-09-22,134967
PR_G5-1_2_GE06_34_9,137,PR,0,GE06,2021-10-15,134967
PR_G5-1_2_GE06_34_9,138,PR,2655,GE06,2021-11-08,137622
PR_G5-1_2_GE06_34_9,138,PR,2655,GE06,2021-11-19,140277
PR_G5-1_2_GE06_34_9,140,PR,1610,GE06,2022-01-07,141887
PR_G5-1_2_GE06_34_9,140,PR,1610,GE06,2022-01-19,143497
PR_G5-1_2_GE06_34_9,140,PR,1610,GE06,2022-01-31,145107
PR_G5-1_2_GE06_34_9,141,PR,0,GE06,2022-02-11,145107
PR_G5-1_2_GE06_34_9,142,PR,0,GE06,2022-03-07,145107
PR_G5-1_2_GE06_34_9,142,PR,0,GE06,2022-03-30,145107
PR_G5-1_2_GE06_34_9,149,PR,0,GE06,2022-10-03,145107
PR_G5-1_2_GE06_34_9,154,PR,0,GE06,2023-03-31,145107
PR_G5-1_2_GE06_34_9,156,PR,0,GE06,2023-05-05,145107
PR_G5-1_2_GE06_34_9,157,PR,0,GE06,2023-06-09,145107
PR_G5-1_2_GE06_34_9,157,PR,0,GE06,2023-06-21,145107
PR_G5-1_2_GE06_34_9,158,PR,0,GE06,2023-07-04,145107
PR_G5-1_2_GE06_34_9,159,PR,0,GE06,2023-08-19,145107
PR_G5-1_2_GE06_34_9,159,PR,0,GE06,2023-08-31,145107
PR_G5-1_2_GE06_34_9,160,PR,0,GE06,2023-09-23,145107
PR_G5-1_2_GE06_34_9,164,PR,2532,GE06,2024-01-22,147639
PR_G5-1_2_GE06_34_9,165,PR,0,GE06,2024-02-14,147639
PR_G5-1_2_GE06_34_9,166,PR,0,GE06,2024-03-05,147639
PR_G5-1_2_GE06_34_9,166,PR,0,GE06,2024-03-16,147639
PR_G5-1_2_GE06_34_9,166,PR,0,GE06,2024-03-28,147639
PR_G5-1_2_GE06_34_9,167,PR,0,GE06,2024-04-10,147639
PR_G5-1_2_GE06_34_9,168,PR,0,GE06,2024-05-03,147639
PR_G5-1_2_GE06_34_9,168,PR,0,GE06,2024-05-20,147639
PR_G5-1_2_GE06_34_9,169,PR,0,GE06,2024-06-08,147639
PR_G5-1_2_GE06_34_9,169,PR,0,GE06,2024-06-21,147639
PR_G5-1_1_GE09_3_10,34,PR,0,GE09,2013-03-29,0
PR_G5-1_1_GE09_3_10,35,PR,0,GE09,2013-04-10,0
PR_G5-1_1_GE09_3_10,35,PR,0,GE09,2013-04-19,0
PR_G5-1_1_GE09_3_10,36,PR,0,GE09,2013-05-10,0
PR_G5-1_1_GE09_3_10,36,PR,0,GE09,2013-05-20,0
PR_G5-1_1_GE09_3_10,37,PR,0,GE09,2013-06-08,0
PR_G5-1_1_GE09_3_10,37,PR,0,GE09,2013-06-19,0
PR_G5-1_1_GE09_3_10,38,PR,0,GE09,2013-07-12,0
PR_G5-1_1_GE09_3_10,38,PR,0,GE09,2013-07-22,0
PR_G5-1_1_GE09_3_10,38,PR,0,GE09,2013-07-31,0
PR_G5-1_1_GE09_3_10,39,PR,0,GE09,2013-08-09,0
PR_G5-1_1_GE09_3_10,39,PR,0,GE09,2013-08-20,0
PR_G5-1_1_GE09_3_10,39,PR,0,GE09,2013-08-30,0
PR_G5-1_1_GE09_3_10,40,PR,0,GE09,2013-09-10,0
PR_G5-1_1_GE09_3_10,40,PR,0,GE09,2013-09-19,0
PR_G5-1_1_GE09_3_10,40,PR,0,GE09,2013-09-30,0
PR_G5-1_1_GE09_3_10,41,PR,0,GE09,2013-10-21,0
PR_G5-1_1_GE09_3_10,42,PR,0,GE09,2013-11-07,0
PR_G5-1_1_GE09_3_10,42,PR,0,GE09,2013-11-18,0
PR_G5-1_1_GE09_3_10,43,PR,0,GE09,2013-12-06,0
PR_G5-1_1_GE09_3_10,44,PR,0,GE09,2014-01-04,0
PR_G5-1_1_GE09_3_10,44,PR,0,GE09,2014-01-24,0
PR_G5-1_1_GE09_3_10,45,PR,0,GE09,2014-02-03,0
PR_G5-1_1_GE09_3_10,45,PR,0,GE09,2014-02-22,0
PR_G5-1_1_GE09_3_10,46,PR,804,GE09,2014-03-03,804
PR_G5-1_1_GE09_3_10,46,PR,804,GE09,2014-03-21,1608
PR_G5-1_1_GE09_3_10,46,PR,804,GE09,2014-03-31,2412
PR_G5-1_1_GE09_3_10,47,PR,1041,GE09,2014-04-18,3453
PR_G5-1_1_GE09_3_10,47,PR,1041,GE09,2014-04-28,4494
PR_G5-1_1_GE09_3_10,48,PR,1161,GE09,2014-05-16,5655
PR_G5-1_1_GE09_3_10,48,PR,1161,GE09,2014-05-26,6816
PR_G5-1_1_GE09_3_10,49,PR,0,GE09,2014-06-13,6816
PR_G5-1_1_GE09_3_10,49,PR,0,GE09,2014-06-23,6816
PR_G5-1_1_GE09_3_10,50,PR,1641,GE09,2014-07-11,8457
PR_G5-1_1_GE09_3_10,50,PR,1641,GE09,2014-07-21,10098
PR_G5-1_1_GE09_3_10,50,PR,1641,GE09,2014-07-30,11739
PR_G5-1_1_GE09_3_10,51,PR,960,GE09,2014-08-18,12699
PR_G5-1_1_GE09_3_10,51,PR,960,GE09,2014-08-27,13659
PR_G5-1_1_GE09_3_10,52,PR,0,GE09,2014-09-15,13659
PR_G5-1_1_GE09_3_10,52,PR,0,GE09,2014-09-24,13659
PR_G5-1_1_GE09_3_10,53,PR,1220,GE09,2014-10-03,14879
PR_G5-1_1_GE09_3_10,54,PR,3030,GE09,2014-11-10,17909
PR_G5-1_1_GE09_3_10,54,PR,3030,GE09,2014-11-28,20939
PR_G5-1_1_GE09_3_10,56,PR,1084,GE09,2015-01-05,22023
PR_G5-1_1_GE09_3_10,58,PR,1715,GE09,2015-03-02,23738
PR_G5-1_1_GE09_3_10,58,PR,1715,GE09,2015-03-20,25453
PR_G5-1_1_GE09_3_10,58,PR,1715,GE09,2015-03-30,27168
PR_G5-1_1_GE09_3_10,59,PR,1310,GE09,2015-04-08,28478
PR_G5-1_1_GE09_3_10,59,PR,1310,GE09,2015-04-27,29788
PR_G5-1_1_GE09_3_10,60,PR,0,GE09,2015-05-06,29788
PR_G5-1_1_GE09_3_10,60,PR,0,GE09,2015-05-25,29788
PR_G5-1_1_GE09_3_10,61,PR,1030,GE09,2015-06-03,30818
PR_G5-1_1_GE09_3_10,61,PR,1030,GE09,2015-06-12,31848
PR_G5-1_1_GE09_3_10,62,PR,2029,GE09,2015-07-01,33877
PR_G5-1_1_GE09_3_10,62,PR,2029,GE09,2015-07-20,35906
PR_G5-1_1_GE09_3_10,62,PR,2029,GE09,2015-07-29,37935
PR_G5-1_1_GE09_3_10,63,PR,1069,GE09,2015-08-17,39004
PR_G5-1_1_GE09_3_10,63,PR,1069,GE09,2015-08-26,40073
PR_G5-1_1_GE09_3_10,64,PR,0,GE09,2015-09-04,40073
PR_G5-1_1_GE09_3_10,65,PR,1001,GE09,2015-10-02,41074
PR_G5-1_1_GE09_3_10,65,PR,1001,GE09,2015-10-21,42075
PR_G5-1_1_GE09_3_10,66,PR,1500,GE09,2015-11-09,43575
PR_G5-1_1_GE09_3_10,67,PR,1501,GE09,2015-12-07,45076
PR_G5-1_1_GE09_3_10,67,PR,1501,GE09,2015-12-16,46577
PR_G5-1_1_GE09_3_10,68,PR,1533,GE09,2016-01-22,48110
PR_G5-1_1_GE09_3_10,70,PR,1918,GE09,2016-03-18,50028
PR_G5-1_1_GE09_3_10,71,PR,0,GE09,2016-04-15,50028
PR_G5-1_1_GE09_3_10,72,PR,1961,GE09,2016-05-04,51989
PR_G5-1_1_GE09_3_10,72,PR,1961,GE09,2016-05-13,53950
PR_G5-1_1_GE09_3_10,72,PR,1961,GE09,2016-05-23,55911
PR_G5-1_1_GE09_3_10,73,PR,1898,GE09,2016-06-20,57809
PR_G5-1_1_GE09_3_10,73,PR,1898,GE09,2016-06-10,59707
PR_G5-1_1_GE09_3_10,74,PR,4358,GE09,2016-07-08,64065
PR_G5-1_1_GE09_3_10,74,PR,4358,GE09,2016-07-18,68423
PR_G5-1_1_GE09_3_10,74,PR,4358,GE09,2016-07-27,72781
PR_G5-1_1_GE09_3_10,75,PR,0,GE09,2016-08-05,72781
PR_G5-1_1_GE09_3_10,75,PR,0,GE09,2016-08-15,72781
PR_G5-1_1_GE09_3_10,76,PR,1610,GE09,2016-09-21,74391
PR_G5-1_1_GE09_3_10,77,PR,1488,GE09,2016-10-10,75879
PR_G5-1_1_GE09_3_10,78,PR,1547,GE09,2016-11-16,77426
PR_G5-1_1_GE09_3_10,79,PR,1500,GE09,2016-12-14,78926
PR_G5-1_1_GE09_3_10,83,PR,1631,GE09,2017-04-24,80557
PR_G5-1_1_GE09_3_10,84,PR,1782,GE09,2017-05-03,82339
PR_G5-1_1_GE09_3_10,85,PR,1812,GE09,2017-06-19,84151
PR_G5-1_1_GE09_3_10,86,PR,1684,GE09,2017-07-17,85835
PR_G5-1_1_GE09_3_10,86,PR,1684,GE09,2017-07-26,87519
PR_G5-1_1_GE09_3_10,87,PR,1576,GE09,2017-08-23,89095
PR_G5-1_1_GE09_3_10,88,PR,2836,GE09,2017-09-01,91931
PR_G5-1_1_GE09_3_10,88,PR,2836,GE09,2017-09-29,94767
PR_G5-1_1_GE09_3_10,89,PR,0,GE09,2017-10-18,94767
PR_G5-1_1_GE09_3_10,90,PR,0,GE09,2017-11-15,94767
PR_G5-1_1_GE09_3_10,91,PR,1690,GE09,2017-12-13,96457
PR_G5-1_1_GE09_3_10,92,PR,783,GE09,2018-01-01,97240
PR_G5-1_1_GE09_3_10,92,PR,783,GE09,2018-01-10,98023
PR_G5-1_1_GE09_3_10,92,PR,783,GE09,2018-01-19,98806
PR_G5-1_1_GE09_3_10,93,PR,3048,GE09,2018-02-07,101854
PR_G5-1_1_GE09_3_10,93,PR,3048,GE09,2018-02-26,104902
PR_G5-1_1_GE09_3_10,94,PR,0,GE09,2018-03-16,104902
PR_G5-1_1_GE09_3_10,100,PR,0,GE09,2018-09-10,104902
PR_G5-1_1_GE09_3_10,103,PR,1499,GE09,2018-12-03,106401
PR_G5-1_1_GE09_3_10,103,PR,1499,GE09,2018-12-21,107900
PR_G5-1_1_GE09_3_10,102,PR,1988,GE09,2018-11-05,109888
PR_G5-1_1_GE09_3_10,102,PR,1988,GE09,2018-11-14,111876
PR_G5-1_1_GE09_3_10,104,PR,4958,GE09,2019-01-09,116834
PR_G5-1_1_GE09_3_10,104,PR,4958,GE09,2019-01-28,121792
PR_G5-1_1_GE09_3_10,105,PR,1680,GE09,2019-02-06,123472
PR_G5-1_1_GE09_3_10,105,PR,1680,GE09,2019-02-25,125152
PR_G5-1_1_GE09_3_10,106,PR,0,GE09,2019-03-25,125152
PR_G5-1_1_GE09_3_10,106,PR,0,GE09,2019-03-15,125152
PR_G5-1_1_GE09_3_10,107,PR,0,GE09,2019-04-03,125152
PR_G5-1_1_GE09_3_10,109,PR,4330,GE09,2019-06-07,129482
PR_G5-1_1_GE09_3_10,109,PR,4330,GE09,2019-06-26,133812
PR_G5-1_1_GE09_3_10,110,PR,0,GE09,2019-07-15,133812
PR_G5-1_1_GE09_3_10,116,PR,6122,GE09,2020-01-08,139934
PR_G5-1_1_GE09_3_10,116,PR,6122,GE09,2020-01-27,146056
PR_G5-1_1_GE09_3_10,117,PR,0,GE09,2020-02-05,146056
PR_G5-1_1_GE09_3_10,115,PR,0,GE09,2019-12-30,146056
PR_G5-1_1_GE09_3_10,118,PR,2266,GE09,2020-03-04,148322
PR_G5-1_1_GE09_3_10,118,PR,2266,GE09,2020-03-23,150588
PR_G5-1_1_GE09_3_10,119,PR,2397,GE09,2020-04-10,152985
PR_G5-1_1_GE09_3_10,119,PR,2397,GE09,2020-04-20,155382
PR_G5-1_1_GE09_3_10,121,PR,2214,GE09,2020-06-15,157596
PR_G5-1_1_GE09_3_10,121,PR,2214,GE09,2020-06-24,159810
PR_G5-1_1_GE09_3_10,122,PR,2690,GE09,2020-07-14,162500
PR_G5-1_1_GE09_3_10,123,PR,2394,GE09,2020-08-06,164894
PR_G5-1_1_GE09_3_10,123,PR,2394,GE09,2020-08-18,167288
PR_G5-1_1_GE09_3_10,125,PR,0,GE09,2020-10-05,167288
PR_G5-1_1_GE09_3_10,129,PR,4013,GE09,2021-02-19,171301
PR_G5-1_1_GE09_3_10,129,PR,4013,GE09,2021-02-08,175314
PR_G5-1_1_GE09_3_10,130,PR,3137,GE09,2021-03-03,178451
PR_G5-1_1_GE09_3_10,130,PR,3137,GE09,2021-03-15,181588
PR_G5-1_1_GE09_3_10,131,PR,2083,GE09,2021-04-19,183671
PR_G5-1_1_GE09_3_10,132,PR,2420,GE09,2021-05-12,186091
PR_G5-1_1_GE09_3_10,133,PR,0,GE09,2021-06-04,186091
PR_G5-1_1_GE09_3_10,133,PR,0,GE09,2021-06-16,186091
PR_G5-1_1_GE09_3_10,133,PR,0,GE09,2021-06-28,186091
PR_G5-1_1_GE09_3_10,134,PR,0,GE09,2021-07-23,186091
PR_G5-1_1_GE09_3_10,135,PR,0,GE09,2021-08-16,186091
PR_G5-1_1_GE09_3_10,136,PR,0,GE09,2021-09-08,186091
PR_G5-1_1_GE09_3_10,137,PR,0,GE09,2021-10-13,186091
PR_G5-1_1_GE09_3_10,143,PR,538,GE09,2022-04-20,186629
PR_G5-1_1_GE09_3_10,143,PR,538,GE09,2022-04-08,187167
PR_G5-1_1_GE09_3_10,146,PR,0,GE09,2022-07-22,187167
PR_G5-1_1_GE09_3_10,147,PR,2127,GE09,2022-08-15,189294
PR_G5-1_1_GE09_3_10,148,PR,1877,GE09,2022-09-07,191171
PR_G5-1_1_GE09_3_10,148,PR,1877,GE09,2022-09-19,193048
PR_G5-1_1_GE09_3_10,149,PR,1994,GE09,2022-10-12,195042
PR_G5-1_1_GE09_3_10,149,PR,1994,GE09,2022-10-24,197036
PR_G5-1_1_GE09_3_10,150,PR,2667,GE09,2022-11-04,199703
PR_G5-1_1_GE09_3_10,150,PR,2667,GE09,2022-11-16,202370
PR_G5-1_1_GE09_3_10,151,PR,0,GE09,2022-12-21,202370
PR_G5-1_1_GE09_3_10,153,PR,0,GE09,2023-02-20,202370
PR_G5-1_1_GE09_3_10,154,PR,2823,GE09,2023-03-16,205193
PR_G5-1_1_GE09_3_10,155,PR,0,GE09,2023-04-10,205193
PR_G5-1_1_GE09_3_10,155,PR,0,GE09,2023-04-21,205193
PR_G5-1_1_GE09_3_10,156,PR,3087,GE09,2023-05-03,208280
PR_G5-1_1_GE09_3_10,162,PR,0,GE09,2023-11-07,208280
PR_G5-1_1_GE09_3_10,164,PR,2628,GE09,2024-01-04,210908
PR_G5-1_1_GE09_3_10,164,PR,2628,GE09,2024-01-27,213536
PR_G5-1_1_GE09_3_10,165,PR,0,GE09,2024-02-02,213536
PR_G5-1_1_GE09_3_10,165,PR,0,GE09,2024-02-20,213536
PR_G5-1_1_GE09_3_10,165,PR,0,GE09,2024-02-08,213536
PR_G5-1_1_GE09_3_10,166,PR,0,GE09,2024-03-14,213536
PR_G5-1_1_GE09_3_10,167,PR,0,GE09,2024-04-13,213536
PR_G5-1_1_GE09_3_10,168,PR,0,GE09,2024-05-01,213536
PR_G5-1_1_GE09_3_10,168,PR,0,GE09,2024-05-14,213536
PR_G5-1_1_GE09_3_10,169,PR,0,GE09,2024-06-06,213536
PR_G5-1_1_GE09_3_8,34,PR,0,GE09,2013-03-29,0
PR_G5-1_1_GE09_3_8,35,PR,0,GE09,2013-04-10,0
PR_G5-1_1_GE09_3_8,35,PR,0,GE09,2013-04-30,0
PR_G5-1_1_GE09_3_8,36,PR,0,GE09,2013-05-10,0
PR_G5-1_1_GE09_3_8,36,PR,0,GE09,2013-05-20,0
PR_G5-1_1_GE09_3_8,36,PR,0,GE09,2013-05-30,0
PR_G5-1_1_GE09_3_8,37,PR,0,GE09,2013-06-28,0
PR_G5-1_1_GE09_3_8,37,PR,0,GE09,2013-06-19,0
PR_G5-1_1_GE09_3_8,38,PR,0,GE09,2013-07-12,0
PR_G5-1_1_GE09_3_8,38,PR,0,GE09,2013-07-31,0
PR_G5-1_1_GE09_3_8,39,PR,0,GE09,2013-08-20,0
PR_G5-1_1_GE09_3_8,40,PR,0,GE09,2013-09-10,0
PR_G5-1_1_GE09_3_8,40,PR,0,GE09,2013-09-30,0
PR_G5-1_1_GE09_3_8,41,PR,0,GE09,2013-10-21,0
PR_G5-1_1_GE09_3_8,42,PR,0,GE09,2013-11-18,0
PR_G5-1_1_GE09_3_8,43,PR,0,GE09,2013-12-06,0
PR_G5-1_1_GE09_3_8,44,PR,0,GE09,2014-01-24,0
PR_G5-1_1_GE09_3_8,44,PR,0,GE09,2014-01-14,0
PR_G5-1_1_GE09_3_8,45,PR,0,GE09,2014-02-22,0
PR_G5-1_1_GE09_3_8,45,PR,0,GE09,2014-02-13,0
PR_G5-1_1_GE09_3_8,46,PR,597,GE09,2014-03-03,597
PR_G5-1_1_GE09_3_8,46,PR,597,GE09,2014-03-12,1194
PR_G5-1_1_GE09_3_8,46,PR,597,GE09,2014-03-31,1791
PR_G5-1_1_GE09_3_8,47,PR,597,GE09,2014-04-18,2388
PR_G5-1_1_GE09_3_8,47,PR,597,GE09,2014-04-28,2985
PR_G5-1_1_GE09_3_8,48,PR,696,GE09,2014-05-07,3681
PR_G5-1_1_GE09_3_8,48,PR,696,GE09,2014-05-26,4377
PR_G5-1_1_GE09_3_8,49,PR,0,GE09,2014-06-04,4377
PR_G5-1_1_GE09_3_8,49,PR,0,GE09,2014-06-23,4377
PR_G5-1_1_GE09_3_8,50,PR,1413,GE09,2014-07-02,5790
PR_G5-1_1_GE09_3_8,50,PR,1413,GE09,2014-07-11,7203
PR_G5-1_1_GE09_3_8,50,PR,1413,GE09,2014-07-30,8616
PR_G5-1_1_GE09_3_8,51,PR,710,GE09,2014-08-18,9326
PR_G5-1_1_GE09_3_8,51,PR,710,GE09,2014-08-27,10036
PR_G5-1_1_GE09_3_8,53,PR,981,GE09,2014-10-03,11017
PR_G5-1_1_GE09_3_8,54,PR,757,GE09,2014-11-10,11774
PR_G5-1_1_GE09_3_8,55,PR,1043,GE09,2014-12-08,12817
PR_G5-1_1_GE09_3_8,59,PR,1940,GE09,2015-04-08,14757
PR_G5-1_1_GE09_3_8,59,PR,1940,GE09,2015-04-17,16697
PR_G5-1_1_GE09_3_8,59,PR,1940,GE09,2015-04-27,18637
PR_G5-1_1_GE09_3_8,60,PR,0,GE09,2015-05-25,18637
PR_G5-1_1_GE09_3_8,61,PR,1785,GE09,2015-06-12,20422
PR_G5-1_1_GE09_3_8,61,PR,1785,GE09,2015-06-22,22207
PR_G5-1_1_GE09_3_8,62,PR,2112,GE09,2015-07-01,24319
PR_G5-1_1_GE09_3_8,62,PR,2112,GE09,2015-07-08,26431
PR_G5-1_1_GE09_3_8,62,PR,2112,GE09,2015-07-29,28543
PR_G5-1_1_GE09_3_8,63,PR,880,GE09,2015-08-07,29423
PR_G5-1_1_GE09_3_8,63,PR,880,GE09,2015-08-26,30303
PR_G5-1_1_GE09_3_8,64,PR,0,GE09,2015-09-04,30303
PR_G5-1_1_GE09_3_8,65,PR,1998,GE09,2015-10-02,32301
PR_G5-1_1_GE09_3_8,65,PR,1998,GE09,2015-10-21,34299
PR_G5-1_1_GE09_3_8,65,PR,1998,GE09,2015-10-30,36297
PR_G5-1_1_GE09_3_8,66,PR,0,GE09,2015-11-09,36297
PR_G5-1_1_GE09_3_8,67,PR,0,GE09,2015-12-26,36297
PR_G5-1_1_GE09_3_8,73,PR,1266,GE09,2016-06-10,37563
PR_G5-1_1_GE09_3_8,73,PR,1266,GE09,2016-06-20,38829
PR_G5-1_1_GE09_3_8,73,PR,1266,GE09,2016-06-01,40095
PR_G5-1_1_GE09_3_8,73,PR,1266,GE09,2016-06-29,41361
PR_G5-1_1_GE09_3_8,72,PR,1094,GE09,2016-05-04,42455
PR_G5-1_1_GE09_3_8,72,PR,1094,GE09,2016-05-13,43549
PR_G5-1_1_GE09_3_8,74,PR,1248,GE09,2016-07-18,44797
PR_G5-1_1_GE09_3_8,74,PR,1248,GE09,2016-07-27,46045
PR_G5-1_1_GE09_3_8,75,PR,0,GE09,2016-08-05,46045
PR_G5-1_1_GE09_3_8,75,PR,0,GE09,2016-08-24,46045
PR_G5-1_1_GE09_3_8,76,PR,2187,GE09,2016-09-02,48232
PR_G5-1_1_GE09_3_8,76,PR,2187,GE09,2016-09-12,50419
PR_G5-1_1_GE09_3_8,76,PR,2187,GE09,2016-09-30,52606
PR_G5-1_1_GE09_3_8,77,PR,0,GE09,2016-10-10,52606
PR_G5-1_1_GE09_3_8,78,PR,1292,GE09,2016-11-16,53898
PR_G5-1_1_GE09_3_8,79,PR,1252,GE09,2016-12-05,55150
PR_G5-1_1_GE09_3_8,79,PR,1252,GE09,2016-12-14,56402
PR_G5-1_1_GE09_3_8,80,PR,1251,GE09,2017-01-03,57653
PR_G5-1_1_GE09_3_8,80,PR,1251,GE09,2017-01-11,58904
PR_G5-1_1_GE09_3_8,81,PR,1605,GE09,2017-02-08,60509
PR_G5-1_1_GE09_3_8,81,PR,1605,GE09,2017-02-27,62114
PR_G5-1_1_GE09_3_8,82,PR,0,GE09,2017-03-17,62114
PR_G5-1_1_GE09_3_8,82,PR,0,GE09,2017-03-27,62114
PR_G5-1_1_GE09_3_8,88,PR,2057,GE09,2017-09-29,64171
PR_G5-1_1_GE09_3_8,88,PR,2057,GE09,2017-09-01,66228
PR_G5-1_1_GE09_3_8,88,PR,2057,GE09,2017-09-11,68285
PR_G5-1_1_GE09_3_8,88,PR,2057,GE09,2017-09-20,70342
PR_G5-1_1_GE09_3_8,89,PR,0,GE09,2017-10-18,70342
PR_G5-1_1_GE09_3_8,90,PR,1319,GE09,2017-11-06,71661
PR_G5-1_1_GE09_3_8,91,PR,1751,GE09,2017-12-04,73412
PR_G5-1_1_GE09_3_8,91,PR,1751,GE09,2017-12-13,75163
PR_G5-1_1_GE09_3_8,92,PR,1668,GE09,2018-01-01,76831
PR_G5-1_1_GE09_3_8,92,PR,1668,GE09,2018-01-10,78499
PR_G5-1_1_GE09_3_8,92,PR,1668,GE09,2018-01-19,80167
PR_G5-1_1_GE09_3_8,93,PR,1080,GE09,2018-02-07,81247
PR_G5-1_1_GE09_3_8,93,PR,1080,GE09,2018-02-16,82327
PR_G5-1_1_GE09_3_8,93,PR,1080,GE09,2018-02-26,83407
PR_G5-1_1_GE09_3_8,94,PR,0,GE09,2018-03-16,83407
PR_G5-1_1_GE09_3_8,95,PR,1414,GE09,2018-04-04,84821
PR_G5-1_1_GE09_3_8,103,PR,0,GE09,2018-12-12,84821
PR_G5-1_1_GE09_3_8,103,PR,0,GE09,2018-12-03,84821
PR_G5-1_1_GE09_3_8,103,PR,0,GE09,2018-12-21,84821
PR_G5-1_1_GE09_3_8,102,PR,3892,GE09,2018-11-05,88713
PR_G5-1_1_GE09_3_8,102,PR,3892,GE09,2018-11-14,92605
PR_G5-1_1_GE09_3_8,102,PR,3892,GE09,2018-11-23,96497
PR_G5-1_1_GE09_3_8,104,PR,2878,GE09,2019-01-09,99375
PR_G5-1_1_GE09_3_8,104,PR,2878,GE09,2019-01-28,102253
PR_G5-1_1_GE09_3_8,105,PR,1124,GE09,2019-02-15,103377
PR_G5-1_1_GE09_3_8,105,PR,1124,GE09,2019-02-25,104501
PR_G5-1_1_GE09_3_8,107,PR,1427,GE09,2019-04-22,105928
PR_G5-1_1_GE09_3_8,108,PR,1460,GE09,2019-05-10,107388
PR_G5-1_1_GE09_3_8,116,PR,2221,GE09,2020-01-08,109609
PR_G5-1_1_GE09_3_8,116,PR,2221,GE09,2020-01-17,111830
PR_G5-1_1_GE09_3_8,115,PR,0,GE09,2019-12-30,111830
PR_G5-1_1_GE09_3_8,119,PR,0,GE09,2020-04-01,111830
PR_G5-1_1_GE09_3_8,120,PR,1928,GE09,2020-05-27,113758
PR_G5-1_1_GE09_3_8,121,PR,0,GE09,2020-06-15,113758
PR_G5-1_1_GE09_3_8,122,PR,2168,GE09,2020-07-14,115926
PR_G5-1_1_GE09_3_8,122,PR,2168,GE09,2020-07-25,118094
PR_G5-1_1_GE09_3_8,123,PR,2564,GE09,2020-08-18,120658
PR_G5-1_1_GE09_3_8,124,PR,2903,GE09,2020-09-10,123561
PR_G5-1_1_GE09_3_8,125,PR,2258,GE09,2020-10-05,125819
PR_G5-1_1_GE09_3_8,125,PR,2258,GE09,2020-10-16,128077
PR_G5-1_1_GE09_3_8,128,PR,5303,GE09,2021-01-15,133380
PR_G5-1_1_GE09_3_8,128,PR,5303,GE09,2021-01-27,138683
PR_G5-1_1_GE09_3_8,128,PR,5303,GE09,2021-01-04,143986
PR_G5-1_1_GE09_3_8,129,PR,0,GE09,2021-02-19,143986
PR_G5-1_1_GE09_3_8,135,PR,0,GE09,2021-08-27,143986
PR_G5-1_1_GE09_3_8,136,PR,2090,GE09,2021-09-08,146076
PR_G5-1_1_GE09_3_8,140,PR,2597,GE09,2022-01-17,148673
PR_G5-1_1_GE09_3_8,140,PR,2597,GE09,2022-01-03,151270
PR_G5-1_1_GE09_3_8,140,PR,2597,GE09,2022-01-28,153867
PR_G5-1_1_GE09_3_8,139,PR,0,GE09,2021-12-22,153867
PR_G5-1_1_GE09_3_8,141,PR,1884,GE09,2022-02-21,155751
PR_G5-1_1_GE09_3_8,142,PR,0,GE09,2022-03-16,155751
PR_G5-1_1_GE09_3_8,147,PR,2389,GE09,2022-08-03,158140
PR_G5-1_1_GE09_3_8,152,PR,2967,GE09,2023-01-27,161107
PR_G5-1_1_GE09_3_8,153,PR,0,GE09,2023-02-08,161107
PR_G5-1_1_GE09_3_8,154,PR,2604,GE09,2023-03-04,163711
PR_G5-1_1_GE09_3_8,154,PR,2604,GE09,2023-03-29,166315
PR_G5-1_1_GE09_3_8,158,PR,1793,GE09,2023-07-25,168108
PR_G5-1_1_GE09_3_8,159,PR,2864,GE09,2023-08-17,170972
PR_G5-1_1_GE09_3_8,161,PR,2471,GE09,2023-10-03,173443
PR_G5-1_1_GE09_3_8,165,PR,0,GE09,2024-02-02,173443
PR_G5-1_1_GE09_3_8,165,PR,0,GE09,2024-02-08,173443
PR_G5-1_1_GE09_3_8,164,PR,2682,GE09,2024-01-22,176125
PR_G5-1_1_GE09_3_8,166,PR,0,GE09,2024-03-20,176125
PR_G5-1_1_GE09_4_9,35,PR,0,GE09,2013-04-26,0
PR_G5-1_1_GE09_4_9,37,PR,0,GE09,2013-06-19,0
PR_G5-1_1_GE09_4_9,37,PR,0,GE09,2013-06-28,0
PR_G5-1_1_GE09_4_9,36,PR,0,GE09,2013-05-30,0
PR_G5-1_1_GE09_4_9,38,PR,0,GE09,2013-07-12,0
PR_G5-1_1_GE09_4_9,38,PR,0,GE09,2013-07-31,0
PR_G5-1_1_GE09_4_9,39,PR,0,GE09,2013-08-20,0
PR_G5-1_1_GE09_4_9,39,PR,0,GE09,2013-08-30,0
PR_G5-1_1_GE09_4_9,40,PR,0,GE09,2013-09-10,0
PR_G5-1_1_GE09_4_9,40,PR,0,GE09,2013-09-19,0
PR_G5-1_1_GE09_4_9,40,PR,0,GE09,2013-09-30,0
PR_G5-1_1_GE09_4_9,41,PR,0,GE09,2013-10-21,0
PR_G5-1_1_GE09_4_9,42,PR,0,GE09,2013-11-07,0
PR_G5-1_1_GE09_4_9,42,PR,0,GE09,2013-11-18,0
PR_G5-1_1_GE09_4_9,43,PR,0,GE09,2013-12-17,0
PR_G5-1_1_GE09_4_9,44,PR,0,GE09,2014-01-14,0
PR_G5-1_1_GE09_4_9,45,PR,0,GE09,2014-02-13,0
PR_G5-1_1_GE09_4_9,45,PR,0,GE09,2014-02-22,0
PR_G5-1_1_GE09_4_9,46,PR,0,GE09,2014-03-03,0
PR_G5-1_1_GE09_4_9,46,PR,0,GE09,2014-03-12,0
PR_G5-1_1_GE09_4_9,47,PR,1424,GE09,2014-04-09,1424
PR_G5-1_1_GE09_4_9,47,PR,1424,GE09,2014-04-18,2848
PR_G5-1_1_GE09_4_9,47,PR,1424,GE09,2014-04-28,4272
PR_G5-1_1_GE09_4_9,48,PR,0,GE09,2014-05-07,4272
PR_G5-1_1_GE09_4_9,49,PR,432,GE09,2014-06-04,4704
PR_G5-1_1_GE09_4_9,49,PR,432,GE09,2014-06-13,5136
PR_G5-1_1_GE09_4_9,50,PR,825,GE09,2014-07-02,5961
PR_G5-1_1_GE09_4_9,50,PR,825,GE09,2014-07-11,6786
PR_G5-1_1_GE09_4_9,50,PR,825,GE09,2014-07-21,7611
PR_G5-1_1_GE09_4_9,51,PR,2420,GE09,2014-08-18,10031
PR_G5-1_1_GE09_4_9,51,PR,2420,GE09,2014-08-08,12451
PR_G5-1_1_GE09_4_9,51,PR,2420,GE09,2014-08-27,14871
PR_G5-1_1_GE09_4_9,52,PR,0,GE09,2014-09-15,14871
PR_G5-1_1_GE09_4_9,52,PR,0,GE09,2014-09-24,14871
PR_G5-1_1_GE09_4_9,53,PR,1275,GE09,2014-10-13,16146
PR_G5-1_1_GE09_4_9,53,PR,1275,GE09,2014-10-22,17421
PR_G5-1_1_GE09_4_9,54,PR,1686,GE09,2014-11-10,19107
PR_G5-1_1_GE09_4_9,54,PR,1686,GE09,2014-11-19,20793
PR_G5-1_1_GE09_4_9,55,PR,810,GE09,2014-12-08,21603
PR_G5-1_1_GE09_4_9,56,PR,1218,GE09,2015-01-05,22821
PR_G5-1_1_GE09_4_9,56,PR,1218,GE09,2015-01-23,24039
PR_G5-1_1_GE09_4_9,57,PR,1737,GE09,2015-02-02,25776
PR_G5-1_1_GE09_4_9,57,PR,1737,GE09,2015-02-19,27513
PR_G5-1_1_GE09_4_9,58,PR,1571,GE09,2015-03-11,29084
PR_G5-1_1_GE09_4_9,58,PR,1571,GE09,2015-03-20,30655
PR_G5-1_1_GE09_4_9,58,PR,1571,GE09,2015-03-30,32226
PR_G5-1_1_GE09_4_9,59,PR,1192,GE09,2015-04-08,33418
PR_G5-1_1_GE09_4_9,59,PR,1192,GE09,2015-04-17,34610
PR_G5-1_1_GE09_4_9,59,PR,1192,GE09,2015-04-27,35802
PR_G5-1_1_GE09_4_9,60,PR,0,GE09,2015-05-06,35802
PR_G5-1_1_GE09_4_9,60,PR,0,GE09,2015-05-15,35802
PR_G5-1_1_GE09_4_9,60,PR,0,GE09,2015-05-25,35802
PR_G5-1_1_GE09_4_9,61,PR,1210,GE09,2015-06-12,37012
PR_G5-1_1_GE09_4_9,62,PR,1678,GE09,2015-07-01,38690
PR_G5-1_1_GE09_4_9,62,PR,1678,GE09,2015-07-10,40368
PR_G5-1_1_GE09_4_9,62,PR,1678,GE09,2015-07-29,42046
PR_G5-1_1_GE09_4_9,63,PR,1630,GE09,2015-08-17,43676
PR_G5-1_1_GE09_4_9,63,PR,1630,GE09,2015-08-26,45306
PR_G5-1_1_GE09_4_9,64,PR,0,GE09,2015-09-04,45306
PR_G5-1_1_GE09_4_9,64,PR,0,GE09,2015-09-23,45306
PR_G5-1_1_GE09_4_9,65,PR,1466,GE09,2015-10-12,46772
PR_G5-1_1_GE09_4_9,65,PR,1466,GE09,2015-10-21,48238
PR_G5-1_1_GE09_4_9,69,PR,1031,GE09,2016-02-10,49269
PR_G5-1_1_GE09_4_9,69,PR,1031,GE09,2016-02-19,50300
PR_G5-1_1_GE09_4_9,69,PR,1031,GE09,2016-02-29,51331
PR_G5-1_1_GE09_4_9,70,PR,2268,GE09,2016-03-09,53599
PR_G5-1_1_GE09_4_9,70,PR,2268,GE09,2016-03-28,55867
PR_G5-1_1_GE09_4_9,71,PR,0,GE09,2016-04-06,55867
PR_G5-1_1_GE09_4_9,71,PR,0,GE09,2016-04-15,55867
PR_G5-1_1_GE09_4_9,71,PR,0,GE09,2016-04-25,55867
PR_G5-1_1_GE09_4_9,72,PR,1635,GE09,2016-05-23,57502
PR_G5-1_1_GE09_4_9,73,PR,1395,GE09,2016-06-01,58897
PR_G5-1_1_GE09_4_9,73,PR,1395,GE09,2016-06-10,60292
PR_G5-1_1_GE09_4_9,73,PR,1395,GE09,2016-06-20,61687
PR_G5-1_1_GE09_4_9,74,PR,1406,GE09,2016-07-08,63093
PR_G5-1_1_GE09_4_9,74,PR,1406,GE09,2016-07-18,64499
PR_G5-1_1_GE09_4_9,75,PR,1226,GE09,2016-08-15,65725
PR_G5-1_1_GE09_4_9,75,PR,1226,GE09,2016-08-24,66951
PR_G5-1_1_GE09_4_9,76,PR,1472,GE09,2016-09-12,68423
PR_G5-1_1_GE09_4_9,76,PR,1472,GE09,2016-09-30,69895
PR_G5-1_1_GE09_4_9,77,PR,0,GE09,2016-10-10,69895
PR_G5-1_1_GE09_4_9,82,PR,972,GE09,2017-03-08,70867
PR_G5-1_1_GE09_4_9,82,PR,972,GE09,2017-03-17,71839
PR_G5-1_1_GE09_4_9,82,PR,972,GE09,2017-03-27,72811
PR_G5-1_1_GE09_4_9,83,PR,1741,GE09,2017-04-05,74552
PR_G5-1_1_GE09_4_9,84,PR,1649,GE09,2017-05-12,76201
PR_G5-1_1_GE09_4_9,84,PR,1649,GE09,2017-05-22,77850
PR_G5-1_1_GE09_4_9,85,PR,1566,GE09,2017-06-09,79416
PR_G5-1_1_GE09_4_9,85,PR,1566,GE09,2017-06-19,80982
PR_G5-1_1_GE09_4_9,86,PR,1286,GE09,2017-07-07,82268
PR_G5-1_1_GE09_4_9,86,PR,1286,GE09,2017-07-26,83554
PR_G5-1_1_GE09_4_9,87,PR,1327,GE09,2017-08-14,84881
PR_G5-1_1_GE09_4_9,87,PR,1327,GE09,2017-08-23,86208
PR_G5-1_1_GE09_4_9,88,PR,3131,GE09,2017-09-11,89339
PR_G5-1_1_GE09_4_9,88,PR,3131,GE09,2017-09-29,92470
PR_G5-1_1_GE09_4_9,89,PR,0,GE09,2017-10-09,92470
PR_G5-1_1_GE09_4_9,90,PR,2343,GE09,2017-11-06,94813
PR_G5-1_1_GE09_4_9,90,PR,2343,GE09,2017-11-24,97156
PR_G5-1_1_GE09_4_9,91,PR,0,GE09,2017-12-04,97156
PR_G5-1_1_GE09_4_9,93,PR,1959,GE09,2018-02-26,99115
PR_G5-1_1_GE09_4_9,94,PR,0,GE09,2018-03-07,99115
PR_G5-1_1_GE09_4_9,94,PR,0,GE09,2018-03-16,99115
PR_G5-1_1_GE09_4_9,94,PR,0,GE09,2018-03-26,99115
PR_G5-1_1_GE09_4_9,95,PR,1980,GE09,2018-04-13,101095
PR_G5-1_1_GE09_4_9,96,PR,2420,GE09,2018-05-02,103515
PR_G5-1_1_GE09_4_9,96,PR,2420,GE09,2018-05-11,105935
PR_G5-1_1_GE09_4_9,96,PR,2420,GE09,2018-05-30,108355
PR_G5-1_1_GE09_4_9,97,PR,0,GE09,2018-06-08,108355
PR_G5-1_1_GE09_4_9,97,PR,0,GE09,2018-06-27,108355
PR_G5-1_1_GE09_4_9,98,PR,0,GE09,2018-07-16,108355
PR_G5-1_1_GE09_4_9,98,PR,0,GE09,2018-07-25,108355
PR_G5-1_1_GE09_4_9,99,PR,0,GE09,2018-08-22,108355
PR_G5-1_1_GE09_4_9,102,PR,0,GE09,2018-11-05,108355
PR_G5-1_1_GE09_4_9,102,PR,0,GE09,2018-11-14,108355
PR_G5-1_1_GE09_4_9,107,PR,2000,GE09,2019-04-12,110355
PR_G5-1_1_GE09_4_9,107,PR,2000,GE09,2019-04-03,112355
PR_G5-1_1_GE09_4_9,108,PR,4003,GE09,2019-05-01,116358
PR_G5-1_1_GE09_4_9,108,PR,4003,GE09,2019-05-10,120361
PR_G5-1_1_GE09_4_9,108,PR,4003,GE09,2019-05-20,124364
PR_G5-1_1_GE09_4_9,108,PR,4003,GE09,2019-05-29,128367
PR_G5-1_1_GE09_4_9,109,PR,2381,GE09,2019-06-17,130748
PR_G5-1_1_GE09_4_9,109,PR,2381,GE09,2019-06-26,133129
PR_G5-1_1_GE09_4_9,110,PR,0,GE09,2019-07-24,133129
PR_G5-1_1_GE09_4_9,111,PR,3188,GE09,2019-08-02,136317
PR_G5-1_1_GE09_4_9,111,PR,3188,GE09,2019-08-30,139505
PR_G5-1_1_GE09_4_9,112,PR,0,GE09,2019-09-09,139505
PR_G5-1_1_GE09_4_9,113,PR,2141,GE09,2019-10-07,141646
PR_G5-1_1_GE09_4_9,114,PR,1951,GE09,2019-11-04,143597
PR_G5-1_1_GE09_4_9,114,PR,1951,GE09,2019-11-13,145548
PR_G5-1_1_GE09_4_9,115,PR,2914,GE09,2019-12-02,148462
PR_G5-1_1_GE09_4_9,115,PR,2914,GE09,2019-12-30,151376
PR_G5-1_1_GE09_4_9,119,PR,2846,GE09,2020-04-29,154222
PR_G5-1_1_GE09_4_9,120,PR,0,GE09,2020-05-08,154222
PR_G5-1_1_GE09_4_9,121,PR,4068,GE09,2020-06-24,158290
PR_G5-1_1_GE09_4_9,122,PR,2542,GE09,2020-07-14,160832
PR_G5-1_1_GE09_4_9,123,PR,4321,GE09,2020-08-06,165153
PR_G5-1_1_GE09_4_9,123,PR,4321,GE09,2020-08-29,169474
PR_G5-1_1_GE09_4_9,124,PR,0,GE09,2020-09-23,169474
PR_G5-1_1_GE09_4_9,125,PR,2401,GE09,2020-10-05,171875
PR_G5-1_1_GE09_4_9,126,PR,5312,GE09,2020-11-03,177187
PR_G5-1_1_GE09_4_9,126,PR,5312,GE09,2020-11-14,182499
PR_G5-1_1_GE09_4_9,126,PR,5312,GE09,2020-11-26,187811
PR_G5-1_1_GE09_4_9,128,PR,2529,GE09,2021-01-04,190340
PR_G5-1_1_GE09_4_9,128,PR,2529,GE09,2021-01-15,192869
PR_G5-1_1_GE09_4_9,129,PR,5098,GE09,2021-02-08,197967
PR_G5-1_1_GE09_4_9,130,PR,2507,GE09,2021-03-03,200474
PR_G5-1_1_GE09_4_9,130,PR,2507,GE09,2021-03-15,202981
PR_G5-1_1_GE09_4_9,130,PR,2507,GE09,2021-03-26,205488
PR_G5-1_1_GE09_4_9,131,PR,2489,GE09,2021-04-19,207977
PR_G5-1_1_GE09_4_9,133,PR,4744,GE09,2021-06-04,212721
PR_G5-1_1_GE09_4_9,133,PR,4744,GE09,2021-06-16,217465
PR_G5-1_1_GE09_4_9,133,PR,4744,GE09,2021-06-28,222209
PR_G5-1_1_GE09_4_9,134,PR,0,GE09,2021-07-23,222209
PR_G5-1_1_GE09_4_9,135,PR,2456,GE09,2021-08-16,224665
PR_G5-1_1_GE09_4_9,135,PR,2456,GE09,2021-08-27,227121
PR_G5-1_1_GE09_4_9,138,PR,2828,GE09,2021-11-05,229949
PR_G5-1_1_GE09_4_9,138,PR,2828,GE09,2021-11-17,232777
PR_G5-1_1_GE09_4_9,139,PR,3198,GE09,2021-12-10,235975
PR_G5-1_1_GE09_4_9,142,PR,5623,GE09,2022-03-16,241598
PR_G5-1_1_GE09_4_9,142,PR,5623,GE09,2022-03-04,247221
PR_G5-1_1_GE09_4_9,142,PR,5623,GE09,2022-03-28,252844
PR_G5-1_1_GE09_4_9,141,PR,0,GE09,2022-02-21,252844
PR_G5-1_1_GE09_4_9,143,PR,0,GE09,2022-04-20,252844
PR_G5-1_1_GE09_4_9,144,PR,0,GE09,2022-05-02,252844
PR_G5-1_1_GE09_4_9,147,PR,5166,GE09,2022-08-15,258010
PR_G5-1_1_GE09_4_9,147,PR,5166,GE09,2022-08-26,263176
PR_G5-1_1_GE09_4_9,149,PR,0,GE09,2022-10-24,263176
PR_G5-1_1_GE09_4_9,150,PR,5756,GE09,2022-11-04,268932
PR_G5-1_1_GE09_4_9,150,PR,5756,GE09,2022-11-28,274688
PR_G5-1_1_GE09_4_9,153,PR,3254,GE09,2023-02-20,277942
PR_G5-1_1_GE09_4_9,154,PR,2711,GE09,2023-03-04,280653
PR_G5-1_1_GE09_4_9,154,PR,2711,GE09,2023-03-29,283364
PR_G5-1_1_GE09_4_9,155,PR,0,GE09,2023-04-10,283364
PR_G5-1_1_GE09_4_9,156,PR,0,GE09,2023-05-03,283364
PR_G5-1_1_GE09_4_9,156,PR,0,GE09,2023-05-15,283364
PR_G5-1_1_GE09_4_9,157,PR,2840,GE09,2023-06-07,286204
PR_G5-1_1_GE09_4_9,157,PR,2840,GE09,2023-06-19,289044
PR_G5-1_1_GE09_4_9,158,PR,2580,GE09,2023-07-13,291624
PR_G5-1_1_GE09_4_9,159,PR,0,GE09,2023-08-17,291624
PR_G5-1_1_GE09_4_9,160,PR,0,GE09,2023-09-09,291624
PR_G5-1_1_GE09_4_9,161,PR,0,GE09,2023-10-14,291624
PR_G5-1_1_GE09_4_9,166,PR,0,GE09,2024-03-20,291624
PR_G5-1_1_GE09_4_9,167,PR,0,GE09,2024-04-02,291624
PR_G5-1_1_GE09_4_9,167,PR,0,GE09,2024-04-08,291624
PR_G5-1_1_GE09_4_9,168,PR,0,GE09,2024-05-01,291624
PR_G5-1_1_GE09_4_9,168,PR,0,GE09,2024-05-14,291624
PR_G5-1_1_GE12_9_5,34,PR,0,GE12,2013-03-29,0
PR_G5-1_1_GE12_9_5,35,PR,0,GE12,2013-04-10,0
PR_G5-1_1_GE12_9_5,36,PR,0,GE12,2013-05-10,0
PR_G5-1_1_GE12_9_5,36,PR,0,GE12,2013-05-30,0
PR_G5-1_1_GE12_9_5,37,PR,0,GE12,2013-06-19,0
PR_G5-1_1_GE12_9_5,38,PR,0,GE12,2013-07-03,0
PR_G5-1_1_GE12_9_5,39,PR,0,GE12,2013-08-20,0
PR_G5-1_1_GE12_9_5,40,PR,0,GE12,2013-09-10,0
PR_G5-1_1_GE12_9_5,40,PR,0,GE12,2013-09-19,0
PR_G5-1_1_GE12_9_5,41,PR,0,GE12,2013-10-09,0
PR_G5-1_1_GE12_9_5,41,PR,0,GE12,2013-10-21,0
PR_G5-1_1_GE12_9_5,42,PR,0,GE12,2013-11-07,0
PR_G5-1_1_GE12_9_5,43,PR,0,GE12,2013-12-06,0
PR_G5-1_1_GE12_9_5,44,PR,0,GE12,2014-01-14,0
PR_G5-1_1_GE12_9_5,45,PR,0,GE12,2014-02-03,0
PR_G5-1_1_GE12_9_5,45,PR,0,GE12,2014-02-13,0
PR_G5-1_1_GE12_9_5,45,PR,0,GE12,2014-02-22,0
PR_G5-1_1_GE12_9_5,46,PR,624,GE12,2014-03-12,624
PR_G5-1_1_GE12_9_5,46,PR,624,GE12,2014-03-31,1248
PR_G5-1_1_GE12_9_5,47,PR,693,GE12,2014-04-18,1941
PR_G5-1_1_GE12_9_5,47,PR,693,GE12,2014-04-28,2634
PR_G5-1_1_GE12_9_5,48,PR,564,GE12,2014-05-07,3198
PR_G5-1_1_GE12_9_5,48,PR,564,GE12,2014-05-26,3762
PR_G5-1_1_GE12_9_5,49,PR,0,GE12,2014-06-04,3762
PR_G5-1_1_GE12_9_5,49,PR,0,GE12,2014-06-13,3762
PR_G5-1_1_GE12_9_5,50,PR,740,GE12,2014-07-02,4502
PR_G5-1_1_GE12_9_5,50,PR,740,GE12,2014-07-21,5242
PR_G5-1_1_GE12_9_5,51,PR,490,GE12,2014-08-08,5732
PR_G5-1_1_GE12_9_5,51,PR,490,GE12,2014-08-18,6222
PR_G5-1_1_GE12_9_5,58,PR,838,GE12,2015-03-30,7060
PR_G5-1_1_GE12_9_5,59,PR,0,GE12,2015-04-17,7060
PR_G5-1_1_GE12_9_5,60,PR,1360,GE12,2015-05-06,8420
PR_G5-1_1_GE12_9_5,60,PR,1360,GE12,2015-05-15,9780
PR_G5-1_1_GE12_9_5,60,PR,1360,GE12,2015-05-25,11140
PR_G5-1_1_GE12_9_5,61,PR,778,GE12,2015-06-03,11918
PR_G5-1_1_GE12_9_5,61,PR,778,GE12,2015-06-22,12696
PR_G5-1_1_GE12_9_5,62,PR,692,GE12,2015-07-01,13388
PR_G5-1_1_GE12_9_5,62,PR,692,GE12,2015-07-29,14080
PR_G5-1_1_GE12_9_5,64,PR,1225,GE12,2015-09-04,15305
PR_G5-1_1_GE12_9_5,64,PR,1225,GE12,2015-09-23,16530
PR_G5-1_1_GE12_9_5,65,PR,1306,GE12,2015-10-21,17836
PR_G5-1_1_GE12_9_5,65,PR,1306,GE12,2015-10-30,19142
PR_G5-1_1_GE12_9_5,66,PR,1047,GE12,2015-11-27,20189
PR_G5-1_1_GE12_9_5,67,PR,0,GE12,2015-12-26,20189
PR_G5-1_1_GE12_9_5,71,PR,1800,GE12,2016-04-15,21989
PR_G5-1_1_GE12_9_5,71,PR,1800,GE12,2016-04-25,23789
PR_G5-1_1_GE12_9_5,72,PR,1445,GE12,2016-05-04,25234
PR_G5-1_1_GE12_9_5,72,PR,1445,GE12,2016-05-23,26679
PR_G5-1_1_GE12_9_5,73,PR,3557,GE12,2016-06-10,30236
PR_G5-1_1_GE12_9_5,73,PR,3557,GE12,2016-06-29,33793
PR_G5-1_1_GE12_9_5,74,PR,0,GE12,2016-07-18,33793
PR_G5-1_1_GE12_9_5,75,PR,1058,GE12,2016-08-05,34851
PR_G5-1_1_GE12_9_5,75,PR,1058,GE12,2016-08-15,35909
PR_G5-1_1_GE12_9_5,75,PR,1058,GE12,2016-08-24,36967
PR_G5-1_1_GE12_9_5,76,PR,1230,GE12,2016-09-12,38197
PR_G5-1_1_GE12_9_5,76,PR,1230,GE12,2016-09-21,39427
PR_G5-1_1_GE12_9_5,77,PR,912,GE12,2016-10-10,40339
PR_G5-1_1_GE12_9_5,77,PR,912,GE12,2016-10-19,41251
PR_G5-1_1_GE12_9_5,78,PR,2211,GE12,2016-11-07,43462
PR_G5-1_1_GE12_9_5,78,PR,2211,GE12,2016-11-25,45673
PR_G5-1_1_GE12_9_5,79,PR,0,GE12,2016-12-05,45673
PR_G5-1_1_GE12_9_5,87,PR,1063,GE12,2017-08-23,46736
PR_G5-1_1_GE12_9_5,88,PR,1334,GE12,2017-09-11,48070
PR_G5-1_1_GE12_9_5,89,PR,1113,GE12,2017-10-18,49183
PR_G5-1_1_GE12_9_5,90,PR,2610,GE12,2017-11-06,51793
PR_G5-1_1_GE12_9_5,90,PR,2610,GE12,2017-11-15,54403
PR_G5-1_1_GE12_9_5,90,PR,2610,GE12,2017-11-24,57013
PR_G5-1_1_GE12_9_5,91,PR,0,GE12,2017-12-13,57013
PR_G5-1_1_GE12_9_5,92,PR,1146,GE12,2018-01-01,58159
PR_G5-1_1_GE12_9_5,92,PR,1146,GE12,2018-01-19,59305
PR_G5-1_1_GE12_9_5,97,PR,0,GE12,2018-06-27,59305
PR_G5-1_1_GE12_9_5,98,PR,0,GE12,2018-07-06,59305
PR_G5-1_1_GE12_9_5,98,PR,0,GE12,2018-07-25,59305
PR_G5-1_1_GE12_9_5,99,PR,1969,GE12,2018-08-03,61274
PR_G5-1_1_GE12_9_5,99,PR,1969,GE12,2018-08-31,63243
PR_G5-1_1_GE12_9_5,100,PR,2497,GE12,2018-09-10,65740
PR_G5-1_1_GE12_9_5,100,PR,2497,GE12,2018-09-28,68237
PR_G5-1_1_GE12_9_5,101,PR,2288,GE12,2018-10-26,70525
PR_G5-1_1_GE12_9_5,102,PR,0,GE12,2018-11-14,70525
PR_G5-1_1_GE12_9_5,103,PR,2088,GE12,2018-12-03,72613
PR_G5-1_1_GE12_9_5,103,PR,2088,GE12,2018-12-12,74701
PR_G5-1_1_GE12_9_5,104,PR,1677,GE12,2019-01-18,76378
PR_G5-1_1_GE12_9_5,105,PR,1984,GE12,2019-02-06,78362
PR_G5-1_1_GE12_9_5,106,PR,1140,GE12,2019-03-06,79502
PR_G5-1_1_GE12_9_5,113,PR,4875,GE12,2019-10-07,84377
PR_G5-1_1_GE12_9_5,113,PR,4875,GE12,2019-10-16,89252
PR_G5-1_1_GE12_9_5,113,PR,4875,GE12,2019-10-25,94127
PR_G5-1_1_GE12_9_5,115,PR,2236,GE12,2019-12-11,96363
PR_G5-1_1_GE12_9_5,115,PR,2236,GE12,2019-12-30,98599
PR_G5-1_1_GE12_9_5,120,PR,2138,GE12,2020-05-08,100737
PR_G5-1_1_GE12_9_5,121,PR,2006,GE12,2020-06-05,102743
PR_G5-1_1_GE12_9_5,124,PR,1988,GE12,2020-09-23,104731
PR_G5-1_1_GE12_9_5,125,PR,2703,GE12,2020-10-05,107434
PR_G5-1_1_GE12_9_5,130,PR,2113,GE12,2021-03-26,109547
PR_G5-1_1_GE12_9_5,133,PR,0,GE12,2021-06-28,109547
PR_G5-1_1_GE12_9_5,134,PR,0,GE12,2021-07-10,109547
PR_G5-1_1_GE12_9_5,135,PR,3311,GE12,2021-08-04,112858
PR_G5-1_1_GE12_9_5,135,PR,3311,GE12,2021-08-16,116169
PR_G5-1_1_GE12_9_5,136,PR,2959,GE12,2021-09-08,119128
PR_G5-1_1_GE12_9_5,137,PR,3137,GE12,2021-10-01,122265
PR_G5-1_1_GE12_9_5,140,PR,2495,GE12,2022-01-28,124760
PR_G5-1_1_GE12_9_5,143,PR,2914,GE12,2022-04-08,127674
PR_G5-1_1_GE12_9_5,143,PR,2914,GE12,2022-04-20,130588
PR_G5-1_1_GE12_9_5,149,PR,2662,GE12,2022-10-12,133250
PR_G5-1_1_GE12_9_5,154,PR,2740,GE12,2023-03-29,135990
PR_G5-1_1_GE12_9_5,157,PR,2336,GE12,2023-06-30,138326
PR_G5-1_1_GE12_9_5,159,PR,2612,GE12,2023-08-17,140938
PR_G5-1_1_GE12_9_5,160,PR,0,GE12,2023-09-21,140938
PR_G5-1_1_GE12_9_5,161,PR,0,GE12,2023-10-14,140938
PR_G5-1_1_GE12_9_5,162,PR,2722,GE12,2023-11-07,143660
PR_G5-1_1_GE12_9_5,162,PR,2722,GE12,2023-11-18,146382
PR_G5-1_1_GE12_9_5,162,PR,2722,GE12,2023-11-30,149104
PR_G5-1_1_GE12_9_5,163,PR,0,GE12,2023-12-18,149104
PR_G5-1_1_GE12_9_5,164,PR,3272,GE12,2024-01-10,152376
SMSE_B22_1_GE09_25_18,39,SMSE,0,GE09,2014-04-15,0
SMSE_B22_1_GE09_25_18,41,SMSE,535,GE09,2014-06-17,535
SMSE_B22_1_GE09_25_18,41,SMSE,535,GE09,2014-06-03,1070
SMSE_B22_1_GE09_25_18,44,SMSE,742,GE09,2014-09-25,1812
SMSE_B22_1_GE09_25_18,45,SMSE,0,GE09,2014-10-28,1812
SMSE_B22_1_GE09_25_18,46,SMSE,829,GE09,2014-11-03,2641
SMSE_B22_1_GE09_25_18,46,SMSE,829,GE09,2014-11-10,3470
SMSE_B22_1_GE09_25_18,46,SMSE,829,GE09,2014-11-24,4299
SMSE_B22_1_GE09_25_18,47,SMSE,0,GE09,2014-12-08,4299
SMSE_B22_1_GE09_25_18,48,SMSE,941,GE09,2015-01-09,5240
SMSE_B22_1_GE09_25_18,49,SMSE,815,GE09,2015-02-02,6055
SMSE_B22_1_GE09_25_18,49,SMSE,815,GE09,2015-02-16,6870
SMSE_B22_1_GE09_25_18,50,SMSE,0,GE09,2015-03-23,6870
SMSE_B22_1_GE09_25_18,51,SMSE,605,GE09,2015-04-06,7475
SMSE_B22_1_GE09_25_18,52,SMSE,930,GE09,2015-05-04,8405
SMSE_B22_1_GE09_25_18,53,SMSE,653,GE09,2015-06-01,9058
SMSE_B22_1_GE09_25_18,54,SMSE,892,GE09,2015-07-06,9950
SMSE_B22_1_GE09_25_18,55,SMSE,407,GE09,2015-08-18,10357
SMSE_B22_1_GE09_25_18,55,SMSE,407,GE09,2015-08-31,10764
SMSE_B22_1_GE09_25_18,56,SMSE,866,GE09,2015-09-14,11630
SMSE_B22_1_GE09_25_18,57,SMSE,1323,GE09,2015-10-20,12953
SMSE_B22_1_GE09_25_18,58,SMSE,1385,GE09,2015-11-09,14338
SMSE_B22_1_GE09_25_18,58,SMSE,1385,GE09,2015-11-16,15723
SMSE_B22_1_GE09_25_18,58,SMSE,1385,GE09,2015-11-23,17108
SMSE_B22_1_GE09_25_18,59,SMSE,1485,GE09,2015-12-01,18593
SMSE_B22_1_GE09_25_18,59,SMSE,1485,GE09,2015-12-14,20078
SMSE_B22_1_GE09_25_18,60,SMSE,1240,GE09,2016-01-11,21318
SMSE_B22_1_GE09_25_18,61,SMSE,450,GE09,2016-02-01,21768
SMSE_B22_1_GE09_25_18,68,SMSE,0,GE09,2016-09-26,21768
SMSE_B22_1_GE09_25_18,69,SMSE,1632,GE09,2016-10-10,23400
SMSE_B22_1_GE09_25_18,71,SMSE,1535,GE09,2016-12-05,24935
SMSE_B22_1_GE09_25_18,71,SMSE,1535,GE09,2016-12-26,26470
SMSE_B22_1_GE09_25_18,72,SMSE,1516,GE09,2017-01-02,27986
SMSE_B22_1_GE09_25_18,72,SMSE,1516,GE09,2017-01-23,29502
SMSE_B22_1_GE09_25_18,73,SMSE,1303,GE09,2017-02-13,30805
SMSE_B22_1_GE09_25_18,74,SMSE,1186,GE09,2017-03-06,31991
SMSE_B22_1_GE09_25_18,74,SMSE,1186,GE09,2017-03-20,33177
SMSE_B22_1_GE09_25_18,78,SMSE,2040,GE09,2017-07-17,35217
SMSE_B22_1_GE09_25_18,79,SMSE,1583,GE09,2017-08-01,36800
SMSE_B22_1_GE09_25_18,79,SMSE,1583,GE09,2017-08-28,38383
SMSE_B22_1_GE09_25_18,80,SMSE,1866,GE09,2017-09-04,40249
SMSE_B22_1_GE09_25_18,80,SMSE,1866,GE09,2017-09-11,42115
SMSE_B22_1_GE09_25_18,81,SMSE,2510,GE09,2017-10-02,44625
SMSE_B22_1_GE09_25_18,82,SMSE,2158,GE09,2017-11-13,46783
SMSE_B22_1_GE09_25_18,83,SMSE,1860,GE09,2017-12-04,48643
SMSE_B22_1_GE09_25_18,83,SMSE,1860,GE09,2017-12-08,50503
SMSE_B22_1_GE09_25_18,84,SMSE,1840,GE09,2018-01-02,52343
SMSE_B22_1_GE09_25_18,84,SMSE,1840,GE09,2018-01-22,54183
SMSE_B22_1_GE09_25_18,85,SMSE,1864,GE09,2018-02-05,56047
SMSE_B22_1_GE09_25_18,85,SMSE,1864,GE09,2018-02-19,57911
SMSE_B22_1_GE09_25_18,86,SMSE,637,GE09,2018-03-12,58548
SMSE_B22_1_GE09_25_18,87,SMSE,1480,GE09,2018-04-23,60028
SMSE_B22_1_GE09_25_18,91,SMSE,1532,GE09,2018-08-20,61560
SMSE_B22_1_GE09_25_18,93,SMSE,1773,GE09,2018-10-01,63333
SMSE_B22_1_GE09_25_18,93,SMSE,1773,GE09,2018-10-22,65106
SMSE_B22_1_GE09_25_18,93,SMSE,1773,GE09,2018-10-29,66879
SMSE_B22_1_GE09_25_18,92,SMSE,1795,GE09,2018-09-24,68674
SMSE_B22_1_GE09_25_18,94,SMSE,2326,GE09,2018-11-05,71000
SMSE_B22_1_GE09_25_18,95,SMSE,1907,GE09,2018-12-03,72907
SMSE_B22_1_GE09_25_18,96,SMSE,1525,GE09,2019-01-02,74432
SMSE_B22_1_GE09_25_18,96,SMSE,1525,GE09,2019-01-08,75957
SMSE_B22_1_GE09_25_18,96,SMSE,1525,GE09,2019-01-14,77482
SMSE_B22_1_GE09_25_18,97,SMSE,917,GE09,2019-02-06,78399
SMSE_B22_1_GE09_25_18,97,SMSE,917,GE09,2019-02-25,79316
SMSE_B22_1_GE09_25_18,99,SMSE,374,GE09,2019-04-01,79690
SMSE_B22_1_GE09_25_18,100,SMSE,388,GE09,2019-05-13,80078
SMSE_B22_1_GE09_25_18,105,SMSE,2280,GE09,2019-10-14,82358
SMSE_B22_1_GE09_25_18,106,SMSE,2331,GE09,2019-11-25,84689
SMSE_B22_1_GE09_25_18,106,SMSE,2331,GE09,2019-11-04,87020
SMSE_B22_1_GE09_25_18,106,SMSE,2331,GE09,2019-11-11,89351
SMSE_B22_1_GE09_25_18,107,SMSE,2066,GE09,2019-12-09,91417
SMSE_B22_1_GE09_25_18,107,SMSE,2066,GE09,2019-12-23,93483
SMSE_B22_1_GE09_25_18,108,SMSE,1470,GE09,2020-01-13,94953
SMSE_B22_1_GE09_25_18,117,SMSE,2615,GE09,2020-10-26,97568
SMSE_B22_1_GE09_25_18,118,SMSE,3199,GE09,2020-11-02,100767
SMSE_B22_1_GE09_25_18,118,SMSE,3199,GE09,2020-11-30,103966
SMSE_B22_1_GE09_25_18,118,SMSE,3199,GE09,2020-11-23,107165
SMSE_B22_1_GE09_25_18,119,SMSE,2977,GE09,2020-12-14,110142
SMSE_B22_1_GE09_25_18,119,SMSE,2977,GE09,2020-12-21,113119
SMSE_B22_1_GE09_25_18,120,SMSE,2881,GE09,2021-01-11,116000
SMSE_B22_1_GE09_25_18,121,SMSE,2887,GE09,2021-02-01,118887
SMSE_B22_1_GE09_25_18,127,SMSE,2144,GE09,2021-08-16,121031
SMSE_B22_1_GE09_25_18,130,SMSE,3098,GE09,2021-11-08,124129
SMSE_B22_1_GE09_25_18,130,SMSE,3098,GE09,2021-11-22,127227
SMSE_B22_1_GE09_25_18,129,SMSE,2557,GE09,2021-10-25,129784
SMSE_B22_1_GE09_25_18,131,SMSE,3042,GE09,2021-12-06,132826
SMSE_B22_1_GE09_25_18,131,SMSE,3042,GE09,2021-12-20,135868
SMSE_B22_1_GE09_25_18,132,SMSE,2362,GE09,2022-01-03,138230
SMSE_B22_1_GE09_25_18,133,SMSE,2531,GE09,2022-02-07,140761
SMSE_B22_1_GE09_25_18,141,SMSE,2569,GE09,2022-10-24,143330
SMSE_B22_1_GE09_25_18,142,SMSE,2379,GE09,2022-11-21,145709
SMSE_B22_1_GE09_25_18,142,SMSE,2379,GE09,2022-11-14,148088
SMSE_B22_1_GE09_25_18,143,SMSE,2988,GE09,2022-12-05,151076
SMSE_B22_1_GE09_25_18,143,SMSE,2988,GE09,2022-12-19,154064
SMSE_B22_1_GE09_25_18,144,SMSE,2649,GE09,2023-01-02,156713
SMSE_B22_1_GE09_25_18,145,SMSE,2417,GE09,2023-02-06,159130
SMSE_B22_1_GE09_25_18,146,SMSE,724,GE09,2023-03-06,159854
SMSE_B22_1_GE09_25_18,153,SMSE,0,GE09,2023-10-09,159854
SMSE_B22_1_GE09_25_18,154,SMSE,0,GE09,2023-11-06,159854
SMSE_B22_1_GE09_25_18,155,SMSE,0,GE09,2023-12-04,159854
SMSE_B22_1_GE09_26_19,39,SMSE,0,GE09,2014-04-15,0
SMSE_B22_1_GE09_26_19,39,SMSE,0,GE09,2014-04-30,0
SMSE_B22_1_GE09_26_19,41,SMSE,520,GE09,2014-06-03,520
SMSE_B22_1_GE09_26_19,41,SMSE,520,GE09,2014-06-11,1040
SMSE_B22_1_GE09_26_19,42,SMSE,550,GE09,2014-07-03,1590
SMSE_B22_1_GE09_26_19,42,SMSE,550,GE09,2014-07-25,2140
SMSE_B22_1_GE09_26_19,43,SMSE,260,GE09,2014-08-05,2400
SMSE_B22_1_GE09_26_19,44,SMSE,433,GE09,2014-09-25,2833
SMSE_B22_1_GE09_26_19,45,SMSE,560,GE09,2014-10-28,3393
SMSE_B22_1_GE09_26_19,50,SMSE,785,GE09,2015-03-09,4178
SMSE_B22_1_GE09_26_19,51,SMSE,633,GE09,2015-04-06,4811
SMSE_B22_1_GE09_26_19,51,SMSE,633,GE09,2015-04-27,5444
SMSE_B22_1_GE09_26_19,52,SMSE,690,GE09,2015-05-04,6134
SMSE_B22_1_GE09_26_19,52,SMSE,690,GE09,2015-05-25,6824
SMSE_B22_1_GE09_26_19,53,SMSE,620,GE09,2015-06-01,7444
SMSE_B22_1_GE09_26_19,53,SMSE,620,GE09,2015-06-15,8064
SMSE_B22_1_GE09_26_19,54,SMSE,598,GE09,2015-07-06,8662
SMSE_B22_1_GE09_26_19,55,SMSE,477,GE09,2015-08-10,9139
SMSE_B22_1_GE09_26_19,55,SMSE,477,GE09,2015-08-18,9616
SMSE_B22_1_GE09_26_19,55,SMSE,477,GE09,2015-08-31,10093
SMSE_B22_1_GE09_26_19,56,SMSE,432,GE09,2015-09-14,10525
SMSE_B22_1_GE09_26_19,57,SMSE,649,GE09,2015-10-01,11174
SMSE_B22_1_GE09_26_19,57,SMSE,649,GE09,2015-10-20,11823
SMSE_B22_1_GE09_26_19,58,SMSE,771,GE09,2015-11-09,12594
SMSE_B22_1_GE09_26_19,58,SMSE,771,GE09,2015-11-16,13365
SMSE_B22_1_GE09_26_19,59,SMSE,656,GE09,2015-12-01,14021
SMSE_B22_1_GE09_26_19,59,SMSE,656,GE09,2015-12-14,14677
SMSE_B22_1_GE09_26_19,60,SMSE,869,GE09,2016-01-11,15546
SMSE_B22_1_GE09_26_19,68,SMSE,1159,GE09,2016-09-26,16705
SMSE_B22_1_GE09_26_19,69,SMSE,1542,GE09,2016-10-03,18247
SMSE_B22_1_GE09_26_19,69,SMSE,1542,GE09,2016-10-24,19789
SMSE_B22_1_GE09_26_19,70,SMSE,898,GE09,2016-11-07,20687
SMSE_B22_1_GE09_26_19,70,SMSE,898,GE09,2016-11-21,21585
SMSE_B22_1_GE09_26_19,71,SMSE,900,GE09,2016-12-05,22485
SMSE_B22_1_GE09_26_19,71,SMSE,900,GE09,2016-12-26,23385
SMSE_B22_1_GE09_26_19,72,SMSE,1091,GE09,2017-01-02,24476
SMSE_B22_1_GE09_26_19,76,SMSE,1077,GE09,2017-05-15,25553
SMSE_B22_1_GE09_26_19,77,SMSE,1098,GE09,2017-06-06,26651
SMSE_B22_1_GE09_26_19,79,SMSE,1133,GE09,2017-08-14,27784
SMSE_B22_1_GE09_26_19,79,SMSE,1133,GE09,2017-08-28,28917
SMSE_B22_1_GE09_26_19,80,SMSE,1241,GE09,2017-09-11,30158
SMSE_B22_1_GE09_26_19,80,SMSE,1241,GE09,2017-09-25,31399
SMSE_B22_1_GE09_26_19,81,SMSE,1130,GE09,2017-10-02,32529
SMSE_B22_1_GE09_26_19,82,SMSE,1209,GE09,2017-11-06,33738
SMSE_B22_1_GE09_26_19,82,SMSE,1209,GE09,2017-11-27,34947
SMSE_B22_1_GE09_26_19,85,SMSE,876,GE09,2018-02-12,35823
SMSE_B22_1_GE09_26_19,86,SMSE,1165,GE09,2018-03-19,36988
SMSE_B22_1_GE09_26_19,91,SMSE,1016,GE09,2018-08-20,38004
SMSE_B22_1_GE09_26_19,92,SMSE,1203,GE09,2018-09-01,39207
SMSE_B22_1_GE09_26_19,92,SMSE,1203,GE09,2018-09-10,40410
SMSE_B22_1_GE09_26_19,93,SMSE,811,GE09,2018-10-01,41221
SMSE_B22_1_GE09_26_19,93,SMSE,811,GE09,2018-10-15,42032
SMSE_B22_1_GE09_26_19,93,SMSE,811,GE09,2018-10-29,42843
SMSE_B22_1_GE09_26_19,94,SMSE,1580,GE09,2018-11-05,44423
SMSE_B22_1_GE09_26_19,94,SMSE,1580,GE09,2018-11-19,46003
SMSE_B22_1_GE09_26_19,96,SMSE,1303,GE09,2019-01-14,47306
SMSE_B22_1_GE09_26_19,96,SMSE,1303,GE09,2019-01-21,48609
SMSE_B22_1_GE09_26_19,97,SMSE,1507,GE09,2019-02-11,50116
SMSE_B22_1_GE09_26_19,98,SMSE,1336,GE09,2019-03-18,51452
SMSE_B22_1_GE09_26_19,99,SMSE,1115,GE09,2019-04-15,52567
SMSE_B22_1_GE09_26_19,103,SMSE,1179,GE09,2019-08-26,53746
SMSE_B22_1_GE09_26_19,104,SMSE,943,GE09,2019-09-02,54689
SMSE_B22_1_GE09_26_19,104,SMSE,943,GE09,2019-09-09,55632
SMSE_B22_1_GE09_26_19,104,SMSE,943,GE09,2019-09-23,56575
SMSE_B22_1_GE09_26_19,105,SMSE,2012,GE09,2019-10-07,58587
SMSE_B22_1_GE09_26_19,105,SMSE,2012,GE09,2019-10-14,60599
SMSE_B22_1_GE09_26_19,106,SMSE,1857,GE09,2019-11-11,62456
SMSE_B22_1_GE09_26_19,107,SMSE,1798,GE09,2019-12-02,64254
SMSE_B22_1_GE09_26_19,107,SMSE,1798,GE09,2019-12-09,66052
SMSE_B22_1_GE09_26_19,107,SMSE,1798,GE09,2019-12-23,67850
SMSE_B22_1_GE09_26_19,117,SMSE,1915,GE09,2020-10-12,69765
SMSE_B22_1_GE09_26_19,118,SMSE,1866,GE09,2020-11-02,71631
SMSE_B22_1_GE09_26_19,118,SMSE,1866,GE09,2020-11-09,73497
SMSE_B22_1_GE09_26_19,118,SMSE,1866,GE09,2020-11-23,75363
SMSE_B22_1_GE09_26_19,118,SMSE,1866,GE09,2020-11-30,77229
SMSE_B22_1_GE09_26_19,119,SMSE,1970,GE09,2020-12-21,79199
SMSE_B22_1_GE09_26_19,119,SMSE,1970,GE09,2020-12-28,81169
SMSE_B22_1_GE09_26_19,124,SMSE,1777,GE09,2021-05-03,82946
SMSE_B22_1_GE09_26_19,125,SMSE,2076,GE09,2021-06-02,85022
SMSE_B22_1_GE09_26_19,125,SMSE,2076,GE09,2021-06-14,87098
SMSE_B22_1_GE09_26_19,126,SMSE,1714,GE09,2021-07-05,88812
SMSE_B22_1_GE09_26_19,127,SMSE,1619,GE09,2021-08-24,90431
SMSE_B22_1_GE09_26_19,128,SMSE,2225,GE09,2021-09-20,92656
SMSE_B22_1_GE09_26_19,128,SMSE,2225,GE09,2021-09-06,94881
SMSE_B22_1_GE09_26_19,128,SMSE,2225,GE09,2021-09-27,97106
SMSE_B22_1_GE09_26_19,129,SMSE,1873,GE09,2021-10-11,98979
SMSE_B22_1_GE09_26_19,130,SMSE,2360,GE09,2021-11-01,101339
SMSE_B22_1_GE09_26_19,130,SMSE,2360,GE09,2021-11-15,103699
SMSE_B22_1_GE09_26_19,130,SMSE,2360,GE09,2021-11-22,106059
SMSE_B22_1_GE09_26_19,131,SMSE,1770,GE09,2021-12-13,107829
SMSE_B22_1_GE09_26_19,139,SMSE,1338,GE09,2022-08-29,109167
SMSE_B22_1_GE09_26_19,140,SMSE,1955,GE09,2022-09-12,111122
SMSE_B22_1_GE09_26_19,140,SMSE,1955,GE09,2022-09-26,113077
SMSE_B22_1_GE09_26_19,141,SMSE,1721,GE09,2022-10-10,114798
SMSE_B22_1_GE09_26_19,141,SMSE,1721,GE09,2022-10-31,116519
SMSE_B22_1_GE09_26_19,142,SMSE,1920,GE09,2022-11-07,118439
SMSE_B22_1_GE09_26_19,143,SMSE,1904,GE09,2022-12-05,120343
SMSE_B22_1_GE09_26_19,146,SMSE,1888,GE09,2023-03-27,122231
SMSE_B22_1_GE09_26_19,147,SMSE,1720,GE09,2023-04-25,123951
SMSE_B22_1_GE09_26_19,148,SMSE,1874,GE09,2023-05-15,125825
SMSE_B22_1_GE09_26_19,151,SMSE,2597,GE09,2023-08-14,128422
SMSE_B22_1_GE09_26_19,151,SMSE,2597,GE09,2023-08-28,131019
SMSE_B22_1_GE09_26_19,150,SMSE,1913,GE09,2023-07-24,132932
SMSE_B22_1_GE09_26_19,152,SMSE,1509,GE09,2023-09-04,134441
SMSE_B22_1_GE09_26_19,153,SMSE,0,GE09,2023-10-23,134441
SMSE_B22_1_GE09_26_19,155,SMSE,0,GE09,2023-12-04,134441
SMSE_B22_1_GE09_27_18,39,SMSE,0,GE09,2014-04-15,0
SMSE_B22_1_GE09_27_18,39,SMSE,0,GE09,2014-04-23,0
SMSE_B22_1_GE09_27_18,42,SMSE,509,GE09,2014-07-03,509
SMSE_B22_1_GE09_27_18,42,SMSE,509,GE09,2014-07-25,1018
SMSE_B22_1_GE09_27_18,43,SMSE,0,GE09,2014-08-19,1018
SMSE_B22_1_GE09_27_18,43,SMSE,0,GE09,2014-08-27,1018
SMSE_B22_1_GE09_27_18,44,SMSE,592,GE09,2014-09-26,1610
SMSE_B22_1_GE09_27_18,44,SMSE,592,GE09,2014-09-25,2202
SMSE_B22_1_GE09_27_18,45,SMSE,603,GE09,2014-10-28,2805
SMSE_B22_1_GE09_27_18,46,SMSE,844,GE09,2014-11-03,3649
SMSE_B22_1_GE09_27_18,47,SMSE,0,GE09,2014-12-08,3649
SMSE_B22_1_GE09_27_18,48,SMSE,888,GE09,2015-01-19,4537
SMSE_B22_1_GE09_27_18,48,SMSE,888,GE09,2015-01-26,5425
SMSE_B22_1_GE09_27_18,52,SMSE,840,GE09,2015-05-25,6265
SMSE_B22_1_GE09_27_18,56,SMSE,727,GE09,2015-09-14,6992
SMSE_B22_1_GE09_27_18,57,SMSE,1021,GE09,2015-10-01,8013
SMSE_B22_1_GE09_27_18,57,SMSE,1021,GE09,2015-10-20,9034
SMSE_B22_1_GE09_27_18,58,SMSE,855,GE09,2015-11-16,9889
SMSE_B22_1_GE09_27_18,59,SMSE,713,GE09,2015-12-01,10602
SMSE_B22_1_GE09_27_18,59,SMSE,713,GE09,2015-12-14,11315
SMSE_B22_1_GE09_27_18,59,SMSE,713,GE09,2015-12-29,12028
SMSE_B22_1_GE09_27_18,60,SMSE,271,GE09,2016-01-11,12299
SMSE_B22_1_GE09_27_18,69,SMSE,1807,GE09,2016-10-10,14106
SMSE_B22_1_GE09_27_18,70,SMSE,1734,GE09,2016-11-07,15840
SMSE_B22_1_GE09_27_18,70,SMSE,1734,GE09,2016-11-21,17574
SMSE_B22_1_GE09_27_18,71,SMSE,1401,GE09,2016-12-05,18975
SMSE_B22_1_GE09_27_18,71,SMSE,1401,GE09,2016-12-26,20376
SMSE_B22_1_GE09_27_18,72,SMSE,1410,GE09,2017-01-02,21786
SMSE_B22_1_GE09_27_18,72,SMSE,1410,GE09,2017-01-23,23196
SMSE_B22_1_GE09_27_18,77,SMSE,1230,GE09,2017-06-19,24426
SMSE_B22_1_GE09_27_18,78,SMSE,2073,GE09,2017-07-10,26499
SMSE_B22_1_GE09_27_18,78,SMSE,2073,GE09,2017-07-24,28572
SMSE_B22_1_GE09_27_18,79,SMSE,1999,GE09,2017-08-01,30571
SMSE_B22_1_GE09_27_18,79,SMSE,1999,GE09,2017-08-07,32570
SMSE_B22_1_GE09_27_18,79,SMSE,1999,GE09,2017-08-28,34569
SMSE_B22_1_GE09_27_18,80,SMSE,2098,GE09,2017-09-11,36667
SMSE_B22_1_GE09_27_18,80,SMSE,2098,GE09,2017-09-18,38765
SMSE_B22_1_GE09_27_18,80,SMSE,2098,GE09,2017-09-25,40863
SMSE_B22_1_GE09_27_18,81,SMSE,1260,GE09,2017-10-03,42123
SMSE_B22_1_GE09_27_18,82,SMSE,1516,GE09,2017-11-06,43639
SMSE_B22_1_GE09_27_18,82,SMSE,1516,GE09,2017-11-13,45155
SMSE_B22_1_GE09_27_18,82,SMSE,1516,GE09,2017-11-27,46671
SMSE_B22_1_GE09_27_18,83,SMSE,2178,GE09,2017-12-08,48849
SMSE_B22_1_GE09_27_18,91,SMSE,1392,GE09,2018-08-06,50241
SMSE_B22_1_GE09_27_18,91,SMSE,1392,GE09,2018-08-20,51633
SMSE_B22_1_GE09_27_18,91,SMSE,1392,GE09,2018-08-27,53025
SMSE_B22_1_GE09_27_18,92,SMSE,2300,GE09,2018-09-01,55325
SMSE_B22_1_GE09_27_18,92,SMSE,2300,GE09,2018-09-10,57625
SMSE_B22_1_GE09_27_18,93,SMSE,1940,GE09,2018-10-01,59565
SMSE_B22_1_GE09_27_18,93,SMSE,1940,GE09,2018-10-22,61505
SMSE_B22_1_GE09_27_18,93,SMSE,1940,GE09,2018-10-29,63445
SMSE_B22_1_GE09_27_18,94,SMSE,1096,GE09,2018-11-19,64541
SMSE_B22_1_GE09_27_18,95,SMSE,1648,GE09,2018-12-03,66189
SMSE_B22_1_GE09_27_18,96,SMSE,0,GE09,2019-01-02,66189
SMSE_B22_1_GE09_27_18,104,SMSE,2328,GE09,2019-09-02,68517
SMSE_B22_1_GE09_27_18,104,SMSE,2328,GE09,2019-09-16,70845
SMSE_B22_1_GE09_27_18,104,SMSE,2328,GE09,2019-09-23,73173
SMSE_B22_1_GE09_27_18,103,SMSE,2834,GE09,2019-08-26,76007
SMSE_B22_1_GE09_27_18,105,SMSE,2338,GE09,2019-10-07,78345
SMSE_B22_1_GE09_27_18,105,SMSE,2338,GE09,2019-10-14,80683
SMSE_B22_1_GE09_27_18,106,SMSE,2840,GE09,2019-11-11,83523
SMSE_B22_1_GE09_27_18,106,SMSE,2840,GE09,2019-11-25,86363
SMSE_B22_1_GE09_27_18,107,SMSE,1705,GE09,2019-12-02,88068
SMSE_B22_1_GE09_27_18,108,SMSE,2413,GE09,2020-01-06,90481
SMSE_B22_1_GE09_27_18,117,SMSE,1534,GE09,2020-10-19,92015
SMSE_B22_1_GE09_27_18,118,SMSE,2394,GE09,2020-11-02,94409
SMSE_B22_1_GE09_27_18,118,SMSE,2394,GE09,2020-11-09,96803
SMSE_B22_1_GE09_27_18,119,SMSE,2901,GE09,2020-12-07,99704
SMSE_B22_1_GE09_27_18,119,SMSE,2901,GE09,2020-12-21,102605
SMSE_B22_1_GE09_27_18,120,SMSE,3380,GE09,2021-01-04,105985
SMSE_B22_1_GE09_27_18,121,SMSE,2678,GE09,2021-02-01,108663
SMSE_B22_1_GE09_27_18,121,SMSE,2678,GE09,2021-02-22,111341
SMSE_B22_1_GE09_27_18,129,SMSE,2710,GE09,2021-10-11,114051
SMSE_B22_1_GE09_27_18,129,SMSE,2710,GE09,2021-10-18,116761
SMSE_B22_1_GE09_27_18,128,SMSE,2306,GE09,2021-09-20,119067
SMSE_B22_1_GE09_27_18,128,SMSE,2306,GE09,2021-09-27,121373
SMSE_B22_1_GE09_27_18,130,SMSE,2691,GE09,2021-11-01,124064
SMSE_B22_1_GE09_27_18,130,SMSE,2691,GE09,2021-11-08,126755
SMSE_B22_1_GE09_27_18,131,SMSE,1758,GE09,2021-12-06,128513
SMSE_B22_1_GE09_27_18,131,SMSE,1758,GE09,2021-12-20,130271
SMSE_B22_1_GE09_27_18,132,SMSE,2800,GE09,2022-01-03,133071
SMSE_B22_1_GE09_27_18,132,SMSE,2800,GE09,2022-01-24,135871
SMSE_B22_1_GE09_27_18,133,SMSE,1357,GE09,2022-02-14,137228
SMSE_B22_1_GE09_27_18,140,SMSE,2507,GE09,2022-09-26,139735
SMSE_B22_1_GE09_27_18,141,SMSE,2665,GE09,2022-10-03,142400
SMSE_B22_1_GE09_27_18,141,SMSE,2665,GE09,2022-10-31,145065
SMSE_B22_1_GE09_27_18,142,SMSE,3105,GE09,2022-11-07,148170
SMSE_B22_1_GE09_27_18,142,SMSE,3105,GE09,2022-11-14,151275
SMSE_B22_1_GE09_27_18,143,SMSE,2605,GE09,2022-12-05,153880
SMSE_B22_1_GE09_27_18,144,SMSE,3110,GE09,2023-01-09,156990
SMSE_B22_1_GE09_27_18,152,SMSE,2400,GE09,2023-09-04,159390
SMSE_B22_1_GE09_27_18,152,SMSE,2400,GE09,2023-09-11,161790
SMSE_B22_1_GE09_27_18,151,SMSE,1909,GE09,2023-08-28,163699
SMSE_B22_1_GE09_27_18,153,SMSE,0,GE09,2023-10-02,163699
SMSE_B22_1_GE09_27_18,154,SMSE,0,GE09,2023-11-06,163699
SMSE_B22_1_GE09_27_18,155,SMSE,0,GE09,2023-12-04,163699
SMSE_B22_1_GE06_30_5,39,SMSE,0,GE06,2014-04-07,0
SMSE_B22_1_GE06_30_5,42,SMSE,0,GE06,2014-07-24,0
SMSE_B22_1_GE06_30_5,43,SMSE,0,GE06,2014-08-06,0
SMSE_B22_1_GE06_30_5,43,SMSE,0,GE06,2014-08-27,0
SMSE_B22_1_GE06_30_5,44,SMSE,475,GE06,2014-09-05,475
SMSE_B22_1_GE06_30_5,44,SMSE,475,GE06,2014-09-20,950
SMSE_B22_1_GE06_30_5,44,SMSE,475,GE06,2014-09-25,1425
SMSE_B22_1_GE06_30_5,45,SMSE,880,GE06,2014-10-04,2305
SMSE_B22_1_GE06_30_5,45,SMSE,880,GE06,2014-10-21,3185
SMSE_B22_1_GE06_30_5,46,SMSE,631,GE06,2014-11-03,3816
SMSE_B22_1_GE06_30_5,46,SMSE,631,GE06,2014-11-10,4447
SMSE_B22_1_GE06_30_5,47,SMSE,0,GE06,2014-12-08,4447
SMSE_B22_1_GE06_30_5,47,SMSE,0,GE06,2014-12-22,4447
SMSE_B22_1_GE06_30_5,48,SMSE,834,GE06,2015-01-09,5281
SMSE_B22_1_GE06_30_5,48,SMSE,834,GE06,2015-01-12,6115
SMSE_B22_1_GE06_30_5,49,SMSE,1118,GE06,2015-02-09,7233
SMSE_B22_1_GE06_30_5,49,SMSE,1118,GE06,2015-02-16,8351
SMSE_B22_1_GE06_30_5,50,SMSE,1088,GE06,2015-03-09,9439
SMSE_B22_1_GE06_30_5,51,SMSE,630,GE06,2015-04-06,10069
SMSE_B22_1_GE06_30_5,52,SMSE,0,GE06,2015-05-04,10069
SMSE_B22_1_GE06_30_5,53,SMSE,645,GE06,2015-06-01,10714
SMSE_B22_1_GE06_30_5,54,SMSE,480,GE06,2015-07-06,11194
SMSE_B22_1_GE06_30_5,55,SMSE,868,GE06,2015-08-18,12062
SMSE_B22_1_GE06_30_5,55,SMSE,868,GE06,2015-08-31,12930
SMSE_B22_1_GE06_30_5,56,SMSE,757,GE06,2015-09-14,13687
SMSE_B22_1_GE06_30_5,57,SMSE,790,GE06,2015-10-01,14477
SMSE_B22_1_GE06_30_5,57,SMSE,790,GE06,2015-10-12,15267
SMSE_B22_1_GE06_30_5,57,SMSE,790,GE06,2015-10-21,16057
SMSE_B22_1_GE06_30_5,58,SMSE,1140,GE06,2015-11-09,17197
SMSE_B22_1_GE06_30_5,58,SMSE,1140,GE06,2015-11-16,18337
SMSE_B22_1_GE06_30_5,58,SMSE,1140,GE06,2015-11-23,19477
SMSE_B22_1_GE06_30_5,59,SMSE,826,GE06,2015-12-01,20303
SMSE_B22_1_GE06_30_5,59,SMSE,826,GE06,2015-12-14,21129
SMSE_B22_1_GE06_30_5,59,SMSE,826,GE06,2015-12-29,21955
SMSE_B22_1_GE06_30_5,68,SMSE,1488,GE06,2016-09-19,23443
SMSE_B22_1_GE06_30_5,68,SMSE,1488,GE06,2016-09-26,24931
SMSE_B22_1_GE06_30_5,69,SMSE,1471,GE06,2016-10-10,26402
SMSE_B22_1_GE06_30_5,69,SMSE,1471,GE06,2016-10-24,27873
SMSE_B22_1_GE06_30_5,70,SMSE,1325,GE06,2016-11-01,29198
SMSE_B22_1_GE06_30_5,70,SMSE,1325,GE06,2016-11-07,30523
SMSE_B22_1_GE06_30_5,70,SMSE,1325,GE06,2016-11-21,31848
SMSE_B22_1_GE06_30_5,71,SMSE,1309,GE06,2016-12-05,33157
SMSE_B22_1_GE06_30_5,78,SMSE,1776,GE06,2017-07-04,34933
SMSE_B22_1_GE06_30_5,78,SMSE,1776,GE06,2017-07-10,36709
SMSE_B22_1_GE06_30_5,78,SMSE,1776,GE06,2017-07-24,38485
SMSE_B22_1_GE06_30_5,79,SMSE,2002,GE06,2017-08-01,40487
SMSE_B22_1_GE06_30_5,79,SMSE,2002,GE06,2017-08-07,42489
SMSE_B22_1_GE06_30_5,79,SMSE,2002,GE06,2017-08-14,44491
SMSE_B22_1_GE06_30_5,79,SMSE,2002,GE06,2017-08-28,46493
SMSE_B22_1_GE06_30_5,80,SMSE,1767,GE06,2017-09-25,48260
SMSE_B22_1_GE06_30_5,83,SMSE,1512,GE06,2017-12-26,49772
SMSE_B22_1_GE06_30_5,84,SMSE,1480,GE06,2018-01-15,51252
SMSE_B22_1_GE06_30_5,85,SMSE,1635,GE06,2018-02-19,52887
SMSE_B22_1_GE06_30_5,86,SMSE,1656,GE06,2018-03-19,54543
SMSE_B22_1_GE06_30_5,88,SMSE,1513,GE06,2018-05-14,56056
SMSE_B22_1_GE06_30_5,88,SMSE,1513,GE06,2018-05-21,57569
SMSE_B22_1_GE06_30_5,89,SMSE,1889,GE06,2018-06-04,59458
SMSE_B22_1_GE06_30_5,89,SMSE,1889,GE06,2018-06-25,61347
SMSE_B22_1_GE06_30_5,90,SMSE,1813,GE06,2018-07-02,63160
SMSE_B22_1_GE06_30_5,90,SMSE,1813,GE06,2018-07-09,64973
SMSE_B22_1_GE06_30_5,90,SMSE,1813,GE06,2018-07-31,66786
SMSE_B22_1_GE06_30_5,91,SMSE,1540,GE06,2018-08-20,68326
SMSE_B22_1_GE06_30_5,94,SMSE,1708,GE06,2018-11-05,70034
SMSE_B22_1_GE06_30_5,95,SMSE,1746,GE06,2018-12-03,71780
SMSE_B22_1_GE06_30_5,95,SMSE,1746,GE06,2018-12-24,73526
SMSE_B22_1_GE06_30_5,96,SMSE,2199,GE06,2019-01-28,75725
SMSE_B22_1_GE06_30_5,99,SMSE,2019,GE06,2019-04-15,77744
SMSE_B22_1_GE06_30_5,99,SMSE,2019,GE06,2019-04-29,79763
SMSE_B22_1_GE06_30_5,100,SMSE,1608,GE06,2019-05-13,81371
SMSE_B22_1_GE06_30_5,100,SMSE,1608,GE06,2019-05-27,82979
SMSE_B22_1_GE06_30_5,101,SMSE,1953,GE06,2019-06-10,84932
SMSE_B22_1_GE06_30_5,101,SMSE,1953,GE06,2019-06-17,86885
SMSE_B22_1_GE06_30_5,102,SMSE,2212,GE06,2019-07-01,89097
SMSE_B22_1_GE06_30_5,102,SMSE,2212,GE06,2019-07-22,91309
SMSE_B22_1_GE06_30_5,103,SMSE,1557,GE06,2019-08-05,92866
SMSE_B22_1_GE06_30_5,103,SMSE,1557,GE06,2019-08-26,94423
SMSE_B22_1_GE06_30_5,111,SMSE,2607,GE06,2020-04-27,97030
SMSE_B22_1_GE06_30_5,112,SMSE,2652,GE06,2020-05-18,99682
SMSE_B22_1_GE06_30_5,112,SMSE,2652,GE06,2020-05-26,102334
SMSE_B22_1_GE06_30_5,113,SMSE,2529,GE06,2020-06-02,104863
SMSE_B22_1_GE06_30_5,114,SMSE,2429,GE06,2020-07-06,107292
SMSE_B22_1_GE06_30_5,115,SMSE,1930,GE06,2020-08-03,109222
SMSE_B22_1_GE06_30_5,115,SMSE,1930,GE06,2020-08-18,111152
SMSE_B22_1_GE06_30_5,116,SMSE,1600,GE06,2020-09-07,112752
SMSE_B22_1_GE06_30_5,118,SMSE,1946,GE06,2020-11-23,114698
SMSE_B22_1_GE06_30_5,119,SMSE,2173,GE06,2020-12-07,116871
SMSE_B22_1_GE06_30_5,121,SMSE,2045,GE06,2021-02-15,118916
SMSE_B22_1_GE06_30_5,121,SMSE,2045,GE06,2021-02-22,120961
SMSE_B22_1_GE06_30_5,122,SMSE,2342,GE06,2021-03-15,123303
SMSE_B22_1_GE06_30_5,122,SMSE,2342,GE06,2021-03-22,125645
SMSE_B22_1_GE06_30_5,123,SMSE,2988,GE06,2021-04-05,128633
SMSE_B22_1_GE06_30_5,123,SMSE,2988,GE06,2021-04-19,131621
SMSE_B22_1_GE06_30_5,123,SMSE,2988,GE06,2021-04-26,134609
SMSE_B22_1_GE06_30_5,125,SMSE,1667,GE06,2021-06-02,136276
SMSE_B22_1_GE06_30_5,132,SMSE,624,GE06,2022-01-10,136900
SMSE_B22_1_GE06_30_5,134,SMSE,2486,GE06,2022-03-28,139386
SMSE_B22_1_GE06_30_5,135,SMSE,3047,GE06,2022-04-18,142433
SMSE_B22_1_GE06_30_5,136,SMSE,2503,GE06,2022-05-11,144936
SMSE_B22_1_GE06_30_5,136,SMSE,2503,GE06,2022-05-18,147439
SMSE_B22_1_GE06_30_5,137,SMSE,2034,GE06,2022-06-15,149473
SMSE_B22_1_GE06_30_5,139,SMSE,2344,GE06,2022-08-29,151817
SMSE_B22_1_GE06_30_5,140,SMSE,2200,GE06,2022-09-12,154017
SMSE_B22_1_GE06_30_5,142,SMSE,3504,GE06,2022-11-21,157521
SMSE_B22_1_GE06_30_5,143,SMSE,3469,GE06,2022-12-19,160990
SMSE_B22_1_GE06_30_5,144,SMSE,3245,GE06,2023-01-16,164235
SMSE_B22_1_GE06_30_5,144,SMSE,3245,GE06,2023-01-30,167480
SMSE_B22_1_GE06_30_5,145,SMSE,2876,GE06,2023-02-06,170356
SMSE_B22_1_GE06_30_5,146,SMSE,2402,GE06,2023-03-06,172758
SMSE_B22_1_GE06_30_5,146,SMSE,2402,GE06,2023-03-27,175160
SMSE_B22_1_GE06_30_5,147,SMSE,2106,GE06,2023-04-10,177266
SMSE_B22_1_GE06_30_5,150,SMSE,3072,GE06,2023-07-24,180338
SMSE_B22_1_GE06_30_5,151,SMSE,2672,GE06,2023-08-01,183010
SMSE_B22_1_GE06_30_5,151,SMSE,2672,GE06,2023-08-14,185682
SMSE_B22_1_GE12_30_8,41,SMSE,0,GE12,2014-06-17,0
SMSE_B22_1_GE12_30_8,41,SMSE,0,GE12,2014-06-25,0
SMSE_B22_1_GE12_30_8,42,SMSE,532,GE12,2014-07-03,532
SMSE_B22_1_GE12_30_8,43,SMSE,834,GE12,2014-08-27,1366
SMSE_B22_1_GE12_30_8,43,SMSE,834,GE12,2014-08-07,2200
SMSE_B22_1_GE12_30_8,44,SMSE,1253,GE12,2014-09-05,3453
SMSE_B22_1_GE12_30_8,44,SMSE,1253,GE12,2014-09-25,4706
SMSE_B22_1_GE12_30_8,44,SMSE,1253,GE12,2014-09-20,5959
SMSE_B22_1_GE12_30_8,45,SMSE,280,GE12,2014-10-04,6239
SMSE_B22_1_GE12_30_8,46,SMSE,692,GE12,2014-11-03,6931
SMSE_B22_1_GE12_30_8,46,SMSE,692,GE12,2014-11-10,7623
SMSE_B22_1_GE12_30_8,47,SMSE,0,GE12,2014-12-05,7623
SMSE_B22_1_GE12_30_8,47,SMSE,0,GE12,2014-12-22,7623
SMSE_B22_1_GE12_30_8,48,SMSE,0,GE12,2015-01-12,7623
SMSE_B22_1_GE12_30_8,49,SMSE,533,GE12,2015-02-09,8156
SMSE_B22_1_GE12_30_8,50,SMSE,610,GE12,2015-03-09,8766
SMSE_B22_1_GE12_30_8,56,SMSE,1390,GE12,2015-09-14,10156
SMSE_B22_1_GE12_30_8,57,SMSE,777,GE12,2015-10-12,10933
SMSE_B22_1_GE12_30_8,57,SMSE,777,GE12,2015-10-21,11710
SMSE_B22_1_GE12_30_8,58,SMSE,802,GE12,2015-11-09,12512
SMSE_B22_1_GE12_30_8,58,SMSE,802,GE12,2015-11-16,13314
SMSE_B22_1_GE12_30_8,59,SMSE,825,GE12,2015-12-14,14139
SMSE_B22_1_GE12_30_8,59,SMSE,825,GE12,2015-12-29,14964
SMSE_B22_1_GE12_30_8,60,SMSE,1005,GE12,2016-01-11,15969
SMSE_B22_1_GE12_30_8,60,SMSE,1005,GE12,2016-01-18,16974
SMSE_B22_1_GE12_30_8,61,SMSE,362,GE12,2016-02-15,17336
SMSE_B22_1_GE12_30_8,70,SMSE,1299,GE12,2016-11-14,18635
SMSE_B22_1_GE12_30_8,70,SMSE,1299,GE12,2016-11-07,19934
SMSE_B22_1_GE12_30_8,70,SMSE,1299,GE12,2016-11-21,21233
SMSE_B22_1_GE12_30_8,71,SMSE,1381,GE12,2016-12-05,22614
SMSE_B22_1_GE12_30_8,76,SMSE,965,GE12,2017-05-02,23579
SMSE_B22_1_GE12_30_8,76,SMSE,965,GE12,2017-05-30,24544
SMSE_B22_1_GE12_30_8,77,SMSE,0,GE12,2017-06-29,24544
SMSE_B22_1_GE12_30_8,78,SMSE,2250,GE12,2017-07-10,26794
SMSE_B22_1_GE12_30_8,79,SMSE,2043,GE12,2017-08-07,28837
SMSE_B22_1_GE12_30_8,80,SMSE,2029,GE12,2017-09-04,30866
SMSE_B22_1_GE12_30_8,80,SMSE,2029,GE12,2017-09-25,32895
SMSE_B22_1_GE12_30_8,81,SMSE,1227,GE12,2017-10-02,34122
SMSE_B22_1_GE12_30_8,82,SMSE,1041,GE12,2017-11-06,35163
SMSE_B22_1_GE12_30_8,90,SMSE,2116,GE12,2018-07-31,37279
SMSE_B22_1_GE12_30_8,90,SMSE,2116,GE12,2018-07-02,39395
SMSE_B22_1_GE12_30_8,90,SMSE,2116,GE12,2018-07-23,41511
SMSE_B22_1_GE12_30_8,89,SMSE,2487,GE12,2018-06-25,43998
SMSE_B22_1_GE12_30_8,91,SMSE,1740,GE12,2018-08-06,45738
SMSE_B22_1_GE12_30_8,91,SMSE,1740,GE12,2018-08-20,47478
SMSE_B22_1_GE12_30_8,91,SMSE,1740,GE12,2018-08-27,49218
SMSE_B22_1_GE12_30_8,92,SMSE,1690,GE12,2018-09-10,50908
SMSE_B22_1_GE12_30_8,92,SMSE,1690,GE12,2018-09-17,52598
SMSE_B22_1_GE12_30_8,93,SMSE,950,GE12,2018-10-01,53548
SMSE_B22_1_GE12_30_8,93,SMSE,950,GE12,2018-10-08,54498
SMSE_B22_1_GE12_30_8,94,SMSE,1073,GE12,2018-11-05,55571
SMSE_B22_1_GE12_30_8,94,SMSE,1073,GE12,2018-11-12,56644
SMSE_B22_1_GE12_30_8,104,SMSE,2407,GE12,2019-09-23,59051
SMSE_B22_1_GE12_30_8,104,SMSE,2407,GE12,2019-09-09,61458
SMSE_B22_1_GE12_30_8,103,SMSE,1931,GE12,2019-08-26,63389
SMSE_B22_1_GE12_30_8,105,SMSE,1613,GE12,2019-10-07,65002
SMSE_B22_1_GE12_30_8,105,SMSE,1613,GE12,2019-10-14,66615
SMSE_B22_1_GE12_30_8,108,SMSE,1907,GE12,2020-01-27,68522
SMSE_B22_1_GE12_30_8,109,SMSE,2500,GE12,2020-02-26,71022
SMSE_B22_1_GE12_30_8,110,SMSE,2905,GE12,2020-03-09,73927
SMSE_B22_1_GE12_30_8,111,SMSE,1295,GE12,2020-04-06,75222
SMSE_B22_1_GE12_30_8,111,SMSE,1295,GE12,2020-04-20,76517
SMSE_B22_1_GE12_30_8,112,SMSE,2604,GE12,2020-05-18,79121
SMSE_B22_1_GE12_30_8,115,SMSE,1951,GE12,2020-08-03,81072
SMSE_B22_1_GE12_30_8,115,SMSE,1951,GE12,2020-08-24,83023
SMSE_B22_1_GE12_30_8,116,SMSE,1850,GE12,2020-09-14,84873
SMSE_B22_1_GE12_30_8,116,SMSE,1850,GE12,2020-09-21,86723
SMSE_B22_1_GE12_30_8,117,SMSE,2044,GE12,2020-10-05,88767
SMSE_B22_1_GE12_30_8,117,SMSE,2044,GE12,2020-10-12,90811
SMSE_B22_1_GE12_30_8,123,SMSE,1503,GE12,2021-04-12,92314
SMSE_B22_1_GE12_30_8,124,SMSE,2655,GE12,2021-05-17,94969
SMSE_B22_1_GE12_30_8,124,SMSE,2655,GE12,2021-05-25,97624
SMSE_B22_1_GE12_30_8,125,SMSE,2833,GE12,2021-06-21,100457
SMSE_B22_1_GE12_30_8,125,SMSE,2833,GE12,2021-06-14,103290
SMSE_B22_1_GE12_30_8,126,SMSE,2563,GE12,2021-07-26,105853
SMSE_B22_1_GE12_30_8,127,SMSE,2031,GE12,2021-08-24,107884
SMSE_B22_1_GE12_30_8,129,SMSE,2301,GE12,2021-10-25,110185
SMSE_B22_1_GE12_30_8,138,SMSE,2534,GE12,2022-07-04,112719
SMSE_B22_1_GE12_30_8,138,SMSE,2534,GE12,2022-07-25,115253
SMSE_B22_1_GE12_30_8,137,SMSE,2192,GE12,2022-06-28,117445
SMSE_B22_1_GE12_30_8,139,SMSE,2124,GE12,2022-08-01,119569
SMSE_B22_1_GE12_30_8,139,SMSE,2124,GE12,2022-08-08,121693
SMSE_B22_1_GE12_30_8,139,SMSE,2124,GE12,2022-08-29,123817
SMSE_B22_1_GE12_30_8,140,SMSE,2005,GE12,2022-09-12,125822
SMSE_B22_1_GE12_30_8,148,SMSE,1910,GE12,2023-05-22,127732
SMSE_B22_1_GE12_30_8,149,SMSE,3209,GE12,2023-06-12,130941
SMSE_B22_1_GE12_30_8,149,SMSE,3209,GE12,2023-06-26,134150
SMSE_B22_1_GE12_30_8,150,SMSE,3151,GE12,2023-07-24,137301
SMSE_B22_1_GE12_30_8,150,SMSE,3151,GE12,2023-07-03,140452
SMSE_B22_1_GE12_30_8,155,SMSE,0,GE12,2023-12-04,140452
SMSE_B22_1_GE12_30_9,41,SMSE,0,GE12,2014-06-25,0
SMSE_B22_1_GE12_30_9,43,SMSE,619,GE12,2014-08-08,619
SMSE_B22_1_GE12_30_9,43,SMSE,619,GE12,2014-08-19,1238
SMSE_B22_1_GE12_30_9,44,SMSE,825,GE12,2014-09-06,2063
SMSE_B22_1_GE12_30_9,45,SMSE,460,GE12,2014-10-28,2523
SMSE_B22_1_GE12_30_9,46,SMSE,488,GE12,2014-11-14,3011
SMSE_B22_1_GE12_30_9,47,SMSE,0,GE12,2014-12-05,3011
SMSE_B22_1_GE12_30_9,47,SMSE,0,GE12,2014-12-22,3011
SMSE_B22_1_GE12_30_9,48,SMSE,682,GE12,2015-01-09,3693
SMSE_B22_1_GE12_30_9,48,SMSE,682,GE12,2015-01-12,4375
SMSE_B22_1_GE12_30_9,49,SMSE,0,GE12,2015-02-16,4375
SMSE_B22_1_GE12_30_9,50,SMSE,610,GE12,2015-03-09,4985
SMSE_B22_1_GE12_30_9,51,SMSE,401,GE12,2015-04-06,5386
SMSE_B22_1_GE12_30_9,52,SMSE,769,GE12,2015-05-04,6155
SMSE_B22_1_GE12_30_9,55,SMSE,603,GE12,2015-08-18,6758
SMSE_B22_1_GE12_30_9,55,SMSE,603,GE12,2015-08-31,7361
SMSE_B22_1_GE12_30_9,56,SMSE,817,GE12,2015-09-14,8178
SMSE_B22_1_GE12_30_9,57,SMSE,845,GE12,2015-10-01,9023
SMSE_B22_1_GE12_30_9,57,SMSE,845,GE12,2015-10-21,9868
SMSE_B22_1_GE12_30_9,58,SMSE,696,GE12,2015-11-09,10564
SMSE_B22_1_GE12_30_9,58,SMSE,696,GE12,2015-11-23,11260
SMSE_B22_1_GE12_30_9,59,SMSE,775,GE12,2015-12-14,12035
SMSE_B22_1_GE12_30_9,59,SMSE,775,GE12,2015-12-29,12810
SMSE_B22_1_GE12_30_9,60,SMSE,247,GE12,2016-01-11,13057
SMSE_B22_1_GE12_30_9,60,SMSE,247,GE12,2016-01-18,13304
SMSE_B22_1_GE12_30_9,68,SMSE,1027,GE12,2016-09-19,14331
SMSE_B22_1_GE12_30_9,68,SMSE,1027,GE12,2016-09-26,15358
SMSE_B22_1_GE12_30_9,69,SMSE,1359,GE12,2016-10-03,16717
SMSE_B22_1_GE12_30_9,69,SMSE,1359,GE12,2016-10-10,18076
SMSE_B22_1_GE12_30_9,69,SMSE,1359,GE12,2016-10-24,19435
SMSE_B22_1_GE12_30_9,70,SMSE,1665,GE12,2016-11-07,21100
SMSE_B22_1_GE12_30_9,74,SMSE,997,GE12,2017-03-27,22097
SMSE_B22_1_GE12_30_9,75,SMSE,1093,GE12,2017-04-10,23190
SMSE_B22_1_GE12_30_9,76,SMSE,1518,GE12,2017-05-02,24708
SMSE_B22_1_GE12_30_9,76,SMSE,1518,GE12,2017-05-30,26226
SMSE_B22_1_GE12_30_9,77,SMSE,1303,GE12,2017-06-19,27529
SMSE_B22_1_GE12_30_9,78,SMSE,1398,GE12,2017-07-10,28927
SMSE_B22_1_GE12_30_9,78,SMSE,1398,GE12,2017-07-24,30325
SMSE_B22_1_GE12_30_9,79,SMSE,1310,GE12,2017-08-01,31635
SMSE_B22_1_GE12_30_9,79,SMSE,1310,GE12,2017-08-14,32945
SMSE_B22_1_GE12_30_9,79,SMSE,1310,GE12,2017-08-21,34255
SMSE_B22_1_GE12_30_9,79,SMSE,1310,GE12,2017-08-28,35565
SMSE_B22_1_GE12_30_9,80,SMSE,1065,GE12,2017-09-04,36630
SMSE_B22_1_GE12_30_9,80,SMSE,1065,GE12,2017-09-25,37695
SMSE_B22_1_GE12_30_9,87,SMSE,1238,GE12,2018-04-09,38933
SMSE_B22_1_GE12_30_9,90,SMSE,1384,GE12,2018-07-23,40317
SMSE_B22_1_GE12_30_9,90,SMSE,1384,GE12,2018-07-16,41701
SMSE_B22_1_GE12_30_9,90,SMSE,1384,GE12,2018-07-30,43085
SMSE_B22_1_GE12_30_9,91,SMSE,983,GE12,2018-08-06,44068
SMSE_B22_1_GE12_30_9,91,SMSE,983,GE12,2018-08-13,45051
SMSE_B22_1_GE12_30_9,91,SMSE,983,GE12,2018-08-27,46034
SMSE_B22_1_GE12_30_9,92,SMSE,741,GE12,2018-09-01,46775
SMSE_B22_1_GE12_30_9,97,SMSE,1395,GE12,2019-02-25,48170
SMSE_B22_1_GE12_30_9,98,SMSE,1076,GE12,2019-03-04,49246
SMSE_B22_1_GE12_30_9,100,SMSE,2418,GE12,2019-05-06,51664
SMSE_B22_1_GE12_30_9,101,SMSE,1580,GE12,2019-06-10,53244
SMSE_B22_1_GE12_30_9,105,SMSE,1288,GE12,2019-10-14,54532
SMSE_B22_1_GE12_30_9,105,SMSE,1288,GE12,2019-10-22,55820
SMSE_B22_1_GE12_30_9,106,SMSE,1400,GE12,2019-11-11,57220
SMSE_B22_1_GE12_30_9,106,SMSE,1400,GE12,2019-11-18,58620
SMSE_B22_1_GE12_30_9,107,SMSE,1609,GE12,2019-12-09,60229
SMSE_B22_1_GE12_30_9,107,SMSE,1609,GE12,2019-12-30,61838
SMSE_B22_1_GE12_30_9,108,SMSE,1532,GE12,2020-01-13,63370
SMSE_B22_1_GE12_30_9,109,SMSE,2504,GE12,2020-02-03,65874
SMSE_B22_1_GE12_30_9,110,SMSE,1988,GE12,2020-03-03,67862
SMSE_B22_1_GE12_30_9,111,SMSE,533,GE12,2020-04-06,68395
SMSE_B22_1_GE12_30_9,112,SMSE,414,GE12,2020-05-04,68809
SMSE_B22_1_GE12_30_9,117,SMSE,1803,GE12,2020-10-19,70612
SMSE_B22_1_GE12_30_9,118,SMSE,2267,GE12,2020-11-02,72879
SMSE_B22_1_GE12_30_9,122,SMSE,1363,GE12,2021-03-22,74242
SMSE_B22_1_GE12_30_9,122,SMSE,1363,GE12,2021-03-29,75605
SMSE_B22_1_GE12_30_9,123,SMSE,1578,GE12,2021-04-12,77183
SMSE_B22_1_GE12_30_9,124,SMSE,1815,GE12,2021-05-03,78998
SMSE_B22_1_GE12_30_9,124,SMSE,1815,GE12,2021-05-17,80813
SMSE_B22_1_GE12_30_9,124,SMSE,1815,GE12,2021-05-25,82628
SMSE_B22_1_GE12_30_9,125,SMSE,1601,GE12,2021-06-08,84229
SMSE_B22_1_GE12_30_9,125,SMSE,1601,GE12,2021-06-21,85830
SMSE_B22_1_GE12_30_9,126,SMSE,1761,GE12,2021-07-12,87591
SMSE_B22_1_GE12_30_9,126,SMSE,1761,GE12,2021-07-19,89352
SMSE_B22_1_GE12_30_9,127,SMSE,1847,GE12,2021-08-02,91199
SMSE_B22_1_GE12_30_9,128,SMSE,1745,GE12,2021-09-06,92944
SMSE_B22_1_GE12_30_9,128,SMSE,1745,GE12,2021-09-20,94689
SMSE_B22_1_GE12_30_9,128,SMSE,1745,GE12,2021-09-27,96434
SMSE_B22_1_GE12_30_9,129,SMSE,1252,GE12,2021-10-11,97686
SMSE_B22_1_GE12_30_9,130,SMSE,2260,GE12,2021-11-08,99946
SMSE_B22_1_GE12_30_9,138,SMSE,2333,GE12,2022-07-25,102279
SMSE_B22_1_GE12_30_9,139,SMSE,1699,GE12,2022-08-08,103978
SMSE_B22_1_GE12_30_9,139,SMSE,1699,GE12,2022-08-01,105677
SMSE_B22_1_GE12_30_9,139,SMSE,1699,GE12,2022-08-15,107376
SMSE_B22_1_GE12_30_9,139,SMSE,1699,GE12,2022-08-29,109075
SMSE_B22_1_GE12_30_9,140,SMSE,1705,GE12,2022-09-05,110780
SMSE_B22_1_GE12_30_9,140,SMSE,1705,GE12,2022-09-19,112485
SMSE_B22_1_GE12_30_9,141,SMSE,1425,GE12,2022-10-24,113910
SMSE_B22_1_GE12_30_9,142,SMSE,1451,GE12,2022-11-21,115361
SMSE_B22_1_GE12_30_9,143,SMSE,1535,GE12,2022-12-12,116896
SMSE_B22_1_GE12_30_9,143,SMSE,1535,GE12,2022-12-19,118431
SMSE_B22_1_GE12_30_9,144,SMSE,1298,GE12,2023-01-23,119729
SMSE_B22_1_GE12_30_9,145,SMSE,1692,GE12,2023-02-27,121421
SMSE_B22_1_GE12_30_9,146,SMSE,2118,GE12,2023-03-13,123539
SMSE_B22_1_GE12_30_9,148,SMSE,1090,GE12,2023-05-29,124629
SMSE_B22_1_GE12_30_9,149,SMSE,1819,GE12,2023-06-26,126448
SMSE_B22_1_GE12_30_9,153,SMSE,0,GE12,2023-10-23,126448
SMSE_B22_1_GE12_30_9,154,SMSE,0,GE12,2023-11-20,126448
SMSE_B22_1_GE12_30_9,155,SMSE,0,GE12,2023-12-04,126448
SMSE_B22_1_GE06_31_4,42,SMSE,411,GE06,2014-07-02,411
SMSE_B22_1_GE06_31_4,42,SMSE,411,GE06,2014-07-24,822
SMSE_B22_1_GE06_31_4,43,SMSE,323,GE06,2014-08-06,1145
SMSE_B22_1_GE06_31_4,43,SMSE,323,GE06,2014-08-19,1468
SMSE_B22_1_GE06_31_4,43,SMSE,323,GE06,2014-08-30,1791
SMSE_B22_1_GE06_31_4,44,SMSE,659,GE06,2014-09-03,2450
SMSE_B22_1_GE06_31_4,45,SMSE,429,GE06,2014-10-04,2879
SMSE_B22_1_GE06_31_4,45,SMSE,429,GE06,2014-10-21,3308
SMSE_B22_1_GE06_31_4,46,SMSE,521,GE06,2014-11-10,3829
SMSE_B22_1_GE06_31_4,46,SMSE,521,GE06,2014-11-14,4350
SMSE_B22_1_GE06_31_4,47,SMSE,0,GE06,2014-12-08,4350
SMSE_B22_1_GE06_31_4,47,SMSE,0,GE06,2014-12-22,4350
SMSE_B22_1_GE06_31_4,47,SMSE,0,GE06,2014-12-29,4350
SMSE_B22_1_GE06_31_4,48,SMSE,656,GE06,2015-01-12,5006
SMSE_B22_1_GE06_31_4,48,SMSE,656,GE06,2015-01-19,5662
SMSE_B22_1_GE06_31_4,49,SMSE,597,GE06,2015-02-09,6259
SMSE_B22_1_GE06_31_4,49,SMSE,597,GE06,2015-02-16,6856
SMSE_B22_1_GE06_31_4,50,SMSE,602,GE06,2015-03-09,7458
SMSE_B22_1_GE06_31_4,51,SMSE,480,GE06,2015-04-06,7938
SMSE_B22_1_GE06_31_4,52,SMSE,706,GE06,2015-05-04,8644
SMSE_B22_1_GE06_31_4,53,SMSE,637,GE06,2015-06-01,9281
SMSE_B22_1_GE06_31_4,54,SMSE,819,GE06,2015-07-06,10100
SMSE_B22_1_GE06_31_4,55,SMSE,176,GE06,2015-08-10,10276
SMSE_B22_1_GE06_31_4,55,SMSE,176,GE06,2015-08-18,10452
SMSE_B22_1_GE06_31_4,55,SMSE,176,GE06,2015-08-31,10628
SMSE_B22_1_GE06_31_4,56,SMSE,460,GE06,2015-09-14,11088
SMSE_B22_1_GE06_31_4,57,SMSE,751,GE06,2015-10-01,11839
SMSE_B22_1_GE06_31_4,57,SMSE,751,GE06,2015-10-12,12590
SMSE_B22_1_GE06_31_4,57,SMSE,751,GE06,2015-10-21,13341
SMSE_B22_1_GE06_31_4,58,SMSE,700,GE06,2015-11-09,14041
SMSE_B22_1_GE06_31_4,58,SMSE,700,GE06,2015-11-16,14741
SMSE_B22_1_GE06_31_4,59,SMSE,687,GE06,2015-12-01,15428
SMSE_B22_1_GE06_31_4,59,SMSE,687,GE06,2015-12-14,16115
SMSE_B22_1_GE06_31_4,60,SMSE,468,GE06,2016-01-11,16583
SMSE_B22_1_GE06_31_4,67,SMSE,0,GE06,2016-08-30,16583
SMSE_B22_1_GE06_31_4,68,SMSE,892,GE06,2016-09-13,17475
SMSE_B22_1_GE06_31_4,68,SMSE,892,GE06,2016-09-19,18367
SMSE_B22_1_GE06_31_4,68,SMSE,892,GE06,2016-09-26,19259
SMSE_B22_1_GE06_31_4,69,SMSE,1021,GE06,2016-10-10,20280
SMSE_B22_1_GE06_31_4,69,SMSE,1021,GE06,2016-10-24,21301
SMSE_B22_1_GE06_31_4,70,SMSE,585,GE06,2016-11-07,21886
SMSE_B22_1_GE06_31_4,76,SMSE,956,GE06,2017-05-02,22842
SMSE_B22_1_GE06_31_4,76,SMSE,956,GE06,2017-05-30,23798
SMSE_B22_1_GE06_31_4,77,SMSE,830,GE06,2017-06-06,24628
SMSE_B22_1_GE06_31_4,77,SMSE,830,GE06,2017-06-29,25458
SMSE_B22_1_GE06_31_4,78,SMSE,1075,GE06,2017-07-10,26533
SMSE_B22_1_GE06_31_4,78,SMSE,1075,GE06,2017-07-24,27608
SMSE_B22_1_GE06_31_4,79,SMSE,1026,GE06,2017-08-01,28634
SMSE_B22_1_GE06_31_4,79,SMSE,1026,GE06,2017-08-14,29660
SMSE_B22_1_GE06_31_4,80,SMSE,946,GE06,2017-09-25,30606
SMSE_B22_1_GE06_31_4,84,SMSE,1038,GE06,2018-01-15,31644
SMSE_B22_1_GE06_31_4,85,SMSE,1155,GE06,2018-02-05,32799
SMSE_B22_1_GE06_31_4,86,SMSE,1242,GE06,2018-03-05,34041
SMSE_B22_1_GE06_31_4,86,SMSE,1242,GE06,2018-03-19,35283
SMSE_B22_1_GE06_31_4,87,SMSE,1491,GE06,2018-04-02,36774
SMSE_B22_1_GE06_31_4,87,SMSE,1491,GE06,2018-04-16,38265
SMSE_B22_1_GE06_31_4,88,SMSE,1306,GE06,2018-05-07,39571
SMSE_B22_1_GE06_31_4,88,SMSE,1306,GE06,2018-05-21,40877
SMSE_B22_1_GE06_31_4,88,SMSE,1306,GE06,2018-05-28,42183
SMSE_B22_1_GE06_31_4,89,SMSE,1269,GE06,2018-06-18,43452
SMSE_B22_1_GE06_31_4,89,SMSE,1269,GE06,2018-06-25,44721
SMSE_B22_1_GE06_31_4,90,SMSE,1591,GE06,2018-07-02,46312
SMSE_B22_1_GE06_31_4,90,SMSE,1591,GE06,2018-07-23,47903
SMSE_B22_1_GE06_31_4,91,SMSE,1103,GE06,2018-08-06,49006
SMSE_B22_1_GE06_31_4,91,SMSE,1103,GE06,2018-08-20,50109
SMSE_B22_1_GE06_31_4,93,SMSE,0,GE06,2018-10-29,50109
SMSE_B22_1_GE06_31_4,94,SMSE,845,GE06,2018-11-12,50954
SMSE_B22_1_GE06_31_4,95,SMSE,1085,GE06,2018-12-03,52039
SMSE_B22_1_GE06_31_4,95,SMSE,1085,GE06,2018-12-10,53124
SMSE_B22_1_GE06_31_4,96,SMSE,1607,GE06,2019-01-08,54731
SMSE_B22_1_GE06_31_4,96,SMSE,1607,GE06,2019-01-21,56338
SMSE_B22_1_GE06_31_4,97,SMSE,1327,GE06,2019-02-11,57665
SMSE_B22_1_GE06_31_4,97,SMSE,1327,GE06,2019-02-25,58992
SMSE_B22_1_GE06_31_4,98,SMSE,1501,GE06,2019-03-11,60493
SMSE_B22_1_GE06_31_4,99,SMSE,1324,GE06,2019-04-01,61817
SMSE_B22_1_GE06_31_4,99,SMSE,1324,GE06,2019-04-15,63141
SMSE_B22_1_GE06_31_4,100,SMSE,1612,GE06,2019-05-13,64753
SMSE_B22_1_GE06_31_4,100,SMSE,1612,GE06,2019-05-20,66365
SMSE_B22_1_GE06_31_4,101,SMSE,1132,GE06,2019-06-10,67497
SMSE_B22_1_GE06_31_4,102,SMSE,1731,GE06,2019-07-01,69228
SMSE_B22_1_GE06_31_4,102,SMSE,1731,GE06,2019-07-22,70959
SMSE_B22_1_GE06_31_4,103,SMSE,1534,GE06,2019-08-12,72493
SMSE_B22_1_GE06_31_4,104,SMSE,1047,GE06,2019-09-02,73540
SMSE_B22_1_GE06_31_4,104,SMSE,1047,GE06,2019-09-16,74587
SMSE_B22_1_GE06_31_4,105,SMSE,1793,GE06,2019-10-07,76380
SMSE_B22_1_GE06_31_4,105,SMSE,1793,GE06,2019-10-14,78173
SMSE_B22_1_GE06_31_4,106,SMSE,1270,GE06,2019-11-11,79443
SMSE_B22_1_GE06_31_4,106,SMSE,1270,GE06,2019-11-18,80713
SMSE_B22_1_GE06_31_4,106,SMSE,1270,GE06,2019-11-25,81983
SMSE_B22_1_GE06_31_4,107,SMSE,1560,GE06,2019-12-09,83543
SMSE_B22_1_GE06_31_4,107,SMSE,1560,GE06,2019-12-30,85103
SMSE_B22_1_GE06_31_4,108,SMSE,1392,GE06,2020-01-27,86495
SMSE_B22_1_GE06_31_4,109,SMSE,1291,GE06,2020-02-10,87786
SMSE_B22_1_GE06_31_4,110,SMSE,2531,GE06,2020-03-09,90317
SMSE_B22_1_GE06_31_4,116,SMSE,1563,GE06,2020-09-21,91880
SMSE_B22_1_GE06_31_4,117,SMSE,1614,GE06,2020-10-05,93494
SMSE_B22_1_GE06_31_4,117,SMSE,1614,GE06,2020-10-26,95108
SMSE_B22_1_GE06_31_4,118,SMSE,1720,GE06,2020-11-02,96828
SMSE_B22_1_GE06_31_4,118,SMSE,1720,GE06,2020-11-09,98548
SMSE_B22_1_GE06_31_4,123,SMSE,1701,GE06,2021-04-19,100249
SMSE_B22_1_GE06_31_4,124,SMSE,1475,GE06,2021-05-17,101724
SMSE_B22_1_GE06_31_4,127,SMSE,1619,GE06,2021-08-24,103343
SMSE_B22_1_GE06_31_4,128,SMSE,1789,GE06,2021-09-06,105132
SMSE_B22_1_GE06_31_4,128,SMSE,1789,GE06,2021-09-27,106921
SMSE_B22_1_GE06_31_4,129,SMSE,1830,GE06,2021-10-18,108751
SMSE_B22_1_GE06_31_4,130,SMSE,1544,GE06,2021-11-08,110295
SMSE_B22_1_GE06_31_4,135,SMSE,1590,GE06,2022-04-04,111885
SMSE_B22_1_GE06_31_4,136,SMSE,1882,GE06,2022-05-05,113767
SMSE_B22_1_GE06_31_4,136,SMSE,1882,GE06,2022-05-24,115649
SMSE_B22_1_GE06_31_4,137,SMSE,1541,GE06,2022-06-15,117190
SMSE_B22_1_GE06_31_4,137,SMSE,1541,GE06,2022-06-28,118731
SMSE_B22_1_GE06_31_4,138,SMSE,1034,GE06,2022-07-04,119765
SMSE_B22_1_GE06_31_4,138,SMSE,1034,GE06,2022-07-25,120799
SMSE_B22_1_GE06_31_4,139,SMSE,1105,GE06,2022-08-01,121904
SMSE_B22_1_GE06_31_4,140,SMSE,1340,GE06,2022-09-05,123244
SMSE_B22_1_GE06_31_4,140,SMSE,1340,GE06,2022-09-26,124584
SMSE_B22_1_GE06_31_4,147,SMSE,1590,GE06,2023-04-25,126174
SMSE_B22_1_GE06_31_4,148,SMSE,1668,GE06,2023-05-02,127842
SMSE_B22_1_GE06_31_4,148,SMSE,1668,GE06,2023-05-08,129510
SMSE_B22_1_GE06_31_4,148,SMSE,1668,GE06,2023-05-15,131178
SMSE_B22_1_GE06_31_4,148,SMSE,1668,GE06,2023-05-29,132846
SMSE_B22_1_GE06_31_4,149,SMSE,1844,GE06,2023-06-05,134690
SMSE_B22_1_GE06_31_4,149,SMSE,1844,GE06,2023-06-26,136534
SMSE_B22_1_GE06_31_4,150,SMSE,1494,GE06,2023-07-10,138028
SMSE_B22_1_GE06_31_4,151,SMSE,1548,GE06,2023-08-28,139576
SMSE_B22_1_GE06_31_4,152,SMSE,1534,GE06,2023-09-18,141110
SMSE_B22_1_GE06_31_5,39,SMSE,0,GE06,2014-04-07,0
SMSE_B22_1_GE06_31_5,39,SMSE,0,GE06,2014-04-15,0
SMSE_B22_1_GE06_31_5,39,SMSE,0,GE06,2014-04-30,0
SMSE_B22_1_GE06_31_5,40,SMSE,0,GE06,2014-05-13,0
SMSE_B22_1_GE06_31_5,43,SMSE,452,GE06,2014-08-30,452
SMSE_B22_1_GE06_31_5,44,SMSE,483,GE06,2014-09-05,935
SMSE_B22_1_GE06_31_5,44,SMSE,483,GE06,2014-09-25,1418
SMSE_B22_1_GE06_31_5,45,SMSE,328,GE06,2014-10-04,1746
SMSE_B22_1_GE06_31_5,45,SMSE,328,GE06,2014-10-29,2074
SMSE_B22_1_GE06_31_5,46,SMSE,525,GE06,2014-11-03,2599
SMSE_B22_1_GE06_31_5,46,SMSE,525,GE06,2014-11-10,3124
SMSE_B22_1_GE06_31_5,47,SMSE,0,GE06,2014-12-08,3124
SMSE_B22_1_GE06_31_5,47,SMSE,0,GE06,2014-12-22,3124
SMSE_B22_1_GE06_31_5,48,SMSE,1023,GE06,2015-01-09,4147
SMSE_B22_1_GE06_31_5,48,SMSE,1023,GE06,2015-01-12,5170
SMSE_B22_1_GE06_31_5,49,SMSE,879,GE06,2015-02-16,6049
SMSE_B22_1_GE06_31_5,50,SMSE,787,GE06,2015-03-09,6836
SMSE_B22_1_GE06_31_5,51,SMSE,802,GE06,2015-04-06,7638
SMSE_B22_1_GE06_31_5,52,SMSE,712,GE06,2015-05-04,8350
SMSE_B22_1_GE06_31_5,53,SMSE,821,GE06,2015-06-01,9171
SMSE_B22_1_GE06_31_5,54,SMSE,513,GE06,2015-07-06,9684
SMSE_B22_1_GE06_31_5,55,SMSE,486,GE06,2015-08-10,10170
SMSE_B22_1_GE06_31_5,55,SMSE,486,GE06,2015-08-18,10656
SMSE_B22_1_GE06_31_5,55,SMSE,486,GE06,2015-08-31,11142
SMSE_B22_1_GE06_31_5,56,SMSE,683,GE06,2015-09-14,11825
SMSE_B22_1_GE06_31_5,57,SMSE,1006,GE06,2015-10-01,12831
SMSE_B22_1_GE06_31_5,57,SMSE,1006,GE06,2015-10-12,13837
SMSE_B22_1_GE06_31_5,57,SMSE,1006,GE06,2015-10-21,14843
SMSE_B22_1_GE06_31_5,58,SMSE,1240,GE06,2015-11-16,16083
SMSE_B22_1_GE06_31_5,59,SMSE,898,GE06,2015-12-01,16981
SMSE_B22_1_GE06_31_5,59,SMSE,898,GE06,2015-12-14,17879
SMSE_B22_1_GE06_31_5,59,SMSE,898,GE06,2015-12-29,18777
SMSE_B22_1_GE06_31_5,60,SMSE,570,GE06,2016-01-11,19347
SMSE_B22_1_GE06_31_5,68,SMSE,1304,GE06,2016-09-13,20651
SMSE_B22_1_GE06_31_5,68,SMSE,1304,GE06,2016-09-19,21955
SMSE_B22_1_GE06_31_5,68,SMSE,1304,GE06,2016-09-26,23259
SMSE_B22_1_GE06_31_5,69,SMSE,1211,GE06,2016-10-03,24470
SMSE_B22_1_GE06_31_5,69,SMSE,1211,GE06,2016-10-10,25681
SMSE_B22_1_GE06_31_5,70,SMSE,1553,GE06,2016-11-01,27234
SMSE_B22_1_GE06_31_5,70,SMSE,1553,GE06,2016-11-07,28787
SMSE_B22_1_GE06_31_5,70,SMSE,1553,GE06,2016-11-14,30340
SMSE_B22_1_GE06_31_5,71,SMSE,1098,GE06,2016-12-05,31438
SMSE_B22_1_GE06_31_5,71,SMSE,1098,GE06,2016-12-26,32536
SMSE_B22_1_GE06_31_5,79,SMSE,1810,GE06,2017-08-01,34346
SMSE_B22_1_GE06_31_5,79,SMSE,1810,GE06,2017-08-07,36156
SMSE_B22_1_GE06_31_5,79,SMSE,1810,GE06,2017-08-14,37966
SMSE_B22_1_GE06_31_5,79,SMSE,1810,GE06,2017-08-28,39776
SMSE_B22_1_GE06_31_5,80,SMSE,1640,GE06,2017-09-04,41416
SMSE_B22_1_GE06_31_5,80,SMSE,1640,GE06,2017-09-25,43056
SMSE_B22_1_GE06_31_5,81,SMSE,1065,GE06,2017-10-09,44121
SMSE_B22_1_GE06_31_5,81,SMSE,1065,GE06,2017-10-16,45186
SMSE_B22_1_GE06_31_5,90,SMSE,1991,GE06,2018-07-23,47177
SMSE_B22_1_GE06_31_5,90,SMSE,1991,GE06,2018-07-31,49168
SMSE_B22_1_GE06_31_5,91,SMSE,1771,GE06,2018-08-06,50939
SMSE_B22_1_GE06_31_5,91,SMSE,1771,GE06,2018-08-13,52710
SMSE_B22_1_GE06_31_5,91,SMSE,1771,GE06,2018-08-27,54481
SMSE_B22_1_GE06_31_5,92,SMSE,1882,GE06,2018-09-01,56363
SMSE_B22_1_GE06_31_5,92,SMSE,1882,GE06,2018-09-10,58245
SMSE_B22_1_GE06_31_5,92,SMSE,1882,GE06,2018-09-24,60127
SMSE_B22_1_GE06_31_5,93,SMSE,1690,GE06,2018-10-08,61817
SMSE_B22_1_GE06_31_5,96,SMSE,1588,GE06,2019-01-21,63405
SMSE_B22_1_GE06_31_5,97,SMSE,500,GE06,2019-02-11,63905
SMSE_B22_1_GE06_31_5,98,SMSE,2395,GE06,2019-03-18,66300
SMSE_B22_1_GE06_31_5,101,SMSE,3010,GE06,2019-06-24,69310
SMSE_B22_1_GE06_31_5,102,SMSE,2597,GE06,2019-07-15,71907
SMSE_B22_1_GE06_31_5,102,SMSE,2597,GE06,2019-07-22,74504
SMSE_B22_1_GE06_31_5,103,SMSE,2338,GE06,2019-08-05,76842
SMSE_B22_1_GE06_31_5,103,SMSE,2338,GE06,2019-08-19,79180
SMSE_B22_1_GE06_31_5,104,SMSE,2034,GE06,2019-09-02,81214
SMSE_B22_1_GE06_31_5,115,SMSE,2189,GE06,2020-08-18,83403
SMSE_B22_1_GE06_31_5,115,SMSE,2189,GE06,2020-08-24,85592
SMSE_B22_1_GE06_31_5,115,SMSE,2189,GE06,2020-08-31,87781
SMSE_B22_1_GE06_31_5,116,SMSE,2095,GE06,2020-09-07,89876
SMSE_B22_1_GE06_31_5,116,SMSE,2095,GE06,2020-09-14,91971
SMSE_B22_1_GE06_31_5,117,SMSE,2250,GE06,2020-10-05,94221
SMSE_B22_1_GE06_31_5,117,SMSE,2250,GE06,2020-10-12,96471
SMSE_B22_1_GE06_31_5,118,SMSE,2270,GE06,2020-11-02,98741
SMSE_B22_1_GE06_31_5,126,SMSE,3662,GE06,2021-07-05,102403
SMSE_B22_1_GE06_31_5,127,SMSE,1624,GE06,2021-08-30,104027
SMSE_B22_1_GE06_31_5,127,SMSE,1624,GE06,2021-08-24,105651
SMSE_B22_1_GE06_31_5,128,SMSE,2408,GE06,2021-09-06,108059
SMSE_B22_1_GE06_31_5,128,SMSE,2408,GE06,2021-09-20,110467
SMSE_B22_1_GE06_31_5,129,SMSE,2543,GE06,2021-10-11,113010
SMSE_B22_1_GE06_31_5,129,SMSE,2543,GE06,2021-10-18,115553
SMSE_B22_1_GE06_31_5,130,SMSE,2383,GE06,2021-11-01,117936
SMSE_B22_1_GE06_31_5,130,SMSE,2383,GE06,2021-11-08,120319
SMSE_B22_1_GE06_31_5,134,SMSE,1863,GE06,2022-03-14,122182
SMSE_B22_1_GE06_31_5,135,SMSE,3179,GE06,2022-04-04,125361
SMSE_B22_1_GE06_31_5,139,SMSE,2498,GE06,2022-08-08,127859
SMSE_B22_1_GE06_31_5,139,SMSE,2498,GE06,2022-08-15,130357
SMSE_B22_1_GE06_31_5,139,SMSE,2498,GE06,2022-08-22,132855
SMSE_B22_1_GE06_31_5,138,SMSE,2592,GE06,2022-07-25,135447
SMSE_B22_1_GE06_31_5,140,SMSE,2499,GE06,2022-09-12,137946
SMSE_B22_1_GE06_31_5,141,SMSE,2607,GE06,2022-10-10,140553
SMSE_B22_1_GE06_31_5,146,SMSE,2665,GE06,2023-03-13,143218
SMSE_B22_1_GE06_31_5,147,SMSE,2610,GE06,2023-04-03,145828
SMSE_B22_1_GE06_31_5,149,SMSE,2317,GE06,2023-06-26,148145
SMSE_B22_1_GE06_31_5,150,SMSE,2381,GE06,2023-07-03,150526
SMSE_B22_1_GE06_31_5,150,SMSE,2381,GE06,2023-07-17,152907
SMSE_B22_1_GE06_31_5,151,SMSE,2479,GE06,2023-08-08,155386
SMSE_B22_1_GE06_31_5,151,SMSE,2479,GE06,2023-08-14,157865
SMSE_B22_1_GE06_31_5,152,SMSE,1695,GE06,2023-09-04,159560
SMSE_B22_2_GE02_42_20,43,SMSE,0,GE02,2014-08-11,0
SMSE_B22_2_GE02_42_20,44,SMSE,650,GE02,2014-09-06,650
SMSE_B22_2_GE02_42_20,44,SMSE,650,GE02,2014-09-30,1300
SMSE_B22_2_GE02_42_20,45,SMSE,911,GE02,2014-10-06,2211
SMSE_B22_2_GE02_42_20,45,SMSE,911,GE02,2014-10-09,3122
SMSE_B22_2_GE02_42_20,46,SMSE,629,GE02,2014-11-04,3751
SMSE_B22_2_GE02_42_20,47,SMSE,0,GE02,2014-12-02,3751
SMSE_B22_2_GE02_42_20,47,SMSE,0,GE02,2014-12-23,3751
SMSE_B22_2_GE02_42_20,48,SMSE,1111,GE02,2015-01-06,4862
SMSE_B22_2_GE02_42_20,48,SMSE,1111,GE02,2015-01-20,5973
SMSE_B22_2_GE02_42_20,49,SMSE,1102,GE02,2015-02-10,7075
SMSE_B22_2_GE02_42_20,49,SMSE,1102,GE02,2015-02-24,8177
SMSE_B22_2_GE02_42_20,50,SMSE,1255,GE02,2015-03-10,9432
SMSE_B22_2_GE02_42_20,50,SMSE,1255,GE02,2015-03-24,10687
SMSE_B22_2_GE02_42_20,51,SMSE,905,GE02,2015-04-07,11592
SMSE_B22_2_GE02_42_20,52,SMSE,586,GE02,2015-05-05,12178
SMSE_B22_2_GE02_42_20,53,SMSE,676,GE02,2015-06-03,12854
SMSE_B22_2_GE02_42_20,54,SMSE,390,GE02,2015-07-07,13244
SMSE_B22_2_GE02_42_20,55,SMSE,1446,GE02,2015-08-25,14690
SMSE_B22_2_GE02_42_20,56,SMSE,822,GE02,2015-09-23,15512
SMSE_B22_2_GE02_42_20,56,SMSE,822,GE02,2015-09-08,16334
SMSE_B22_2_GE02_42_20,57,SMSE,861,GE02,2015-10-06,17195
SMSE_B22_2_GE02_42_20,57,SMSE,861,GE02,2015-10-28,18056
SMSE_B22_2_GE02_42_20,58,SMSE,1060,GE02,2015-11-17,19116
SMSE_B22_2_GE02_42_20,58,SMSE,1060,GE02,2015-11-24,20176
SMSE_B22_2_GE02_42_20,59,SMSE,1143,GE02,2015-12-08,21319
SMSE_B22_2_GE02_42_20,59,SMSE,1143,GE02,2015-12-22,22462
SMSE_B22_2_GE02_42_20,60,SMSE,790,GE02,2016-01-02,23252
SMSE_B22_2_GE02_42_20,60,SMSE,790,GE02,2016-01-19,24042
SMSE_B22_2_GE02_42_20,61,SMSE,350,GE02,2016-02-10,24392
SMSE_B22_2_GE02_42_20,68,SMSE,1349,GE02,2016-09-27,25741
SMSE_B22_2_GE02_42_20,69,SMSE,1176,GE02,2016-10-04,26917
SMSE_B22_2_GE02_42_20,69,SMSE,1176,GE02,2016-10-18,28093
SMSE_B22_2_GE02_42_20,69,SMSE,1176,GE02,2016-10-11,29269
SMSE_B22_2_GE02_42_20,69,SMSE,1176,GE02,2016-10-25,30445
SMSE_B22_2_GE02_42_20,70,SMSE,1511,GE02,2016-11-08,31956
SMSE_B22_2_GE02_42_20,70,SMSE,1511,GE02,2016-11-15,33467
SMSE_B22_2_GE02_42_20,71,SMSE,1191,GE02,2016-12-06,34658
SMSE_B22_2_GE02_42_20,71,SMSE,1191,GE02,2016-12-14,35849
SMSE_B22_2_GE02_42_20,72,SMSE,694,GE02,2017-01-03,36543
SMSE_B22_2_GE02_42_20,76,SMSE,1109,GE02,2017-05-03,37652
SMSE_B22_2_GE02_42_20,77,SMSE,1166,GE02,2017-06-07,38818
SMSE_B22_2_GE02_42_20,77,SMSE,1166,GE02,2017-06-13,39984
SMSE_B22_2_GE02_42_20,78,SMSE,916,GE02,2017-07-11,40900
SMSE_B22_2_GE02_42_20,79,SMSE,1403,GE02,2017-08-01,42303
SMSE_B22_2_GE02_42_20,79,SMSE,1403,GE02,2017-08-22,43706
SMSE_B22_2_GE02_42_20,79,SMSE,1403,GE02,2017-08-29,45109
SMSE_B22_2_GE02_42_20,80,SMSE,1662,GE02,2017-09-12,46771
SMSE_B22_2_GE02_42_20,81,SMSE,940,GE02,2017-10-10,47711
SMSE_B22_2_GE02_42_20,82,SMSE,1664,GE02,2017-11-07,49375
SMSE_B22_2_GE02_42_20,84,SMSE,950,GE02,2018-01-30,50325
SMSE_B22_2_GE02_42_20,85,SMSE,785,GE02,2018-02-13,51110
SMSE_B22_2_GE02_42_20,85,SMSE,785,GE02,2018-02-27,51895
SMSE_B22_2_GE02_42_20,86,SMSE,1480,GE02,2018-03-27,53375
SMSE_B22_2_GE02_42_20,90,SMSE,1487,GE02,2018-07-17,54862
SMSE_B22_2_GE02_42_20,90,SMSE,1487,GE02,2018-07-24,56349
SMSE_B22_2_GE02_42_20,90,SMSE,1487,GE02,2018-07-31,57836
SMSE_B22_2_GE02_42_20,91,SMSE,1500,GE02,2018-08-07,59336
SMSE_B22_2_GE02_42_20,91,SMSE,1500,GE02,2018-08-14,60836
SMSE_B22_2_GE02_42_20,91,SMSE,1500,GE02,2018-08-21,62336
SMSE_B22_2_GE02_42_20,92,SMSE,922,GE02,2018-09-25,63258
SMSE_B22_2_GE02_42_20,93,SMSE,1512,GE02,2018-10-31,64770
SMSE_B22_2_GE02_42_20,94,SMSE,1442,GE02,2018-11-21,66212
SMSE_B22_2_GE02_42_20,95,SMSE,1551,GE02,2018-12-04,67763
SMSE_B22_2_GE02_42_20,95,SMSE,1551,GE02,2018-12-12,69314
SMSE_B22_2_GE02_42_20,96,SMSE,1791,GE02,2019-01-03,71105
SMSE_B22_2_GE02_42_20,96,SMSE,1791,GE02,2019-01-15,72896
SMSE_B22_2_GE02_42_20,97,SMSE,1950,GE02,2019-02-06,74846
SMSE_B22_2_GE02_42_20,98,SMSE,1879,GE02,2019-03-11,76725
SMSE_B22_2_GE02_42_20,98,SMSE,1879,GE02,2019-03-19,78604
SMSE_B22_2_GE02_42_20,101,SMSE,2088,GE02,2019-06-25,80692
SMSE_B22_2_GE02_42_20,102,SMSE,2040,GE02,2019-07-16,82732
SMSE_B22_2_GE02_42_20,103,SMSE,1505,GE02,2019-08-06,84237
SMSE_B22_2_GE02_42_20,104,SMSE,2836,GE02,2019-09-10,87073
SMSE_B22_2_GE02_42_20,104,SMSE,2836,GE02,2019-09-24,89909
SMSE_B22_2_GE02_42_20,105,SMSE,1383,GE02,2019-10-01,91292
SMSE_B22_2_GE02_42_20,105,SMSE,1383,GE02,2019-10-22,92675
SMSE_B22_2_GE02_42_20,106,SMSE,2245,GE02,2019-11-12,94920
SMSE_B22_2_GE02_42_20,106,SMSE,2245,GE02,2019-11-04,97165
SMSE_B22_2_GE02_42_20,107,SMSE,1950,GE02,2019-12-03,99115
SMSE_B22_2_GE02_42_20,107,SMSE,1950,GE02,2019-12-16,101065
SMSE_B22_2_GE02_42_20,107,SMSE,1950,GE02,2019-12-24,103015
SMSE_B22_2_GE02_42_20,108,SMSE,1495,GE02,2020-01-14,104510
SMSE_B22_2_GE02_42_20,108,SMSE,1495,GE02,2020-01-28,106005
SMSE_B22_2_GE02_42_20,109,SMSE,660,GE02,2020-02-18,106665
SMSE_B22_2_GE02_42_20,119,SMSE,929,GE02,2020-12-01,107594
SMSE_B22_2_GE02_42_20,118,SMSE,1105,GE02,2020-11-24,108699
SMSE_B22_2_GE02_42_20,123,SMSE,2184,GE02,2021-04-20,110883
SMSE_B22_2_GE02_42_20,123,SMSE,2184,GE02,2021-04-06,113067
SMSE_B22_2_GE02_42_20,124,SMSE,2394,GE02,2021-05-18,115461
SMSE_B22_2_GE02_42_20,125,SMSE,1639,GE02,2021-06-03,117100
SMSE_B22_2_GE02_42_20,125,SMSE,1639,GE02,2021-06-15,118739
SMSE_B22_2_GE02_42_20,126,SMSE,1819,GE02,2021-07-13,120558
SMSE_B22_2_GE02_42_20,126,SMSE,1819,GE02,2021-07-21,122377
SMSE_B22_2_GE02_42_20,127,SMSE,2616,GE02,2021-08-18,124993
SMSE_B22_2_GE02_42_20,127,SMSE,2616,GE02,2021-08-25,127609
SMSE_B22_2_GE02_42_20,128,SMSE,2332,GE02,2021-09-07,129941
SMSE_B22_2_GE02_42_20,128,SMSE,2332,GE02,2021-09-28,132273
SMSE_B22_2_GE02_42_20,129,SMSE,2636,GE02,2021-10-26,134909
SMSE_B22_2_GE02_42_20,137,SMSE,1113,GE02,2022-06-29,136022
SMSE_B22_2_GE02_42_20,138,SMSE,2100,GE02,2022-07-05,138122
SMSE_B22_2_GE02_42_20,138,SMSE,2100,GE02,2022-07-19,140222
SMSE_B22_2_GE02_42_20,138,SMSE,2100,GE02,2022-07-26,142322
SMSE_B22_2_GE02_42_20,138,SMSE,2100,GE02,2022-07-12,144422
SMSE_B22_2_GE02_42_20,139,SMSE,1700,GE02,2022-08-09,146122
SMSE_B22_2_GE02_42_20,139,SMSE,1700,GE02,2022-08-23,147822
SMSE_B22_2_GE02_42_20,140,SMSE,1515,GE02,2022-09-06,149337
SMSE_B22_2_GE02_42_20,140,SMSE,1515,GE02,2022-09-20,150852
SMSE_B22_2_GE02_42_20,141,SMSE,1270,GE02,2022-10-04,152122
SMSE_B22_2_GE02_42_20,141,SMSE,1270,GE02,2022-10-18,153392
SMSE_B22_2_GE02_42_20,141,SMSE,1270,GE02,2022-10-25,154662
SMSE_B22_2_GE02_42_20,142,SMSE,1087,GE02,2022-11-15,155749
SMSE_B22_2_GE02_42_20,143,SMSE,1207,GE02,2022-12-06,156956
SMSE_B22_2_GE02_42_20,144,SMSE,1069,GE02,2023-01-02,158025
SMSE_B22_2_GE02_42_20,144,SMSE,1069,GE02,2023-01-24,159094
SMSE_B22_2_GE02_42_20,145,SMSE,879,GE02,2023-02-21,159973
SMSE_B22_2_GE02_42_20,150,SMSE,2480,GE02,2023-07-25,162453
SMSE_B22_2_GE02_42_20,151,SMSE,1370,GE02,2023-08-29,163823
SMSE_B22_1_GE02_4_8,41,SMSE,795,GE02,2014-06-23,795
SMSE_B22_1_GE02_4_8,42,SMSE,732,GE02,2014-07-01,1527
SMSE_B22_1_GE02_4_8,42,SMSE,732,GE02,2014-07-23,2259
SMSE_B22_1_GE02_4_8,43,SMSE,918,GE02,2014-08-01,3177
SMSE_B22_1_GE02_4_8,43,SMSE,918,GE02,2014-08-30,4095
SMSE_B22_1_GE02_4_8,44,SMSE,796,GE02,2014-09-01,4891
SMSE_B22_1_GE02_4_8,44,SMSE,796,GE02,2014-09-30,5687
SMSE_B22_1_GE02_4_8,45,SMSE,375,GE02,2014-10-01,6062
SMSE_B22_1_GE02_4_8,45,SMSE,375,GE02,2014-10-21,6437
SMSE_B22_1_GE02_4_8,46,SMSE,1047,GE02,2014-11-03,7484
SMSE_B22_1_GE02_4_8,46,SMSE,1047,GE02,2014-11-10,8531
SMSE_B22_1_GE02_4_8,47,SMSE,0,GE02,2014-12-01,8531
SMSE_B22_1_GE02_4_8,47,SMSE,0,GE02,2014-12-29,8531
SMSE_B22_1_GE02_4_8,48,SMSE,1173,GE02,2015-01-05,9704
SMSE_B22_1_GE02_4_8,48,SMSE,1173,GE02,2015-01-19,10877
SMSE_B22_1_GE02_4_8,49,SMSE,1126,GE02,2015-02-02,12003
SMSE_B22_1_GE02_4_8,50,SMSE,1135,GE02,2015-03-02,13138
SMSE_B22_1_GE02_4_8,50,SMSE,1135,GE02,2015-03-16,14273
SMSE_B22_1_GE02_4_8,50,SMSE,1135,GE02,2015-03-30,15408
SMSE_B22_1_GE02_4_8,51,SMSE,646,GE02,2015-04-27,16054
SMSE_B22_1_GE02_4_8,51,SMSE,646,GE02,2015-04-13,16700
SMSE_B22_1_GE02_4_8,52,SMSE,615,GE02,2015-05-04,17315
SMSE_B22_1_GE02_4_8,55,SMSE,1550,GE02,2015-08-24,18865
SMSE_B22_1_GE02_4_8,56,SMSE,651,GE02,2015-09-07,19516
SMSE_B22_1_GE02_4_8,57,SMSE,662,GE02,2015-10-05,20178
SMSE_B22_1_GE02_4_8,58,SMSE,1016,GE02,2015-11-02,21194
SMSE_B22_1_GE02_4_8,59,SMSE,1175,GE02,2015-12-01,22369
SMSE_B22_1_GE02_4_8,59,SMSE,1175,GE02,2015-12-21,23544
SMSE_B22_1_GE02_4_8,60,SMSE,1118,GE02,2016-01-04,24662
SMSE_B22_1_GE02_4_8,61,SMSE,635,GE02,2016-02-09,25297
SMSE_B22_1_GE02_4_8,68,SMSE,1108,GE02,2016-09-13,26405
SMSE_B22_1_GE02_4_8,68,SMSE,1108,GE02,2016-09-26,27513
SMSE_B22_1_GE02_4_8,69,SMSE,1461,GE02,2016-10-10,28974
SMSE_B22_1_GE02_4_8,69,SMSE,1461,GE02,2016-10-17,30435
SMSE_B22_1_GE02_4_8,70,SMSE,1237,GE02,2016-11-01,31672
SMSE_B22_1_GE02_4_8,70,SMSE,1237,GE02,2016-11-14,32909
SMSE_B22_1_GE02_4_8,75,SMSE,1104,GE02,2017-04-17,34013
SMSE_B22_1_GE02_4_8,76,SMSE,1312,GE02,2017-05-02,35325
SMSE_B22_1_GE02_4_8,76,SMSE,1312,GE02,2017-05-22,36637
SMSE_B22_1_GE02_4_8,77,SMSE,1125,GE02,2017-06-06,37762
SMSE_B22_1_GE02_4_8,77,SMSE,1125,GE02,2017-06-19,38887
SMSE_B22_1_GE02_4_8,77,SMSE,1125,GE02,2017-06-29,40012
SMSE_B22_1_GE02_4_8,78,SMSE,2463,GE02,2017-07-17,42475
SMSE_B22_1_GE02_4_8,79,SMSE,1330,GE02,2017-08-07,43805
SMSE_B22_1_GE02_4_8,79,SMSE,1330,GE02,2017-08-14,45135
SMSE_B22_1_GE02_4_8,83,SMSE,1120,GE02,2017-12-18,46255
SMSE_B22_1_GE02_4_8,84,SMSE,1641,GE02,2018-01-02,47896
SMSE_B22_1_GE02_4_8,84,SMSE,1641,GE02,2018-01-22,49537
SMSE_B22_1_GE02_4_8,85,SMSE,2599,GE02,2018-02-12,52136
SMSE_B22_1_GE02_4_8,85,SMSE,2599,GE02,2018-02-26,54735
SMSE_B22_1_GE02_4_8,86,SMSE,1439,GE02,2018-03-12,56174
SMSE_B22_1_GE02_4_8,86,SMSE,1439,GE02,2018-03-26,57613
SMSE_B22_1_GE02_4_8,87,SMSE,1516,GE02,2018-04-09,59129
SMSE_B22_1_GE02_4_8,87,SMSE,1516,GE02,2018-04-30,60645
SMSE_B22_1_GE02_4_8,88,SMSE,2320,GE02,2018-05-07,62965
SMSE_B22_1_GE02_4_8,88,SMSE,2320,GE02,2018-05-28,65285
SMSE_B22_1_GE02_4_8,89,SMSE,1748,GE02,2018-06-18,67033
SMSE_B22_1_GE02_4_8,89,SMSE,1748,GE02,2018-06-25,68781
SMSE_B22_1_GE02_4_8,90,SMSE,1658,GE02,2018-07-02,70439
SMSE_B22_1_GE02_4_8,90,SMSE,1658,GE02,2018-07-23,72097
SMSE_B22_1_GE02_4_8,91,SMSE,1261,GE02,2018-08-06,73358
SMSE_B22_1_GE02_4_8,92,SMSE,1150,GE02,2018-09-01,74508
SMSE_B22_1_GE02_4_8,93,SMSE,1124,GE02,2018-10-15,75632
SMSE_B22_1_GE02_4_8,93,SMSE,1124,GE02,2018-10-29,76756
SMSE_B22_1_GE02_4_8,94,SMSE,902,GE02,2018-11-05,77658
SMSE_B22_1_GE02_4_8,94,SMSE,902,GE02,2018-11-12,78560
SMSE_B22_1_GE02_4_8,95,SMSE,1206,GE02,2018-12-03,79766
SMSE_B22_1_GE02_4_8,96,SMSE,700,GE02,2019-01-08,80466
SMSE_B22_1_GE02_4_8,96,SMSE,700,GE02,2019-01-14,81166
SMSE_B22_1_GE02_4_8,97,SMSE,1474,GE02,2019-02-18,82640
SMSE_B22_1_GE02_4_8,98,SMSE,1560,GE02,2019-03-04,84200
SMSE_B22_1_GE02_4_9,39,SMSE,0,GE02,2014-04-23,0
SMSE_B22_1_GE02_4_9,42,SMSE,534,GE02,2014-07-01,534
SMSE_B22_1_GE02_4_9,42,SMSE,534,GE02,2014-07-23,1068
SMSE_B22_1_GE02_4_9,43,SMSE,442,GE02,2014-08-01,1510
SMSE_B22_1_GE02_4_9,43,SMSE,442,GE02,2014-08-30,1952
SMSE_B22_1_GE02_4_9,44,SMSE,597,GE02,2014-09-01,2549
SMSE_B22_1_GE02_4_9,44,SMSE,597,GE02,2014-09-29,3146
SMSE_B22_1_GE02_4_9,45,SMSE,385,GE02,2014-10-01,3531
SMSE_B22_1_GE02_4_9,46,SMSE,905,GE02,2014-11-07,4436
SMSE_B22_1_GE02_4_9,46,SMSE,905,GE02,2014-11-17,5341
SMSE_B22_1_GE02_4_9,47,SMSE,0,GE02,2014-12-01,5341
SMSE_B22_1_GE02_4_9,47,SMSE,0,GE02,2014-12-19,5341
SMSE_B22_1_GE02_4_9,47,SMSE,0,GE02,2014-12-29,5341
SMSE_B22_1_GE02_4_9,48,SMSE,387,GE02,2015-01-05,5728
SMSE_B22_1_GE02_4_9,49,SMSE,1195,GE02,2015-02-02,6923
SMSE_B22_1_GE02_4_9,50,SMSE,1108,GE02,2015-03-16,8031
SMSE_B22_1_GE02_4_9,50,SMSE,1108,GE02,2015-03-02,9139
SMSE_B22_1_GE02_4_9,50,SMSE,1108,GE02,2015-03-30,10247
SMSE_B22_1_GE02_4_9,51,SMSE,612,GE02,2015-04-13,10859
SMSE_B22_1_GE02_4_9,51,SMSE,612,GE02,2015-04-27,11471
SMSE_B22_1_GE02_4_9,52,SMSE,870,GE02,2015-05-04,12341
SMSE_B22_1_GE02_4_9,53,SMSE,408,GE02,2015-06-01,12749
SMSE_B22_1_GE02_4_9,55,SMSE,819,GE02,2015-08-24,13568
SMSE_B22_1_GE02_4_9,56,SMSE,1068,GE02,2015-09-07,14636
SMSE_B22_1_GE02_4_9,57,SMSE,800,GE02,2015-10-05,15436
SMSE_B22_1_GE02_4_9,58,SMSE,1046,GE02,2015-11-02,16482
SMSE_B22_1_GE02_4_9,59,SMSE,1172,GE02,2015-12-01,17654
SMSE_B22_1_GE02_4_9,59,SMSE,1172,GE02,2015-12-21,18826
SMSE_B22_1_GE02_4_9,60,SMSE,718,GE02,2016-01-04,19544
SMSE_B22_1_GE02_4_9,61,SMSE,856,GE02,2016-02-09,20400
SMSE_B22_1_GE02_4_9,68,SMSE,298,GE02,2016-09-13,20698
SMSE_B22_1_GE02_4_9,68,SMSE,298,GE02,2016-09-26,20996
SMSE_B22_1_GE02_4_9,69,SMSE,1774,GE02,2016-10-10,22770
SMSE_B22_1_GE02_4_9,69,SMSE,1774,GE02,2016-10-17,24544
SMSE_B22_1_GE02_4_9,70,SMSE,1248,GE02,2016-11-01,25792
SMSE_B22_1_GE02_4_9,70,SMSE,1248,GE02,2016-11-14,27040
SMSE_B22_1_GE02_4_9,71,SMSE,1427,GE02,2016-12-13,28467
SMSE_B22_1_GE02_4_9,72,SMSE,1095,GE02,2017-01-02,29562
SMSE_B22_1_GE02_4_9,75,SMSE,819,GE02,2017-04-17,30381
SMSE_B22_1_GE02_4_9,76,SMSE,703,GE02,2017-05-08,31084
SMSE_B22_1_GE02_4_9,76,SMSE,703,GE02,2017-05-22,31787
SMSE_B22_1_GE02_4_9,77,SMSE,788,GE02,2017-06-06,32575
SMSE_B22_1_GE02_4_9,77,SMSE,788,GE02,2017-06-29,33363
SMSE_B22_1_GE02_4_9,78,SMSE,2876,GE02,2017-07-04,36239
SMSE_B22_1_GE02_4_9,78,SMSE,2876,GE02,2017-07-17,39115
SMSE_B22_1_GE02_4_9,78,SMSE,2876,GE02,2017-07-08,41991
SMSE_B22_1_GE02_4_9,79,SMSE,0,GE02,2017-08-14,41991
SMSE_B22_1_GE02_4_9,79,SMSE,0,GE02,2017-08-21,41991
SMSE_B22_1_GE02_4_9,79,SMSE,0,GE02,2017-08-28,41991
SMSE_B22_1_GE02_4_9,80,SMSE,1201,GE02,2017-09-18,43192
SMSE_B22_1_GE02_4_9,81,SMSE,903,GE02,2017-10-02,44095
SMSE_B22_1_GE02_4_9,81,SMSE,903,GE02,2017-10-09,44998
SMSE_B22_1_GE02_4_9,81,SMSE,903,GE02,2017-10-30,45901
SMSE_B22_1_GE02_4_9,82,SMSE,1409,GE02,2017-11-06,47310
SMSE_B22_1_GE02_4_9,82,SMSE,1409,GE02,2017-11-20,48719
SMSE_B22_1_GE02_4_9,83,SMSE,665,GE02,2017-12-04,49384
SMSE_B22_1_GE02_4_9,84,SMSE,901,GE02,2018-01-22,50285
SMSE_B22_1_GE02_4_9,85,SMSE,975,GE02,2018-02-12,51260
SMSE_B22_1_GE02_4_9,86,SMSE,696,GE02,2018-03-05,51956
SMSE_B22_1_GE02_4_9,90,SMSE,1473,GE02,2018-07-23,53429
SMSE_B22_1_GE02_4_9,90,SMSE,1473,GE02,2018-07-30,54902
SMSE_B22_1_GE02_4_9,91,SMSE,1480,GE02,2018-08-13,56382
SMSE_B22_1_GE02_4_9,91,SMSE,1480,GE02,2018-08-06,57862
SMSE_B22_1_GE02_4_9,91,SMSE,1480,GE02,2018-08-20,59342
SMSE_B22_1_GE02_4_9,92,SMSE,1501,GE02,2018-09-10,60843
SMSE_B22_1_GE02_4_9,92,SMSE,1501,GE02,2018-09-17,62344
SMSE_B22_1_GE02_4_9,93,SMSE,970,GE02,2018-10-22,63314
SMSE_B22_1_GE02_4_9,94,SMSE,862,GE02,2018-11-19,64176
SMSE_B22_1_GE02_4_9,95,SMSE,446,GE02,2018-12-03,64622
SMSE_B22_1_GE02_4_9,95,SMSE,446,GE02,2018-12-10,65068
SMSE_B22_1_GE02_4_9,96,SMSE,1702,GE02,2019-01-08,66770
SMSE_B22_1_GE02_4_9,96,SMSE,1702,GE02,2019-01-14,68472
SMSE_B22_1_GE02_4_9,97,SMSE,936,GE02,2019-02-06,69408
SMSE_B22_1_GE02_4_9,97,SMSE,936,GE02,2019-02-11,70344
SMSE_B22_1_GE02_4_9,98,SMSE,1492,GE02,2019-03-04,71836
SMSE_B22_1_GE02_4_9,98,SMSE,1492,GE02,2019-03-25,73328
SMSE_B22_1_GE02_4_9,101,SMSE,1070,GE02,2019-06-10,74398
SMSE_B22_1_GE02_4_9,101,SMSE,1070,GE02,2019-06-17,75468
SMSE_B22_1_GE02_4_9,102,SMSE,2276,GE02,2019-07-08,77744
SMSE_B22_1_GE02_4_9,102,SMSE,2276,GE02,2019-07-22,80020
SMSE_B22_1_GE02_4_9,103,SMSE,2007,GE02,2019-08-05,82027
SMSE_B22_1_GE02_4_9,103,SMSE,2007,GE02,2019-08-12,84034
SMSE_B22_1_GE02_4_9,104,SMSE,1440,GE02,2019-09-02,85474
SMSE_B22_1_GE02_4_9,105,SMSE,1912,GE02,2019-10-07,87386
SMSE_B22_1_GE02_4_9,106,SMSE,2363,GE02,2019-11-18,89749
SMSE_B22_1_GE02_4_9,107,SMSE,1295,GE02,2019-12-09,91044
SMSE_B22_1_GE02_4_9,107,SMSE,1295,GE02,2019-12-30,92339
SMSE_B22_1_GE02_4_9,108,SMSE,1165,GE02,2020-01-13,93504
SMSE_B22_1_GE02_4_9,108,SMSE,1165,GE02,2020-01-27,94669
SMSE_B22_1_GE02_4_9,109,SMSE,1167,GE02,2020-02-18,95836
SMSE_B22_1_GE02_4_9,115,SMSE,1186,GE02,2020-08-31,97022
SMSE_B22_1_GE02_4_9,116,SMSE,1232,GE02,2020-09-07,98254
SMSE_B22_1_GE02_4_9,116,SMSE,1232,GE02,2020-09-14,99486
SMSE_B22_1_GE02_4_9,116,SMSE,1232,GE02,2020-09-28,100718
SMSE_B22_1_GE02_4_9,117,SMSE,1565,GE02,2020-10-12,102283
SMSE_B22_1_GE02_4_9,122,SMSE,2756,GE02,2021-03-22,105039
SMSE_B22_1_GE02_4_9,123,SMSE,2768,GE02,2021-04-05,107807
SMSE_B22_1_GE02_4_9,123,SMSE,2768,GE02,2021-04-19,110575
SMSE_B22_1_GE02_4_9,124,SMSE,2836,GE02,2021-05-03,113411
SMSE_B22_1_GE02_4_9,124,SMSE,2836,GE02,2021-05-17,116247
SMSE_B22_1_GE02_4_9,124,SMSE,2836,GE02,2021-05-31,119083
SMSE_B22_1_GE02_4_9,125,SMSE,2389,GE02,2021-06-14,121472
SMSE_B22_1_GE02_4_9,125,SMSE,2389,GE02,2021-06-21,123861
SMSE_B22_1_GE02_4_9,126,SMSE,1577,GE02,2021-07-12,125438
SMSE_B22_1_GE02_4_9,126,SMSE,1577,GE02,2021-07-19,127015
SMSE_B22_1_GE02_4_9,127,SMSE,2048,GE02,2021-08-09,129063
SMSE_B22_1_GE02_4_9,127,SMSE,2048,GE02,2021-08-24,131111
SMSE_B22_1_GE02_4_9,128,SMSE,1126,GE02,2021-09-06,132237
SMSE_B22_1_GE02_4_9,129,SMSE,2023,GE02,2021-10-04,134260
SMSE_B22_1_GE02_4_9,136,SMSE,1832,GE02,2022-05-05,136092
SMSE_B22_1_GE02_4_9,136,SMSE,1832,GE02,2022-05-18,137924
SMSE_B22_1_GE02_4_9,136,SMSE,1832,GE02,2022-05-11,139756
SMSE_B22_1_GE02_4_9,136,SMSE,1832,GE02,2022-05-24,141588
SMSE_B22_1_GE02_4_9,136,SMSE,1832,GE02,2022-05-31,143420
SMSE_B22_1_GE02_4_9,135,SMSE,2535,GE02,2022-04-25,145955
SMSE_B22_1_GE02_4_9,137,SMSE,1766,GE02,2022-06-15,147721
SMSE_B22_1_GE02_4_9,138,SMSE,2062,GE02,2022-07-18,149783
SMSE_B22_1_GE02_4_9,138,SMSE,2062,GE02,2022-07-25,151845
SMSE_B22_1_GE02_4_9,139,SMSE,1679,GE02,2022-08-08,153524
SMSE_B22_1_GE02_4_9,139,SMSE,1679,GE02,2022-08-22,155203
SMSE_B22_1_GE02_4_9,140,SMSE,2040,GE02,2022-09-05,157243
SMSE_B22_1_GE02_4_9,141,SMSE,1652,GE02,2022-10-03,158895
SMSE_B22_1_GE02_4_9,147,SMSE,1215,GE02,2023-04-25,160110
SMSE_B22_1_GE02_4_9,148,SMSE,753,GE02,2023-05-22,160863
SMSE_B22_1_GE02_4_9,148,SMSE,753,GE02,2023-05-15,161616
SMSE_B22_1_GE02_4_9,148,SMSE,753,GE02,2023-05-02,162369
SMSE_B22_1_GE02_4_9,149,SMSE,692,GE02,2023-06-12,163061
SMSE_B22_1_GE02_4_9,153,SMSE,0,GE02,2023-10-23,163061
SMSE_B22_1_GE02_4_9,154,SMSE,0,GE02,2023-11-13,163061
SMSE_B22_1_GE02_4_9,154,SMSE,0,GE02,2023-11-27,163061
SMSE_B22_1_GE02_4_9,155,SMSE,0,GE02,2023-12-04,163061
SMSE_B22_2_GE06_56_13,39,SMSE,0,GE06,2014-04-16,0
SMSE_B22_2_GE06_56_13,44,SMSE,751,GE06,2014-09-09,751
SMSE_B22_2_GE06_56_13,44,SMSE,751,GE06,2014-09-29,1502
SMSE_B22_2_GE06_56_13,45,SMSE,830,GE06,2014-10-07,2332
SMSE_B22_2_GE06_56_13,45,SMSE,830,GE06,2014-10-21,3162
SMSE_B22_2_GE06_56_13,46,SMSE,724,GE06,2014-11-11,3886
SMSE_B22_2_GE06_56_13,47,SMSE,0,GE06,2014-12-02,3886
SMSE_B22_2_GE06_56_13,47,SMSE,0,GE06,2014-12-23,3886
SMSE_B22_2_GE06_56_13,48,SMSE,798,GE06,2015-01-06,4684
SMSE_B22_2_GE06_56_13,48,SMSE,798,GE06,2015-01-27,5482
SMSE_B22_2_GE06_56_13,49,SMSE,1477,GE06,2015-02-03,6959
SMSE_B22_2_GE06_56_13,49,SMSE,1477,GE06,2015-02-24,8436
SMSE_B22_2_GE06_56_13,50,SMSE,509,GE06,2015-03-04,8945
SMSE_B22_2_GE06_56_13,51,SMSE,376,GE06,2015-04-07,9321
SMSE_B22_2_GE06_56_13,52,SMSE,1208,GE06,2015-05-25,10529
SMSE_B22_2_GE06_56_13,55,SMSE,1237,GE06,2015-08-04,11766
SMSE_B22_2_GE06_56_13,55,SMSE,1237,GE06,2015-08-26,13003
SMSE_B22_2_GE06_56_13,56,SMSE,913,GE06,2015-09-01,13916
SMSE_B22_2_GE06_56_13,57,SMSE,891,GE06,2015-10-03,14807
SMSE_B22_2_GE06_56_13,57,SMSE,891,GE06,2015-10-28,15698
SMSE_B22_2_GE06_56_13,58,SMSE,1039,GE06,2015-11-10,16737
SMSE_B22_2_GE06_56_13,59,SMSE,1480,GE06,2015-12-02,18217
SMSE_B22_2_GE06_56_13,59,SMSE,1480,GE06,2015-12-15,19697
SMSE_B22_2_GE06_56_13,60,SMSE,952,GE06,2016-01-05,20649
SMSE_B22_2_GE06_56_13,61,SMSE,745,GE06,2016-02-02,21394
SMSE_B22_2_GE06_56_13,68,SMSE,1053,GE06,2016-09-14,22447
SMSE_B22_2_GE06_56_13,68,SMSE,1053,GE06,2016-09-28,23500
SMSE_B22_2_GE06_56_13,69,SMSE,1321,GE06,2016-10-25,24821
SMSE_B22_2_GE06_56_13,70,SMSE,1374,GE06,2016-11-02,26195
SMSE_B22_2_GE06_56_13,71,SMSE,1011,GE06,2016-12-06,27206
SMSE_B22_2_GE06_56_13,71,SMSE,1011,GE06,2016-12-14,28217
SMSE_B22_2_GE06_56_13,72,SMSE,1228,GE06,2017-01-03,29445
SMSE_B22_2_GE06_56_13,72,SMSE,1228,GE06,2017-01-09,30673
SMSE_B22_2_GE06_56_13,73,SMSE,871,GE06,2017-02-07,31544
SMSE_B22_2_GE06_56_13,80,SMSE,1498,GE06,2017-09-12,33042
SMSE_B22_2_GE06_56_13,81,SMSE,1409,GE06,2017-10-03,34451
SMSE_B22_2_GE06_56_13,81,SMSE,1409,GE06,2017-10-17,35860
SMSE_B22_2_GE06_56_13,82,SMSE,1669,GE06,2017-11-07,37529
SMSE_B22_2_GE06_56_13,82,SMSE,1669,GE06,2017-11-30,39198
SMSE_B22_2_GE06_56_13,87,SMSE,1468,GE06,2018-04-24,40666
SMSE_B22_2_GE06_56_13,88,SMSE,1298,GE06,2018-05-15,41964
SMSE_B22_2_GE06_56_13,89,SMSE,1768,GE06,2018-06-19,43732
SMSE_B22_2_GE06_56_13,89,SMSE,1768,GE06,2018-06-26,45500
SMSE_B22_2_GE06_56_13,90,SMSE,1504,GE06,2018-07-24,47004
SMSE_B22_2_GE06_56_13,91,SMSE,2110,GE06,2018-08-07,49114
SMSE_B22_2_GE06_56_13,91,SMSE,2110,GE06,2018-08-21,51224
SMSE_B22_2_GE06_56_13,92,SMSE,1297,GE06,2018-09-03,52521
SMSE_B22_2_GE06_56_13,92,SMSE,1297,GE06,2018-09-12,53818
SMSE_B22_2_GE06_56_13,92,SMSE,1297,GE06,2018-09-18,55115
SMSE_B22_2_GE06_56_13,93,SMSE,1530,GE06,2018-10-16,56645
SMSE_B22_2_GE06_56_13,93,SMSE,1530,GE06,2018-10-23,58175
SMSE_B22_2_GE06_56_13,94,SMSE,1435,GE06,2018-11-13,59610
SMSE_B22_2_GE06_56_13,103,SMSE,1579,GE06,2019-08-13,61189
SMSE_B22_2_GE06_56_13,103,SMSE,1579,GE06,2019-08-20,62768
SMSE_B22_2_GE06_56_13,103,SMSE,1579,GE06,2019-08-27,64347
SMSE_B22_2_GE06_56_13,102,SMSE,1672,GE06,2019-07-30,66019
SMSE_B22_2_GE06_56_13,104,SMSE,2011,GE06,2019-09-03,68030
SMSE_B22_2_GE06_56_13,104,SMSE,2011,GE06,2019-09-24,70041
SMSE_B22_2_GE06_56_13,105,SMSE,1608,GE06,2019-10-08,71649
SMSE_B22_2_GE06_56_13,106,SMSE,1785,GE06,2019-11-05,73434
SMSE_B22_2_GE06_56_13,106,SMSE,1785,GE06,2019-11-12,75219
SMSE_B22_2_GE06_56_13,106,SMSE,1785,GE06,2019-11-25,77004
SMSE_B22_2_GE06_56_13,107,SMSE,1520,GE06,2019-12-10,78524
SMSE_B22_2_GE06_56_13,116,SMSE,2431,GE06,2020-09-15,80955
SMSE_B22_2_GE06_56_13,116,SMSE,2431,GE06,2020-09-22,83386
SMSE_B22_2_GE06_56_13,117,SMSE,1731,GE06,2020-10-06,85117
SMSE_B22_2_GE06_56_13,117,SMSE,1731,GE06,2020-10-27,86848
SMSE_B22_2_GE06_56_13,118,SMSE,2440,GE06,2020-11-10,89288
SMSE_B22_2_GE06_56_13,118,SMSE,2440,GE06,2020-11-17,91728
SMSE_B22_2_GE06_56_13,119,SMSE,1908,GE06,2020-12-01,93636
SMSE_B22_2_GE06_56_13,119,SMSE,1908,GE06,2020-12-22,95544
SMSE_B22_2_GE06_56_13,125,SMSE,1959,GE06,2021-06-09,97503
SMSE_B22_2_GE06_56_13,127,SMSE,2597,GE06,2021-08-18,100100
SMSE_B22_2_GE06_56_13,127,SMSE,2597,GE06,2021-08-25,102697
SMSE_B22_2_GE06_56_13,128,SMSE,2796,GE06,2021-09-07,105493
SMSE_B22_2_GE06_56_13,128,SMSE,2796,GE06,2021-09-21,108289
SMSE_B22_2_GE06_56_13,129,SMSE,2401,GE06,2021-10-05,110690
SMSE_B22_2_GE06_56_13,129,SMSE,2401,GE06,2021-10-26,113091
SMSE_B22_2_GE06_56_13,130,SMSE,2421,GE06,2021-11-02,115512
SMSE_B22_2_GE06_56_13,130,SMSE,2421,GE06,2021-11-23,117933
SMSE_B22_2_GE06_56_13,131,SMSE,2355,GE06,2021-12-07,120288
SMSE_B22_2_GE06_56_13,139,SMSE,2459,GE06,2022-08-23,122747
SMSE_B22_2_GE06_56_13,139,SMSE,2459,GE06,2022-08-30,125206
SMSE_B22_2_GE06_56_13,140,SMSE,2295,GE06,2022-09-06,127501
SMSE_B22_2_GE06_56_13,140,SMSE,2295,GE06,2022-09-27,129796
SMSE_B22_2_GE06_56_13,140,SMSE,2295,GE06,2022-09-13,132091
SMSE_B22_2_GE06_56_13,141,SMSE,2078,GE06,2022-10-11,134169
SMSE_B22_2_GE06_56_13,141,SMSE,2078,GE06,2022-10-18,136247
SMSE_B22_2_GE06_56_13,149,SMSE,2003,GE06,2023-06-27,138250
SMSE_B22_2_GE06_56_13,150,SMSE,2536,GE06,2023-07-18,140786
SMSE_B22_2_GE06_56_13,151,SMSE,2490,GE06,2023-08-02,143276
SMSE_B22_2_GE06_56_13,151,SMSE,2490,GE06,2023-08-09,145766
SMSE_B22_2_GE06_56_13,151,SMSE,2490,GE06,2023-08-29,148256
SMSE_B22_2_GE06_56_13,152,SMSE,2495,GE06,2023-09-12,150751
SMSE_B22_2_GE09_56_14,40,SMSE,0,GE09,2014-05-02,0
SMSE_B22_2_GE09_56_14,40,SMSE,0,GE09,2014-05-21,0
SMSE_B22_2_GE09_56_14,41,SMSE,0,GE09,2014-06-11,0
SMSE_B22_2_GE09_56_14,41,SMSE,0,GE09,2014-06-26,0
SMSE_B22_2_GE09_56_14,42,SMSE,550,GE09,2014-07-08,550
SMSE_B22_2_GE09_56_14,43,SMSE,670,GE09,2014-08-12,1220
SMSE_B22_2_GE09_56_14,43,SMSE,670,GE09,2014-08-19,1890
SMSE_B22_2_GE09_56_14,44,SMSE,708,GE09,2014-09-09,2598
SMSE_B22_2_GE09_56_14,45,SMSE,644,GE09,2014-10-07,3242
SMSE_B22_2_GE09_56_14,46,SMSE,711,GE09,2014-11-11,3953
SMSE_B22_2_GE09_56_14,47,SMSE,0,GE09,2014-12-02,3953
SMSE_B22_2_GE09_56_14,47,SMSE,0,GE09,2014-12-23,3953
SMSE_B22_2_GE09_56_14,47,SMSE,0,GE09,2014-12-30,3953
SMSE_B22_2_GE09_56_14,48,SMSE,871,GE09,2015-01-06,4824
SMSE_B22_2_GE09_56_14,50,SMSE,580,GE09,2015-03-04,5404
SMSE_B22_2_GE09_56_14,50,SMSE,580,GE09,2015-03-24,5984
SMSE_B22_2_GE09_56_14,51,SMSE,595,GE09,2015-04-07,6579
SMSE_B22_2_GE09_56_14,52,SMSE,816,GE09,2015-05-05,7395
SMSE_B22_2_GE09_56_14,53,SMSE,650,GE09,2015-06-03,8045
SMSE_B22_2_GE09_56_14,54,SMSE,610,GE09,2015-07-21,8655
SMSE_B22_2_GE09_56_14,56,SMSE,247,GE09,2015-09-01,8902
SMSE_B22_2_GE09_56_14,55,SMSE,690,GE09,2015-08-04,9592
SMSE_B22_2_GE09_56_14,57,SMSE,960,GE09,2015-10-03,10552
SMSE_B22_2_GE09_56_14,57,SMSE,960,GE09,2015-10-28,11512
SMSE_B22_2_GE09_56_14,58,SMSE,947,GE09,2015-11-10,12459
SMSE_B22_2_GE09_56_14,59,SMSE,1069,GE09,2015-12-08,13528
SMSE_B22_2_GE09_56_14,59,SMSE,1069,GE09,2015-12-15,14597
SMSE_B22_2_GE09_56_14,60,SMSE,810,GE09,2016-01-02,15407
SMSE_B22_2_GE09_56_14,60,SMSE,810,GE09,2016-01-05,16217
SMSE_B22_2_GE09_56_14,61,SMSE,270,GE09,2016-02-02,16487
SMSE_B22_2_GE09_56_14,61,SMSE,270,GE09,2016-02-23,16757
SMSE_B22_2_GE09_56_14,69,SMSE,1598,GE09,2016-10-18,18355
SMSE_B22_2_GE09_56_14,70,SMSE,1492,GE09,2016-11-15,19847
SMSE_B22_2_GE09_56_14,71,SMSE,1453,GE09,2016-12-06,21300
SMSE_B22_2_GE09_56_14,71,SMSE,1453,GE09,2016-12-14,22753
SMSE_B22_2_GE09_56_14,72,SMSE,1022,GE09,2017-01-03,23775
SMSE_B22_2_GE09_56_14,72,SMSE,1022,GE09,2017-01-09,24797
SMSE_B22_2_GE09_56_14,73,SMSE,1231,GE09,2017-02-07,26028
SMSE_B22_2_GE09_56_14,77,SMSE,1353,GE09,2017-06-12,27381
SMSE_B22_2_GE09_56_14,78,SMSE,1363,GE09,2017-07-11,28744
SMSE_B22_2_GE09_56_14,78,SMSE,1363,GE09,2017-07-18,30107
SMSE_B22_2_GE09_56_14,79,SMSE,1645,GE09,2017-08-15,31752
SMSE_B22_2_GE09_56_14,80,SMSE,1125,GE09,2017-09-12,32877
SMSE_B22_2_GE09_56_14,80,SMSE,1125,GE09,2017-09-26,34002
SMSE_B22_2_GE09_56_14,81,SMSE,1585,GE09,2017-10-10,35587
SMSE_B22_2_GE09_56_14,81,SMSE,1585,GE09,2017-10-17,37172
SMSE_B22_2_GE09_56_14,82,SMSE,1562,GE09,2017-11-07,38734
SMSE_B22_2_GE09_56_14,82,SMSE,1562,GE09,2017-11-14,40296
SMSE_B22_2_GE09_56_14,82,SMSE,1562,GE09,2017-11-21,41858
SMSE_B22_2_GE09_56_14,83,SMSE,1820,GE09,2017-12-11,43678
SMSE_B22_2_GE09_56_14,84,SMSE,1620,GE09,2018-01-03,45298
SMSE_B22_2_GE09_56_14,84,SMSE,1620,GE09,2018-01-23,46918
SMSE_B22_2_GE09_56_14,91,SMSE,814,GE09,2018-08-28,47732
SMSE_B22_2_GE09_56_14,92,SMSE,1600,GE09,2018-09-18,49332
SMSE_B22_2_GE09_56_14,93,SMSE,1646,GE09,2018-10-02,50978
SMSE_B22_2_GE09_56_14,93,SMSE,1646,GE09,2018-10-09,52624
SMSE_B22_2_GE09_56_14,94,SMSE,2035,GE09,2018-11-06,54659
SMSE_B22_2_GE09_56_14,94,SMSE,2035,GE09,2018-11-13,56694
SMSE_B22_2_GE09_56_14,95,SMSE,1878,GE09,2018-12-04,58572
SMSE_B22_2_GE09_56_14,95,SMSE,1878,GE09,2018-12-12,60450
SMSE_B22_2_GE09_56_14,95,SMSE,1878,GE09,2018-12-18,62328
SMSE_B22_2_GE09_56_14,96,SMSE,1510,GE09,2019-01-03,63838
SMSE_B22_2_GE09_56_14,96,SMSE,1510,GE09,2019-01-09,65348
SMSE_B22_2_GE09_56_14,105,SMSE,2130,GE09,2019-10-08,67478
SMSE_B22_2_GE09_56_14,106,SMSE,2902,GE09,2019-11-05,70380
SMSE_B22_2_GE09_56_14,106,SMSE,2902,GE09,2019-11-19,73282
SMSE_B22_2_GE09_56_14,107,SMSE,2309,GE09,2019-12-24,75591
SMSE_B22_2_GE09_56_14,107,SMSE,2309,GE09,2019-12-10,77900
SMSE_B22_2_GE09_56_14,107,SMSE,2309,GE09,2019-12-16,80209
SMSE_B22_2_GE09_56_14,107,SMSE,2309,GE09,2019-12-31,82518
SMSE_B22_2_GE09_56_14,108,SMSE,2415,GE09,2020-01-14,84933
SMSE_B22_2_GE09_56_14,117,SMSE,1314,GE09,2020-10-27,86247
SMSE_B22_2_GE09_56_14,118,SMSE,1658,GE09,2020-11-03,87905
SMSE_B22_2_GE09_56_14,118,SMSE,1658,GE09,2020-11-10,89563
SMSE_B22_2_GE09_56_14,119,SMSE,2193,GE09,2020-12-01,91756
SMSE_B22_2_GE09_56_14,119,SMSE,2193,GE09,2020-12-08,93949
SMSE_B22_2_GE09_56_14,120,SMSE,2880,GE09,2021-01-05,96829
SMSE_B22_2_GE09_56_14,120,SMSE,2880,GE09,2021-01-19,99709
SMSE_B22_2_GE09_56_14,121,SMSE,2740,GE09,2021-02-02,102449
SMSE_B22_2_GE09_56_14,129,SMSE,2799,GE09,2021-10-26,105248
SMSE_B22_2_GE09_56_14,130,SMSE,2963,GE09,2021-11-23,108211
SMSE_B22_2_GE09_56_14,130,SMSE,2963,GE09,2021-11-30,111174
SMSE_B22_2_GE09_56_14,131,SMSE,2403,GE09,2021-12-28,113577
SMSE_B22_2_GE09_56_14,131,SMSE,2403,GE09,2021-12-14,115980
SMSE_B22_2_GE09_56_14,132,SMSE,2159,GE09,2022-01-04,118139
SMSE_B22_2_GE09_56_14,132,SMSE,2159,GE09,2022-01-11,120298
SMSE_B22_2_GE09_56_14,142,SMSE,2855,GE09,2022-11-08,123153
SMSE_B22_2_GE09_56_14,142,SMSE,2855,GE09,2022-11-29,126008
SMSE_B22_2_GE09_56_14,142,SMSE,2855,GE09,2022-11-01,128863
SMSE_B22_2_GE09_56_14,142,SMSE,2855,GE09,2022-11-23,131718
SMSE_B22_2_GE09_56_14,142,SMSE,2855,GE09,2022-11-15,134573
SMSE_B22_2_GE09_56_14,140,SMSE,2206,GE09,2022-09-27,136779
SMSE_B22_2_GE09_56_14,141,SMSE,2134,GE09,2022-10-18,138913
SMSE_B22_2_GE09_56_14,143,SMSE,2657,GE09,2022-12-13,141570
SMSE_B22_2_GE09_56_14,144,SMSE,1492,GE09,2023-01-03,143062
SMSE_B22_2_GE09_56_14,151,SMSE,2613,GE09,2023-08-29,145675
SMSE_B22_2_GE09_56_14,152,SMSE,2023,GE09,2023-09-26,147698
SMSE_B22_2_GE12_56_3,43,SMSE,516,GE12,2014-08-12,516
SMSE_B22_2_GE12_56_3,44,SMSE,520,GE12,2014-09-09,1036
SMSE_B22_2_GE12_56_3,44,SMSE,520,GE12,2014-09-29,1556
SMSE_B22_2_GE12_56_3,45,SMSE,0,GE12,2014-10-08,1556
SMSE_B22_2_GE12_56_3,45,SMSE,0,GE12,2014-10-21,1556
SMSE_B22_2_GE12_56_3,46,SMSE,674,GE12,2014-11-11,2230
SMSE_B22_2_GE12_56_3,47,SMSE,0,GE12,2014-12-02,2230
SMSE_B22_2_GE12_56_3,47,SMSE,0,GE12,2014-12-23,2230
SMSE_B22_2_GE12_56_3,48,SMSE,681,GE12,2015-01-06,2911
SMSE_B22_2_GE12_56_3,48,SMSE,681,GE12,2015-01-20,3592
SMSE_B22_2_GE12_56_3,48,SMSE,681,GE12,2015-01-27,4273
SMSE_B22_2_GE12_56_3,55,SMSE,897,GE12,2015-08-25,5170
SMSE_B22_2_GE12_56_3,56,SMSE,948,GE12,2015-09-01,6118
SMSE_B22_2_GE12_56_3,57,SMSE,1067,GE12,2015-10-03,7185
SMSE_B22_2_GE12_56_3,57,SMSE,1067,GE12,2015-10-28,8252
SMSE_B22_2_GE12_56_3,58,SMSE,930,GE12,2015-11-10,9182
SMSE_B22_2_GE12_56_3,59,SMSE,501,GE12,2015-12-02,9683
SMSE_B22_2_GE12_56_3,59,SMSE,501,GE12,2015-12-08,10184
SMSE_B22_2_GE12_56_3,59,SMSE,501,GE12,2015-12-15,10685
SMSE_B22_2_GE12_56_3,60,SMSE,655,GE12,2016-01-05,11340
SMSE_B22_2_GE12_56_3,61,SMSE,435,GE12,2016-02-02,11775
SMSE_B22_2_GE12_56_3,69,SMSE,1824,GE12,2016-10-11,13599
SMSE_B22_2_GE12_56_3,69,SMSE,1824,GE12,2016-10-18,15423
SMSE_B22_2_GE12_56_3,69,SMSE,1824,GE12,2016-10-25,17247
SMSE_B22_2_GE12_56_3,68,SMSE,1384,GE12,2016-09-28,18631
SMSE_B22_2_GE12_56_3,70,SMSE,1809,GE12,2016-11-02,20440
SMSE_B22_2_GE12_56_3,70,SMSE,1809,GE12,2016-11-15,22249
SMSE_B22_2_GE12_56_3,70,SMSE,1809,GE12,2016-11-22,24058
SMSE_B22_2_GE12_56_3,71,SMSE,1323,GE12,2016-12-14,25381
SMSE_B22_2_GE12_56_3,76,SMSE,1208,GE12,2017-05-16,26589
SMSE_B22_2_GE12_56_3,77,SMSE,1434,GE12,2017-06-12,28023
SMSE_B22_2_GE12_56_3,77,SMSE,1434,GE12,2017-06-20,29457
SMSE_B22_2_GE12_56_3,78,SMSE,2993,GE12,2017-07-18,32450
SMSE_B22_2_GE12_56_3,79,SMSE,1565,GE12,2017-08-07,34015
SMSE_B22_2_GE12_56_3,79,SMSE,1565,GE12,2017-08-15,35580
SMSE_B22_2_GE12_56_3,79,SMSE,1565,GE12,2017-08-29,37145
SMSE_B22_2_GE12_56_3,80,SMSE,1846,GE12,2017-09-05,38991
SMSE_B22_2_GE12_56_3,80,SMSE,1846,GE12,2017-09-12,40837
SMSE_B22_2_GE12_56_3,80,SMSE,1846,GE12,2017-09-26,42683
SMSE_B22_2_GE12_56_3,81,SMSE,1302,GE12,2017-10-17,43985
SMSE_B22_2_GE12_56_3,82,SMSE,1280,GE12,2017-11-07,45265
SMSE_B22_2_GE12_56_3,82,SMSE,1280,GE12,2017-11-14,46545
SMSE_B22_2_GE12_56_3,90,SMSE,1688,GE12,2018-07-31,48233
SMSE_B22_2_GE12_56_3,91,SMSE,1848,GE12,2018-08-07,50081
SMSE_B22_2_GE12_56_3,91,SMSE,1848,GE12,2018-08-14,51929
SMSE_B22_2_GE12_56_3,91,SMSE,1848,GE12,2018-08-04,53777
SMSE_B22_2_GE12_56_3,91,SMSE,1848,GE12,2018-08-28,55625
SMSE_B22_2_GE12_56_3,92,SMSE,1491,GE12,2018-09-03,57116
SMSE_B22_2_GE12_56_3,92,SMSE,1491,GE12,2018-09-12,58607
SMSE_B22_2_GE12_56_3,92,SMSE,1491,GE12,2018-09-18,60098
SMSE_B22_2_GE12_56_3,93,SMSE,1293,GE12,2018-10-09,61391
SMSE_B22_2_GE12_56_3,93,SMSE,1293,GE12,2018-10-16,62684
SMSE_B22_2_GE12_56_3,94,SMSE,1080,GE12,2018-11-06,63764
SMSE_B22_2_GE12_56_3,94,SMSE,1080,GE12,2018-11-27,64844
SMSE_B22_2_GE12_56_3,95,SMSE,796,GE12,2018-12-18,65640
SMSE_B22_2_GE12_56_3,97,SMSE,829,GE12,2019-02-12,66469
SMSE_B22_2_GE12_56_3,102,SMSE,2061,GE12,2019-07-30,68530
SMSE_B22_2_GE12_56_3,103,SMSE,2119,GE12,2019-08-20,70649
SMSE_B22_2_GE12_56_3,103,SMSE,2119,GE12,2019-08-13,72768
SMSE_B22_2_GE12_56_3,104,SMSE,1522,GE12,2019-09-03,74290
SMSE_B22_2_GE12_56_3,108,SMSE,2235,GE12,2020-01-28,76525
SMSE_B22_2_GE12_56_3,109,SMSE,1656,GE12,2020-02-25,78181
SMSE_B22_2_GE12_56_3,110,SMSE,2205,GE12,2020-03-10,80386
SMSE_B22_2_GE12_56_3,111,SMSE,2363,GE12,2020-04-14,82749
SMSE_B22_2_GE12_56_3,111,SMSE,2363,GE12,2020-04-28,85112
SMSE_B22_2_GE12_56_3,112,SMSE,2434,GE12,2020-05-05,87546
SMSE_B22_2_GE12_56_3,113,SMSE,2219,GE12,2020-06-03,89765
SMSE_B22_2_GE12_56_3,115,SMSE,1768,GE12,2020-08-10,91533
SMSE_B22_2_GE12_56_3,116,SMSE,1563,GE12,2020-09-15,93096
SMSE_B22_2_GE12_56_3,116,SMSE,1563,GE12,2020-09-29,94659
SMSE_B22_2_GE12_56_3,117,SMSE,2169,GE12,2020-10-06,96828
SMSE_B22_2_GE12_56_3,118,SMSE,1312,GE12,2020-11-03,98140
SMSE_B22_2_GE12_56_3,118,SMSE,1312,GE12,2020-11-10,99452
SMSE_B22_2_GE12_56_3,118,SMSE,1312,GE12,2020-11-17,100764
SMSE_B22_2_GE12_56_3,127,SMSE,2072,GE12,2021-08-10,102836
SMSE_B22_2_GE12_56_3,127,SMSE,2072,GE12,2021-08-18,104908
SMSE_B22_2_GE12_56_3,127,SMSE,2072,GE12,2021-08-31,106980
SMSE_B22_2_GE12_56_3,128,SMSE,2358,GE12,2021-09-07,109338
SMSE_B22_2_GE12_56_3,128,SMSE,2358,GE12,2021-09-14,111696
SMSE_B22_2_GE12_56_3,129,SMSE,1393,GE12,2021-10-12,113089
SMSE_B22_2_GE12_56_3,138,SMSE,2922,GE12,2022-07-12,116011
SMSE_B22_2_GE12_56_3,138,SMSE,2922,GE12,2022-07-19,118933
SMSE_B22_2_GE12_56_3,138,SMSE,2922,GE12,2022-07-26,121855
SMSE_B22_2_GE12_56_3,139,SMSE,2027,GE12,2022-08-09,123882
SMSE_B22_2_GE12_56_3,139,SMSE,2027,GE12,2022-08-30,125909
SMSE_B22_2_GE12_56_3,140,SMSE,2948,GE12,2022-09-13,128857
SMSE_B22_2_GE12_56_3,141,SMSE,2064,GE12,2022-10-04,130921
SMSE_B22_2_GE12_56_3,141,SMSE,2064,GE12,2022-10-18,132985
SMSE_B22_2_GE12_56_3,142,SMSE,1980,GE12,2022-11-01,134965
SMSE_B22_2_GE12_56_3,142,SMSE,1980,GE12,2022-11-15,136945
SMSE_B22_2_GE12_56_3,150,SMSE,3490,GE12,2023-07-04,140435
SMSE_B22_2_GE12_56_3,150,SMSE,3490,GE12,2023-07-11,143925
SMSE_B22_2_GE12_56_3,150,SMSE,3490,GE12,2023-07-25,147415
SMSE_B22_2_GE12_56_3,151,SMSE,2570,GE12,2023-08-02,149985
SMSE_B22_2_GE12_56_3,151,SMSE,2570,GE12,2023-08-29,152555
SMSE_B22_2_GE12_56_3,152,SMSE,2628,GE12,2023-09-12,155183
SMSE_B22_2_GE09_57_13,39,SMSE,0,GE09,2014-04-16,0
SMSE_B22_2_GE09_57_13,43,SMSE,716,GE09,2014-08-12,716
SMSE_B22_2_GE09_57_13,44,SMSE,430,GE09,2014-09-09,1146
SMSE_B22_2_GE09_57_13,44,SMSE,430,GE09,2014-09-29,1576
SMSE_B22_2_GE09_57_13,45,SMSE,1631,GE09,2014-10-07,3207
SMSE_B22_2_GE09_57_13,46,SMSE,0,GE09,2014-11-04,3207
SMSE_B22_2_GE09_57_13,47,SMSE,0,GE09,2014-12-02,3207
SMSE_B22_2_GE09_57_13,47,SMSE,0,GE09,2014-12-23,3207
SMSE_B22_2_GE09_57_13,47,SMSE,0,GE09,2014-12-30,3207
SMSE_B22_2_GE09_57_13,49,SMSE,914,GE09,2015-02-03,4121
SMSE_B22_2_GE09_57_13,49,SMSE,914,GE09,2015-02-24,5035
SMSE_B22_2_GE09_57_13,48,SMSE,833,GE09,2015-01-06,5868
SMSE_B22_2_GE09_57_13,50,SMSE,1208,GE09,2015-03-04,7076
SMSE_B22_2_GE09_57_13,50,SMSE,1208,GE09,2015-03-24,8284
SMSE_B22_2_GE09_57_13,51,SMSE,659,GE09,2015-04-07,8943
SMSE_B22_2_GE09_57_13,52,SMSE,1104,GE09,2015-05-06,10047
SMSE_B22_2_GE09_57_13,53,SMSE,1159,GE09,2015-06-03,11206
SMSE_B22_2_GE09_57_13,54,SMSE,1217,GE09,2015-07-07,12423
SMSE_B22_2_GE09_57_13,54,SMSE,1217,GE09,2015-07-21,13640
SMSE_B22_2_GE09_57_13,55,SMSE,288,GE09,2015-08-04,13928
SMSE_B22_2_GE09_57_13,56,SMSE,897,GE09,2015-09-01,14825
SMSE_B22_2_GE09_57_13,57,SMSE,787,GE09,2015-10-03,15612
SMSE_B22_2_GE09_57_13,58,SMSE,1110,GE09,2015-11-10,16722
SMSE_B22_2_GE09_57_13,59,SMSE,1090,GE09,2015-12-08,17812
SMSE_B22_2_GE09_57_13,59,SMSE,1090,GE09,2015-12-15,18902
SMSE_B22_2_GE09_57_13,60,SMSE,857,GE09,2016-01-02,19759
SMSE_B22_2_GE09_57_13,60,SMSE,857,GE09,2016-01-05,20616
SMSE_B22_2_GE09_57_13,68,SMSE,0,GE09,2016-09-28,20616
SMSE_B22_2_GE09_57_13,69,SMSE,1595,GE09,2016-10-11,22211
SMSE_B22_2_GE09_57_13,69,SMSE,1595,GE09,2016-10-18,23806
SMSE_B22_2_GE09_57_13,70,SMSE,1201,GE09,2016-11-02,25007
SMSE_B22_2_GE09_57_13,70,SMSE,1201,GE09,2016-11-15,26208
SMSE_B22_2_GE09_57_13,70,SMSE,1201,GE09,2016-11-22,27409
SMSE_B22_2_GE09_57_13,71,SMSE,1157,GE09,2016-12-06,28566
SMSE_B22_2_GE09_57_13,71,SMSE,1157,GE09,2016-12-14,29723
SMSE_B22_2_GE09_57_13,72,SMSE,1115,GE09,2017-01-03,30838
SMSE_B22_2_GE09_57_13,72,SMSE,1115,GE09,2017-01-09,31953
SMSE_B22_2_GE09_57_13,74,SMSE,1812,GE09,2017-03-07,33765
SMSE_B22_2_GE09_57_13,74,SMSE,1812,GE09,2017-03-21,35577
SMSE_B22_2_GE09_57_13,79,SMSE,1345,GE09,2017-08-07,36922
SMSE_B22_2_GE09_57_13,79,SMSE,1345,GE09,2017-08-15,38267
SMSE_B22_2_GE09_57_13,79,SMSE,1345,GE09,2017-08-22,39612
SMSE_B22_2_GE09_57_13,80,SMSE,2156,GE09,2017-09-05,41768
SMSE_B22_2_GE09_57_13,80,SMSE,2156,GE09,2017-09-26,43924
SMSE_B22_2_GE09_57_13,81,SMSE,2060,GE09,2017-10-03,45984
SMSE_B22_2_GE09_57_13,81,SMSE,2060,GE09,2017-10-17,48044
SMSE_B22_2_GE09_57_13,82,SMSE,774,GE09,2017-11-07,48818
SMSE_B22_2_GE09_57_13,86,SMSE,1062,GE09,2018-03-20,49880
SMSE_B22_2_GE09_57_13,90,SMSE,1480,GE09,2018-07-17,51360
SMSE_B22_2_GE09_57_13,90,SMSE,1480,GE09,2018-07-24,52840
SMSE_B22_2_GE09_57_13,90,SMSE,1480,GE09,2018-07-31,54320
SMSE_B22_2_GE09_57_13,91,SMSE,1516,GE09,2018-08-14,55836
SMSE_B22_2_GE09_57_13,91,SMSE,1516,GE09,2018-08-28,57352
SMSE_B22_2_GE09_57_13,92,SMSE,1937,GE09,2018-09-03,59289
SMSE_B22_2_GE09_57_13,92,SMSE,1937,GE09,2018-09-12,61226
SMSE_B22_2_GE09_57_13,92,SMSE,1937,GE09,2018-09-18,63163
SMSE_B22_2_GE09_57_13,93,SMSE,1855,GE09,2018-10-02,65018
SMSE_B22_2_GE09_57_13,93,SMSE,1855,GE09,2018-10-16,66873
SMSE_B22_2_GE09_57_13,93,SMSE,1855,GE09,2018-10-31,68728
SMSE_B22_2_GE09_57_13,94,SMSE,1522,GE09,2018-11-06,70250
SMSE_B22_2_GE09_57_13,96,SMSE,1816,GE09,2019-01-22,72066
SMSE_B22_2_GE09_57_13,97,SMSE,867,GE09,2019-02-12,72933
SMSE_B22_2_GE09_57_13,98,SMSE,1458,GE09,2019-03-18,74391
SMSE_B22_2_GE09_57_13,103,SMSE,1535,GE09,2019-08-06,75926
SMSE_B22_2_GE09_57_13,103,SMSE,1535,GE09,2019-08-13,77461
SMSE_B22_2_GE09_57_13,103,SMSE,1535,GE09,2019-08-20,78996
SMSE_B22_2_GE09_57_13,103,SMSE,1535,GE09,2019-08-27,80531
SMSE_B22_2_GE09_57_13,102,SMSE,1582,GE09,2019-07-23,82113
SMSE_B22_2_GE09_57_13,104,SMSE,2491,GE09,2019-09-03,84604
SMSE_B22_2_GE09_57_13,104,SMSE,2491,GE09,2019-09-10,87095
SMSE_B22_2_GE09_57_13,105,SMSE,2047,GE09,2019-10-08,89142
SMSE_B22_2_GE09_57_13,106,SMSE,2017,GE09,2019-11-12,91159
SMSE_B22_2_GE09_57_13,107,SMSE,1983,GE09,2019-12-10,93142
SMSE_B22_2_GE09_57_13,116,SMSE,2510,GE09,2020-09-15,95652
SMSE_B22_2_GE09_57_13,117,SMSE,2515,GE09,2020-10-13,98167
SMSE_B22_2_GE09_57_13,117,SMSE,2515,GE09,2020-10-06,100682
SMSE_B22_2_GE09_57_13,117,SMSE,2515,GE09,2020-10-20,103197
SMSE_B22_2_GE09_57_13,118,SMSE,2741,GE09,2020-11-10,105938
SMSE_B22_2_GE09_57_13,118,SMSE,2741,GE09,2020-11-03,108679
SMSE_B22_2_GE09_57_13,119,SMSE,1601,GE09,2020-12-01,110280
SMSE_B22_2_GE09_57_13,119,SMSE,1601,GE09,2020-12-08,111881
SMSE_B22_2_GE09_57_13,119,SMSE,1601,GE09,2020-12-22,113482
SMSE_B22_2_GE09_57_13,120,SMSE,2465,GE09,2021-01-05,115947
SMSE_B22_2_GE09_57_13,120,SMSE,2465,GE09,2021-01-26,118412
SMSE_B22_2_GE09_57_13,127,SMSE,2415,GE09,2021-08-25,120827
SMSE_B22_2_GE09_57_13,128,SMSE,2275,GE09,2021-09-07,123102
SMSE_B22_2_GE09_57_13,128,SMSE,2275,GE09,2021-09-21,125377
SMSE_B22_2_GE09_57_13,129,SMSE,2360,GE09,2021-10-05,127737
SMSE_B22_2_GE09_57_13,129,SMSE,2360,GE09,2021-10-12,130097
SMSE_B22_2_GE09_57_13,129,SMSE,2360,GE09,2021-10-26,132457
SMSE_B22_2_GE09_57_13,130,SMSE,1732,GE09,2021-11-09,134189
SMSE_B22_2_GE09_57_13,131,SMSE,2209,GE09,2021-12-14,136398
SMSE_B22_2_GE09_57_13,131,SMSE,2209,GE09,2021-12-21,138607
SMSE_B22_2_GE09_57_13,132,SMSE,2496,GE09,2022-01-04,141103
SMSE_B22_2_GE09_57_13,140,SMSE,2078,GE09,2022-09-13,143181
SMSE_B22_2_GE09_57_13,140,SMSE,2078,GE09,2022-09-06,145259
SMSE_B22_2_GE09_57_13,140,SMSE,2078,GE09,2022-09-27,147337
SMSE_B22_2_GE09_57_13,139,SMSE,2340,GE09,2022-08-30,149677
SMSE_B22_2_GE09_57_13,141,SMSE,2113,GE09,2022-10-04,151790
SMSE_B22_2_GE09_57_13,141,SMSE,2113,GE09,2022-10-11,153903
SMSE_B22_2_GE09_57_13,141,SMSE,2113,GE09,2022-10-18,156016
SMSE_B22_2_GE09_57_13,142,SMSE,2381,GE09,2022-11-15,158397
SMSE_B22_2_GE09_57_13,150,SMSE,2348,GE09,2023-07-18,160745
SMSE_B22_2_GE09_57_13,150,SMSE,2348,GE09,2023-07-25,163093
SMSE_B22_2_GE09_57_13,151,SMSE,2250,GE09,2023-08-09,165343
SMSE_B22_2_GE09_57_13,151,SMSE,2250,GE09,2023-08-29,167593
SMSE_B22_2_GE09_57_13,152,SMSE,2765,GE09,2023-09-12,170358
SMSE_B22_2_GE12_57_3,40,SMSE,0,GE12,2014-05-14,0
SMSE_B22_2_GE12_57_3,44,SMSE,730,GE12,2014-09-09,730
SMSE_B22_2_GE12_57_3,44,SMSE,730,GE12,2014-09-10,1460
SMSE_B22_2_GE12_57_3,45,SMSE,820,GE12,2014-10-14,2280
SMSE_B22_2_GE12_57_3,45,SMSE,820,GE12,2014-10-08,3100
SMSE_B22_2_GE12_57_3,46,SMSE,794,GE12,2014-11-04,3894
SMSE_B22_2_GE12_57_3,47,SMSE,0,GE12,2014-12-02,3894
SMSE_B22_2_GE12_57_3,47,SMSE,0,GE12,2014-12-23,3894
SMSE_B22_2_GE12_57_3,48,SMSE,858,GE12,2015-01-06,4752
SMSE_B22_2_GE12_57_3,48,SMSE,858,GE12,2015-01-20,5610
SMSE_B22_2_GE12_57_3,48,SMSE,858,GE12,2015-01-27,6468
SMSE_B22_2_GE12_57_3,49,SMSE,611,GE12,2015-02-13,7079
SMSE_B22_2_GE12_57_3,51,SMSE,496,GE12,2015-04-07,7575
SMSE_B22_2_GE12_57_3,54,SMSE,727,GE12,2015-07-21,8302
SMSE_B22_2_GE12_57_3,55,SMSE,1302,GE12,2015-08-25,9604
SMSE_B22_2_GE12_57_3,56,SMSE,1040,GE12,2015-09-01,10644
SMSE_B22_2_GE12_57_3,57,SMSE,1087,GE12,2015-10-03,11731
SMSE_B22_2_GE12_57_3,57,SMSE,1087,GE12,2015-10-28,12818
SMSE_B22_2_GE12_57_3,58,SMSE,1154,GE12,2015-11-10,13972
SMSE_B22_2_GE12_57_3,59,SMSE,1062,GE12,2015-12-02,15034
SMSE_B22_2_GE12_57_3,59,SMSE,1062,GE12,2015-12-08,16096
SMSE_B22_2_GE12_57_3,59,SMSE,1062,GE12,2015-12-15,17158
SMSE_B22_2_GE12_57_3,60,SMSE,925,GE12,2016-01-05,18083
SMSE_B22_2_GE12_57_3,61,SMSE,505,GE12,2016-02-02,18588
SMSE_B22_2_GE12_57_3,69,SMSE,1035,GE12,2016-10-18,19623
SMSE_B22_2_GE12_57_3,70,SMSE,2036,GE12,2016-11-02,21659
SMSE_B22_2_GE12_57_3,70,SMSE,2036,GE12,2016-11-15,23695
SMSE_B22_2_GE12_57_3,71,SMSE,1067,GE12,2016-12-06,24762
SMSE_B22_2_GE12_57_3,71,SMSE,1067,GE12,2016-12-14,25829
SMSE_B22_2_GE12_57_3,79,SMSE,1841,GE12,2017-08-22,27670
SMSE_B22_2_GE12_57_3,79,SMSE,1841,GE12,2017-08-29,29511
SMSE_B22_2_GE12_57_3,80,SMSE,1525,GE12,2017-09-12,31036
SMSE_B22_2_GE12_57_3,80,SMSE,1525,GE12,2017-09-19,32561
SMSE_B22_2_GE12_57_3,80,SMSE,1525,GE12,2017-09-26,34086
SMSE_B22_2_GE12_57_3,81,SMSE,1863,GE12,2017-10-03,35949
SMSE_B22_2_GE12_57_3,82,SMSE,1360,GE12,2017-11-14,37309
SMSE_B22_2_GE12_57_3,90,SMSE,2529,GE12,2018-07-17,39838
SMSE_B22_2_GE12_57_3,90,SMSE,2529,GE12,2018-07-03,42367
SMSE_B22_2_GE12_57_3,90,SMSE,2529,GE12,2018-07-31,44896
SMSE_B22_2_GE12_57_3,91,SMSE,1733,GE12,2018-08-07,46629
SMSE_B22_2_GE12_57_3,91,SMSE,1733,GE12,2018-08-21,48362
SMSE_B22_2_GE12_57_3,91,SMSE,1733,GE12,2018-08-28,50095
SMSE_B22_2_GE12_57_3,92,SMSE,1827,GE12,2018-09-12,51922
SMSE_B22_2_GE12_57_3,92,SMSE,1827,GE12,2018-09-03,53749
SMSE_B22_2_GE12_57_3,92,SMSE,1827,GE12,2018-09-18,55576
SMSE_B22_2_GE12_57_3,93,SMSE,2043,GE12,2018-10-09,57619
SMSE_B22_2_GE12_57_3,93,SMSE,2043,GE12,2018-10-16,59662
SMSE_B22_2_GE12_57_3,94,SMSE,1571,GE12,2018-11-13,61233
SMSE_B22_2_GE12_57_3,95,SMSE,659,GE12,2018-12-12,61892
SMSE_B22_2_GE12_57_3,95,SMSE,659,GE12,2018-12-26,62551
SMSE_B22_2_GE12_57_3,104,SMSE,4652,GE12,2019-09-16,67203
SMSE_B22_2_GE12_57_3,104,SMSE,4652,GE12,2019-09-10,71855
SMSE_B22_2_GE12_57_3,105,SMSE,2784,GE12,2019-10-28,74639
SMSE_B22_2_GE12_57_3,105,SMSE,2784,GE12,2019-10-01,77423
SMSE_B22_2_GE12_57_3,105,SMSE,2784,GE12,2019-10-08,80207
SMSE_B22_2_GE12_57_3,106,SMSE,2385,GE12,2019-11-19,82592
SMSE_B22_2_GE12_57_3,106,SMSE,2385,GE12,2019-11-05,84977
SMSE_B22_2_GE12_57_3,107,SMSE,1709,GE12,2019-12-03,86686
SMSE_B22_2_GE12_57_3,116,SMSE,715,GE12,2020-09-29,87401
SMSE_B22_2_GE12_57_3,117,SMSE,2473,GE12,2020-10-06,89874
SMSE_B22_2_GE12_57_3,117,SMSE,2473,GE12,2020-10-13,92347
SMSE_B22_2_GE12_57_3,117,SMSE,2473,GE12,2020-10-27,94820
SMSE_B22_2_GE12_57_3,118,SMSE,2114,GE12,2020-11-03,96934
SMSE_B22_2_GE12_57_3,118,SMSE,2114,GE12,2020-11-10,99048
SMSE_B22_2_GE12_57_3,119,SMSE,2676,GE12,2020-12-01,101724
SMSE_B22_2_GE12_57_3,119,SMSE,2676,GE12,2020-12-15,104400
SMSE_B22_2_GE12_57_3,127,SMSE,2456,GE12,2021-08-18,106856
SMSE_B22_2_GE12_57_3,127,SMSE,2456,GE12,2021-08-31,109312
SMSE_B22_2_GE12_57_3,128,SMSE,3076,GE12,2021-09-07,112388
SMSE_B22_2_GE12_57_3,128,SMSE,3076,GE12,2021-09-28,115464
SMSE_B22_2_GE12_57_3,128,SMSE,3076,GE12,2021-09-21,118540
SMSE_B22_2_GE12_57_3,129,SMSE,3068,GE12,2021-10-12,121608
SMSE_B22_2_GE12_57_3,129,SMSE,3068,GE12,2021-10-26,124676
SMSE_B22_2_GE12_57_3,130,SMSE,2876,GE12,2021-11-09,127552
SMSE_B22_2_GE12_57_3,131,SMSE,2116,GE12,2021-12-07,129668
SMSE_B22_2_GE12_57_3,139,SMSE,2972,GE12,2022-08-30,132640
SMSE_B22_2_GE12_57_3,140,SMSE,3344,GE12,2022-09-13,135984
SMSE_B22_2_GE12_57_3,140,SMSE,3344,GE12,2022-09-20,139328
SMSE_B22_2_GE12_57_3,141,SMSE,3398,GE12,2022-10-04,142726
SMSE_B22_2_GE12_57_3,142,SMSE,3198,GE12,2022-11-01,145924
SMSE_B22_2_GE12_57_3,142,SMSE,3198,GE12,2022-11-15,149122
SMSE_B22_2_GE12_57_3,150,SMSE,2179,GE12,2023-07-25,151301
SMSE_B22_2_GE12_57_3,151,SMSE,2846,GE12,2023-08-02,154147
SMSE_B22_2_GE12_57_3,151,SMSE,2846,GE12,2023-08-09,156993
SMSE_B22_2_GE12_57_3,152,SMSE,2888,GE12,2023-09-05,159881
SMSE_B22_2_GE12_57_3,152,SMSE,2888,GE12,2023-09-12,162769
SMSE_B22_2_GE12_57_4,43,SMSE,476,GE12,2014-08-12,476
SMSE_B22_2_GE12_57_4,44,SMSE,564,GE12,2014-09-10,1040
SMSE_B22_2_GE12_57_4,44,SMSE,564,GE12,2014-09-29,1604
SMSE_B22_2_GE12_57_4,45,SMSE,693,GE12,2014-10-08,2297
SMSE_B22_2_GE12_57_4,46,SMSE,466,GE12,2014-11-04,2763
SMSE_B22_2_GE12_57_4,47,SMSE,0,GE12,2014-12-02,2763
SMSE_B22_2_GE12_57_4,48,SMSE,672,GE12,2015-01-16,3435
SMSE_B22_2_GE12_57_4,49,SMSE,1012,GE12,2015-02-13,4447
SMSE_B22_2_GE12_57_4,49,SMSE,1012,GE12,2015-02-24,5459
SMSE_B22_2_GE12_57_4,50,SMSE,0,GE12,2015-03-04,5459
SMSE_B22_2_GE12_57_4,51,SMSE,0,GE12,2015-04-07,5459
SMSE_B22_2_GE12_57_4,54,SMSE,371,GE12,2015-07-07,5830
SMSE_B22_2_GE12_57_4,54,SMSE,371,GE12,2015-07-21,6201
SMSE_B22_2_GE12_57_4,56,SMSE,767,GE12,2015-09-01,6968
SMSE_B22_2_GE12_57_4,55,SMSE,604,GE12,2015-08-04,7572
SMSE_B22_2_GE12_57_4,57,SMSE,820,GE12,2015-10-03,8392
SMSE_B22_2_GE12_57_4,57,SMSE,820,GE12,2015-10-28,9212
SMSE_B22_2_GE12_57_4,58,SMSE,902,GE12,2015-11-10,10114
SMSE_B22_2_GE12_57_4,59,SMSE,759,GE12,2015-12-02,10873
SMSE_B22_2_GE12_57_4,59,SMSE,759,GE12,2015-12-08,11632
SMSE_B22_2_GE12_57_4,59,SMSE,759,GE12,2015-12-15,12391
SMSE_B22_2_GE12_57_4,60,SMSE,876,GE12,2016-01-05,13267
SMSE_B22_2_GE12_57_4,61,SMSE,527,GE12,2016-02-02,13794
SMSE_B22_2_GE12_57_4,68,SMSE,1434,GE12,2016-09-28,15228
SMSE_B22_2_GE12_57_4,69,SMSE,1544,GE12,2016-10-11,16772
SMSE_B22_2_GE12_57_4,69,SMSE,1544,GE12,2016-10-18,18316
SMSE_B22_2_GE12_57_4,69,SMSE,1544,GE12,2016-10-25,19860
SMSE_B22_2_GE12_57_4,70,SMSE,1383,GE12,2016-11-02,21243
SMSE_B22_2_GE12_57_4,70,SMSE,1383,GE12,2016-11-15,22626
SMSE_B22_2_GE12_57_4,75,SMSE,1107,GE12,2017-04-18,23733
SMSE_B22_2_GE12_57_4,76,SMSE,1330,GE12,2017-05-09,25063
SMSE_B22_2_GE12_57_4,77,SMSE,1411,GE12,2017-06-12,26474
SMSE_B22_2_GE12_57_4,78,SMSE,1238,GE12,2017-07-11,27712
SMSE_B22_2_GE12_57_4,78,SMSE,1238,GE12,2017-07-18,28950
SMSE_B22_2_GE12_57_4,79,SMSE,1547,GE12,2017-08-01,30497
SMSE_B22_2_GE12_57_4,79,SMSE,1547,GE12,2017-08-15,32044
SMSE_B22_2_GE12_57_4,79,SMSE,1547,GE12,2017-08-22,33591
SMSE_B22_2_GE12_57_4,80,SMSE,1207,GE12,2017-09-05,34798
SMSE_B22_2_GE12_57_4,80,SMSE,1207,GE12,2017-09-12,36005
SMSE_B22_2_GE12_57_4,81,SMSE,1369,GE12,2017-10-03,37374
SMSE_B22_2_GE12_57_4,90,SMSE,1175,GE12,2018-07-31,38549
SMSE_B22_2_GE12_57_4,91,SMSE,1575,GE12,2018-08-07,40124
SMSE_B22_2_GE12_57_4,91,SMSE,1575,GE12,2018-08-14,41699
SMSE_B22_2_GE12_57_4,91,SMSE,1575,GE12,2018-08-28,43274
SMSE_B22_2_GE12_57_4,91,SMSE,1575,GE12,2018-08-21,44849
SMSE_B22_2_GE12_57_4,92,SMSE,1350,GE12,2018-09-12,46199
SMSE_B22_2_GE12_57_4,92,SMSE,1350,GE12,2018-09-18,47549
SMSE_B22_2_GE12_57_4,92,SMSE,1350,GE12,2018-09-25,48899
SMSE_B22_2_GE12_57_4,93,SMSE,1740,GE12,2018-10-09,50639
SMSE_B22_2_GE12_57_4,102,SMSE,2092,GE12,2019-07-30,52731
SMSE_B22_2_GE12_57_4,103,SMSE,2163,GE12,2019-08-13,54894
SMSE_B22_2_GE12_57_4,105,SMSE,1209,GE12,2019-10-15,56103
SMSE_B22_2_GE12_57_4,105,SMSE,1209,GE12,2019-10-22,57312
SMSE_B22_2_GE12_57_4,107,SMSE,1867,GE12,2019-12-31,59179
SMSE_B22_2_GE12_57_4,108,SMSE,1301,GE12,2020-01-14,60480
SMSE_B22_2_GE12_57_4,109,SMSE,2165,GE12,2020-02-04,62645
SMSE_B22_2_GE12_57_4,110,SMSE,2488,GE12,2020-03-04,65133
SMSE_B22_2_GE12_57_4,110,SMSE,2488,GE12,2020-03-24,67621
SMSE_B22_2_GE12_57_4,111,SMSE,1609,GE12,2020-04-07,69230
SMSE_B22_2_GE12_57_4,112,SMSE,1800,GE12,2020-05-05,71030
SMSE_B22_2_GE12_57_4,112,SMSE,1800,GE12,2020-05-19,72830
SMSE_B22_2_GE12_57_4,113,SMSE,1662,GE12,2020-06-09,74492
SMSE_B22_2_GE12_57_4,115,SMSE,2695,GE12,2020-08-03,77187
SMSE_B22_2_GE12_57_4,115,SMSE,2695,GE12,2020-08-18,79882
SMSE_B22_2_GE12_57_4,116,SMSE,2272,GE12,2020-09-08,82154
SMSE_B22_2_GE12_57_4,116,SMSE,2272,GE12,2020-09-15,84426
SMSE_B22_2_GE12_57_4,117,SMSE,1970,GE12,2020-10-06,86396
SMSE_B22_2_GE12_57_4,117,SMSE,1970,GE12,2020-10-27,88366
SMSE_B22_2_GE12_57_4,118,SMSE,2460,GE12,2020-11-10,90826
SMSE_B22_2_GE12_57_4,119,SMSE,2203,GE12,2020-12-01,93029
SMSE_B22_2_GE12_57_4,128,SMSE,2106,GE12,2021-09-07,95135
SMSE_B22_2_GE12_57_4,128,SMSE,2106,GE12,2021-09-21,97241
SMSE_B22_2_GE12_57_4,128,SMSE,2106,GE12,2021-09-14,99347
SMSE_B22_2_GE12_57_4,127,SMSE,1829,GE12,2021-08-25,101176
SMSE_B22_2_GE12_57_4,127,SMSE,1829,GE12,2021-08-18,103005
SMSE_B22_2_GE12_57_4,129,SMSE,1909,GE12,2021-10-05,104914
SMSE_B22_2_GE12_57_4,129,SMSE,1909,GE12,2021-10-12,106823
SMSE_B22_2_GE12_57_4,130,SMSE,2421,GE12,2021-11-09,109244
SMSE_B22_2_GE12_57_4,130,SMSE,2421,GE12,2021-11-16,111665
SMSE_B22_2_GE12_57_4,139,SMSE,2931,GE12,2022-08-30,114596
SMSE_B22_2_GE12_57_4,140,SMSE,1973,GE12,2022-09-06,116569
SMSE_B22_2_GE12_57_4,141,SMSE,2331,GE12,2022-10-11,118900
SMSE_B22_2_GE12_57_4,147,SMSE,2788,GE12,2023-04-11,121688
SMSE_B22_2_GE12_57_4,148,SMSE,2951,GE12,2023-05-03,124639
SMSE_B22_2_GE12_57_4,148,SMSE,2951,GE12,2023-05-23,127590
SMSE_B22_2_GE12_57_4,149,SMSE,3412,GE12,2023-06-06,131002
SMSE_B22_2_GE12_57_4,149,SMSE,3412,GE12,2023-06-20,134414
SMSE_B22_2_GE12_57_4,150,SMSE,2152,GE12,2023-07-11,136566
SMSE_B22_2_GE12_57_4,150,SMSE,2152,GE12,2023-07-04,138718
SMSE_B22_2_GE12_57_4,151,SMSE,2134,GE12,2023-08-09,140852
SMSE_B22_2_GE12_57_4,152,SMSE,2064,GE12,2023-09-26,142916
SMSE_B22_2_GE09_60_5,39,SMSE,0,GE09,2014-04-01,0
SMSE_B22_2_GE09_60_5,39,SMSE,0,GE09,2014-04-16,0
SMSE_B22_2_GE09_60_5,40,SMSE,0,GE09,2014-05-31,0
SMSE_B22_2_GE09_60_5,41,SMSE,752,GE09,2014-06-04,752
SMSE_B22_2_GE09_60_5,41,SMSE,752,GE09,2014-06-14,1504
SMSE_B22_2_GE09_60_5,41,SMSE,752,GE09,2014-06-26,2256
SMSE_B22_2_GE09_60_5,42,SMSE,0,GE09,2014-07-10,2256
SMSE_B22_2_GE09_60_5,43,SMSE,439,GE09,2014-08-11,2695
SMSE_B22_2_GE09_60_5,43,SMSE,439,GE09,2014-08-19,3134
SMSE_B22_2_GE09_60_5,44,SMSE,589,GE09,2014-09-09,3723
SMSE_B22_2_GE09_60_5,44,SMSE,589,GE09,2014-09-30,4312
SMSE_B22_2_GE09_60_5,45,SMSE,610,GE09,2014-10-07,4922
SMSE_B22_2_GE09_60_5,46,SMSE,703,GE09,2014-11-04,5625
SMSE_B22_2_GE09_60_5,46,SMSE,703,GE09,2014-11-11,6328
SMSE_B22_2_GE09_60_5,47,SMSE,0,GE09,2014-12-02,6328
SMSE_B22_2_GE09_60_5,47,SMSE,0,GE09,2014-12-23,6328
SMSE_B22_2_GE09_60_5,48,SMSE,783,GE09,2015-01-06,7111
SMSE_B22_2_GE09_60_5,48,SMSE,783,GE09,2015-01-20,7894
SMSE_B22_2_GE09_60_5,49,SMSE,828,GE09,2015-02-03,8722
SMSE_B22_2_GE09_60_5,49,SMSE,828,GE09,2015-02-24,9550
SMSE_B22_2_GE09_60_5,50,SMSE,927,GE09,2015-03-04,10477
SMSE_B22_2_GE09_60_5,50,SMSE,927,GE09,2015-03-31,11404
SMSE_B22_2_GE09_60_5,51,SMSE,658,GE09,2015-04-07,12062
SMSE_B22_2_GE09_60_5,52,SMSE,565,GE09,2015-05-05,12627
SMSE_B22_2_GE09_60_5,53,SMSE,850,GE09,2015-06-03,13477
SMSE_B22_2_GE09_60_5,54,SMSE,564,GE09,2015-07-07,14041
SMSE_B22_2_GE09_60_5,55,SMSE,340,GE09,2015-08-25,14381
SMSE_B22_2_GE09_60_5,55,SMSE,340,GE09,2015-08-04,14721
SMSE_B22_2_GE09_60_5,56,SMSE,675,GE09,2015-09-01,15396
SMSE_B22_2_GE09_60_5,57,SMSE,875,GE09,2015-10-03,16271
SMSE_B22_2_GE09_60_5,57,SMSE,875,GE09,2015-10-28,17146
SMSE_B22_2_GE09_60_5,58,SMSE,1052,GE09,2015-11-03,18198
SMSE_B22_2_GE09_60_5,58,SMSE,1052,GE09,2015-11-17,19250
SMSE_B22_2_GE09_60_5,59,SMSE,0,GE09,2015-12-02,19250
SMSE_B22_2_GE09_60_5,59,SMSE,0,GE09,2015-12-08,19250
SMSE_B22_2_GE09_60_5,59,SMSE,0,GE09,2015-12-15,19250
SMSE_B22_2_GE09_60_5,59,SMSE,0,GE09,2015-12-22,19250
SMSE_B22_2_GE09_60_5,60,SMSE,1275,GE09,2016-01-03,20525
SMSE_B22_2_GE09_60_5,61,SMSE,655,GE09,2016-02-02,21180
SMSE_B22_2_GE09_60_5,68,SMSE,1194,GE09,2016-09-20,22374
SMSE_B22_2_GE09_60_5,68,SMSE,1194,GE09,2016-09-28,23568
SMSE_B22_2_GE09_60_5,69,SMSE,1525,GE09,2016-10-11,25093
SMSE_B22_2_GE09_60_5,69,SMSE,1525,GE09,2016-10-18,26618
SMSE_B22_2_GE09_60_5,70,SMSE,1853,GE09,2016-11-02,28471
SMSE_B22_2_GE09_60_5,70,SMSE,1853,GE09,2016-11-22,30324
SMSE_B22_2_GE09_60_5,71,SMSE,1938,GE09,2016-12-06,32262
SMSE_B22_2_GE09_60_5,72,SMSE,1724,GE09,2017-01-03,33986
SMSE_B22_2_GE09_60_5,72,SMSE,1724,GE09,2017-01-09,35710
SMSE_B22_2_GE09_60_5,73,SMSE,708,GE09,2017-02-07,36418
SMSE_B22_2_GE09_60_5,74,SMSE,847,GE09,2017-03-07,37265
SMSE_B22_2_GE09_60_5,79,SMSE,2040,GE09,2017-08-29,39305
SMSE_B22_2_GE09_60_5,80,SMSE,2244,GE09,2017-09-19,41549
SMSE_B22_2_GE09_60_5,80,SMSE,2244,GE09,2017-09-12,43793
SMSE_B22_2_GE09_60_5,80,SMSE,2244,GE09,2017-09-26,46037
SMSE_B22_2_GE09_60_5,81,SMSE,1504,GE09,2017-10-10,47541
SMSE_B22_2_GE09_60_5,81,SMSE,1504,GE09,2017-10-24,49045
SMSE_B22_2_GE09_60_5,82,SMSE,1588,GE09,2017-11-14,50633
SMSE_B22_2_GE09_60_5,90,SMSE,1856,GE09,2018-07-17,52489
SMSE_B22_2_GE09_60_5,91,SMSE,1913,GE09,2018-08-07,54402
SMSE_B22_2_GE09_60_5,92,SMSE,1465,GE09,2018-09-03,55867
SMSE_B22_2_GE09_60_5,92,SMSE,1465,GE09,2018-09-12,57332
SMSE_B22_2_GE09_60_5,93,SMSE,2165,GE09,2018-10-02,59497
SMSE_B22_2_GE09_60_5,93,SMSE,2165,GE09,2018-10-23,61662
SMSE_B22_2_GE09_60_5,94,SMSE,1660,GE09,2018-11-06,63322
SMSE_B22_2_GE09_60_5,98,SMSE,2032,GE09,2019-03-12,65354
SMSE_B22_2_GE09_60_5,102,SMSE,2696,GE09,2019-07-09,68050
SMSE_B22_2_GE09_60_5,102,SMSE,2696,GE09,2019-07-30,70746
SMSE_B22_2_GE09_60_5,103,SMSE,1365,GE09,2019-08-06,72111
SMSE_B22_2_GE09_60_5,103,SMSE,1365,GE09,2019-08-20,73476
SMSE_B22_2_GE09_60_5,103,SMSE,1365,GE09,2019-08-27,74841
SMSE_B22_2_GE09_60_5,104,SMSE,2722,GE09,2019-09-03,77563
SMSE_B22_2_GE09_60_5,104,SMSE,2722,GE09,2019-09-10,80285
SMSE_B22_2_GE09_60_5,105,SMSE,2258,GE09,2019-10-01,82543
SMSE_B22_2_GE09_60_5,105,SMSE,2258,GE09,2019-10-22,84801
SMSE_B22_2_GE09_60_5,106,SMSE,1867,GE09,2019-11-05,86668
SMSE_B22_2_GE09_60_5,106,SMSE,1867,GE09,2019-11-19,88535
SMSE_B22_2_GE09_60_5,107,SMSE,2074,GE09,2019-12-03,90609
SMSE_B22_2_GE09_60_5,107,SMSE,2074,GE09,2019-12-16,92683
SMSE_B22_2_GE09_60_5,116,SMSE,1994,GE09,2020-09-22,94677
SMSE_B22_2_GE09_60_5,117,SMSE,2177,GE09,2020-10-06,96854
SMSE_B22_2_GE09_60_5,117,SMSE,2177,GE09,2020-10-13,99031
SMSE_B22_2_GE09_60_5,117,SMSE,2177,GE09,2020-10-27,101208
SMSE_B22_2_GE09_60_5,118,SMSE,2511,GE09,2020-11-03,103719
SMSE_B22_2_GE09_60_5,118,SMSE,2511,GE09,2020-11-17,106230
SMSE_B22_2_GE09_60_5,119,SMSE,2796,GE09,2020-12-01,109026
SMSE_B22_2_GE09_60_5,119,SMSE,2796,GE09,2020-12-08,111822
SMSE_B22_2_GE09_60_5,119,SMSE,2796,GE09,2020-12-29,114618
SMSE_B22_2_GE09_60_5,120,SMSE,2064,GE09,2021-01-12,116682
SMSE_B22_2_GE09_60_5,124,SMSE,2111,GE09,2021-05-25,118793
SMSE_B22_2_GE09_60_5,127,SMSE,2519,GE09,2021-08-03,121312
SMSE_B22_2_GE09_60_5,127,SMSE,2519,GE09,2021-08-25,123831
SMSE_B22_2_GE09_60_5,128,SMSE,2376,GE09,2021-09-07,126207
SMSE_B22_2_GE09_60_5,128,SMSE,2376,GE09,2021-09-14,128583
SMSE_B22_2_GE09_60_5,129,SMSE,2020,GE09,2021-10-05,130603
SMSE_B22_2_GE09_60_5,129,SMSE,2020,GE09,2021-10-12,132623
SMSE_B22_2_GE09_60_5,129,SMSE,2020,GE09,2021-10-26,134643
SMSE_B22_2_GE09_60_5,130,SMSE,2000,GE09,2021-11-02,136643
SMSE_B22_2_GE09_60_5,130,SMSE,2000,GE09,2021-11-23,138643
SMSE_B22_2_GE09_60_5,131,SMSE,3183,GE09,2021-12-14,141826
SMSE_B22_2_GE09_60_5,132,SMSE,1909,GE09,2022-01-04,143735
SMSE_B22_2_GE09_60_5,139,SMSE,2001,GE09,2022-08-16,145736
SMSE_B22_2_GE09_60_5,140,SMSE,2173,GE09,2022-09-20,147909
SMSE_B22_2_GE09_60_5,140,SMSE,2173,GE09,2022-09-06,150082
SMSE_B22_2_GE09_60_5,140,SMSE,2173,GE09,2022-09-13,152255
SMSE_B22_2_GE09_60_5,140,SMSE,2173,GE09,2022-09-27,154428
SMSE_B22_2_GE09_60_5,141,SMSE,2497,GE09,2022-10-04,156925
SMSE_B22_2_GE09_60_5,142,SMSE,1909,GE09,2022-11-01,158834
SMSE_B22_2_GE09_60_5,147,SMSE,1846,GE09,2023-04-11,160680
SMSE_B22_2_GE09_60_5,148,SMSE,2390,GE09,2023-05-03,163070
SMSE_B22_2_GE09_60_5,149,SMSE,2053,GE09,2023-06-20,165123
SMSE_B22_2_GE09_60_5,150,SMSE,2852,GE09,2023-07-04,167975
SMSE_B22_2_GE09_60_5,150,SMSE,2852,GE09,2023-07-25,170827
SMSE_B22_2_GE09_60_5,151,SMSE,2836,GE09,2023-08-02,173663
SMSE_B22_2_GE09_60_5,151,SMSE,2836,GE09,2023-08-15,176499
SMSE_B22_2_GE09_60_5,151,SMSE,2836,GE09,2023-08-29,179335
SMSE_B22_2_GE09_60_5,152,SMSE,2047,GE09,2023-09-05,181382
SMSE_B22_2_GE09_61_5,39,SMSE,0,GE09,2014-04-16,0
SMSE_B22_2_GE09_61_5,39,SMSE,0,GE09,2014-04-24,0
SMSE_B22_2_GE09_61_5,41,SMSE,525,GE09,2014-06-04,525
SMSE_B22_2_GE09_61_5,41,SMSE,525,GE09,2014-06-12,1050
SMSE_B22_2_GE09_61_5,41,SMSE,525,GE09,2014-06-18,1575
SMSE_B22_2_GE09_61_5,42,SMSE,604,GE09,2014-07-10,2179
SMSE_B22_2_GE09_61_5,42,SMSE,604,GE09,2014-07-23,2783
SMSE_B22_2_GE09_61_5,43,SMSE,569,GE09,2014-08-11,3352
SMSE_B22_2_GE09_61_5,43,SMSE,569,GE09,2014-08-19,3921
SMSE_B22_2_GE09_61_5,44,SMSE,406,GE09,2014-09-09,4327
SMSE_B22_2_GE09_61_5,44,SMSE,406,GE09,2014-09-29,4733
SMSE_B22_2_GE09_61_5,45,SMSE,770,GE09,2014-10-07,5503
SMSE_B22_2_GE09_61_5,45,SMSE,770,GE09,2014-10-21,6273
SMSE_B22_2_GE09_61_5,45,SMSE,770,GE09,2014-10-29,7043
SMSE_B22_2_GE09_61_5,46,SMSE,773,GE09,2014-11-11,7816
SMSE_B22_2_GE09_61_5,47,SMSE,0,GE09,2014-12-09,7816
SMSE_B22_2_GE09_61_5,47,SMSE,0,GE09,2014-12-12,7816
SMSE_B22_2_GE09_61_5,48,SMSE,566,GE09,2015-01-20,8382
SMSE_B22_2_GE09_61_5,49,SMSE,550,GE09,2015-02-03,8932
SMSE_B22_2_GE09_61_5,49,SMSE,550,GE09,2015-02-24,9482
SMSE_B22_2_GE09_61_5,50,SMSE,1918,GE09,2015-03-17,11400
SMSE_B22_2_GE09_61_5,50,SMSE,1918,GE09,2015-03-04,13318
SMSE_B22_2_GE09_61_5,50,SMSE,1918,GE09,2015-03-24,15236
SMSE_B22_2_GE09_61_5,52,SMSE,750,GE09,2015-05-05,15986
SMSE_B22_2_GE09_61_5,53,SMSE,755,GE09,2015-06-03,16741
SMSE_B22_2_GE09_61_5,54,SMSE,528,GE09,2015-07-07,17269
SMSE_B22_2_GE09_61_5,55,SMSE,560,GE09,2015-08-04,17829
SMSE_B22_2_GE09_61_5,55,SMSE,560,GE09,2015-08-25,18389
SMSE_B22_2_GE09_61_5,56,SMSE,882,GE09,2015-09-01,19271
SMSE_B22_2_GE09_61_5,57,SMSE,994,GE09,2015-10-03,20265
SMSE_B22_2_GE09_61_5,57,SMSE,994,GE09,2015-10-28,21259
SMSE_B22_2_GE09_61_5,58,SMSE,607,GE09,2015-11-03,21866
SMSE_B22_2_GE09_61_5,58,SMSE,607,GE09,2015-11-10,22473
SMSE_B22_2_GE09_61_5,58,SMSE,607,GE09,2015-11-17,23080
SMSE_B22_2_GE09_61_5,59,SMSE,891,GE09,2015-12-02,23971
SMSE_B22_2_GE09_61_5,59,SMSE,891,GE09,2015-12-15,24862
SMSE_B22_2_GE09_61_5,60,SMSE,550,GE09,2016-01-02,25412
SMSE_B22_2_GE09_61_5,60,SMSE,550,GE09,2016-01-05,25962
SMSE_B22_2_GE09_61_5,61,SMSE,676,GE09,2016-02-02,26638
SMSE_B22_2_GE09_61_5,67,SMSE,984,GE09,2016-08-30,27622
SMSE_B22_2_GE09_61_5,68,SMSE,1202,GE09,2016-09-06,28824
SMSE_B22_2_GE09_61_5,69,SMSE,1419,GE09,2016-10-04,30243
SMSE_B22_2_GE09_61_5,69,SMSE,1419,GE09,2016-10-11,31662
SMSE_B22_2_GE09_61_5,69,SMSE,1419,GE09,2016-10-18,33081
SMSE_B22_2_GE09_61_5,70,SMSE,1320,GE09,2016-11-02,34401
SMSE_B22_2_GE09_61_5,70,SMSE,1320,GE09,2016-11-15,35721
SMSE_B22_2_GE09_61_5,70,SMSE,1320,GE09,2016-11-22,37041
SMSE_B22_2_GE09_61_5,71,SMSE,1388,GE09,2016-12-06,38429
SMSE_B22_2_GE09_61_5,72,SMSE,1396,GE09,2017-01-03,39825
SMSE_B22_2_GE09_61_5,72,SMSE,1396,GE09,2017-01-09,41221
SMSE_B22_2_GE09_61_5,77,SMSE,1089,GE09,2017-06-12,42310
SMSE_B22_2_GE09_61_5,77,SMSE,1089,GE09,2017-06-20,43399
SMSE_B22_2_GE09_61_5,78,SMSE,1269,GE09,2017-07-05,44668
SMSE_B22_2_GE09_61_5,78,SMSE,1269,GE09,2017-07-11,45937
SMSE_B22_2_GE09_61_5,78,SMSE,1269,GE09,2017-07-25,47206
SMSE_B22_2_GE09_61_5,79,SMSE,1564,GE09,2017-08-07,48770
SMSE_B22_2_GE09_61_5,79,SMSE,1564,GE09,2017-08-15,50334
SMSE_B22_2_GE09_61_5,79,SMSE,1564,GE09,2017-08-29,51898
SMSE_B22_2_GE09_61_5,80,SMSE,1325,GE09,2017-09-19,53223
SMSE_B22_2_GE09_61_5,80,SMSE,1325,GE09,2017-09-26,54548
SMSE_B22_2_GE09_61_5,81,SMSE,1357,GE09,2017-10-10,55905
SMSE_B22_2_GE09_61_5,88,SMSE,2185,GE09,2018-05-08,58090
SMSE_B22_2_GE09_61_5,88,SMSE,2185,GE09,2018-05-22,60275
SMSE_B22_2_GE09_61_5,88,SMSE,2185,GE09,2018-05-30,62460
SMSE_B22_2_GE09_61_5,89,SMSE,1604,GE09,2018-06-09,64064
SMSE_B22_2_GE09_61_5,89,SMSE,1604,GE09,2018-06-26,65668
SMSE_B22_2_GE09_61_5,90,SMSE,2038,GE09,2018-07-03,67706
SMSE_B22_2_GE09_61_5,90,SMSE,2038,GE09,2018-07-24,69744
SMSE_B22_2_GE09_61_5,91,SMSE,1845,GE09,2018-08-07,71589
SMSE_B22_2_GE09_61_5,91,SMSE,1845,GE09,2018-08-14,73434
SMSE_B22_2_GE09_61_5,91,SMSE,1845,GE09,2018-08-28,75279
SMSE_B22_2_GE09_61_5,92,SMSE,1509,GE09,2018-09-03,76788
SMSE_B22_2_GE09_61_5,92,SMSE,1509,GE09,2018-09-12,78297
SMSE_B22_2_GE09_61_5,93,SMSE,1757,GE09,2018-10-02,80054
SMSE_B22_2_GE09_61_5,93,SMSE,1757,GE09,2018-10-09,81811
SMSE_B22_2_GE09_61_5,93,SMSE,1757,GE09,2018-10-23,83568
SMSE_B22_2_GE09_61_5,94,SMSE,1639,GE09,2018-11-06,85207
SMSE_B22_2_GE09_61_5,95,SMSE,1706,GE09,2018-12-12,86913
SMSE_B22_2_GE09_61_5,95,SMSE,1706,GE09,2018-12-18,88619
SMSE_B22_2_GE09_61_5,96,SMSE,1233,GE09,2019-01-22,89852
SMSE_B22_2_GE09_61_5,97,SMSE,1375,GE09,2019-02-19,91227
SMSE_B22_2_GE09_61_5,98,SMSE,2047,GE09,2019-03-26,93274
SMSE_B22_2_GE09_61_5,99,SMSE,1794,GE09,2019-04-16,95068
SMSE_B22_2_GE09_61_5,102,SMSE,2164,GE09,2019-07-16,97232
SMSE_B22_2_GE09_61_5,102,SMSE,2164,GE09,2019-07-30,99396
SMSE_B22_2_GE09_61_5,103,SMSE,2197,GE09,2019-08-06,101593
SMSE_B22_2_GE09_61_5,103,SMSE,2197,GE09,2019-08-20,103790
SMSE_B22_2_GE09_61_5,104,SMSE,1645,GE09,2019-09-03,105435
SMSE_B22_2_GE09_61_5,104,SMSE,1645,GE09,2019-09-10,107080
SMSE_B22_2_GE09_61_5,105,SMSE,1885,GE09,2019-10-01,108965
SMSE_B22_2_GE09_61_5,105,SMSE,1885,GE09,2019-10-08,110850
SMSE_B22_2_GE09_61_5,106,SMSE,2336,GE09,2019-11-05,113186
SMSE_B22_2_GE09_61_5,106,SMSE,2336,GE09,2019-11-19,115522
SMSE_B22_2_GE09_61_5,107,SMSE,2805,GE09,2019-12-10,118327
SMSE_B22_2_GE09_61_5,107,SMSE,2805,GE09,2019-12-03,121132
SMSE_B22_2_GE09_61_5,111,SMSE,630,GE09,2020-04-28,121762
SMSE_B22_2_GE09_61_5,116,SMSE,1855,GE09,2020-09-29,123617
SMSE_B22_2_GE09_61_5,117,SMSE,2220,GE09,2020-10-06,125837
SMSE_B22_2_GE09_61_5,117,SMSE,2220,GE09,2020-10-13,128057
SMSE_B22_2_GE09_61_5,117,SMSE,2220,GE09,2020-10-27,130277
SMSE_B22_2_GE09_61_5,118,SMSE,2560,GE09,2020-11-10,132837
SMSE_B22_2_GE09_61_5,118,SMSE,2560,GE09,2020-11-24,135397
SMSE_B22_2_GE09_61_5,119,SMSE,2431,GE09,2020-12-08,137828
SMSE_B22_2_GE09_61_5,119,SMSE,2431,GE09,2020-12-22,140259
SMSE_B22_2_GE09_61_5,123,SMSE,1593,GE09,2021-04-20,141852
SMSE_B22_2_GE09_61_5,124,SMSE,1850,GE09,2021-05-18,143702
SMSE_B22_2_GE09_61_5,126,SMSE,2319,GE09,2021-07-21,146021
SMSE_B22_2_GE09_61_5,127,SMSE,1828,GE09,2021-08-03,147849
SMSE_B22_2_GE09_61_5,127,SMSE,1828,GE09,2021-08-18,149677
SMSE_B22_2_GE09_61_5,127,SMSE,1828,GE09,2021-08-25,151505
SMSE_B22_2_GE09_61_5,128,SMSE,2403,GE09,2021-09-07,153908
SMSE_B22_2_GE09_61_5,128,SMSE,2403,GE09,2021-09-14,156311
SMSE_B22_2_GE09_61_5,129,SMSE,2452,GE09,2021-10-12,158763
SMSE_B22_2_GE09_61_5,130,SMSE,1761,GE09,2021-11-02,160524
SMSE_B22_2_GE09_61_5,130,SMSE,1761,GE09,2021-11-09,162285
SMSE_B22_2_GE09_61_5,131,SMSE,2760,GE09,2021-12-07,165045
SMSE_B22_2_GE09_61_5,131,SMSE,2760,GE09,2021-12-14,167805
SMSE_B22_2_GE09_61_5,132,SMSE,925,GE09,2022-01-04,168730
SMSE_B22_2_GE09_61_5,132,SMSE,925,GE09,2022-01-11,169655
SMSE_B22_2_GE09_61_5,139,SMSE,2254,GE09,2022-08-09,171909
SMSE_B22_2_GE09_61_5,139,SMSE,2254,GE09,2022-08-02,174163
SMSE_B22_2_GE09_61_5,139,SMSE,2254,GE09,2022-08-30,176417
SMSE_B22_2_GE09_61_5,139,SMSE,2254,GE09,2022-08-16,178671
SMSE_B22_2_GE09_61_5,138,SMSE,1084,GE09,2022-07-26,179755
SMSE_B22_2_GE09_61_5,140,SMSE,2270,GE09,2022-09-06,182025
SMSE_B22_2_GE09_61_5,140,SMSE,2270,GE09,2022-09-13,184295
SMSE_B22_2_GE09_61_5,140,SMSE,2270,GE09,2022-09-27,186565
SMSE_B22_2_GE09_61_5,141,SMSE,2050,GE09,2022-10-25,188615
SMSE_B22_2_GE09_61_5,142,SMSE,2150,GE09,2022-11-08,190765
SMSE_B22_2_GE09_61_5,149,SMSE,1930,GE09,2023-06-20,192695
SMSE_B22_2_GE09_61_5,150,SMSE,1936,GE09,2023-07-04,194631
SMSE_B22_2_GE09_61_5,151,SMSE,1925,GE09,2023-08-09,196556
SMSE_B22_2_GE09_61_5,151,SMSE,1925,GE09,2023-08-15,198481
SMSE_B22_2_GE09_61_5,152,SMSE,2115,GE09,2023-09-05,200596
SMSE_B22_2_GE09_62_5,39,SMSE,0,GE09,2014-04-16,0
SMSE_B22_2_GE09_62_5,40,SMSE,0,GE09,2014-05-31,0
SMSE_B22_2_GE09_62_5,41,SMSE,434,GE09,2014-06-12,434
SMSE_B22_2_GE09_62_5,42,SMSE,0,GE09,2014-07-23,434
SMSE_B22_2_GE09_62_5,43,SMSE,0,GE09,2014-08-19,434
SMSE_B22_2_GE09_62_5,44,SMSE,678,GE09,2014-09-09,1112
SMSE_B22_2_GE09_62_5,44,SMSE,678,GE09,2014-09-29,1790
SMSE_B22_2_GE09_62_5,45,SMSE,510,GE09,2014-10-07,2300
SMSE_B22_2_GE09_62_5,46,SMSE,519,GE09,2014-11-11,2819
SMSE_B22_2_GE09_62_5,47,SMSE,0,GE09,2014-12-02,2819
SMSE_B22_2_GE09_62_5,47,SMSE,0,GE09,2014-12-23,2819
SMSE_B22_2_GE09_62_5,47,SMSE,0,GE09,2014-12-12,2819
SMSE_B22_2_GE09_62_5,48,SMSE,584,GE09,2015-01-13,3403
SMSE_B22_2_GE09_62_5,49,SMSE,638,GE09,2015-02-10,4041
SMSE_B22_2_GE09_62_5,49,SMSE,638,GE09,2015-02-03,4679
SMSE_B22_2_GE09_62_5,50,SMSE,963,GE09,2015-03-04,5642
SMSE_B22_2_GE09_62_5,50,SMSE,963,GE09,2015-03-24,6605
SMSE_B22_2_GE09_62_5,52,SMSE,565,GE09,2015-05-05,7170
SMSE_B22_2_GE09_62_5,53,SMSE,450,GE09,2015-06-03,7620
SMSE_B22_2_GE09_62_5,54,SMSE,832,GE09,2015-07-07,8452
SMSE_B22_2_GE09_62_5,55,SMSE,401,GE09,2015-08-04,8853
SMSE_B22_2_GE09_62_5,56,SMSE,325,GE09,2015-09-01,9178
SMSE_B22_2_GE09_62_5,57,SMSE,747,GE09,2015-10-03,9925
SMSE_B22_2_GE09_62_5,57,SMSE,747,GE09,2015-10-28,10672
SMSE_B22_2_GE09_62_5,58,SMSE,1058,GE09,2015-11-03,11730
SMSE_B22_2_GE09_62_5,59,SMSE,952,GE09,2015-12-02,12682
SMSE_B22_2_GE09_62_5,59,SMSE,952,GE09,2015-12-15,13634
SMSE_B22_2_GE09_62_5,60,SMSE,655,GE09,2016-01-02,14289
SMSE_B22_2_GE09_62_5,60,SMSE,655,GE09,2016-01-05,14944
SMSE_B22_2_GE09_62_5,61,SMSE,523,GE09,2016-02-02,15467
SMSE_B22_2_GE09_62_5,62,SMSE,207,GE09,2016-03-01,15674
SMSE_B22_2_GE09_62_5,68,SMSE,906,GE09,2016-09-06,16580
SMSE_B22_2_GE09_62_5,68,SMSE,906,GE09,2016-09-28,17486
SMSE_B22_2_GE09_62_5,69,SMSE,1077,GE09,2016-10-04,18563
SMSE_B22_2_GE09_62_5,69,SMSE,1077,GE09,2016-10-18,19640
SMSE_B22_2_GE09_62_5,69,SMSE,1077,GE09,2016-10-11,20717
SMSE_B22_2_GE09_62_5,70,SMSE,1041,GE09,2016-11-02,21758
SMSE_B22_2_GE09_62_5,70,SMSE,1041,GE09,2016-11-15,22799
SMSE_B22_2_GE09_62_5,71,SMSE,1056,GE09,2016-12-06,23855
SMSE_B22_2_GE09_62_5,72,SMSE,1036,GE09,2017-01-03,24891
SMSE_B22_2_GE09_62_5,72,SMSE,1036,GE09,2017-01-24,25927
SMSE_B22_2_GE09_62_5,73,SMSE,821,GE09,2017-02-07,26748
SMSE_B22_2_GE09_62_5,74,SMSE,565,GE09,2017-03-07,27313
SMSE_B22_2_GE09_62_5,75,SMSE,585,GE09,2017-04-04,27898
SMSE_B22_2_GE09_62_5,76,SMSE,483,GE09,2017-05-09,28381
SMSE_B22_2_GE09_62_5,79,SMSE,2072,GE09,2017-08-07,30453
SMSE_B22_2_GE09_62_5,79,SMSE,2072,GE09,2017-08-29,32525
SMSE_B22_2_GE09_62_5,80,SMSE,2128,GE09,2017-09-05,34653
SMSE_B22_2_GE09_62_5,80,SMSE,2128,GE09,2017-09-12,36781
SMSE_B22_2_GE09_62_5,80,SMSE,2128,GE09,2017-09-26,38909
SMSE_B22_2_GE09_62_5,81,SMSE,1330,GE09,2017-10-24,40239
SMSE_B22_2_GE09_62_5,82,SMSE,1633,GE09,2017-11-07,41872
SMSE_B22_2_GE09_62_5,82,SMSE,1633,GE09,2017-11-30,43505
SMSE_B22_2_GE09_62_5,83,SMSE,1273,GE09,2017-12-05,44778
SMSE_B22_2_GE09_62_5,83,SMSE,1273,GE09,2017-12-27,46051
SMSE_B22_2_GE09_62_5,84,SMSE,1169,GE09,2018-01-03,47220
SMSE_B22_2_GE09_62_5,90,SMSE,2175,GE09,2018-07-31,49395
SMSE_B22_2_GE09_62_5,91,SMSE,2065,GE09,2018-08-14,51460
SMSE_B22_2_GE09_62_5,91,SMSE,2065,GE09,2018-08-21,53525
SMSE_B22_2_GE09_62_5,91,SMSE,2065,GE09,2018-08-28,55590
SMSE_B22_2_GE09_62_5,92,SMSE,1706,GE09,2018-09-12,57296
SMSE_B22_2_GE09_62_5,93,SMSE,2071,GE09,2018-10-02,59367
SMSE_B22_2_GE09_62_5,93,SMSE,2071,GE09,2018-10-31,61438
SMSE_B22_2_GE09_62_5,94,SMSE,1151,GE09,2018-11-13,62589
SMSE_B22_2_GE09_62_5,95,SMSE,1940,GE09,2018-12-12,64529
SMSE_B22_2_GE09_62_5,95,SMSE,1940,GE09,2018-12-18,66469
SMSE_B22_2_GE09_62_5,102,SMSE,1648,GE09,2019-07-23,68117
SMSE_B22_2_GE09_62_5,103,SMSE,1072,GE09,2019-08-06,69189
SMSE_B22_2_GE09_62_5,103,SMSE,1072,GE09,2019-08-27,70261
SMSE_B22_2_GE09_62_5,104,SMSE,2012,GE09,2019-09-03,72273
SMSE_B22_2_GE09_62_5,104,SMSE,2012,GE09,2019-09-10,74285
SMSE_B22_2_GE09_62_5,105,SMSE,2656,GE09,2019-10-01,76941
SMSE_B22_2_GE09_62_5,105,SMSE,2656,GE09,2019-10-15,79597
SMSE_B22_2_GE09_62_5,105,SMSE,2656,GE09,2019-10-22,82253
SMSE_B22_2_GE09_62_5,106,SMSE,2409,GE09,2019-11-05,84662
SMSE_B22_2_GE09_62_5,106,SMSE,2409,GE09,2019-11-12,87071
SMSE_B22_2_GE09_62_5,107,SMSE,1633,GE09,2019-12-03,88704
SMSE_B22_2_GE09_62_5,107,SMSE,1633,GE09,2019-12-16,90337
SMSE_B22_2_GE09_62_5,108,SMSE,1685,GE09,2020-01-14,92022
SMSE_B22_2_GE09_62_5,108,SMSE,1685,GE09,2020-01-28,93707
SMSE_B22_2_GE09_62_5,117,SMSE,3100,GE09,2020-10-20,96807
SMSE_B22_2_GE09_62_5,117,SMSE,3100,GE09,2020-10-13,99907
SMSE_B22_2_GE09_62_5,118,SMSE,2505,GE09,2020-11-03,102412
SMSE_B22_2_GE09_62_5,118,SMSE,2505,GE09,2020-11-10,104917
SMSE_B22_2_GE09_62_5,118,SMSE,2505,GE09,2020-11-24,107422
SMSE_B22_2_GE09_62_5,119,SMSE,2203,GE09,2020-12-01,109625
SMSE_B22_2_GE09_62_5,119,SMSE,2203,GE09,2020-12-15,111828
SMSE_B22_2_GE09_62_5,119,SMSE,2203,GE09,2020-12-29,114031
SMSE_B22_2_GE09_62_5,120,SMSE,2697,GE09,2021-01-12,116728
SMSE_B22_2_GE09_62_5,121,SMSE,1931,GE09,2021-02-02,118659
SMSE_B22_2_GE09_62_5,121,SMSE,1931,GE09,2021-02-16,120590
SMSE_B22_2_GE09_62_5,122,SMSE,2280,GE09,2021-03-02,122870
SMSE_B22_2_GE09_62_5,128,SMSE,2385,GE09,2021-09-28,125255
SMSE_B22_2_GE09_62_5,129,SMSE,1848,GE09,2021-10-12,127103
SMSE_B22_2_GE09_62_5,129,SMSE,1848,GE09,2021-10-26,128951
SMSE_B22_2_GE09_62_5,130,SMSE,2575,GE09,2021-11-02,131526
SMSE_B22_2_GE09_62_5,130,SMSE,2575,GE09,2021-11-09,134101
SMSE_B22_2_GE09_62_5,130,SMSE,2575,GE09,2021-11-23,136676
SMSE_B22_2_GE09_62_5,131,SMSE,1341,GE09,2021-12-07,138017
SMSE_B22_2_GE09_62_5,131,SMSE,1341,GE09,2021-12-28,139358
SMSE_B22_2_GE09_62_5,132,SMSE,2736,GE09,2022-01-04,142094
SMSE_B22_2_GE09_62_5,133,SMSE,2355,GE09,2022-02-02,144449
SMSE_B22_2_GE09_62_5,133,SMSE,2355,GE09,2022-02-15,146804
SMSE_B22_2_GE09_62_5,139,SMSE,2211,GE09,2022-08-30,149015
SMSE_B22_2_GE09_62_5,140,SMSE,2028,GE09,2022-09-13,151043
SMSE_B22_2_GE09_62_5,140,SMSE,2028,GE09,2022-09-20,153071
SMSE_B22_2_GE09_62_5,140,SMSE,2028,GE09,2022-09-27,155099
SMSE_B22_2_GE09_62_5,141,SMSE,2745,GE09,2022-10-04,157844
SMSE_B22_2_GE09_62_5,141,SMSE,2745,GE09,2022-10-25,160589
SMSE_B22_2_GE09_62_5,142,SMSE,2442,GE09,2022-11-15,163031
SMSE_B22_2_GE09_62_5,143,SMSE,2068,GE09,2022-12-06,165099
SMSE_B22_2_GE09_62_5,144,SMSE,1860,GE09,2023-01-10,166959
SMSE_B22_2_GE09_62_5,150,SMSE,2511,GE09,2023-07-25,169470
SMSE_B22_2_GE09_62_5,151,SMSE,2722,GE09,2023-08-09,172192
SMSE_B22_2_GE09_62_5,151,SMSE,2722,GE09,2023-08-15,174914
SMSE_B22_2_GE09_62_5,151,SMSE,2722,GE09,2023-08-29,177636
SMSE_B22_2_GE09_62_5,152,SMSE,1891,GE09,2023-09-05,179527
TOWE_POGP37_1_GE06_14_13,44,TOWE,0,GE06,2016-02-01,0
TOWE_POGP37_1_GE06_14_13,45,TOWE,0,GE06,2016-03-14,0
TOWE_POGP37_1_GE06_14_13,46,TOWE,0,GE06,2016-04-18,0
TOWE_POGP37_1_GE06_14_13,47,TOWE,329,GE06,2016-05-02,329
TOWE_POGP37_1_GE06_14_13,47,TOWE,329,GE06,2016-05-30,658
TOWE_POGP37_1_GE06_14_13,51,TOWE,365,GE06,2016-09-06,1023
TOWE_POGP37_1_GE06_14_13,59,TOWE,522,GE06,2017-05-22,1545
TOWE_POGP37_1_GE06_14_13,60,TOWE,523,GE06,2017-06-19,2068
TOWE_POGP37_1_GE06_14_13,61,TOWE,0,GE06,2017-07-10,2068
TOWE_POGP37_1_GE06_14_13,62,TOWE,455,GE06,2017-08-07,2523
TOWE_POGP37_1_GE06_14_13,64,TOWE,1003,GE06,2017-10-23,3526
TOWE_POGP37_1_GE06_14_13,67,TOWE,876,GE06,2018-01-08,4402
TOWE_POGP37_1_GE06_14_13,67,TOWE,876,GE06,2018-01-15,5278
TOWE_POGP37_1_GE06_14_13,68,TOWE,0,GE06,2018-02-12,5278
TOWE_POGP37_1_GE06_14_13,68,TOWE,0,GE06,2018-02-19,5278
TOWE_POGP37_1_GE06_14_13,69,TOWE,843,GE06,2018-03-05,6121
TOWE_POGP37_1_GE06_14_13,69,TOWE,843,GE06,2018-03-12,6964
TOWE_POGP37_1_GE06_14_13,75,TOWE,707,GE06,2018-09-17,7671
TOWE_POGP37_1_GE06_14_13,79,TOWE,963,GE06,2019-01-28,8634
TOWE_POGP37_1_GE06_14_13,79,TOWE,963,GE06,2019-01-21,9597
TOWE_POGP37_1_GE06_14_13,79,TOWE,963,GE06,2019-01-07,10560
TOWE_POGP37_1_GE06_14_13,80,TOWE,868,GE06,2019-02-18,11428
TOWE_POGP37_1_GE06_14_13,81,TOWE,982,GE06,2019-03-04,12410
TOWE_POGP37_1_GE06_14_13,81,TOWE,982,GE06,2019-03-18,13392
TOWE_POGP37_1_GE06_14_13,82,TOWE,777,GE06,2019-04-15,14169
TOWE_POGP37_1_GE06_14_13,82,TOWE,777,GE06,2019-04-01,14946
TOWE_POGP37_1_GE06_14_13,91,TOWE,976,GE06,2020-01-27,15922
TOWE_POGP37_1_GE06_14_13,92,TOWE,2418,GE06,2020-02-03,18340
TOWE_POGP37_1_GE06_14_13,93,TOWE,1140,GE06,2020-03-09,19480
TOWE_POGP37_1_GE06_14_13,93,TOWE,1140,GE06,2020-03-16,20620
TOWE_POGP37_1_GE06_14_13,93,TOWE,1140,GE06,2020-03-30,21760
TOWE_POGP37_1_GE06_14_13,94,TOWE,1295,GE06,2020-04-13,23055
TOWE_POGP37_1_GE06_14_13,94,TOWE,1295,GE06,2020-04-06,24350
TOWE_POGP37_1_GE06_14_13,98,TOWE,920,GE06,2020-08-31,25270
TOWE_POGP37_1_GE06_14_13,104,TOWE,1360,GE06,2021-02-18,26630
TOWE_POGP37_1_GE06_14_13,106,TOWE,1287,GE06,2021-04-07,27917
TOWE_POGP37_1_GE06_14_13,106,TOWE,1287,GE06,2021-04-14,29204
TOWE_POGP37_1_GE06_14_13,106,TOWE,1287,GE06,2021-04-22,30491
TOWE_POGP37_1_GE06_14_13,107,TOWE,830,GE06,2021-05-05,31321
TOWE_POGP37_1_GE06_14_13,111,TOWE,1155,GE06,2021-09-30,32476
TOWE_POGP37_1_GE06_14_13,117,TOWE,618,GE06,2022-03-14,33094
TOWE_POGP37_1_GE06_14_13,118,TOWE,1928,GE06,2022-04-04,35022
TOWE_POGP37_1_GE06_14_13,119,TOWE,0,GE06,2022-05-03,35022
TOWE_POGP37_1_GE06_14_13,120,TOWE,0,GE06,2022-06-08,35022
TOWE_POGP37_1_GE06_14_13,129,TOWE,1289,GE06,2023-03-01,36311
TOWE_POGP37_1_GE06_14_13,132,TOWE,1338,GE06,2023-06-07,37649
TOWE_POGP37_1_GE06_14_13,139,TOWE,1339,GE06,2024-01-22,38988
TOWE_POGP37_1_GE06_14_13,143,TOWE,0,GE06,2024-05-21,38988
TOWE_POGP37_1_GE06_14_13,144,TOWE,0,GE06,2024-06-04,38988
TOWE_POGP37_1_GE06_14_13,145,TOWE,0,GE06,2024-07-01,38988
TOWE_POGP37_1_GE06_14_14,44,TOWE,383,GE06,2016-02-01,383
TOWE_POGP37_1_GE06_14_14,44,TOWE,383,GE06,2016-02-08,766
TOWE_POGP37_1_GE06_14_14,45,TOWE,343,GE06,2016-03-14,1109
TOWE_POGP37_1_GE06_14_14,45,TOWE,343,GE06,2016-03-21,1452
TOWE_POGP37_1_GE06_14_14,46,TOWE,350,GE06,2016-04-11,1802
TOWE_POGP37_1_GE06_14_14,46,TOWE,350,GE06,2016-04-04,2152
TOWE_POGP37_1_GE06_14_14,46,TOWE,350,GE06,2016-04-18,2502
TOWE_POGP37_1_GE06_14_14,46,TOWE,350,GE06,2016-04-25,2852
TOWE_POGP37_1_GE06_14_14,48,TOWE,231,GE06,2016-06-06,3083
TOWE_POGP37_1_GE06_14_14,60,TOWE,476,GE06,2017-06-12,3559
TOWE_POGP37_1_GE06_14_14,60,TOWE,476,GE06,2017-06-19,4035
TOWE_POGP37_1_GE06_14_14,61,TOWE,0,GE06,2017-07-24,4035
TOWE_POGP37_1_GE06_14_14,62,TOWE,141,GE06,2017-08-14,4176
TOWE_POGP37_1_GE06_14_14,68,TOWE,921,GE06,2018-02-05,5097
TOWE_POGP37_1_GE06_14_14,68,TOWE,921,GE06,2018-02-12,6018
TOWE_POGP37_1_GE06_14_14,68,TOWE,921,GE06,2018-02-26,6939
TOWE_POGP37_1_GE06_14_14,69,TOWE,627,GE06,2018-03-05,7566
TOWE_POGP37_1_GE06_14_14,69,TOWE,627,GE06,2018-03-12,8193
TOWE_POGP37_1_GE06_14_14,69,TOWE,627,GE06,2018-03-19,8820
TOWE_POGP37_1_GE06_14_14,80,TOWE,900,GE06,2019-02-04,9720
TOWE_POGP37_1_GE06_14_14,81,TOWE,952,GE06,2019-03-04,10672
TOWE_POGP37_1_GE06_14_14,81,TOWE,952,GE06,2019-03-18,11624
TOWE_POGP37_1_GE06_14_14,82,TOWE,863,GE06,2019-04-01,12487
TOWE_POGP37_1_GE06_14_14,82,TOWE,863,GE06,2019-04-15,13350
TOWE_POGP37_1_GE06_14_14,82,TOWE,863,GE06,2019-04-29,14213
TOWE_POGP37_1_GE06_14_14,83,TOWE,584,GE06,2019-05-13,14797
TOWE_POGP37_1_GE06_14_14,93,TOWE,1105,GE06,2020-03-09,15902
TOWE_POGP37_1_GE06_14_14,93,TOWE,1105,GE06,2020-03-30,17007
TOWE_POGP37_1_GE06_14_14,92,TOWE,1156,GE06,2020-02-24,18163
TOWE_POGP37_1_GE06_14_14,94,TOWE,1025,GE06,2020-04-06,19188
TOWE_POGP37_1_GE06_14_14,98,TOWE,720,GE06,2020-08-31,19908
TOWE_POGP37_1_GE06_14_14,104,TOWE,965,GE06,2021-02-18,20873
TOWE_POGP37_1_GE06_14_14,105,TOWE,962,GE06,2021-03-03,21835
TOWE_POGP37_1_GE06_14_14,105,TOWE,962,GE06,2021-03-18,22797
TOWE_POGP37_1_GE06_14_14,106,TOWE,980,GE06,2021-04-07,23777
TOWE_POGP37_1_GE06_14_14,106,TOWE,980,GE06,2021-04-14,24757
TOWE_POGP37_1_GE06_14_14,106,TOWE,980,GE06,2021-04-22,25737
TOWE_POGP37_1_GE06_14_14,106,TOWE,980,GE06,2021-04-29,26717
TOWE_POGP37_1_GE06_14_14,107,TOWE,1086,GE06,2021-05-05,27803
TOWE_POGP37_1_GE06_14_14,108,TOWE,315,GE06,2021-06-09,28118
TOWE_POGP37_1_GE06_14_14,118,TOWE,1142,GE06,2022-04-11,29260
TOWE_POGP37_1_GE06_14_14,119,TOWE,0,GE06,2022-05-03,29260
TOWE_POGP37_1_GE06_14_14,120,TOWE,759,GE06,2022-06-08,30019
TOWE_POGP37_1_GE06_14_14,121,TOWE,0,GE06,2022-07-18,30019
TOWE_POGP37_1_GE06_14_14,129,TOWE,806,GE06,2023-03-21,30825
TOWE_POGP37_1_GE06_14_14,139,TOWE,1070,GE06,2024-01-22,31895
TOWE_POGP37_1_GE06_14_14,140,TOWE,948,GE06,2024-02-01,32843
TOWE_POGP37_1_GE06_14_14,141,TOWE,0,GE06,2024-03-05,32843
TOWE_POGP37_1_GE06_14_14,142,TOWE,0,GE06,2024-04-16,32843
TOWE_POGP37_1_GE06_14_14,143,TOWE,0,GE06,2024-05-01,32843
TOWE_POGP37_1_GE06_14_14,144,TOWE,0,GE06,2024-06-04,32843
TOWE_POGP37_1_GE06_14_15,42,TOWE,330,GE06,2015-12-14,330
TOWE_POGP37_1_GE06_14_15,44,TOWE,203,GE06,2016-02-01,533
TOWE_POGP37_1_GE06_14_15,44,TOWE,203,GE06,2016-02-08,736
TOWE_POGP37_1_GE06_14_15,44,TOWE,203,GE06,2016-02-15,939
TOWE_POGP37_1_GE06_14_15,45,TOWE,322,GE06,2016-03-21,1261
TOWE_POGP37_1_GE06_14_15,46,TOWE,433,GE06,2016-04-11,1694
TOWE_POGP37_1_GE06_14_15,46,TOWE,433,GE06,2016-04-18,2127
TOWE_POGP37_1_GE06_14_15,47,TOWE,253,GE06,2016-05-02,2380
TOWE_POGP37_1_GE06_14_15,47,TOWE,253,GE06,2016-05-30,2633
TOWE_POGP37_1_GE06_14_15,59,TOWE,127,GE06,2017-05-08,2760
TOWE_POGP37_1_GE06_14_15,59,TOWE,127,GE06,2017-05-15,2887
TOWE_POGP37_1_GE06_14_15,60,TOWE,519,GE06,2017-06-12,3406
TOWE_POGP37_1_GE06_14_15,61,TOWE,545,GE06,2017-07-17,3951
TOWE_POGP37_1_GE06_14_15,62,TOWE,340,GE06,2017-08-07,4291
TOWE_POGP37_1_GE06_14_15,62,TOWE,340,GE06,2017-08-21,4631
TOWE_POGP37_1_GE06_14_15,63,TOWE,586,GE06,2017-09-11,5217
TOWE_POGP37_1_GE06_14_15,63,TOWE,586,GE06,2017-09-25,5803
TOWE_POGP37_1_GE06_14_15,64,TOWE,652,GE06,2017-10-16,6455
TOWE_POGP37_1_GE06_14_15,68,TOWE,616,GE06,2018-02-05,7071
TOWE_POGP37_1_GE06_14_15,68,TOWE,616,GE06,2018-02-12,7687
TOWE_POGP37_1_GE06_14_15,67,TOWE,0,GE06,2018-01-29,7687
TOWE_POGP37_1_GE06_14_15,78,TOWE,0,GE06,2018-12-31,7687
TOWE_POGP37_1_GE06_14_15,79,TOWE,0,GE06,2019-01-14,7687
TOWE_POGP37_1_GE06_14_15,79,TOWE,0,GE06,2019-01-28,7687
TOWE_POGP37_1_GE06_14_15,80,TOWE,1033,GE06,2019-02-04,8720
TOWE_POGP37_1_GE06_14_15,80,TOWE,1033,GE06,2019-02-11,9753
TOWE_POGP37_1_GE06_14_15,81,TOWE,771,GE06,2019-03-04,10524
TOWE_POGP37_1_GE06_14_15,81,TOWE,771,GE06,2019-03-18,11295
TOWE_POGP37_1_GE06_14_15,82,TOWE,735,GE06,2019-04-01,12030
TOWE_POGP37_1_GE06_14_15,91,TOWE,1085,GE06,2020-01-20,13115
TOWE_POGP37_1_GE06_14_15,91,TOWE,1085,GE06,2020-01-07,14200
TOWE_POGP37_1_GE06_14_15,91,TOWE,1085,GE06,2020-01-27,15285
TOWE_POGP37_1_GE06_14_15,92,TOWE,940,GE06,2020-02-03,16225
TOWE_POGP37_1_GE06_14_15,92,TOWE,940,GE06,2020-02-10,17165
TOWE_POGP37_1_GE06_14_15,93,TOWE,842,GE06,2020-03-02,18007
TOWE_POGP37_1_GE06_14_15,93,TOWE,842,GE06,2020-03-09,18849
TOWE_POGP37_1_GE06_14_15,93,TOWE,842,GE06,2020-03-30,19691
TOWE_POGP37_1_GE06_14_15,105,TOWE,889,GE06,2021-03-18,20580
TOWE_POGP37_1_GE06_14_15,105,TOWE,889,GE06,2021-03-25,21469
TOWE_POGP37_1_GE06_14_15,106,TOWE,780,GE06,2021-04-07,22249
TOWE_POGP37_1_GE06_14_15,106,TOWE,780,GE06,2021-04-14,23029
TOWE_POGP37_1_GE06_14_15,106,TOWE,780,GE06,2021-04-29,23809
TOWE_POGP37_1_GE06_14_15,118,TOWE,0,GE06,2022-04-04,23809
TOWE_POGP37_1_GE06_14_15,117,TOWE,1128,GE06,2022-03-21,24937
TOWE_POGP37_1_GE06_14_15,119,TOWE,816,GE06,2022-05-03,25753
TOWE_POGP37_1_GE06_14_15,131,TOWE,1204,GE06,2023-05-11,26957
TOWE_POGP37_1_GE06_14_15,131,TOWE,1204,GE06,2023-05-23,28161
TOWE_POGP37_1_GE06_14_15,139,TOWE,0,GE06,2024-01-22,28161
TOWE_POGP37_1_GE06_14_15,140,TOWE,0,GE06,2024-02-13,28161
TOWE_POGP37_1_GE06_14_15,141,TOWE,0,GE06,2024-03-05,28161
TOWE_POGP37_1_GE06_14_15,142,TOWE,0,GE06,2024-04-24,28161
TOWE_POGP37_1_GE06_14_15,143,TOWE,0,GE06,2024-05-28,28161
TOWE_POGP37_2_GE02_14_18,45,TOWE,0,GE02,2016-03-29,0
TOWE_POGP37_2_GE02_14_18,46,TOWE,323,GE02,2016-04-26,323
TOWE_POGP37_2_GE02_14_18,47,TOWE,332,GE02,2016-05-03,655
TOWE_POGP37_2_GE02_14_18,47,TOWE,332,GE02,2016-05-10,987
TOWE_POGP37_2_GE02_14_18,47,TOWE,332,GE02,2016-05-24,1319
TOWE_POGP37_2_GE02_14_18,48,TOWE,233,GE02,2016-06-14,1552
TOWE_POGP37_2_GE02_14_18,50,TOWE,217,GE02,2016-08-02,1769
TOWE_POGP37_2_GE02_14_18,50,TOWE,217,GE02,2016-08-16,1986
TOWE_POGP37_2_GE02_14_18,51,TOWE,337,GE02,2016-09-13,2323
TOWE_POGP37_2_GE02_14_18,51,TOWE,337,GE02,2016-09-06,2660
TOWE_POGP37_2_GE02_14_18,57,TOWE,144,GE02,2017-03-07,2804
TOWE_POGP37_2_GE02_14_18,60,TOWE,540,GE02,2017-06-06,3344
TOWE_POGP37_2_GE02_14_18,60,TOWE,540,GE02,2017-06-20,3884
TOWE_POGP37_2_GE02_14_18,62,TOWE,361,GE02,2017-08-01,4245
TOWE_POGP37_2_GE02_14_18,62,TOWE,361,GE02,2017-08-08,4606
TOWE_POGP37_2_GE02_14_18,62,TOWE,361,GE02,2017-08-15,4967
TOWE_POGP37_2_GE02_14_18,62,TOWE,361,GE02,2017-08-29,5328
TOWE_POGP37_2_GE02_14_18,63,TOWE,663,GE02,2017-09-19,5991
TOWE_POGP37_2_GE02_14_18,64,TOWE,720,GE02,2017-10-03,6711
TOWE_POGP37_2_GE02_14_18,69,TOWE,817,GE02,2018-03-06,7528
TOWE_POGP37_2_GE02_14_18,70,TOWE,467,GE02,2018-04-03,7995
TOWE_POGP37_2_GE02_14_18,74,TOWE,644,GE02,2018-08-07,8639
TOWE_POGP37_2_GE02_14_18,74,TOWE,644,GE02,2018-08-21,9283
TOWE_POGP37_2_GE02_14_18,75,TOWE,820,GE02,2018-09-04,10103
TOWE_POGP37_2_GE02_14_18,75,TOWE,820,GE02,2018-09-11,10923
TOWE_POGP37_2_GE02_14_18,76,TOWE,770,GE02,2018-10-02,11693
TOWE_POGP37_2_GE02_14_18,80,TOWE,1094,GE02,2019-02-19,12787
TOWE_POGP37_2_GE02_14_18,80,TOWE,1094,GE02,2019-02-05,13881
TOWE_POGP37_2_GE02_14_18,81,TOWE,955,GE02,2019-03-05,14836
TOWE_POGP37_2_GE02_14_18,81,TOWE,955,GE02,2019-03-19,15791
TOWE_POGP37_2_GE02_14_18,82,TOWE,962,GE02,2019-04-09,16753
TOWE_POGP37_2_GE02_14_18,82,TOWE,962,GE02,2019-04-02,17715
TOWE_POGP37_2_GE02_14_18,82,TOWE,962,GE02,2019-04-16,18677
TOWE_POGP37_2_GE02_14_18,93,TOWE,790,GE02,2020-03-03,19467
TOWE_POGP37_2_GE02_14_18,93,TOWE,790,GE02,2020-03-24,20257
TOWE_POGP37_2_GE02_14_18,94,TOWE,1250,GE02,2020-04-07,21507
TOWE_POGP37_2_GE02_14_18,94,TOWE,1250,GE02,2020-04-21,22757
TOWE_POGP37_2_GE02_14_18,99,TOWE,682,GE02,2020-09-08,23439
TOWE_POGP37_2_GE02_14_18,99,TOWE,682,GE02,2020-09-15,24121
TOWE_POGP37_2_GE02_14_18,99,TOWE,682,GE02,2020-09-29,24803
TOWE_POGP37_2_GE02_14_18,106,TOWE,1274,GE02,2021-04-14,26077
TOWE_POGP37_2_GE02_14_18,106,TOWE,1274,GE02,2021-04-07,27351
TOWE_POGP37_2_GE02_14_18,106,TOWE,1274,GE02,2021-04-29,28625
TOWE_POGP37_2_GE02_14_18,107,TOWE,1362,GE02,2021-05-13,29987
TOWE_POGP37_2_GE02_14_18,108,TOWE,1005,GE02,2021-06-03,30992
TOWE_POGP37_2_GE02_14_18,118,TOWE,854,GE02,2022-04-19,31846
TOWE_POGP37_2_GE02_14_18,118,TOWE,854,GE02,2022-04-18,32700
TOWE_POGP37_2_GE02_14_18,119,TOWE,1426,GE02,2022-05-10,34126
TOWE_POGP37_2_GE02_14_18,120,TOWE,752,GE02,2022-06-08,34878
TOWE_POGP37_2_GE02_14_18,132,TOWE,1443,GE02,2023-06-07,36321
TOWE_POGP37_2_GE02_14_18,141,TOWE,0,GE02,2024-03-12,36321
TOWE_POGP37_2_GE02_14_18,142,TOWE,0,GE02,2024-04-16,36321
TOWE_POGP37_2_GE02_14_18,143,TOWE,0,GE02,2024-05-01,36321
TOWE_POGP37_2_GE02_14_18,144,TOWE,0,GE02,2024-06-04,36321
TOWE_POGP37_2_GE02_14_19,44,TOWE,0,GE02,2016-02-09,0
TOWE_POGP37_2_GE02_14_19,44,TOWE,0,GE02,2016-02-23,0
TOWE_POGP37_2_GE02_14_19,45,TOWE,0,GE02,2016-03-29,0
TOWE_POGP37_2_GE02_14_19,47,TOWE,0,GE02,2016-05-03,0
TOWE_POGP37_2_GE02_14_19,46,TOWE,0,GE02,2016-04-19,0
TOWE_POGP37_2_GE02_14_19,49,TOWE,0,GE02,2016-07-26,0
TOWE_POGP37_2_GE02_14_19,50,TOWE,311,GE02,2016-08-23,311
TOWE_POGP37_2_GE02_14_19,56,TOWE,240,GE02,2017-02-28,551
TOWE_POGP37_2_GE02_14_19,59,TOWE,344,GE02,2017-05-02,895
TOWE_POGP37_2_GE02_14_19,59,TOWE,344,GE02,2017-05-16,1239
TOWE_POGP37_2_GE02_14_19,60,TOWE,387,GE02,2017-06-06,1626
TOWE_POGP37_2_GE02_14_19,60,TOWE,387,GE02,2017-06-13,2013
TOWE_POGP37_2_GE02_14_19,60,TOWE,387,GE02,2017-06-27,2400
TOWE_POGP37_2_GE02_14_19,60,TOWE,387,GE02,2017-06-20,2787
TOWE_POGP37_2_GE02_14_19,61,TOWE,0,GE02,2017-07-25,2787
TOWE_POGP37_2_GE02_14_19,62,TOWE,352,GE02,2017-08-22,3139
TOWE_POGP37_2_GE02_14_19,68,TOWE,0,GE02,2018-02-20,3139
TOWE_POGP37_2_GE02_14_19,68,TOWE,0,GE02,2018-02-27,3139
TOWE_POGP37_2_GE02_14_19,69,TOWE,0,GE02,2018-03-06,3139
TOWE_POGP37_2_GE02_14_19,72,TOWE,391,GE02,2018-06-26,3530
TOWE_POGP37_2_GE02_14_19,79,TOWE,625,GE02,2019-01-01,4155
TOWE_POGP37_2_GE02_14_19,79,TOWE,625,GE02,2019-01-08,4780
TOWE_POGP37_2_GE02_14_19,80,TOWE,713,GE02,2019-02-11,5493
TOWE_POGP37_2_GE02_14_19,80,TOWE,713,GE02,2019-02-26,6206
TOWE_POGP37_2_GE02_14_19,81,TOWE,674,GE02,2019-03-05,6880
TOWE_POGP37_2_GE02_14_19,81,TOWE,674,GE02,2019-03-19,7554
TOWE_POGP37_2_GE02_14_19,82,TOWE,517,GE02,2019-04-02,8071
TOWE_POGP37_2_GE02_14_19,92,TOWE,850,GE02,2020-02-04,8921
TOWE_POGP37_2_GE02_14_19,92,TOWE,850,GE02,2020-02-19,9771
TOWE_POGP37_2_GE02_14_19,91,TOWE,775,GE02,2020-01-28,10546
TOWE_POGP37_2_GE02_14_19,91,TOWE,775,GE02,2020-01-07,11321
TOWE_POGP37_2_GE02_14_19,93,TOWE,704,GE02,2020-03-03,12025
TOWE_POGP37_2_GE02_14_19,93,TOWE,704,GE02,2020-03-10,12729
TOWE_POGP37_2_GE02_14_19,94,TOWE,730,GE02,2020-04-07,13459
TOWE_POGP37_2_GE02_14_19,94,TOWE,730,GE02,2020-04-21,14189
TOWE_POGP37_2_GE02_14_19,94,TOWE,730,GE02,2020-04-28,14919
TOWE_POGP37_2_GE02_14_19,106,TOWE,846,GE02,2021-04-07,15765
TOWE_POGP37_2_GE02_14_19,106,TOWE,846,GE02,2021-04-01,16611
TOWE_POGP37_2_GE02_14_19,105,TOWE,935,GE02,2021-03-11,17546
TOWE_POGP37_2_GE02_14_19,105,TOWE,935,GE02,2021-03-18,18481
TOWE_POGP37_2_GE02_14_19,107,TOWE,575,GE02,2021-05-05,19056
TOWE_POGP37_2_GE02_14_19,107,TOWE,575,GE02,2021-05-20,19631
TOWE_POGP37_2_GE02_14_19,108,TOWE,766,GE02,2021-06-03,20397
TOWE_POGP37_2_GE02_14_19,108,TOWE,766,GE02,2021-06-29,21163
TOWE_POGP37_2_GE02_14_19,119,TOWE,948,GE02,2022-05-10,22111
TOWE_POGP37_2_GE02_14_19,118,TOWE,1046,GE02,2022-04-26,23157
TOWE_POGP37_2_GE02_14_19,120,TOWE,786,GE02,2022-06-08,23943
TOWE_POGP37_2_GE02_14_19,121,TOWE,0,GE02,2022-07-19,23943
TOWE_POGP37_2_GE02_14_19,130,TOWE,644,GE02,2023-04-04,24587
TOWE_POGP37_2_GE02_14_19,130,TOWE,644,GE02,2023-04-12,25231
TOWE_POGP37_2_GE02_14_19,132,TOWE,414,GE02,2023-06-07,25645
TOWE_POGP37_2_GE02_14_19,141,TOWE,0,GE02,2024-03-12,25645
TOWE_POGP37_2_GE02_14_19,140,TOWE,0,GE02,2024-02-13,25645
TOWE_POGP37_2_GE02_14_19,142,TOWE,0,GE02,2024-04-16,25645
TOWE_POGP37_2_GE02_14_19,143,TOWE,0,GE02,2024-05-28,25645
TOWE_POGP37_1_GE12_14_3,41,TOWE,115,GE12,2015-11-09,115
TOWE_POGP37_1_GE12_14_3,41,TOWE,115,GE12,2015-11-23,230
TOWE_POGP37_1_GE12_14_3,44,TOWE,0,GE12,2016-02-01,230
TOWE_POGP37_1_GE12_14_3,45,TOWE,0,GE12,2016-03-14,230
TOWE_POGP37_1_GE12_14_3,45,TOWE,0,GE12,2016-03-21,230
TOWE_POGP37_1_GE12_14_3,46,TOWE,196,GE12,2016-04-11,426
TOWE_POGP37_1_GE12_14_3,46,TOWE,196,GE12,2016-04-18,622
TOWE_POGP37_1_GE12_14_3,47,TOWE,237,GE12,2016-05-09,859
TOWE_POGP37_1_GE12_14_3,47,TOWE,237,GE12,2016-05-02,1096
TOWE_POGP37_1_GE12_14_3,47,TOWE,237,GE12,2016-05-30,1333
TOWE_POGP37_1_GE12_14_3,48,TOWE,214,GE12,2016-06-13,1547
TOWE_POGP37_1_GE12_14_3,49,TOWE,162,GE12,2016-07-04,1709
TOWE_POGP37_1_GE12_14_3,59,TOWE,342,GE12,2017-05-15,2051
TOWE_POGP37_1_GE12_14_3,60,TOWE,288,GE12,2017-06-05,2339
TOWE_POGP37_1_GE12_14_3,60,TOWE,288,GE12,2017-06-12,2627
TOWE_POGP37_1_GE12_14_3,61,TOWE,238,GE12,2017-07-03,2865
TOWE_POGP37_1_GE12_14_3,63,TOWE,458,GE12,2017-09-25,3323
TOWE_POGP37_1_GE12_14_3,64,TOWE,463,GE12,2017-10-02,3786
TOWE_POGP37_1_GE12_14_3,64,TOWE,463,GE12,2017-10-09,4249
TOWE_POGP37_1_GE12_14_3,65,TOWE,719,GE12,2017-11-06,4968
TOWE_POGP37_1_GE12_14_3,66,TOWE,498,GE12,2017-12-04,5466
TOWE_POGP37_1_GE12_14_3,66,TOWE,498,GE12,2017-12-25,5964
TOWE_POGP37_1_GE12_14_3,72,TOWE,418,GE12,2018-06-18,6382
TOWE_POGP37_1_GE12_14_3,73,TOWE,459,GE12,2018-07-02,6841
TOWE_POGP37_1_GE12_14_3,73,TOWE,459,GE12,2018-07-30,7300
TOWE_POGP37_1_GE12_14_3,74,TOWE,314,GE12,2018-08-02,7614
TOWE_POGP37_1_GE12_14_3,75,TOWE,417,GE12,2018-09-03,8031
TOWE_POGP37_1_GE12_14_3,76,TOWE,1040,GE12,2018-10-01,9071
TOWE_POGP37_1_GE12_14_3,76,TOWE,1040,GE12,2018-10-15,10111
TOWE_POGP37_1_GE12_14_3,76,TOWE,1040,GE12,2018-10-22,11151
TOWE_POGP37_1_GE12_14_3,77,TOWE,582,GE12,2018-11-12,11733
TOWE_POGP37_1_GE12_14_3,78,TOWE,0,GE12,2018-12-03,11733
TOWE_POGP37_1_GE12_14_3,78,TOWE,0,GE12,2018-12-10,11733
TOWE_POGP37_1_GE12_14_3,79,TOWE,725,GE12,2019-01-07,12458
TOWE_POGP37_1_GE12_14_3,79,TOWE,725,GE12,2019-01-28,13183
TOWE_POGP37_1_GE12_14_3,80,TOWE,641,GE12,2019-02-18,13824
TOWE_POGP37_1_GE12_14_3,80,TOWE,641,GE12,2019-02-25,14465
TOWE_POGP37_1_GE12_14_3,81,TOWE,0,GE12,2019-03-11,14465
TOWE_POGP37_1_GE12_14_3,82,TOWE,633,GE12,2019-04-01,15098
TOWE_POGP37_1_GE12_14_3,92,TOWE,888,GE12,2020-02-03,15986
TOWE_POGP37_1_GE12_14_3,91,TOWE,808,GE12,2020-01-07,16794
TOWE_POGP37_1_GE12_14_3,91,TOWE,808,GE12,2020-01-27,17602
TOWE_POGP37_1_GE12_14_3,93,TOWE,0,GE12,2020-03-30,17602
TOWE_POGP37_1_GE12_14_3,94,TOWE,985,GE12,2020-04-06,18587
TOWE_POGP37_1_GE12_14_3,97,TOWE,731,GE12,2020-07-20,19318
TOWE_POGP37_1_GE12_14_3,98,TOWE,817,GE12,2020-08-10,20135
TOWE_POGP37_1_GE12_14_3,99,TOWE,881,GE12,2020-09-14,21016
TOWE_POGP37_1_GE12_14_3,100,TOWE,1125,GE12,2020-10-26,22141
TOWE_POGP37_1_GE12_14_3,105,TOWE,898,GE12,2021-03-18,23039
TOWE_POGP37_1_GE12_14_3,106,TOWE,1165,GE12,2021-04-07,24204
TOWE_POGP37_1_GE12_14_3,106,TOWE,1165,GE12,2021-04-29,25369
TOWE_POGP37_1_GE12_14_3,107,TOWE,750,GE12,2021-05-20,26119
TOWE_POGP37_1_GE12_14_3,108,TOWE,758,GE12,2021-06-24,26877
TOWE_POGP37_1_GE12_14_3,109,TOWE,598,GE12,2021-07-14,27475
TOWE_POGP37_1_GE12_14_3,120,TOWE,1017,GE12,2022-06-08,28492
TOWE_POGP37_1_GE12_14_3,121,TOWE,0,GE12,2022-07-18,28492
TOWE_POGP37_1_GE12_14_3,131,TOWE,0,GE12,2023-05-11,28492
TOWE_POGP37_1_GE12_14_3,131,TOWE,0,GE12,2023-05-23,28492
TOWE_POGP37_1_GE12_14_3,141,TOWE,0,GE12,2024-03-05,28492
TOWE_POGP37_1_GE12_14_3,142,TOWE,0,GE12,2024-04-16,28492
TOWE_POGP37_1_GE12_14_4,44,TOWE,104,GE12,2016-02-01,104
TOWE_POGP37_1_GE12_14_4,44,TOWE,104,GE12,2016-02-08,208
TOWE_POGP37_1_GE12_14_4,45,TOWE,216,GE12,2016-03-14,424
TOWE_POGP37_1_GE12_14_4,46,TOWE,253,GE12,2016-04-04,677
TOWE_POGP37_1_GE12_14_4,47,TOWE,222,GE12,2016-05-09,899
TOWE_POGP37_1_GE12_14_4,47,TOWE,222,GE12,2016-05-16,1121
TOWE_POGP37_1_GE12_14_4,47,TOWE,222,GE12,2016-05-23,1343
TOWE_POGP37_1_GE12_14_4,48,TOWE,0,GE12,2016-06-13,1343
TOWE_POGP37_1_GE12_14_4,58,TOWE,442,GE12,2017-04-03,1785
TOWE_POGP37_1_GE12_14_4,58,TOWE,442,GE12,2017-04-24,2227
TOWE_POGP37_1_GE12_14_4,59,TOWE,511,GE12,2017-05-01,2738
TOWE_POGP37_1_GE12_14_4,59,TOWE,511,GE12,2017-05-15,3249
TOWE_POGP37_1_GE12_14_4,60,TOWE,462,GE12,2017-06-12,3711
TOWE_POGP37_1_GE12_14_4,61,TOWE,280,GE12,2017-07-10,3991
TOWE_POGP37_1_GE12_14_4,62,TOWE,331,GE12,2017-08-07,4322
TOWE_POGP37_1_GE12_14_4,63,TOWE,715,GE12,2017-09-11,5037
TOWE_POGP37_1_GE12_14_4,72,TOWE,454,GE12,2018-06-11,5491
TOWE_POGP37_1_GE12_14_4,72,TOWE,454,GE12,2018-06-25,5945
TOWE_POGP37_1_GE12_14_4,73,TOWE,567,GE12,2018-07-02,6512
TOWE_POGP37_1_GE12_14_4,73,TOWE,567,GE12,2018-07-30,7079
TOWE_POGP37_1_GE12_14_4,74,TOWE,695,GE12,2018-08-13,7774
TOWE_POGP37_1_GE12_14_4,74,TOWE,695,GE12,2018-08-20,8469
TOWE_POGP37_1_GE12_14_4,75,TOWE,630,GE12,2018-09-10,9099
TOWE_POGP37_1_GE12_14_4,75,TOWE,630,GE12,2018-09-24,9729
TOWE_POGP37_1_GE12_14_4,76,TOWE,554,GE12,2018-10-08,10283
TOWE_POGP37_1_GE12_14_4,77,TOWE,718,GE12,2018-11-05,11001
TOWE_POGP37_1_GE12_14_4,78,TOWE,0,GE12,2018-12-03,11001
TOWE_POGP37_1_GE12_14_4,82,TOWE,752,GE12,2019-04-01,11753
TOWE_POGP37_1_GE12_14_4,81,TOWE,793,GE12,2019-03-04,12546
TOWE_POGP37_1_GE12_14_4,81,TOWE,793,GE12,2019-03-18,13339
TOWE_POGP37_1_GE12_14_4,80,TOWE,0,GE12,2019-02-25,13339
TOWE_POGP37_1_GE12_14_4,86,TOWE,1145,GE12,2019-08-19,14484
TOWE_POGP37_1_GE12_14_4,87,TOWE,877,GE12,2019-09-02,15361
TOWE_POGP37_1_GE12_14_4,91,TOWE,1038,GE12,2020-01-07,16399
TOWE_POGP37_1_GE12_14_4,91,TOWE,1038,GE12,2020-01-20,17437
TOWE_POGP37_1_GE12_14_4,92,TOWE,1028,GE12,2020-02-03,18465
TOWE_POGP37_1_GE12_14_4,92,TOWE,1028,GE12,2020-02-19,19493
TOWE_POGP37_1_GE12_14_4,93,TOWE,1184,GE12,2020-03-23,20677
TOWE_POGP37_1_GE12_14_4,93,TOWE,1184,GE12,2020-03-09,21861
TOWE_POGP37_1_GE12_14_4,94,TOWE,1240,GE12,2020-04-06,23101
TOWE_POGP37_1_GE12_14_4,96,TOWE,1021,GE12,2020-06-29,24122
TOWE_POGP37_1_GE12_14_4,97,TOWE,772,GE12,2020-07-27,24894
TOWE_POGP37_1_GE12_14_4,98,TOWE,1116,GE12,2020-08-04,26010
TOWE_POGP37_1_GE12_14_4,99,TOWE,1080,GE12,2020-09-07,27090
TOWE_POGP37_1_GE12_14_4,105,TOWE,1072,GE12,2021-03-11,28162
TOWE_POGP37_1_GE12_14_4,105,TOWE,1072,GE12,2021-03-25,29234
TOWE_POGP37_1_GE12_14_4,106,TOWE,1337,GE12,2021-04-14,30571
TOWE_POGP37_1_GE12_14_4,106,TOWE,1337,GE12,2021-04-29,31908
TOWE_POGP37_1_GE12_14_4,110,TOWE,657,GE12,2021-08-11,32565
TOWE_POGP37_1_GE12_14_4,111,TOWE,1092,GE12,2021-09-01,33657
TOWE_POGP37_1_GE12_14_4,111,TOWE,1092,GE12,2021-09-15,34749
TOWE_POGP37_1_GE12_14_4,117,TOWE,980,GE12,2022-03-14,35729
TOWE_POGP37_1_GE12_14_4,118,TOWE,1060,GE12,2022-04-04,36789
TOWE_POGP37_1_GE12_14_4,119,TOWE,1347,GE12,2022-05-03,38136
TOWE_POGP37_1_GE12_14_4,119,TOWE,1347,GE12,2022-05-19,39483
TOWE_POGP37_1_GE12_14_4,130,TOWE,1318,GE12,2023-04-26,40801
TOWE_POGP37_1_GE12_14_4,131,TOWE,1460,GE12,2023-05-23,42261
TOWE_POGP37_1_GE12_14_4,141,TOWE,0,GE12,2024-03-05,42261
TOWE_POGP37_1_GE12_14_4,142,TOWE,0,GE12,2024-04-01,42261
TOWE_POGP37_1_GE12_14_5,46,TOWE,231,GE12,2016-04-18,231
TOWE_POGP37_1_GE12_14_5,46,TOWE,231,GE12,2016-04-11,462
TOWE_POGP37_1_GE12_14_5,47,TOWE,395,GE12,2016-05-02,857
TOWE_POGP37_1_GE12_14_5,59,TOWE,577,GE12,2017-05-22,1434
TOWE_POGP37_1_GE12_14_5,59,TOWE,577,GE12,2017-05-29,2011
TOWE_POGP37_1_GE12_14_5,60,TOWE,601,GE12,2017-06-05,2612
TOWE_POGP37_1_GE12_14_5,60,TOWE,601,GE12,2017-06-19,3213
TOWE_POGP37_1_GE12_14_5,61,TOWE,475,GE12,2017-07-03,3688
TOWE_POGP37_1_GE12_14_5,64,TOWE,0,GE12,2017-10-30,3688
TOWE_POGP37_1_GE12_14_5,65,TOWE,0,GE12,2017-11-20,3688
TOWE_POGP37_1_GE12_14_5,74,TOWE,509,GE12,2018-08-13,4197
TOWE_POGP37_1_GE12_14_5,74,TOWE,509,GE12,2018-08-20,4706
TOWE_POGP37_1_GE12_14_5,74,TOWE,509,GE12,2018-08-27,5215
TOWE_POGP37_1_GE12_14_5,76,TOWE,580,GE12,2018-10-15,5795
TOWE_POGP37_1_GE12_14_5,80,TOWE,922,GE12,2019-02-18,6717
TOWE_POGP37_1_GE12_14_5,80,TOWE,922,GE12,2019-02-04,7639
TOWE_POGP37_1_GE12_14_5,80,TOWE,922,GE12,2019-02-11,8561
TOWE_POGP37_1_GE12_14_5,81,TOWE,0,GE12,2019-03-04,8561
TOWE_POGP37_1_GE12_14_5,81,TOWE,0,GE12,2019-03-11,8561
TOWE_POGP37_1_GE12_14_5,82,TOWE,871,GE12,2019-04-01,9432
TOWE_POGP37_1_GE12_14_5,82,TOWE,871,GE12,2019-04-29,10303
TOWE_POGP37_1_GE12_14_5,93,TOWE,224,GE12,2020-03-09,10527
TOWE_POGP37_1_GE12_14_5,94,TOWE,1291,GE12,2020-04-20,11818
TOWE_POGP37_1_GE12_14_5,95,TOWE,1210,GE12,2020-05-04,13028
TOWE_POGP37_1_GE12_14_5,98,TOWE,1106,GE12,2020-08-10,14134
TOWE_POGP37_1_GE12_14_5,99,TOWE,1162,GE12,2020-09-07,15296
TOWE_POGP37_1_GE12_14_5,99,TOWE,1162,GE12,2020-09-14,16458
TOWE_POGP37_1_GE12_14_5,99,TOWE,1162,GE12,2020-09-28,17620
TOWE_POGP37_1_GE12_14_5,100,TOWE,843,GE12,2020-10-26,18463
TOWE_POGP37_1_GE12_14_5,101,TOWE,0,GE12,2020-11-09,18463
TOWE_POGP37_1_GE12_14_5,102,TOWE,935,GE12,2020-12-15,19398
TOWE_POGP37_1_GE12_14_5,102,TOWE,935,GE12,2020-12-23,20333
TOWE_POGP37_1_GE12_14_5,105,TOWE,1082,GE12,2021-03-25,21415
TOWE_POGP37_1_GE12_14_5,106,TOWE,0,GE12,2021-04-07,21415
TOWE_POGP37_1_GE12_14_5,106,TOWE,0,GE12,2021-04-22,21415
TOWE_POGP37_1_GE12_14_5,107,TOWE,1305,GE12,2021-05-05,22720
TOWE_POGP37_1_GE12_14_5,118,TOWE,1340,GE12,2022-04-11,24060
TOWE_POGP37_1_GE12_14_5,117,TOWE,1586,GE12,2022-03-28,25646
TOWE_POGP37_1_GE12_14_5,119,TOWE,1115,GE12,2022-05-03,26761
TOWE_POGP37_1_GE12_14_5,119,TOWE,1115,GE12,2022-05-19,27876
TOWE_POGP37_1_GE12_14_5,131,TOWE,1375,GE12,2023-05-11,29251
TOWE_POGP37_1_GE12_14_5,141,TOWE,0,GE12,2024-03-13,29251
TOWE_POGP37_1_GE12_14_5,142,TOWE,0,GE12,2024-04-24,29251
TOWE_POGP37_1_GE12_14_5,143,TOWE,0,GE12,2024-05-01,29251
TOWE_POGP37_1_GE12_14_5,144,TOWE,0,GE12,2024-06-17,29251
TOWE_POGP37_2_GE02_15_20,42,TOWE,266,GE02,2015-12-28,266
TOWE_POGP37_2_GE02_15_20,46,TOWE,238,GE02,2016-04-05,504
TOWE_POGP37_2_GE02_15_20,46,TOWE,238,GE02,2016-04-26,742
TOWE_POGP37_2_GE02_15_20,47,TOWE,350,GE02,2016-05-03,1092
TOWE_POGP37_2_GE02_15_20,47,TOWE,350,GE02,2016-05-17,1442
TOWE_POGP37_2_GE02_15_20,48,TOWE,254,GE02,2016-06-07,1696
TOWE_POGP37_2_GE02_15_20,48,TOWE,254,GE02,2016-06-21,1950
TOWE_POGP37_2_GE02_15_20,57,TOWE,398,GE02,2017-03-28,2348
TOWE_POGP37_2_GE02_15_20,58,TOWE,428,GE02,2017-04-11,2776
TOWE_POGP37_2_GE02_15_20,58,TOWE,428,GE02,2017-04-18,3204
TOWE_POGP37_2_GE02_15_20,59,TOWE,415,GE02,2017-05-09,3619
TOWE_POGP37_2_GE02_15_20,59,TOWE,415,GE02,2017-05-23,4034
TOWE_POGP37_2_GE02_15_20,59,TOWE,415,GE02,2017-05-30,4449
TOWE_POGP37_2_GE02_15_20,60,TOWE,249,GE02,2017-06-06,4698
TOWE_POGP37_2_GE02_15_20,61,TOWE,130,GE02,2017-07-04,4828
TOWE_POGP37_2_GE02_15_20,62,TOWE,0,GE02,2017-08-29,4828
TOWE_POGP37_2_GE02_15_20,64,TOWE,297,GE02,2017-10-10,5125
TOWE_POGP37_2_GE02_15_20,69,TOWE,662,GE02,2018-03-06,5787
TOWE_POGP37_2_GE02_15_20,69,TOWE,662,GE02,2018-03-13,6449
TOWE_POGP37_2_GE02_15_20,73,TOWE,355,GE02,2018-07-03,6804
TOWE_POGP37_2_GE02_15_20,79,TOWE,0,GE02,2019-01-08,6804
TOWE_POGP37_2_GE02_15_20,79,TOWE,0,GE02,2019-01-01,6804
TOWE_POGP37_2_GE02_15_20,79,TOWE,0,GE02,2019-01-29,6804
TOWE_POGP37_2_GE02_15_20,80,TOWE,772,GE02,2019-02-05,7576
TOWE_POGP37_2_GE02_15_20,80,TOWE,772,GE02,2019-02-19,8348
TOWE_POGP37_2_GE02_15_20,81,TOWE,0,GE02,2019-03-05,8348
TOWE_POGP37_2_GE02_15_20,81,TOWE,0,GE02,2019-03-12,8348
TOWE_POGP37_2_GE02_15_20,81,TOWE,0,GE02,2019-03-19,8348
TOWE_POGP37_2_GE02_15_20,82,TOWE,641,GE02,2019-04-02,8989
TOWE_POGP37_2_GE02_15_20,92,TOWE,802,GE02,2020-02-19,9791
TOWE_POGP37_2_GE02_15_20,92,TOWE,802,GE02,2020-02-25,10593
TOWE_POGP37_2_GE02_15_20,93,TOWE,606,GE02,2020-03-10,11199
TOWE_POGP37_2_GE02_15_20,94,TOWE,987,GE02,2020-04-07,12186
TOWE_POGP37_2_GE02_15_20,99,TOWE,717,GE02,2020-09-22,12903
TOWE_POGP37_2_GE02_15_20,104,TOWE,655,GE02,2021-02-25,13558
TOWE_POGP37_2_GE02_15_20,106,TOWE,890,GE02,2021-04-07,14448
TOWE_POGP37_2_GE02_15_20,106,TOWE,890,GE02,2021-04-29,15338
TOWE_POGP37_2_GE02_15_20,105,TOWE,980,GE02,2021-03-25,16318
TOWE_POGP37_2_GE02_15_20,108,TOWE,573,GE02,2021-06-03,16891
TOWE_POGP37_2_GE02_15_20,108,TOWE,573,GE02,2021-06-16,17464
TOWE_POGP37_2_GE02_15_20,108,TOWE,573,GE02,2021-06-29,18037
TOWE_POGP37_2_GE02_15_20,119,TOWE,1160,GE02,2022-05-10,19197
TOWE_POGP37_2_GE02_15_20,120,TOWE,752,GE02,2022-06-08,19949
TOWE_POGP37_2_GE02_15_20,130,TOWE,749,GE02,2023-04-04,20698
TOWE_POGP37_2_GE02_15_20,131,TOWE,995,GE02,2023-05-16,21693
TOWE_POGP37_2_GE02_15_20,140,TOWE,0,GE02,2024-02-20,21693
TOWE_POGP37_2_GE02_15_20,142,TOWE,0,GE02,2024-04-03,21693
TOWE_POGP37_3_GE09_19_13,45,TOWE,0,GE09,2016-03-23,0
TOWE_POGP37_3_GE09_19_13,45,TOWE,0,GE09,2016-03-31,0
TOWE_POGP37_3_GE09_19_13,47,TOWE,0,GE09,2016-05-11,0
TOWE_POGP37_3_GE09_19_13,47,TOWE,0,GE09,2016-05-18,0
TOWE_POGP37_3_GE09_19_13,47,TOWE,0,GE09,2016-05-25,0
TOWE_POGP37_3_GE09_19_13,48,TOWE,0,GE09,2016-06-01,0
TOWE_POGP37_3_GE09_19_13,48,TOWE,0,GE09,2016-06-15,0
TOWE_POGP37_3_GE09_19_13,64,TOWE,0,GE09,2017-10-18,0
TOWE_POGP37_3_GE09_19_13,66,TOWE,0,GE09,2017-12-07,0
TOWE_POGP37_3_GE09_19_13,68,TOWE,513,GE09,2018-02-07,513
TOWE_POGP37_3_GE09_19_13,68,TOWE,513,GE09,2018-02-28,1026
TOWE_POGP37_3_GE09_19_13,67,TOWE,610,GE09,2018-01-17,1636
TOWE_POGP37_3_GE09_19_13,69,TOWE,885,GE09,2018-03-07,2521
TOWE_POGP37_3_GE09_19_13,69,TOWE,885,GE09,2018-03-28,3406
TOWE_POGP37_3_GE09_19_13,70,TOWE,649,GE09,2018-04-11,4055
TOWE_POGP37_3_GE09_19_13,80,TOWE,1210,GE09,2019-02-20,5265
TOWE_POGP37_3_GE09_19_13,80,TOWE,1210,GE09,2019-02-13,6475
TOWE_POGP37_3_GE09_19_13,80,TOWE,1210,GE09,2019-02-27,7685
TOWE_POGP37_3_GE09_19_13,81,TOWE,1126,GE09,2019-03-06,8811
TOWE_POGP37_3_GE09_19_13,81,TOWE,1126,GE09,2019-03-20,9937
TOWE_POGP37_3_GE09_19_13,81,TOWE,1126,GE09,2019-03-27,11063
TOWE_POGP37_3_GE09_19_13,82,TOWE,1489,GE09,2019-04-24,12552
TOWE_POGP37_3_GE09_19_13,83,TOWE,1193,GE09,2019-05-08,13745
TOWE_POGP37_3_GE09_19_13,83,TOWE,1193,GE09,2019-05-22,14938
TOWE_POGP37_3_GE09_19_13,84,TOWE,698,GE09,2019-06-05,15636
TOWE_POGP37_3_GE09_19_13,94,TOWE,914,GE09,2020-04-15,16550
TOWE_POGP37_3_GE09_19_13,95,TOWE,1758,GE09,2020-05-13,18308
TOWE_POGP37_3_GE09_19_13,106,TOWE,995,GE09,2021-04-29,19303
TOWE_POGP37_3_GE09_19_13,107,TOWE,2267,GE09,2021-05-26,21570
TOWE_POGP37_3_GE09_19_13,107,TOWE,2267,GE09,2021-05-20,23837
TOWE_POGP37_3_GE09_19_13,108,TOWE,0,GE09,2021-06-09,23837
TOWE_POGP37_3_GE09_19_13,108,TOWE,0,GE09,2021-06-24,23837
TOWE_POGP37_3_GE09_19_13,120,TOWE,1613,GE09,2022-06-09,25450
TOWE_POGP37_3_GE09_19_13,121,TOWE,0,GE09,2022-07-20,25450
TOWE_POGP37_3_GE09_19_13,132,TOWE,2150,GE09,2023-06-01,27600
TOWE_POGP37_3_GE09_19_13,143,TOWE,0,GE09,2024-05-14,27600
TOWE_POGP37_3_GE09_19_14,41,TOWE,0,GE09,2015-11-18,0
TOWE_POGP37_3_GE09_19_14,46,TOWE,0,GE09,2016-04-20,0
TOWE_POGP37_3_GE09_19_14,46,TOWE,0,GE09,2016-04-27,0
TOWE_POGP37_3_GE09_19_14,47,TOWE,0,GE09,2016-05-04,0
TOWE_POGP37_3_GE09_19_14,47,TOWE,0,GE09,2016-05-18,0
TOWE_POGP37_3_GE09_19_14,60,TOWE,0,GE09,2017-06-14,0
TOWE_POGP37_3_GE09_19_14,61,TOWE,0,GE09,2017-07-05,0
TOWE_POGP37_3_GE09_19_14,61,TOWE,0,GE09,2017-07-26,0
TOWE_POGP37_3_GE09_19_14,62,TOWE,0,GE09,2017-08-16,0
TOWE_POGP37_3_GE09_19_14,63,TOWE,0,GE09,2017-09-06,0
TOWE_POGP37_3_GE09_19_14,63,TOWE,0,GE09,2017-09-13,0
TOWE_POGP37_3_GE09_19_14,65,TOWE,0,GE09,2017-11-15,0
TOWE_POGP37_3_GE09_19_14,66,TOWE,0,GE09,2017-12-20,0
TOWE_POGP37_3_GE09_19_14,69,TOWE,499,GE09,2018-03-07,499
TOWE_POGP37_3_GE09_19_14,69,TOWE,499,GE09,2018-03-14,998
TOWE_POGP37_3_GE09_19_14,69,TOWE,499,GE09,2018-03-28,1497
TOWE_POGP37_3_GE09_19_14,70,TOWE,469,GE09,2018-04-11,1966
TOWE_POGP37_3_GE09_19_14,79,TOWE,697,GE09,2019-01-16,2663
TOWE_POGP37_3_GE09_19_14,79,TOWE,697,GE09,2019-01-02,3360
TOWE_POGP37_3_GE09_19_14,77,TOWE,0,GE09,2018-11-14,3360
TOWE_POGP37_3_GE09_19_14,78,TOWE,0,GE09,2018-12-26,3360
TOWE_POGP37_3_GE09_19_14,78,TOWE,0,GE09,2018-12-19,3360
TOWE_POGP37_3_GE09_19_14,80,TOWE,616,GE09,2019-02-06,3976
TOWE_POGP37_3_GE09_19_14,81,TOWE,732,GE09,2019-03-06,4708
TOWE_POGP37_3_GE09_19_14,81,TOWE,732,GE09,2019-03-20,5440
TOWE_POGP37_3_GE09_19_14,82,TOWE,617,GE09,2019-04-10,6057
TOWE_POGP37_3_GE09_19_14,82,TOWE,617,GE09,2019-04-17,6674
TOWE_POGP37_3_GE09_19_14,83,TOWE,487,GE09,2019-05-01,7161
TOWE_POGP37_3_GE09_19_14,94,TOWE,895,GE09,2020-04-08,8056
TOWE_POGP37_3_GE09_19_14,94,TOWE,895,GE09,2020-04-15,8951
TOWE_POGP37_3_GE09_19_14,94,TOWE,895,GE09,2020-04-01,9846
TOWE_POGP37_3_GE09_19_14,94,TOWE,895,GE09,2020-04-22,10741
TOWE_POGP37_3_GE09_19_14,95,TOWE,626,GE09,2020-05-13,11367
TOWE_POGP37_3_GE09_19_14,107,TOWE,713,GE09,2021-05-13,12080
TOWE_POGP37_3_GE09_19_14,107,TOWE,713,GE09,2021-05-20,12793
TOWE_POGP37_3_GE09_19_14,106,TOWE,970,GE09,2021-04-29,13763
TOWE_POGP37_3_GE09_19_14,108,TOWE,1031,GE09,2021-06-09,14794
TOWE_POGP37_3_GE09_19_14,108,TOWE,1031,GE09,2021-06-30,15825
TOWE_POGP37_3_GE09_19_14,111,TOWE,634,GE09,2021-09-01,16459
TOWE_POGP37_3_GE09_19_14,118,TOWE,0,GE09,2022-04-18,16459
TOWE_POGP37_3_GE09_19_14,119,TOWE,709,GE09,2022-05-05,17168
TOWE_POGP37_3_GE09_19_14,120,TOWE,1086,GE09,2022-06-01,18254
TOWE_POGP37_3_GE09_19_14,121,TOWE,0,GE09,2022-07-20,18254
TOWE_POGP37_3_GE09_19_14,131,TOWE,1263,GE09,2023-05-10,19517
TOWE_POGP37_3_GE09_19_14,132,TOWE,660,GE09,2023-06-29,20177
TOWE_POGP37_3_GE09_19_14,141,TOWE,0,GE09,2024-03-21,20177
TOWE_POGP37_3_GE09_19_14,142,TOWE,0,GE09,2024-04-17,20177
TOWE_POGP37_3_GE09_19_15,41,TOWE,0,GE09,2015-11-11,0
TOWE_POGP37_3_GE09_19_15,46,TOWE,0,GE09,2016-04-20,0
TOWE_POGP37_3_GE09_19_15,47,TOWE,0,GE09,2016-05-04,0
TOWE_POGP37_3_GE09_19_15,47,TOWE,0,GE09,2016-05-18,0
TOWE_POGP37_3_GE09_19_15,47,TOWE,0,GE09,2016-05-25,0
TOWE_POGP37_3_GE09_19_15,48,TOWE,0,GE09,2016-06-15,0
TOWE_POGP37_3_GE09_19_15,49,TOWE,0,GE09,2016-07-13,0
TOWE_POGP37_3_GE09_19_15,58,TOWE,0,GE09,2017-04-26,0
TOWE_POGP37_3_GE09_19_15,59,TOWE,0,GE09,2017-05-10,0
TOWE_POGP37_3_GE09_19_15,61,TOWE,0,GE09,2017-07-05,0
TOWE_POGP37_3_GE09_19_15,61,TOWE,0,GE09,2017-07-19,0
TOWE_POGP37_3_GE09_19_15,62,TOWE,0,GE09,2017-08-09,0
TOWE_POGP37_3_GE09_19_15,62,TOWE,0,GE09,2017-08-23,0
TOWE_POGP37_3_GE09_19_15,63,TOWE,0,GE09,2017-09-13,0
TOWE_POGP37_3_GE09_19_15,64,TOWE,0,GE09,2017-10-18,0
TOWE_POGP37_3_GE09_19_15,65,TOWE,0,GE09,2017-11-29,0
TOWE_POGP37_3_GE09_19_15,68,TOWE,929,GE09,2018-02-28,929
TOWE_POGP37_3_GE09_19_15,69,TOWE,1035,GE09,2018-03-07,1964
TOWE_POGP37_3_GE09_19_15,69,TOWE,1035,GE09,2018-03-28,2999
TOWE_POGP37_3_GE09_19_15,70,TOWE,700,GE09,2018-04-11,3699
TOWE_POGP37_3_GE09_19_15,76,TOWE,961,GE09,2018-10-03,4660
TOWE_POGP37_3_GE09_19_15,80,TOWE,798,GE09,2019-02-13,5458
TOWE_POGP37_3_GE09_19_15,80,TOWE,798,GE09,2019-02-20,6256
TOWE_POGP37_3_GE09_19_15,80,TOWE,798,GE09,2019-02-27,7054
TOWE_POGP37_3_GE09_19_15,81,TOWE,867,GE09,2019-03-06,7921
TOWE_POGP37_3_GE09_19_15,81,TOWE,867,GE09,2019-03-20,8788
TOWE_POGP37_3_GE09_19_15,82,TOWE,865,GE09,2019-04-02,9653
TOWE_POGP37_3_GE09_19_15,82,TOWE,865,GE09,2019-04-17,10518
TOWE_POGP37_3_GE09_19_15,86,TOWE,1127,GE09,2019-08-28,11645
TOWE_POGP37_3_GE09_19_15,93,TOWE,1521,GE09,2020-03-18,13166
TOWE_POGP37_3_GE09_19_15,94,TOWE,1260,GE09,2020-04-01,14426
TOWE_POGP37_3_GE09_19_15,94,TOWE,1260,GE09,2020-04-15,15686
TOWE_POGP37_3_GE09_19_15,94,TOWE,1260,GE09,2020-04-29,16946
TOWE_POGP37_3_GE09_19_15,97,TOWE,676,GE09,2020-07-15,17622
TOWE_POGP37_3_GE09_19_15,98,TOWE,573,GE09,2020-08-05,18195
TOWE_POGP37_3_GE09_19_15,98,TOWE,573,GE09,2020-08-26,18768
TOWE_POGP37_3_GE09_19_15,99,TOWE,0,GE09,2020-09-23,18768
TOWE_POGP37_3_GE09_19_15,106,TOWE,1152,GE09,2021-04-29,19920
TOWE_POGP37_3_GE09_19_15,107,TOWE,900,GE09,2021-05-13,20820
TOWE_POGP37_3_GE09_19_15,111,TOWE,796,GE09,2021-09-21,21616
TOWE_POGP37_3_GE09_19_15,112,TOWE,740,GE09,2021-10-20,22356
TOWE_POGP37_3_GE09_19_15,117,TOWE,880,GE09,2022-03-22,23236
TOWE_POGP37_3_GE09_19_15,118,TOWE,1110,GE09,2022-04-06,24346
TOWE_POGP37_3_GE09_19_15,118,TOWE,1110,GE09,2022-04-13,25456
TOWE_POGP37_3_GE09_19_15,119,TOWE,0,GE09,2022-05-05,25456
TOWE_POGP37_3_GE09_19_15,130,TOWE,1760,GE09,2023-04-05,27216
TOWE_POGP37_3_GE09_19_15,131,TOWE,1089,GE09,2023-05-10,28305
TOWE_POGP37_3_GE09_19_15,132,TOWE,1002,GE09,2023-06-01,29307
TOWE_POGP37_3_GE09_19_15,141,TOWE,0,GE09,2024-03-13,29307
TOWE_POGP37_3_GE09_19_15,142,TOWE,0,GE09,2024-04-17,29307
TOWE_POGP37_1_GE09_19_3,41,TOWE,241,GE09,2015-11-30,241
TOWE_POGP37_1_GE09_19_3,44,TOWE,537,GE09,2016-02-22,778
TOWE_POGP37_1_GE09_19_3,44,TOWE,537,GE09,2016-02-08,1315
TOWE_POGP37_1_GE09_19_3,46,TOWE,422,GE09,2016-04-18,1737
TOWE_POGP37_1_GE09_19_3,46,TOWE,422,GE09,2016-04-11,2159
TOWE_POGP37_1_GE09_19_3,46,TOWE,422,GE09,2016-04-25,2581
TOWE_POGP37_1_GE09_19_3,47,TOWE,335,GE09,2016-05-02,2916
TOWE_POGP37_1_GE09_19_3,47,TOWE,335,GE09,2016-05-16,3251
TOWE_POGP37_1_GE09_19_3,47,TOWE,335,GE09,2016-05-30,3586
TOWE_POGP37_1_GE09_19_3,48,TOWE,267,GE09,2016-06-13,3853
TOWE_POGP37_1_GE09_19_3,48,TOWE,267,GE09,2016-06-20,4120
TOWE_POGP37_1_GE09_19_3,49,TOWE,157,GE09,2016-07-11,4277
TOWE_POGP37_1_GE09_19_3,59,TOWE,663,GE09,2017-05-15,4940
TOWE_POGP37_1_GE09_19_3,59,TOWE,663,GE09,2017-05-08,5603
TOWE_POGP37_1_GE09_19_3,62,TOWE,557,GE09,2017-08-07,6160
TOWE_POGP37_1_GE09_19_3,62,TOWE,557,GE09,2017-08-28,6717
TOWE_POGP37_1_GE09_19_3,63,TOWE,0,GE09,2017-09-25,6717
TOWE_POGP37_1_GE09_19_3,64,TOWE,627,GE09,2017-10-09,7344
TOWE_POGP37_1_GE09_19_3,64,TOWE,627,GE09,2017-10-30,7971
TOWE_POGP37_1_GE09_19_3,69,TOWE,0,GE09,2018-03-19,7971
TOWE_POGP37_1_GE09_19_3,69,TOWE,0,GE09,2018-03-26,7971
TOWE_POGP37_1_GE09_19_3,70,TOWE,747,GE09,2018-04-02,8718
TOWE_POGP37_1_GE09_19_3,70,TOWE,747,GE09,2018-04-23,9465
TOWE_POGP37_1_GE09_19_3,76,TOWE,823,GE09,2018-10-08,10288
TOWE_POGP37_1_GE09_19_3,76,TOWE,823,GE09,2018-10-29,11111
TOWE_POGP37_1_GE09_19_3,82,TOWE,660,GE09,2019-04-01,11771
TOWE_POGP37_1_GE09_19_3,82,TOWE,660,GE09,2019-04-15,12431
TOWE_POGP37_1_GE09_19_3,81,TOWE,0,GE09,2019-03-11,12431
TOWE_POGP37_1_GE09_19_3,81,TOWE,0,GE09,2019-03-18,12431
TOWE_POGP37_1_GE09_19_3,81,TOWE,0,GE09,2019-03-04,12431
TOWE_POGP37_1_GE09_19_3,80,TOWE,921,GE09,2019-02-25,13352
TOWE_POGP37_1_GE09_19_3,83,TOWE,1013,GE09,2019-05-06,14365
TOWE_POGP37_1_GE09_19_3,83,TOWE,1013,GE09,2019-05-13,15378
TOWE_POGP37_1_GE09_19_3,94,TOWE,1214,GE09,2020-04-06,16592
TOWE_POGP37_1_GE09_19_3,94,TOWE,1214,GE09,2020-04-20,17806
TOWE_POGP37_1_GE09_19_3,95,TOWE,1438,GE09,2020-05-04,19244
TOWE_POGP37_1_GE09_19_3,95,TOWE,1438,GE09,2020-05-11,20682
TOWE_POGP37_1_GE09_19_3,95,TOWE,1438,GE09,2020-05-18,22120
TOWE_POGP37_1_GE09_19_3,96,TOWE,890,GE09,2020-06-01,23010
TOWE_POGP37_1_GE09_19_3,107,TOWE,1432,GE09,2021-05-20,24442
TOWE_POGP37_1_GE09_19_3,106,TOWE,934,GE09,2021-04-29,25376
TOWE_POGP37_1_GE09_19_3,108,TOWE,970,GE09,2021-06-03,26346
TOWE_POGP37_1_GE09_19_3,108,TOWE,970,GE09,2021-06-09,27316
TOWE_POGP37_1_GE09_19_3,108,TOWE,970,GE09,2021-06-16,28286
TOWE_POGP37_1_GE09_19_3,109,TOWE,0,GE09,2021-07-08,28286
TOWE_POGP37_1_GE09_19_3,120,TOWE,1180,GE09,2022-06-08,29466
TOWE_POGP37_1_GE09_19_3,121,TOWE,0,GE09,2022-07-18,29466
TOWE_POGP37_1_GE09_19_3,122,TOWE,610,GE09,2022-08-03,30076
TOWE_POGP37_1_GE09_19_3,131,TOWE,1159,GE09,2023-05-23,31235
TOWE_POGP37_1_GE09_19_3,132,TOWE,830,GE09,2023-06-22,32065
TOWE_POGP37_1_GE09_19_3,133,TOWE,0,GE09,2023-07-20,32065
TOWE_POGP37_1_GE09_19_3,141,TOWE,0,GE09,2024-03-05,32065
TOWE_POGP37_1_GE09_19_3,142,TOWE,0,GE09,2024-04-01,32065
TOWE_POGP37_1_GE09_19_3,143,TOWE,0,GE09,2024-05-28,32065
TOWE_POGP37_1_GE09_19_4,45,TOWE,403,GE09,2016-03-21,403
TOWE_POGP37_1_GE09_19_4,46,TOWE,350,GE09,2016-04-11,753
TOWE_POGP37_1_GE09_19_4,46,TOWE,350,GE09,2016-04-18,1103
TOWE_POGP37_1_GE09_19_4,47,TOWE,462,GE09,2016-05-02,1565
TOWE_POGP37_1_GE09_19_4,47,TOWE,462,GE09,2016-05-09,2027
TOWE_POGP37_1_GE09_19_4,47,TOWE,462,GE09,2016-05-16,2489
TOWE_POGP37_1_GE09_19_4,48,TOWE,267,GE09,2016-06-06,2756
TOWE_POGP37_1_GE09_19_4,48,TOWE,267,GE09,2016-06-20,3023
TOWE_POGP37_1_GE09_19_4,61,TOWE,0,GE09,2017-07-03,3023
TOWE_POGP37_1_GE09_19_4,62,TOWE,692,GE09,2017-08-07,3715
TOWE_POGP37_1_GE09_19_4,63,TOWE,724,GE09,2017-09-11,4439
TOWE_POGP37_1_GE09_19_4,69,TOWE,1192,GE09,2018-03-12,5631
TOWE_POGP37_1_GE09_19_4,69,TOWE,1192,GE09,2018-03-19,6823
TOWE_POGP37_1_GE09_19_4,68,TOWE,0,GE09,2018-02-26,6823
TOWE_POGP37_1_GE09_19_4,78,TOWE,0,GE09,2018-12-10,6823
TOWE_POGP37_1_GE09_19_4,76,TOWE,1330,GE09,2018-10-22,8153
TOWE_POGP37_1_GE09_19_4,76,TOWE,1330,GE09,2018-10-08,9483
TOWE_POGP37_1_GE09_19_4,77,TOWE,1170,GE09,2018-11-12,10653
TOWE_POGP37_1_GE09_19_4,80,TOWE,1079,GE09,2019-02-11,11732
TOWE_POGP37_1_GE09_19_4,80,TOWE,1079,GE09,2019-02-04,12811
TOWE_POGP37_1_GE09_19_4,80,TOWE,1079,GE09,2019-02-18,13890
TOWE_POGP37_1_GE09_19_4,79,TOWE,888,GE09,2019-01-21,14778
TOWE_POGP37_1_GE09_19_4,79,TOWE,888,GE09,2019-01-28,15666
TOWE_POGP37_1_GE09_19_4,81,TOWE,1007,GE09,2019-03-04,16673
TOWE_POGP37_1_GE09_19_4,81,TOWE,1007,GE09,2019-03-11,17680
TOWE_POGP37_1_GE09_19_4,82,TOWE,0,GE09,2019-04-01,17680
TOWE_POGP37_1_GE09_19_4,82,TOWE,0,GE09,2019-04-15,17680
TOWE_POGP37_1_GE09_19_4,82,TOWE,0,GE09,2019-04-29,17680
TOWE_POGP37_1_GE09_19_4,83,TOWE,1186,GE09,2019-05-06,18866
TOWE_POGP37_1_GE09_19_4,93,TOWE,1513,GE09,2020-03-16,20379
TOWE_POGP37_1_GE09_19_4,93,TOWE,1513,GE09,2020-03-09,21892
TOWE_POGP37_1_GE09_19_4,93,TOWE,1513,GE09,2020-03-23,23405
TOWE_POGP37_1_GE09_19_4,93,TOWE,1513,GE09,2020-03-30,24918
TOWE_POGP37_1_GE09_19_4,94,TOWE,1783,GE09,2020-04-13,26701
TOWE_POGP37_1_GE09_19_4,94,TOWE,1783,GE09,2020-04-20,28484
TOWE_POGP37_1_GE09_19_4,100,TOWE,0,GE09,2020-10-19,28484
TOWE_POGP37_1_GE09_19_4,101,TOWE,0,GE09,2020-11-16,28484
TOWE_POGP37_1_GE09_19_4,106,TOWE,1374,GE09,2021-04-07,29858
TOWE_POGP37_1_GE09_19_4,105,TOWE,860,GE09,2021-03-25,30718
TOWE_POGP37_1_GE09_19_4,119,TOWE,0,GE09,2022-05-03,30718
TOWE_POGP37_1_GE09_19_4,119,TOWE,0,GE09,2022-05-19,30718
TOWE_POGP37_1_GE09_19_4,117,TOWE,1636,GE09,2022-03-28,32354
TOWE_POGP37_1_GE09_19_4,118,TOWE,1585,GE09,2022-04-04,33939
TOWE_POGP37_1_GE09_19_4,120,TOWE,1358,GE09,2022-06-08,35297
TOWE_POGP37_1_GE09_19_4,131,TOWE,795,GE09,2023-05-04,36092
TOWE_POGP37_1_GE09_19_4,141,TOWE,0,GE09,2024-03-19,36092
TOWE_POGP37_1_GE09_19_4,142,TOWE,0,GE09,2024-04-16,36092
TOWE_POGP37_1_GE09_19_4,143,TOWE,0,GE09,2024-05-01,36092
TOWE_POGP37_1_GE09_19_5,46,TOWE,536,GE09,2016-04-11,536
TOWE_POGP37_1_GE09_19_5,46,TOWE,536,GE09,2016-04-18,1072
TOWE_POGP37_1_GE09_19_5,47,TOWE,71,GE09,2016-05-02,1143
TOWE_POGP37_1_GE09_19_5,47,TOWE,71,GE09,2016-05-09,1214
TOWE_POGP37_1_GE09_19_5,47,TOWE,71,GE09,2016-05-16,1285
TOWE_POGP37_1_GE09_19_5,47,TOWE,71,GE09,2016-05-30,1356
TOWE_POGP37_1_GE09_19_5,48,TOWE,306,GE09,2016-06-06,1662
TOWE_POGP37_1_GE09_19_5,49,TOWE,266,GE09,2016-07-04,1928
TOWE_POGP37_1_GE09_19_5,59,TOWE,582,GE09,2017-05-08,2510
TOWE_POGP37_1_GE09_19_5,58,TOWE,662,GE09,2017-04-24,3172
TOWE_POGP37_1_GE09_19_5,58,TOWE,662,GE09,2017-04-17,3834
TOWE_POGP37_1_GE09_19_5,61,TOWE,402,GE09,2017-07-24,4236
TOWE_POGP37_1_GE09_19_5,62,TOWE,0,GE09,2017-08-07,4236
TOWE_POGP37_1_GE09_19_5,62,TOWE,0,GE09,2017-08-28,4236
TOWE_POGP37_1_GE09_19_5,63,TOWE,535,GE09,2017-09-11,4771
TOWE_POGP37_1_GE09_19_5,69,TOWE,0,GE09,2018-03-26,4771
TOWE_POGP37_1_GE09_19_5,69,TOWE,0,GE09,2018-03-12,4771
TOWE_POGP37_1_GE09_19_5,70,TOWE,1090,GE09,2018-04-09,5861
TOWE_POGP37_1_GE09_19_5,70,TOWE,1090,GE09,2018-04-02,6951
TOWE_POGP37_1_GE09_19_5,70,TOWE,1090,GE09,2018-04-23,8041
TOWE_POGP37_1_GE09_19_5,70,TOWE,1090,GE09,2018-04-30,9131
TOWE_POGP37_1_GE09_19_5,71,TOWE,624,GE09,2018-05-07,9755
TOWE_POGP37_1_GE09_19_5,82,TOWE,42,GE09,2019-04-15,9797
TOWE_POGP37_1_GE09_19_5,82,TOWE,42,GE09,2019-04-01,9839
TOWE_POGP37_1_GE09_19_5,82,TOWE,42,GE09,2019-04-29,9881
TOWE_POGP37_1_GE09_19_5,81,TOWE,1038,GE09,2019-03-11,10919
TOWE_POGP37_1_GE09_19_5,81,TOWE,1038,GE09,2019-03-18,11957
TOWE_POGP37_1_GE09_19_5,83,TOWE,1208,GE09,2019-05-06,13165
TOWE_POGP37_1_GE09_19_5,83,TOWE,1208,GE09,2019-05-20,14373
TOWE_POGP37_1_GE09_19_5,84,TOWE,0,GE09,2019-06-04,14373
TOWE_POGP37_1_GE09_19_5,85,TOWE,1177,GE09,2019-07-01,15550
TOWE_POGP37_1_GE09_19_5,85,TOWE,1177,GE09,2019-07-15,16727
TOWE_POGP37_1_GE09_19_5,86,TOWE,689,GE09,2019-08-05,17416
TOWE_POGP37_1_GE09_19_5,87,TOWE,0,GE09,2019-09-02,17416
TOWE_POGP37_1_GE09_19_5,88,TOWE,0,GE09,2019-10-14,17416
TOWE_POGP37_1_GE09_19_5,95,TOWE,0,GE09,2020-05-11,17416
TOWE_POGP37_1_GE09_19_5,95,TOWE,0,GE09,2020-05-18,17416
TOWE_POGP37_1_GE09_19_5,95,TOWE,0,GE09,2020-05-04,17416
TOWE_POGP37_1_GE09_19_5,96,TOWE,1003,GE09,2020-06-01,18419
TOWE_POGP37_1_GE09_19_5,96,TOWE,1003,GE09,2020-06-08,19422
TOWE_POGP37_1_GE09_19_5,96,TOWE,1003,GE09,2020-06-15,20425
TOWE_POGP37_1_GE09_19_5,107,TOWE,0,GE09,2021-05-20,20425
TOWE_POGP37_1_GE09_19_5,107,TOWE,0,GE09,2021-05-13,20425
TOWE_POGP37_1_GE09_19_5,106,TOWE,0,GE09,2021-04-29,20425
TOWE_POGP37_1_GE09_19_5,108,TOWE,1329,GE09,2021-06-03,21754
TOWE_POGP37_1_GE09_19_5,108,TOWE,1329,GE09,2021-06-09,23083
TOWE_POGP37_1_GE09_19_5,108,TOWE,1329,GE09,2021-06-24,24412
TOWE_POGP37_1_GE09_19_5,119,TOWE,2019,GE09,2022-05-03,26431
TOWE_POGP37_1_GE09_19_5,119,TOWE,2019,GE09,2022-05-19,28450
TOWE_POGP37_1_GE09_19_5,120,TOWE,1492,GE09,2022-06-08,29942
TOWE_POGP37_1_GE09_19_5,131,TOWE,977,GE09,2023-05-11,30919
TOWE_POGP37_1_GE09_19_5,131,TOWE,977,GE09,2023-05-23,31896
TOWE_POGP37_1_GE09_19_5,133,TOWE,643,GE09,2023-07-20,32539
TOWE_POGP37_1_GE09_19_5,142,TOWE,0,GE09,2024-04-16,32539
TOWE_POGP37_1_GE09_19_5,143,TOWE,0,GE09,2024-05-01,32539
TOWE_POGP37_1_GE09_19_5,144,TOWE,0,GE09,2024-06-04,32539
TOWE_POGP37_1_GE09_19_5,145,TOWE,0,GE09,2024-07-01,32539
TOWE_POGP37_2_GE06_24_18,45,TOWE,0,GE06,2016-03-15,0
TOWE_POGP37_2_GE06_24_18,46,TOWE,341,GE06,2016-04-12,341
TOWE_POGP37_2_GE06_24_18,46,TOWE,341,GE06,2016-04-26,682
TOWE_POGP37_2_GE06_24_18,47,TOWE,350,GE06,2016-05-03,1032
TOWE_POGP37_2_GE06_24_18,47,TOWE,350,GE06,2016-05-17,1382
TOWE_POGP37_2_GE06_24_18,48,TOWE,0,GE06,2016-06-14,1382
TOWE_POGP37_2_GE06_24_18,59,TOWE,579,GE06,2017-05-16,1961
TOWE_POGP37_2_GE06_24_18,59,TOWE,579,GE06,2017-05-30,2540
TOWE_POGP37_2_GE06_24_18,60,TOWE,506,GE06,2017-06-13,3046
TOWE_POGP37_2_GE06_24_18,60,TOWE,506,GE06,2017-06-20,3552
TOWE_POGP37_2_GE06_24_18,61,TOWE,463,GE06,2017-07-04,4015
TOWE_POGP37_2_GE06_24_18,62,TOWE,391,GE06,2017-08-01,4406
TOWE_POGP37_2_GE06_24_18,62,TOWE,391,GE06,2017-08-29,4797
TOWE_POGP37_2_GE06_24_18,68,TOWE,940,GE06,2018-02-06,5737
TOWE_POGP37_2_GE06_24_18,68,TOWE,940,GE06,2018-02-20,6677
TOWE_POGP37_2_GE06_24_18,68,TOWE,940,GE06,2018-02-27,7617
TOWE_POGP37_2_GE06_24_18,74,TOWE,1049,GE06,2018-08-14,8666
TOWE_POGP37_2_GE06_24_18,74,TOWE,1049,GE06,2018-08-07,9715
TOWE_POGP37_2_GE06_24_18,75,TOWE,972,GE06,2018-09-04,10687
TOWE_POGP37_2_GE06_24_18,75,TOWE,972,GE06,2018-09-18,11659
TOWE_POGP37_2_GE06_24_18,78,TOWE,0,GE06,2018-12-25,11659
TOWE_POGP37_2_GE06_24_18,81,TOWE,1225,GE06,2019-03-05,12884
TOWE_POGP37_2_GE06_24_18,81,TOWE,1225,GE06,2019-03-12,14109
TOWE_POGP37_2_GE06_24_18,82,TOWE,948,GE06,2019-04-02,15057
TOWE_POGP37_2_GE06_24_18,82,TOWE,948,GE06,2019-04-16,16005
TOWE_POGP37_2_GE06_24_18,87,TOWE,255,GE06,2019-09-03,16260
TOWE_POGP37_2_GE06_24_18,87,TOWE,255,GE06,2019-09-24,16515
TOWE_POGP37_2_GE06_24_18,88,TOWE,1075,GE06,2019-10-29,17590
TOWE_POGP37_2_GE06_24_18,88,TOWE,1075,GE06,2019-10-22,18665
TOWE_POGP37_2_GE06_24_18,91,TOWE,1160,GE06,2020-01-07,19825
TOWE_POGP37_2_GE06_24_18,91,TOWE,1160,GE06,2020-01-21,20985
TOWE_POGP37_2_GE06_24_18,91,TOWE,1160,GE06,2020-01-28,22145
TOWE_POGP37_2_GE06_24_18,92,TOWE,975,GE06,2020-02-11,23120
TOWE_POGP37_2_GE06_24_18,93,TOWE,1043,GE06,2020-03-03,24163
TOWE_POGP37_2_GE06_24_18,93,TOWE,1043,GE06,2020-03-24,25206
TOWE_POGP37_2_GE06_24_18,97,TOWE,712,GE06,2020-07-28,25918
TOWE_POGP37_2_GE06_24_18,98,TOWE,932,GE06,2020-08-11,26850
TOWE_POGP37_2_GE06_24_18,104,TOWE,980,GE06,2021-02-18,27830
TOWE_POGP37_2_GE06_24_18,104,TOWE,980,GE06,2021-02-25,28810
TOWE_POGP37_2_GE06_24_18,105,TOWE,1140,GE06,2021-03-18,29950
TOWE_POGP37_2_GE06_24_18,105,TOWE,1140,GE06,2021-03-25,31090
TOWE_POGP37_2_GE06_24_18,106,TOWE,969,GE06,2021-04-07,32059
TOWE_POGP37_2_GE06_24_18,117,TOWE,3590,GE06,2022-03-21,35649
TOWE_POGP37_2_GE06_24_18,124,TOWE,845,GE06,2022-10-04,36494
TOWE_POGP37_2_GE06_24_18,126,TOWE,1879,GE06,2022-12-27,38373
TOWE_POGP37_2_GE06_24_18,128,TOWE,1091,GE06,2023-02-07,39464
TOWE_POGP37_2_GE06_24_18,131,TOWE,1597,GE06,2023-05-02,41061
TOWE_POGP37_2_GE06_24_18,131,TOWE,1597,GE06,2023-05-24,42658
TOWE_POGP37_2_GE06_24_18,139,TOWE,827,GE06,2024-01-25,43485
TOWE_POGP37_2_GE06_24_18,142,TOWE,0,GE06,2024-04-16,43485
TOWE_POGP37_2_GE06_24_19,46,TOWE,0,GE06,2016-04-05,0
TOWE_POGP37_2_GE06_24_19,46,TOWE,0,GE06,2016-04-12,0
TOWE_POGP37_2_GE06_24_19,46,TOWE,0,GE06,2016-04-19,0
TOWE_POGP37_2_GE06_24_19,46,TOWE,0,GE06,2016-04-26,0
TOWE_POGP37_2_GE06_24_19,45,TOWE,0,GE06,2016-03-15,0
TOWE_POGP37_2_GE06_24_19,47,TOWE,0,GE06,2016-05-17,0
TOWE_POGP37_2_GE06_24_19,47,TOWE,0,GE06,2016-05-31,0
TOWE_POGP37_2_GE06_24_19,48,TOWE,0,GE06,2016-06-07,0
TOWE_POGP37_2_GE06_24_19,59,TOWE,391,GE06,2017-05-16,391
TOWE_POGP37_2_GE06_24_19,59,TOWE,391,GE06,2017-05-30,782
TOWE_POGP37_2_GE06_24_19,60,TOWE,399,GE06,2017-06-06,1181
TOWE_POGP37_2_GE06_24_19,60,TOWE,399,GE06,2017-06-20,1580
TOWE_POGP37_2_GE06_24_19,61,TOWE,343,GE06,2017-07-04,1923
TOWE_POGP37_2_GE06_24_19,61,TOWE,343,GE06,2017-07-25,2266
TOWE_POGP37_2_GE06_24_19,62,TOWE,400,GE06,2017-08-15,2666
TOWE_POGP37_2_GE06_24_19,62,TOWE,400,GE06,2017-08-29,3066
TOWE_POGP37_2_GE06_24_19,67,TOWE,513,GE06,2018-01-09,3579
TOWE_POGP37_2_GE06_24_19,67,TOWE,513,GE06,2018-01-30,4092
TOWE_POGP37_2_GE06_24_19,68,TOWE,0,GE06,2018-02-20,4092
TOWE_POGP37_2_GE06_24_19,68,TOWE,0,GE06,2018-02-27,4092
TOWE_POGP37_2_GE06_24_19,71,TOWE,534,GE06,2018-05-29,4626
TOWE_POGP37_2_GE06_24_19,72,TOWE,551,GE06,2018-06-12,5177
TOWE_POGP37_2_GE06_24_19,73,TOWE,549,GE06,2018-07-03,5726
TOWE_POGP37_2_GE06_24_19,73,TOWE,549,GE06,2018-07-24,6275
TOWE_POGP37_2_GE06_24_19,74,TOWE,723,GE06,2018-08-07,6998
TOWE_POGP37_2_GE06_24_19,76,TOWE,0,GE06,2018-10-02,6998
TOWE_POGP37_2_GE06_24_19,78,TOWE,0,GE06,2018-12-11,6998
TOWE_POGP37_2_GE06_24_19,79,TOWE,0,GE06,2019-01-01,6998
TOWE_POGP37_2_GE06_24_19,79,TOWE,0,GE06,2019-01-15,6998
TOWE_POGP37_2_GE06_24_19,80,TOWE,690,GE06,2019-02-05,7688
TOWE_POGP37_2_GE06_24_19,80,TOWE,690,GE06,2019-02-19,8378
TOWE_POGP37_2_GE06_24_19,80,TOWE,690,GE06,2019-02-26,9068
TOWE_POGP37_2_GE06_24_19,81,TOWE,737,GE06,2019-03-12,9805
TOWE_POGP37_2_GE06_24_19,90,TOWE,942,GE06,2019-12-17,10747
TOWE_POGP37_2_GE06_24_19,90,TOWE,942,GE06,2019-12-10,11689
TOWE_POGP37_2_GE06_24_19,90,TOWE,942,GE06,2019-12-24,12631
TOWE_POGP37_2_GE06_24_19,91,TOWE,984,GE06,2020-01-07,13615
TOWE_POGP37_2_GE06_24_19,91,TOWE,984,GE06,2020-01-28,14599
TOWE_POGP37_2_GE06_24_19,93,TOWE,1009,GE06,2020-03-10,15608
TOWE_POGP37_2_GE06_24_19,94,TOWE,0,GE06,2020-04-07,15608
TOWE_POGP37_2_GE06_24_19,97,TOWE,663,GE06,2020-07-21,16271
TOWE_POGP37_2_GE06_24_19,98,TOWE,882,GE06,2020-08-04,17153
TOWE_POGP37_2_GE06_24_19,103,TOWE,765,GE06,2021-01-06,17918
TOWE_POGP37_2_GE06_24_19,103,TOWE,765,GE06,2021-01-19,18683
TOWE_POGP37_2_GE06_24_19,104,TOWE,314,GE06,2021-02-04,18997
TOWE_POGP37_2_GE06_24_19,104,TOWE,314,GE06,2021-02-18,19311
TOWE_POGP37_2_GE06_24_19,104,TOWE,314,GE06,2021-02-25,19625
TOWE_POGP37_2_GE06_24_19,105,TOWE,447,GE06,2021-03-03,20072
TOWE_POGP37_2_GE06_24_19,105,TOWE,447,GE06,2021-03-11,20519
TOWE_POGP37_2_GE06_24_19,106,TOWE,0,GE06,2021-04-07,20519
TOWE_POGP37_2_GE06_24_19,107,TOWE,0,GE06,2021-05-05,20519
TOWE_POGP37_2_GE06_24_19,117,TOWE,741,GE06,2022-03-14,21260
TOWE_POGP37_2_GE06_24_19,118,TOWE,1293,GE06,2022-04-05,22553
TOWE_POGP37_2_GE06_24_19,118,TOWE,1293,GE06,2022-04-18,23846
TOWE_POGP37_2_GE06_24_19,119,TOWE,857,GE06,2022-05-10,24703
TOWE_POGP37_2_GE06_24_19,120,TOWE,0,GE06,2022-06-08,24703
TOWE_POGP37_2_GE06_24_19,129,TOWE,889,GE06,2023-03-29,25592
TOWE_POGP37_2_GE06_24_19,130,TOWE,1283,GE06,2023-04-12,26875
TOWE_POGP37_2_GE06_24_19,140,TOWE,0,GE06,2024-02-27,26875
TOWE_POGP37_2_GE06_24_19,142,TOWE,0,GE06,2024-04-16,26875
TOWE_POGP37_2_GE06_24_20,44,TOWE,0,GE06,2016-02-02,0
TOWE_POGP37_2_GE06_24_20,44,TOWE,0,GE06,2016-02-09,0
TOWE_POGP37_2_GE06_24_20,46,TOWE,0,GE06,2016-04-05,0
TOWE_POGP37_2_GE06_24_20,46,TOWE,0,GE06,2016-04-12,0
TOWE_POGP37_2_GE06_24_20,46,TOWE,0,GE06,2016-04-19,0
TOWE_POGP37_2_GE06_24_20,47,TOWE,0,GE06,2016-05-17,0
TOWE_POGP37_2_GE06_24_20,47,TOWE,0,GE06,2016-05-24,0
TOWE_POGP37_2_GE06_24_20,57,TOWE,311,GE06,2017-03-07,311
TOWE_POGP37_2_GE06_24_20,57,TOWE,311,GE06,2017-03-28,622
TOWE_POGP37_2_GE06_24_20,56,TOWE,986,GE06,2017-02-07,1608
TOWE_POGP37_2_GE06_24_20,56,TOWE,986,GE06,2017-02-14,2594
TOWE_POGP37_2_GE06_24_20,56,TOWE,986,GE06,2017-02-21,3580
TOWE_POGP37_2_GE06_24_20,61,TOWE,447,GE06,2017-07-04,4027
TOWE_POGP37_2_GE06_24_20,67,TOWE,0,GE06,2018-01-09,4027
TOWE_POGP37_2_GE06_24_20,67,TOWE,0,GE06,2018-01-23,4027
TOWE_POGP37_2_GE06_24_20,67,TOWE,0,GE06,2018-01-30,4027
TOWE_POGP37_2_GE06_24_20,68,TOWE,0,GE06,2018-02-20,4027
TOWE_POGP37_2_GE06_24_20,69,TOWE,1205,GE06,2018-03-06,5232
TOWE_POGP37_2_GE06_24_20,69,TOWE,1205,GE06,2018-03-13,6437
TOWE_POGP37_2_GE06_24_20,79,TOWE,1272,GE06,2019-01-29,7709
TOWE_POGP37_2_GE06_24_20,80,TOWE,1420,GE06,2019-02-05,9129
TOWE_POGP37_2_GE06_24_20,80,TOWE,1420,GE06,2019-02-11,10549
TOWE_POGP37_2_GE06_24_20,80,TOWE,1420,GE06,2019-02-19,11969
TOWE_POGP37_2_GE06_24_20,81,TOWE,1352,GE06,2019-03-05,13321
TOWE_POGP37_2_GE06_24_20,81,TOWE,1352,GE06,2019-03-19,14673
TOWE_POGP37_2_GE06_24_20,82,TOWE,1056,GE06,2019-04-02,15729
TOWE_POGP37_2_GE06_24_20,82,TOWE,1056,GE06,2019-04-30,16785
TOWE_POGP37_2_GE06_24_20,92,TOWE,1020,GE06,2020-02-19,17805
TOWE_POGP37_2_GE06_24_20,92,TOWE,1020,GE06,2020-02-04,18825
TOWE_POGP37_2_GE06_24_20,93,TOWE,1452,GE06,2020-03-03,20277
TOWE_POGP37_2_GE06_24_20,93,TOWE,1452,GE06,2020-03-10,21729
TOWE_POGP37_2_GE06_24_20,98,TOWE,0,GE06,2020-08-11,21729
TOWE_POGP37_2_GE06_24_20,103,TOWE,1396,GE06,2021-01-21,23125
TOWE_POGP37_2_GE06_24_20,104,TOWE,1742,GE06,2021-02-04,24867
TOWE_POGP37_2_GE06_24_20,104,TOWE,1742,GE06,2021-02-18,26609
TOWE_POGP37_2_GE06_24_20,105,TOWE,1177,GE06,2021-03-11,27786
TOWE_POGP37_2_GE06_24_20,105,TOWE,1177,GE06,2021-03-18,28963
TOWE_POGP37_2_GE06_24_20,116,TOWE,0,GE06,2022-02-09,28963
TOWE_POGP37_2_GE06_24_20,118,TOWE,1339,GE06,2022-04-05,30302
TOWE_POGP37_2_GE06_24_20,130,TOWE,1013,GE06,2023-04-04,31315
TOWE_POGP37_2_GE06_24_20,140,TOWE,936,GE06,2024-02-06,32251
TOWE_POGP37_2_GE06_24_20,141,TOWE,0,GE06,2024-03-12,32251
TOWE_POGP37_2_GE09_24_23,46,TOWE,464,GE09,2016-04-19,464
TOWE_POGP37_2_GE09_24_23,47,TOWE,638,GE09,2016-05-10,1102
TOWE_POGP37_2_GE09_24_23,47,TOWE,638,GE09,2016-05-17,1740
TOWE_POGP37_2_GE09_24_23,47,TOWE,638,GE09,2016-05-24,2378
TOWE_POGP37_2_GE09_24_23,48,TOWE,401,GE09,2016-06-14,2779
TOWE_POGP37_2_GE09_24_23,48,TOWE,401,GE09,2016-06-07,3180
TOWE_POGP37_2_GE09_24_23,49,TOWE,448,GE09,2016-07-19,3628
TOWE_POGP37_2_GE09_24_23,58,TOWE,599,GE09,2017-04-11,4227
TOWE_POGP37_2_GE09_24_23,58,TOWE,599,GE09,2017-04-18,4826
TOWE_POGP37_2_GE09_24_23,59,TOWE,657,GE09,2017-05-02,5483
TOWE_POGP37_2_GE09_24_23,59,TOWE,657,GE09,2017-05-16,6140
TOWE_POGP37_2_GE09_24_23,64,TOWE,727,GE09,2017-10-24,6867
TOWE_POGP37_2_GE09_24_23,69,TOWE,929,GE09,2018-03-13,7796
TOWE_POGP37_2_GE09_24_23,69,TOWE,929,GE09,2018-03-06,8725
TOWE_POGP37_2_GE09_24_23,70,TOWE,1326,GE09,2018-04-03,10051
TOWE_POGP37_2_GE09_24_23,70,TOWE,1326,GE09,2018-04-24,11377
TOWE_POGP37_2_GE09_24_23,71,TOWE,1143,GE09,2018-05-01,12520
TOWE_POGP37_2_GE09_24_23,82,TOWE,1008,GE09,2019-04-16,13528
TOWE_POGP37_2_GE09_24_23,83,TOWE,1502,GE09,2019-05-07,15030
TOWE_POGP37_2_GE09_24_23,83,TOWE,1502,GE09,2019-05-28,16532
TOWE_POGP37_2_GE09_24_23,84,TOWE,0,GE09,2019-06-04,16532
TOWE_POGP37_2_GE09_24_23,84,TOWE,0,GE09,2019-06-11,16532
TOWE_POGP37_2_GE09_24_23,95,TOWE,2030,GE09,2020-05-26,18562
TOWE_POGP37_2_GE09_24_23,95,TOWE,2030,GE09,2020-05-19,20592
TOWE_POGP37_2_GE09_24_23,95,TOWE,2030,GE09,2020-05-12,22622
TOWE_POGP37_2_GE09_24_23,96,TOWE,1349,GE09,2020-06-02,23971
TOWE_POGP37_2_GE09_24_23,96,TOWE,1349,GE09,2020-06-16,25320
TOWE_POGP37_2_GE09_24_23,108,TOWE,1085,GE09,2021-06-03,26405
TOWE_POGP37_2_GE09_24_23,108,TOWE,1085,GE09,2021-06-24,27490
TOWE_POGP37_2_GE09_24_23,108,TOWE,1085,GE09,2021-06-29,28575
TOWE_POGP37_2_GE09_24_23,107,TOWE,1681,GE09,2021-05-20,30256
TOWE_POGP37_2_GE09_24_23,109,TOWE,1379,GE09,2021-07-08,31635
TOWE_POGP37_2_GE09_24_23,110,TOWE,0,GE09,2021-08-11,31635
TOWE_POGP37_2_GE09_24_23,121,TOWE,970,GE09,2022-07-19,32605
TOWE_POGP37_2_GE09_24_23,121,TOWE,970,GE09,2022-07-25,33575
TOWE_POGP37_2_GE09_24_23,122,TOWE,0,GE09,2022-08-03,33575
TOWE_POGP37_2_GE09_24_23,123,TOWE,612,GE09,2022-09-08,34187
TOWE_POGP37_2_GE09_24_23,132,TOWE,668,GE09,2023-06-22,34855
TOWE_POGP37_2_GE09_24_23,134,TOWE,912,GE09,2023-08-08,35767
TOWE_POGP37_2_GE09_24_23,142,TOWE,0,GE09,2024-04-16,35767
TOWE_POGP37_2_GE09_24_23,144,TOWE,0,GE09,2024-06-05,35767
TOWE_POGP37_2_GE09_24_23,145,TOWE,0,GE09,2024-07-10,35767
TOWE_POGP37_2_GE09_24_25,42,TOWE,0,GE09,2015-12-01,0
TOWE_POGP37_2_GE09_24_25,46,TOWE,264,GE09,2016-04-19,264
TOWE_POGP37_2_GE09_24_25,46,TOWE,264,GE09,2016-04-26,528
TOWE_POGP37_2_GE09_24_25,47,TOWE,340,GE09,2016-05-03,868
TOWE_POGP37_2_GE09_24_25,47,TOWE,340,GE09,2016-05-10,1208
TOWE_POGP37_2_GE09_24_25,47,TOWE,340,GE09,2016-05-17,1548
TOWE_POGP37_2_GE09_24_25,48,TOWE,0,GE09,2016-06-07,1548
TOWE_POGP37_2_GE09_24_25,65,TOWE,0,GE09,2017-11-21,1548
TOWE_POGP37_2_GE09_24_25,65,TOWE,0,GE09,2017-11-28,1548
TOWE_POGP37_2_GE09_24_25,68,TOWE,0,GE09,2018-02-27,1548
TOWE_POGP37_2_GE09_24_25,68,TOWE,0,GE09,2018-02-20,1548
TOWE_POGP37_2_GE09_24_25,67,TOWE,0,GE09,2018-01-09,1548
TOWE_POGP37_2_GE09_24_25,70,TOWE,587,GE09,2018-04-03,2135
TOWE_POGP37_2_GE09_24_25,70,TOWE,587,GE09,2018-04-10,2722
TOWE_POGP37_2_GE09_24_25,80,TOWE,870,GE09,2019-02-05,3592
TOWE_POGP37_2_GE09_24_25,90,TOWE,1376,GE09,2019-12-31,4968
TOWE_POGP37_2_GE09_24_25,94,TOWE,1187,GE09,2020-04-15,6155
TOWE_POGP37_2_GE09_24_25,95,TOWE,1151,GE09,2020-05-05,7306
TOWE_POGP37_2_GE09_24_25,97,TOWE,899,GE09,2020-07-28,8205
TOWE_POGP37_2_GE09_24_25,98,TOWE,900,GE09,2020-08-25,9105
TOWE_POGP37_2_GE09_24_25,99,TOWE,1110,GE09,2020-09-08,10215
TOWE_POGP37_2_GE09_24_25,99,TOWE,1110,GE09,2020-09-29,11325
TOWE_POGP37_2_GE09_24_25,100,TOWE,1162,GE09,2020-10-20,12487
TOWE_POGP37_2_GE09_24_25,105,TOWE,1220,GE09,2021-03-18,13707
TOWE_POGP37_2_GE09_24_25,106,TOWE,1424,GE09,2021-04-01,15131
TOWE_POGP37_2_GE09_24_25,106,TOWE,1424,GE09,2021-04-07,16555
TOWE_POGP37_2_GE09_24_25,107,TOWE,1294,GE09,2021-05-13,17849
TOWE_POGP37_2_GE09_24_25,117,TOWE,1779,GE09,2022-03-21,19628
TOWE_POGP37_2_GE09_24_25,118,TOWE,0,GE09,2022-04-18,19628
TOWE_POGP37_2_GE09_24_25,118,TOWE,0,GE09,2022-04-05,19628
TOWE_POGP37_2_GE09_24_25,119,TOWE,770,GE09,2022-05-10,20398
TOWE_POGP37_2_GE09_24_25,120,TOWE,1342,GE09,2022-06-08,21740
TOWE_POGP37_2_GE09_24_25,131,TOWE,2058,GE09,2023-05-16,23798
TOWE_POGP37_2_GE09_24_25,142,TOWE,0,GE09,2024-04-03,23798
TOWE_POGP37_3_GE02_24_3,45,TOWE,0,GE02,2016-03-16,0
TOWE_POGP37_3_GE02_24_3,47,TOWE,0,GE02,2016-05-04,0
TOWE_POGP37_3_GE02_24_3,47,TOWE,0,GE02,2016-05-18,0
TOWE_POGP37_3_GE02_24_3,47,TOWE,0,GE02,2016-05-25,0
TOWE_POGP37_3_GE02_24_3,48,TOWE,0,GE02,2016-06-15,0
TOWE_POGP37_3_GE02_24_3,48,TOWE,0,GE02,2016-06-29,0
TOWE_POGP37_3_GE02_24_3,51,TOWE,0,GE02,2016-09-14,0
TOWE_POGP37_3_GE02_24_3,58,TOWE,0,GE02,2017-04-12,0
TOWE_POGP37_3_GE02_24_3,61,TOWE,0,GE02,2017-07-05,0
TOWE_POGP37_3_GE02_24_3,63,TOWE,0,GE02,2017-09-27,0
TOWE_POGP37_3_GE02_24_3,68,TOWE,1004,GE02,2018-02-28,1004
TOWE_POGP37_3_GE02_24_3,69,TOWE,685,GE02,2018-03-07,1689
TOWE_POGP37_3_GE02_24_3,78,TOWE,0,GE02,2018-12-19,1689
TOWE_POGP37_3_GE02_24_3,76,TOWE,739,GE02,2018-10-24,2428
TOWE_POGP37_3_GE02_24_3,79,TOWE,809,GE02,2019-01-09,3237
TOWE_POGP37_3_GE02_24_3,80,TOWE,762,GE02,2019-02-06,3999
TOWE_POGP37_3_GE02_24_3,80,TOWE,762,GE02,2019-02-13,4761
TOWE_POGP37_3_GE02_24_3,80,TOWE,762,GE02,2019-02-20,5523
TOWE_POGP37_3_GE02_24_3,81,TOWE,925,GE02,2019-03-06,6448
TOWE_POGP37_3_GE02_24_3,81,TOWE,925,GE02,2019-03-27,7373
TOWE_POGP37_3_GE02_24_3,82,TOWE,783,GE02,2019-04-02,8156
TOWE_POGP37_3_GE02_24_3,82,TOWE,783,GE02,2019-04-17,8939
TOWE_POGP37_3_GE02_24_3,83,TOWE,757,GE02,2019-05-01,9696
TOWE_POGP37_3_GE02_24_3,93,TOWE,1280,GE02,2020-03-18,10976
TOWE_POGP37_3_GE02_24_3,92,TOWE,2253,GE02,2020-02-12,13229
TOWE_POGP37_3_GE02_24_3,92,TOWE,2253,GE02,2020-02-05,15482
TOWE_POGP37_3_GE02_24_3,94,TOWE,1250,GE02,2020-04-01,16732
TOWE_POGP37_3_GE02_24_3,94,TOWE,1250,GE02,2020-04-08,17982
TOWE_POGP37_3_GE02_24_3,94,TOWE,1250,GE02,2020-04-15,19232
TOWE_POGP37_3_GE02_24_3,94,TOWE,1250,GE02,2020-04-22,20482
TOWE_POGP37_3_GE02_24_3,94,TOWE,1250,GE02,2020-04-29,21732
TOWE_POGP37_3_GE02_24_3,106,TOWE,1018,GE02,2021-04-08,22750
TOWE_POGP37_3_GE02_24_3,106,TOWE,1018,GE02,2021-04-01,23768
TOWE_POGP37_3_GE02_24_3,106,TOWE,1018,GE02,2021-04-22,24786
TOWE_POGP37_3_GE02_24_3,106,TOWE,1018,GE02,2021-04-29,25804
TOWE_POGP37_3_GE02_24_3,107,TOWE,994,GE02,2021-05-05,26798
TOWE_POGP37_3_GE02_24_3,107,TOWE,994,GE02,2021-05-20,27792
TOWE_POGP37_3_GE02_24_3,119,TOWE,1328,GE02,2022-05-05,29120
TOWE_POGP37_3_GE02_24_3,119,TOWE,1328,GE02,2022-05-11,30448
TOWE_POGP37_3_GE02_24_3,118,TOWE,733,GE02,2022-04-20,31181
TOWE_POGP37_3_GE02_24_3,118,TOWE,733,GE02,2022-04-18,31914
TOWE_POGP37_3_GE02_24_3,132,TOWE,1247,GE02,2023-06-01,33161
TOWE_POGP37_3_GE02_24_3,132,TOWE,1247,GE02,2023-06-29,34408
TOWE_POGP37_3_GE02_24_3,139,TOWE,941,GE02,2024-01-31,35349
TOWE_POGP37_3_GE02_24_3,140,TOWE,0,GE02,2024-02-21,35349
TOWE_POGP37_3_GE02_24_3,141,TOWE,0,GE02,2024-03-06,35349
TOWE_POGP37_3_GE02_24_3,141,TOWE,0,GE02,2024-03-13,35349
TOWE_POGP37_3_GE02_24_3,142,TOWE,0,GE02,2024-04-17,35349
TOWE_POGP37_3_GE02_24_5,44,TOWE,0,GE02,2016-02-17,0
TOWE_POGP37_3_GE02_24_5,46,TOWE,0,GE02,2016-04-05,0
TOWE_POGP37_3_GE02_24_5,46,TOWE,0,GE02,2016-04-27,0
TOWE_POGP37_3_GE02_24_5,47,TOWE,0,GE02,2016-05-25,0
TOWE_POGP37_3_GE02_24_5,48,TOWE,0,GE02,2016-06-15,0
TOWE_POGP37_3_GE02_24_5,48,TOWE,0,GE02,2016-06-22,0
TOWE_POGP37_3_GE02_24_5,59,TOWE,0,GE02,2017-05-03,0
TOWE_POGP37_3_GE02_24_5,59,TOWE,0,GE02,2017-05-10,0
TOWE_POGP37_3_GE02_24_5,59,TOWE,0,GE02,2017-05-24,0
TOWE_POGP37_3_GE02_24_5,59,TOWE,0,GE02,2017-05-31,0
TOWE_POGP37_3_GE02_24_5,60,TOWE,0,GE02,2017-06-14,0
TOWE_POGP37_3_GE02_24_5,61,TOWE,0,GE02,2017-07-12,0
TOWE_POGP37_3_GE02_24_5,61,TOWE,0,GE02,2017-07-19,0
TOWE_POGP37_3_GE02_24_5,62,TOWE,0,GE02,2017-08-23,0
TOWE_POGP37_3_GE02_24_5,63,TOWE,0,GE02,2017-09-13,0
TOWE_POGP37_3_GE02_24_5,69,TOWE,780,GE02,2018-03-07,780
TOWE_POGP37_3_GE02_24_5,72,TOWE,432,GE02,2018-06-06,1212
TOWE_POGP37_3_GE02_24_5,72,TOWE,432,GE02,2018-06-13,1644
TOWE_POGP37_3_GE02_24_5,77,TOWE,796,GE02,2018-11-07,2440
TOWE_POGP37_3_GE02_24_5,77,TOWE,796,GE02,2018-11-14,3236
TOWE_POGP37_3_GE02_24_5,76,TOWE,580,GE02,2018-10-17,3816
TOWE_POGP37_3_GE02_24_5,78,TOWE,0,GE02,2018-12-26,3816
TOWE_POGP37_3_GE02_24_5,80,TOWE,618,GE02,2019-02-06,4434
TOWE_POGP37_3_GE02_24_5,80,TOWE,618,GE02,2019-02-13,5052
TOWE_POGP37_3_GE02_24_5,80,TOWE,618,GE02,2019-02-20,5670
TOWE_POGP37_3_GE02_24_5,81,TOWE,850,GE02,2019-03-06,6520
TOWE_POGP37_3_GE02_24_5,81,TOWE,850,GE02,2019-03-20,7370
TOWE_POGP37_3_GE02_24_5,81,TOWE,850,GE02,2019-03-27,8220
TOWE_POGP37_3_GE02_24_5,91,TOWE,1029,GE02,2020-01-30,9249
TOWE_POGP37_3_GE02_24_5,91,TOWE,1029,GE02,2020-01-07,10278
TOWE_POGP37_3_GE02_24_5,92,TOWE,894,GE02,2020-02-12,11172
TOWE_POGP37_3_GE02_24_5,93,TOWE,1131,GE02,2020-03-04,12303
TOWE_POGP37_3_GE02_24_5,93,TOWE,1131,GE02,2020-03-11,13434
TOWE_POGP37_3_GE02_24_5,94,TOWE,993,GE02,2020-04-01,14427
TOWE_POGP37_3_GE02_24_5,97,TOWE,500,GE02,2020-07-15,14927
TOWE_POGP37_3_GE02_24_5,99,TOWE,1041,GE02,2020-09-02,15968
TOWE_POGP37_3_GE02_24_5,105,TOWE,764,GE02,2021-03-03,16732
TOWE_POGP37_3_GE02_24_5,106,TOWE,1094,GE02,2021-04-08,17826
TOWE_POGP37_3_GE02_24_5,106,TOWE,1094,GE02,2021-04-29,18920
TOWE_POGP37_3_GE02_24_5,107,TOWE,669,GE02,2021-05-05,19589
TOWE_POGP37_3_GE02_24_5,108,TOWE,720,GE02,2021-06-09,20309
TOWE_POGP37_3_GE02_24_5,108,TOWE,720,GE02,2021-06-30,21029
TOWE_POGP37_3_GE02_24_5,119,TOWE,962,GE02,2022-05-05,21991
TOWE_POGP37_3_GE02_24_5,118,TOWE,0,GE02,2022-04-18,21991
TOWE_POGP37_3_GE02_24_5,120,TOWE,0,GE02,2022-06-09,21991
TOWE_POGP37_3_GE02_24_5,132,TOWE,881,GE02,2023-06-01,22872
TOWE_POGP37_3_GE02_24_5,139,TOWE,595,GE02,2024-01-31,23467
TOWE_POGP37_3_GE02_24_5,140,TOWE,0,GE02,2024-02-21,23467
TOWE_POGP37_3_GE02_24_5,141,TOWE,0,GE02,2024-03-13,23467
TOWE_POGP37_4_GE02_29_18,47,TOWE,0,GE02,2016-05-05,0
TOWE_POGP37_4_GE02_29_18,47,TOWE,0,GE02,2016-05-13,0
TOWE_POGP37_4_GE02_29_18,47,TOWE,0,GE02,2016-05-19,0
TOWE_POGP37_4_GE02_29_18,59,TOWE,0,GE02,2017-05-18,0
TOWE_POGP37_4_GE02_29_18,59,TOWE,0,GE02,2017-05-25,0
TOWE_POGP37_4_GE02_29_18,60,TOWE,0,GE02,2017-06-08,0
TOWE_POGP37_4_GE02_29_18,61,TOWE,0,GE02,2017-07-13,0
TOWE_POGP37_4_GE02_29_18,61,TOWE,0,GE02,2017-07-27,0
TOWE_POGP37_4_GE02_29_18,62,TOWE,0,GE02,2017-08-10,0
TOWE_POGP37_4_GE02_29_18,64,TOWE,0,GE02,2017-10-05,0
TOWE_POGP37_4_GE02_29_18,70,TOWE,635,GE02,2018-04-26,635
TOWE_POGP37_4_GE02_29_18,70,TOWE,635,GE02,2018-04-05,1270
TOWE_POGP37_4_GE02_29_18,70,TOWE,635,GE02,2018-04-19,1905
TOWE_POGP37_4_GE02_29_18,69,TOWE,0,GE02,2018-03-22,1905
TOWE_POGP37_4_GE02_29_18,72,TOWE,772,GE02,2018-06-21,2677
TOWE_POGP37_4_GE02_29_18,73,TOWE,490,GE02,2018-07-05,3167
TOWE_POGP37_4_GE02_29_18,73,TOWE,490,GE02,2018-07-12,3657
TOWE_POGP37_4_GE02_29_18,73,TOWE,490,GE02,2018-07-26,4147
TOWE_POGP37_4_GE02_29_18,74,TOWE,536,GE02,2018-08-09,4683
TOWE_POGP37_4_GE02_29_18,74,TOWE,536,GE02,2018-08-30,5219
TOWE_POGP37_4_GE02_29_18,75,TOWE,844,GE02,2018-09-27,6063
TOWE_POGP37_4_GE02_29_18,81,TOWE,1114,GE02,2019-03-07,7177
TOWE_POGP37_4_GE02_29_18,81,TOWE,1114,GE02,2019-03-21,8291
TOWE_POGP37_4_GE02_29_18,82,TOWE,0,GE02,2019-04-11,8291
TOWE_POGP37_4_GE02_29_18,88,TOWE,667,GE02,2019-10-03,8958
TOWE_POGP37_4_GE02_29_18,93,TOWE,681,GE02,2020-03-05,9639
TOWE_POGP37_4_GE02_29_18,94,TOWE,890,GE02,2020-04-02,10529
TOWE_POGP37_4_GE02_29_18,94,TOWE,890,GE02,2020-04-09,11419
TOWE_POGP37_4_GE02_29_18,94,TOWE,890,GE02,2020-04-30,12309
TOWE_POGP37_4_GE02_29_18,104,TOWE,985,GE02,2021-02-11,13294
TOWE_POGP37_4_GE02_29_18,105,TOWE,1026,GE02,2021-03-11,14320
TOWE_POGP37_4_GE02_29_18,106,TOWE,1057,GE02,2021-04-08,15377
TOWE_POGP37_4_GE02_29_18,106,TOWE,1057,GE02,2021-04-15,16434
TOWE_POGP37_4_GE02_29_18,106,TOWE,1057,GE02,2021-04-29,17491
TOWE_POGP37_4_GE02_29_18,107,TOWE,1213,GE02,2021-05-06,18704
TOWE_POGP37_4_GE02_29_18,117,TOWE,1363,GE02,2022-03-17,20067
TOWE_POGP37_4_GE02_29_18,119,TOWE,1268,GE02,2022-05-17,21335
TOWE_POGP37_4_GE02_29_18,118,TOWE,830,GE02,2022-04-21,22165
TOWE_POGP37_4_GE02_29_18,120,TOWE,1795,GE02,2022-06-01,23960
TOWE_POGP37_4_GE02_29_18,130,TOWE,1352,GE02,2023-04-06,25312
TOWE_POGP37_4_GE02_29_18,130,TOWE,1352,GE02,2023-04-13,26664
TOWE_POGP37_4_GE02_29_18,131,TOWE,1415,GE02,2023-05-04,28079
TOWE_POGP37_4_GE02_29_18,131,TOWE,1415,GE02,2023-05-23,29494
TOWE_POGP37_4_GE02_29_18,132,TOWE,1451,GE02,2023-06-01,30945
TOWE_POGP37_4_GE02_29_18,142,TOWE,0,GE02,2024-04-22,30945
TOWE_POGP37_4_GE02_29_18,143,TOWE,0,GE02,2024-05-02,30945
TOWE_POGP37_4_GE02_29_19,44,TOWE,0,GE02,2016-02-25,0
TOWE_POGP37_4_GE02_29_19,46,TOWE,0,GE02,2016-04-21,0
TOWE_POGP37_4_GE02_29_19,47,TOWE,0,GE02,2016-05-05,0
TOWE_POGP37_4_GE02_29_19,47,TOWE,0,GE02,2016-05-13,0
TOWE_POGP37_4_GE02_29_19,47,TOWE,0,GE02,2016-05-19,0
TOWE_POGP37_4_GE02_29_19,48,TOWE,0,GE02,2016-06-02,0
TOWE_POGP37_4_GE02_29_19,58,TOWE,0,GE02,2017-04-13,0
TOWE_POGP37_4_GE02_29_19,60,TOWE,0,GE02,2017-06-15,0
TOWE_POGP37_4_GE02_29_19,60,TOWE,0,GE02,2017-06-22,0
TOWE_POGP37_4_GE02_29_19,61,TOWE,0,GE02,2017-07-20,0
TOWE_POGP37_4_GE02_29_19,62,TOWE,0,GE02,2017-08-17,0
TOWE_POGP37_4_GE02_29_19,62,TOWE,0,GE02,2017-08-31,0
TOWE_POGP37_4_GE02_29_19,63,TOWE,0,GE02,2017-09-21,0
TOWE_POGP37_4_GE02_29_19,64,TOWE,0,GE02,2017-10-05,0
TOWE_POGP37_4_GE02_29_19,68,TOWE,699,GE02,2018-02-01,699
TOWE_POGP37_4_GE02_29_19,68,TOWE,699,GE02,2018-02-08,1398
TOWE_POGP37_4_GE02_29_19,67,TOWE,0,GE02,2018-01-18,1398
TOWE_POGP37_4_GE02_29_19,67,TOWE,0,GE02,2018-01-25,1398
TOWE_POGP37_4_GE02_29_19,69,TOWE,809,GE02,2018-03-01,2207
TOWE_POGP37_4_GE02_29_19,69,TOWE,809,GE02,2018-03-08,3016
TOWE_POGP37_4_GE02_29_19,69,TOWE,809,GE02,2018-03-29,3825
TOWE_POGP37_4_GE02_29_19,70,TOWE,792,GE02,2018-04-05,4617
TOWE_POGP37_4_GE02_29_19,70,TOWE,792,GE02,2018-04-19,5409
TOWE_POGP37_4_GE02_29_19,70,TOWE,792,GE02,2018-04-12,6201
TOWE_POGP37_4_GE02_29_19,71,TOWE,353,GE02,2018-05-31,6554
TOWE_POGP37_4_GE02_29_19,72,TOWE,588,GE02,2018-06-21,7142
TOWE_POGP37_4_GE02_29_19,73,TOWE,0,GE02,2018-07-02,7142
TOWE_POGP37_4_GE02_29_19,74,TOWE,398,GE02,2018-08-30,7540
TOWE_POGP37_4_GE02_29_19,81,TOWE,1086,GE02,2019-03-07,8626
TOWE_POGP37_4_GE02_29_19,81,TOWE,1086,GE02,2019-03-21,9712
TOWE_POGP37_4_GE02_29_19,81,TOWE,1086,GE02,2019-03-28,10798
TOWE_POGP37_4_GE02_29_19,82,TOWE,0,GE02,2019-04-11,10798
TOWE_POGP37_4_GE02_29_19,82,TOWE,0,GE02,2019-04-18,10798
TOWE_POGP37_4_GE02_29_19,85,TOWE,983,GE02,2019-07-25,11781
TOWE_POGP37_4_GE02_29_19,86,TOWE,0,GE02,2019-08-01,11781
TOWE_POGP37_4_GE02_29_19,86,TOWE,0,GE02,2019-08-22,11781
TOWE_POGP37_4_GE02_29_19,87,TOWE,1215,GE02,2019-09-12,12996
TOWE_POGP37_4_GE02_29_19,88,TOWE,1396,GE02,2019-10-03,14392
TOWE_POGP37_4_GE02_29_19,93,TOWE,48,GE02,2020-03-05,14440
TOWE_POGP37_4_GE02_29_19,93,TOWE,48,GE02,2020-03-12,14488
TOWE_POGP37_4_GE02_29_19,94,TOWE,1168,GE02,2020-04-02,15656
TOWE_POGP37_4_GE02_29_19,94,TOWE,1168,GE02,2020-04-09,16824
TOWE_POGP37_4_GE02_29_19,94,TOWE,1168,GE02,2020-04-16,17992
TOWE_POGP37_4_GE02_29_19,94,TOWE,1168,GE02,2020-04-30,19160
TOWE_POGP37_4_GE02_29_19,106,TOWE,702,GE02,2021-04-08,19862
TOWE_POGP37_4_GE02_29_19,105,TOWE,1202,GE02,2021-03-18,21064
TOWE_POGP37_4_GE02_29_19,105,TOWE,1202,GE02,2021-03-25,22266
TOWE_POGP37_4_GE02_29_19,107,TOWE,915,GE02,2021-05-06,23181
TOWE_POGP37_4_GE02_29_19,107,TOWE,915,GE02,2021-05-20,24096
TOWE_POGP37_4_GE02_29_19,108,TOWE,748,GE02,2021-06-09,24844
TOWE_POGP37_4_GE02_29_19,118,TOWE,1093,GE02,2022-04-21,25937
TOWE_POGP37_4_GE02_29_19,120,TOWE,500,GE02,2022-06-09,26437
TOWE_POGP37_4_GE02_29_19,129,TOWE,1280,GE02,2023-03-09,27717
TOWE_POGP37_4_GE02_29_19,130,TOWE,303,GE02,2023-04-13,28020
TOWE_POGP37_4_GE02_29_19,133,TOWE,1629,GE02,2023-07-20,29649
TOWE_POGP37_4_GE02_29_19,140,TOWE,0,GE02,2024-02-22,29649
TOWE_POGP37_4_GE02_29_19,141,TOWE,0,GE02,2024-03-20,29649
TOWE_POGP37_4_GE02_29_19,142,TOWE,0,GE02,2024-04-22,29649
TOWE_POGP37_4_GE02_29_19,143,TOWE,0,GE02,2024-05-02,29649
TOWE_POGP37_4_GE02_29_20,47,TOWE,0,GE02,2016-05-13,0
TOWE_POGP37_4_GE02_29_20,47,TOWE,0,GE02,2016-05-19,0
TOWE_POGP37_4_GE02_29_20,47,TOWE,0,GE02,2016-05-26,0
TOWE_POGP37_4_GE02_29_20,48,TOWE,0,GE02,2016-06-02,0
TOWE_POGP37_4_GE02_29_20,59,TOWE,0,GE02,2017-05-25,0
TOWE_POGP37_4_GE02_29_20,60,TOWE,0,GE02,2017-06-15,0
TOWE_POGP37_4_GE02_29_20,60,TOWE,0,GE02,2017-06-22,0
TOWE_POGP37_4_GE02_29_20,60,TOWE,0,GE02,2017-06-30,0
TOWE_POGP37_4_GE02_29_20,61,TOWE,0,GE02,2017-07-20,0
TOWE_POGP37_4_GE02_29_20,62,TOWE,0,GE02,2017-08-03,0
TOWE_POGP37_4_GE02_29_20,62,TOWE,0,GE02,2017-08-25,0
TOWE_POGP37_4_GE02_29_20,63,TOWE,0,GE02,2017-09-14,0
TOWE_POGP37_4_GE02_29_20,64,TOWE,0,GE02,2017-10-19,0
TOWE_POGP37_4_GE02_29_20,67,TOWE,0,GE02,2018-01-11,0
TOWE_POGP37_4_GE02_29_20,67,TOWE,0,GE02,2018-01-18,0
TOWE_POGP37_4_GE02_29_20,68,TOWE,0,GE02,2018-02-08,0
TOWE_POGP37_4_GE02_29_20,69,TOWE,1095,GE02,2018-03-01,1095
TOWE_POGP37_4_GE02_29_20,69,TOWE,1095,GE02,2018-03-22,2190
TOWE_POGP37_4_GE02_29_20,69,TOWE,1095,GE02,2018-03-08,3285
TOWE_POGP37_4_GE02_29_20,73,TOWE,0,GE02,2018-07-02,3285
TOWE_POGP37_4_GE02_29_20,74,TOWE,1254,GE02,2018-08-16,4539
TOWE_POGP37_4_GE02_29_20,74,TOWE,1254,GE02,2018-08-09,5793
TOWE_POGP37_4_GE02_29_20,80,TOWE,0,GE02,2019-02-07,5793
TOWE_POGP37_4_GE02_29_20,80,TOWE,0,GE02,2019-02-14,5793
TOWE_POGP37_4_GE02_29_20,80,TOWE,0,GE02,2019-02-28,5793
TOWE_POGP37_4_GE02_29_20,80,TOWE,0,GE02,2019-02-21,5793
TOWE_POGP37_4_GE02_29_20,79,TOWE,746,GE02,2019-01-24,6539
TOWE_POGP37_4_GE02_29_20,79,TOWE,746,GE02,2019-01-31,7285
TOWE_POGP37_4_GE02_29_20,81,TOWE,1213,GE02,2019-03-07,8498
TOWE_POGP37_4_GE02_29_20,85,TOWE,985,GE02,2019-07-25,9483
TOWE_POGP37_4_GE02_29_20,86,TOWE,1164,GE02,2019-08-08,10647
TOWE_POGP37_4_GE02_29_20,90,TOWE,1280,GE02,2019-12-26,11927
TOWE_POGP37_4_GE02_29_20,91,TOWE,1785,GE02,2020-01-03,13712
TOWE_POGP37_4_GE02_29_20,91,TOWE,1785,GE02,2020-01-08,15497
TOWE_POGP37_4_GE02_29_20,91,TOWE,1785,GE02,2020-01-30,17282
TOWE_POGP37_4_GE02_29_20,92,TOWE,1288,GE02,2020-02-10,18570
TOWE_POGP37_4_GE02_29_20,93,TOWE,1391,GE02,2020-03-12,19961
TOWE_POGP37_4_GE02_29_20,94,TOWE,942,GE02,2020-04-02,20903
TOWE_POGP37_4_GE02_29_20,104,TOWE,1505,GE02,2021-02-04,22408
TOWE_POGP37_4_GE02_29_20,104,TOWE,1505,GE02,2021-02-18,23913
TOWE_POGP37_4_GE02_29_20,105,TOWE,919,GE02,2021-03-04,24832
TOWE_POGP37_4_GE02_29_20,105,TOWE,919,GE02,2021-03-11,25751
TOWE_POGP37_4_GE02_29_20,105,TOWE,919,GE02,2021-03-25,26670
TOWE_POGP37_4_GE02_29_20,106,TOWE,0,GE02,2021-04-29,26670
TOWE_POGP37_4_GE02_29_20,107,TOWE,1040,GE02,2021-05-06,27710
TOWE_POGP37_4_GE02_29_20,107,TOWE,1040,GE02,2021-05-20,28750
TOWE_POGP37_4_GE02_29_20,118,TOWE,1714,GE02,2022-04-07,30464
TOWE_POGP37_4_GE02_29_20,119,TOWE,1773,GE02,2022-05-12,32237
TOWE_POGP37_4_GE02_29_20,120,TOWE,1515,GE02,2022-06-09,33752
TOWE_POGP37_4_GE02_29_20,131,TOWE,811,GE02,2023-05-04,34563
TOWE_POGP37_4_GE02_29_20,129,TOWE,1017,GE02,2023-03-23,35580
TOWE_POGP37_4_GE02_29_20,130,TOWE,1493,GE02,2023-04-06,37073
TOWE_POGP37_4_GE02_29_20,132,TOWE,1241,GE02,2023-06-08,38314
TOWE_POGP37_4_GE02_29_20,133,TOWE,0,GE02,2023-07-06,38314
TOWE_POGP37_4_GE02_29_20,141,TOWE,0,GE02,2024-03-20,38314
TOWE_POGP37_4_GE02_29_20,141,TOWE,0,GE02,2024-03-07,38314
TOWE_POGP37_4_GE02_29_20,142,TOWE,0,GE02,2024-04-22,38314
TOWE_POGP37_4_GE02_29_20,143,TOWE,0,GE02,2024-05-02,38314
TOWE_POGP37_3_GE06_34_4,42,TOWE,0,GE06,2015-12-29,0
TOWE_POGP37_3_GE06_34_4,44,TOWE,0,GE06,2016-02-03,0
TOWE_POGP37_3_GE06_34_4,46,TOWE,0,GE06,2016-04-13,0
TOWE_POGP37_3_GE06_34_4,46,TOWE,0,GE06,2016-04-20,0
TOWE_POGP37_3_GE06_34_4,57,TOWE,0,GE06,2017-03-15,0
TOWE_POGP37_3_GE06_34_4,57,TOWE,0,GE06,2017-03-22,0
TOWE_POGP37_3_GE06_34_4,60,TOWE,0,GE06,2017-06-21,0
TOWE_POGP37_3_GE06_34_4,61,TOWE,0,GE06,2017-07-19,0
TOWE_POGP37_3_GE06_34_4,62,TOWE,0,GE06,2017-08-09,0
TOWE_POGP37_3_GE06_34_4,62,TOWE,0,GE06,2017-08-30,0
TOWE_POGP37_3_GE06_34_4,63,TOWE,0,GE06,2017-09-27,0
TOWE_POGP37_3_GE06_34_4,68,TOWE,716,GE06,2018-02-28,716
TOWE_POGP37_3_GE06_34_4,69,TOWE,585,GE06,2018-03-07,1301
TOWE_POGP37_3_GE06_34_4,69,TOWE,585,GE06,2018-03-14,1886
TOWE_POGP37_3_GE06_34_4,72,TOWE,501,GE06,2018-06-27,2387
TOWE_POGP37_3_GE06_34_4,73,TOWE,532,GE06,2018-07-04,2919
TOWE_POGP37_3_GE06_34_4,73,TOWE,532,GE06,2018-07-25,3451
TOWE_POGP37_3_GE06_34_4,74,TOWE,645,GE06,2018-08-22,4096
TOWE_POGP37_3_GE06_34_4,75,TOWE,626,GE06,2018-09-19,4722
TOWE_POGP37_3_GE06_34_4,78,TOWE,0,GE06,2018-12-26,4722
TOWE_POGP37_3_GE06_34_4,77,TOWE,0,GE06,2018-11-28,4722
TOWE_POGP37_3_GE06_34_4,79,TOWE,538,GE06,2019-01-09,5260
TOWE_POGP37_3_GE06_34_4,79,TOWE,538,GE06,2019-01-30,5798
TOWE_POGP37_3_GE06_34_4,80,TOWE,638,GE06,2019-02-13,6436
TOWE_POGP37_3_GE06_34_4,80,TOWE,638,GE06,2019-02-20,7074
TOWE_POGP37_3_GE06_34_4,81,TOWE,581,GE06,2019-03-06,7655
TOWE_POGP37_3_GE06_34_4,81,TOWE,581,GE06,2019-03-20,8236
TOWE_POGP37_3_GE06_34_4,82,TOWE,523,GE06,2019-04-02,8759
TOWE_POGP37_3_GE06_34_4,86,TOWE,767,GE06,2019-08-28,9526
TOWE_POGP37_3_GE06_34_4,91,TOWE,949,GE06,2020-01-01,10475
TOWE_POGP37_3_GE06_34_4,91,TOWE,949,GE06,2020-01-07,11424
TOWE_POGP37_3_GE06_34_4,91,TOWE,949,GE06,2020-01-30,12373
TOWE_POGP37_3_GE06_34_4,92,TOWE,870,GE06,2020-02-26,13243
TOWE_POGP37_3_GE06_34_4,93,TOWE,930,GE06,2020-03-04,14173
TOWE_POGP37_3_GE06_34_4,93,TOWE,930,GE06,2020-03-11,15103
TOWE_POGP37_3_GE06_34_4,93,TOWE,930,GE06,2020-03-18,16033
TOWE_POGP37_3_GE06_34_4,103,TOWE,940,GE06,2021-01-28,16973
TOWE_POGP37_3_GE06_34_4,104,TOWE,850,GE06,2021-02-18,17823
TOWE_POGP37_3_GE06_34_4,104,TOWE,850,GE06,2021-02-25,18673
TOWE_POGP37_3_GE06_34_4,105,TOWE,972,GE06,2021-03-03,19645
TOWE_POGP37_3_GE06_34_4,105,TOWE,972,GE06,2021-03-18,20617
TOWE_POGP37_3_GE06_34_4,106,TOWE,755,GE06,2021-04-02,21372
TOWE_POGP37_3_GE06_34_4,115,TOWE,733,GE06,2022-01-20,22105
TOWE_POGP37_3_GE06_34_4,116,TOWE,820,GE06,2022-02-03,22925
TOWE_POGP37_3_GE06_34_4,117,TOWE,2085,GE06,2022-03-14,25010
TOWE_POGP37_3_GE06_34_4,119,TOWE,0,GE06,2022-05-11,25010
TOWE_POGP37_3_GE06_34_4,118,TOWE,1125,GE06,2022-04-06,26135
TOWE_POGP37_3_GE06_34_4,128,TOWE,876,GE06,2023-02-16,27011
TOWE_POGP37_3_GE06_34_4,135,TOWE,802,GE06,2023-09-21,27813
TOWE_POGP37_3_GE06_34_4,138,TOWE,1111,GE06,2023-12-20,28924
TOWE_POGP37_3_GE06_34_4,139,TOWE,1005,GE06,2024-01-25,29929
TOWE_POGP37_3_GE06_34_4,140,TOWE,0,GE06,2024-02-14,29929
TOWE_POGP37_3_GE06_34_4,141,TOWE,0,GE06,2024-03-13,29929
TOWE_POGP37_4_GE09_39_18,57,TOWE,0,GE09,2017-03-30,0
TOWE_POGP37_4_GE09_39_18,57,TOWE,0,GE09,2017-03-16,0
TOWE_POGP37_4_GE09_39_18,62,TOWE,0,GE09,2017-08-25,0
TOWE_POGP37_4_GE09_39_18,67,TOWE,0,GE09,2018-01-25,0
TOWE_POGP37_4_GE09_39_18,69,TOWE,632,GE09,2018-03-08,632
TOWE_POGP37_4_GE09_39_18,70,TOWE,691,GE09,2018-04-05,1323
TOWE_POGP37_4_GE09_39_18,70,TOWE,691,GE09,2018-04-26,2014
TOWE_POGP37_4_GE09_39_18,71,TOWE,815,GE09,2018-05-17,2829
TOWE_POGP37_4_GE09_39_18,71,TOWE,815,GE09,2018-05-03,3644
TOWE_POGP37_4_GE09_39_18,71,TOWE,815,GE09,2018-05-10,4459
TOWE_POGP37_4_GE09_39_18,71,TOWE,815,GE09,2018-05-24,5274
TOWE_POGP37_4_GE09_39_18,82,TOWE,1755,GE09,2019-04-04,7029
TOWE_POGP37_4_GE09_39_18,83,TOWE,1103,GE09,2019-05-02,8132
TOWE_POGP37_4_GE09_39_18,83,TOWE,1103,GE09,2019-05-09,9235
TOWE_POGP37_4_GE09_39_18,89,TOWE,0,GE09,2019-11-28,9235
TOWE_POGP37_4_GE09_39_18,90,TOWE,1130,GE09,2019-12-19,10365
TOWE_POGP37_4_GE09_39_18,90,TOWE,1130,GE09,2019-12-26,11495
TOWE_POGP37_4_GE09_39_18,91,TOWE,1055,GE09,2020-01-03,12550
TOWE_POGP37_4_GE09_39_18,91,TOWE,1055,GE09,2020-01-08,13605
TOWE_POGP37_4_GE09_39_18,92,TOWE,1849,GE09,2020-02-10,15454
TOWE_POGP37_4_GE09_39_18,95,TOWE,0,GE09,2020-05-12,15454
TOWE_POGP37_4_GE09_39_18,95,TOWE,0,GE09,2020-05-28,15454
TOWE_POGP37_4_GE09_39_18,94,TOWE,663,GE09,2020-04-27,16117
TOWE_POGP37_4_GE09_39_18,96,TOWE,0,GE09,2020-06-04,16117
TOWE_POGP37_4_GE09_39_18,106,TOWE,1624,GE09,2021-04-29,17741
TOWE_POGP37_4_GE09_39_18,107,TOWE,0,GE09,2021-05-20,17741
TOWE_POGP37_4_GE09_39_18,108,TOWE,737,GE09,2021-06-03,18478
TOWE_POGP37_4_GE09_39_18,108,TOWE,737,GE09,2021-06-30,19215
TOWE_POGP37_4_GE09_39_18,118,TOWE,1370,GE09,2022-04-21,20585
TOWE_POGP37_4_GE09_39_18,119,TOWE,1588,GE09,2022-05-17,22173
TOWE_POGP37_4_GE09_39_18,131,TOWE,2113,GE09,2023-05-10,24286
TOWE_POGP37_4_GE09_39_18,132,TOWE,1574,GE09,2023-06-22,25860
TOWE_POGP37_4_GE09_39_18,133,TOWE,0,GE09,2023-07-06,25860
TOWE_POGP37_4_GE09_39_18,143,TOWE,0,GE09,2024-05-09,25860
TOWE_POGP37_4_GE09_39_18,142,TOWE,0,GE09,2024-04-22,25860
TOWE_POGP37_4_GE09_39_19,47,TOWE,0,GE09,2016-05-05,0
TOWE_POGP37_4_GE09_39_19,47,TOWE,0,GE09,2016-05-13,0
TOWE_POGP37_4_GE09_39_19,47,TOWE,0,GE09,2016-05-19,0
TOWE_POGP37_4_GE09_39_19,48,TOWE,0,GE09,2016-06-09,0
TOWE_POGP37_4_GE09_39_19,55,TOWE,0,GE09,2017-01-12,0
TOWE_POGP37_4_GE09_39_19,57,TOWE,0,GE09,2017-03-09,0
TOWE_POGP37_4_GE09_39_19,59,TOWE,0,GE09,2017-05-11,0
TOWE_POGP37_4_GE09_39_19,59,TOWE,0,GE09,2017-05-25,0
TOWE_POGP37_4_GE09_39_19,60,TOWE,0,GE09,2017-06-15,0
TOWE_POGP37_4_GE09_39_19,60,TOWE,0,GE09,2017-06-22,0
TOWE_POGP37_4_GE09_39_19,69,TOWE,0,GE09,2018-03-01,0
TOWE_POGP37_4_GE09_39_19,69,TOWE,0,GE09,2018-03-15,0
TOWE_POGP37_4_GE09_39_19,69,TOWE,0,GE09,2018-03-22,0
TOWE_POGP37_4_GE09_39_19,70,TOWE,853,GE09,2018-04-05,853
TOWE_POGP37_4_GE09_39_19,70,TOWE,853,GE09,2018-04-26,1706
TOWE_POGP37_4_GE09_39_19,70,TOWE,853,GE09,2018-04-12,2559
TOWE_POGP37_4_GE09_39_19,71,TOWE,272,GE09,2018-05-10,2831
TOWE_POGP37_4_GE09_39_19,71,TOWE,272,GE09,2018-05-03,3103
TOWE_POGP37_4_GE09_39_19,71,TOWE,272,GE09,2018-05-17,3375
TOWE_POGP37_4_GE09_39_19,71,TOWE,272,GE09,2018-05-24,3647
TOWE_POGP37_4_GE09_39_19,72,TOWE,624,GE09,2018-06-07,4271
TOWE_POGP37_4_GE09_39_19,82,TOWE,1376,GE09,2019-04-18,5647
TOWE_POGP37_4_GE09_39_19,83,TOWE,1270,GE09,2019-05-02,6917
TOWE_POGP37_4_GE09_39_19,83,TOWE,1270,GE09,2019-05-16,8187
TOWE_POGP37_4_GE09_39_19,83,TOWE,1270,GE09,2019-05-09,9457
TOWE_POGP37_4_GE09_39_19,95,TOWE,1299,GE09,2020-05-12,10756
TOWE_POGP37_4_GE09_39_19,95,TOWE,1299,GE09,2020-05-21,12055
TOWE_POGP37_4_GE09_39_19,95,TOWE,1299,GE09,2020-05-28,13354
TOWE_POGP37_4_GE09_39_19,96,TOWE,0,GE09,2020-06-18,13354
TOWE_POGP37_4_GE09_39_19,107,TOWE,2155,GE09,2021-05-20,15509
TOWE_POGP37_4_GE09_39_19,107,TOWE,2155,GE09,2021-05-26,17664
TOWE_POGP37_4_GE09_39_19,118,TOWE,1020,GE09,2022-04-21,18684
TOWE_POGP37_4_GE09_39_19,119,TOWE,0,GE09,2022-05-17,18684
TOWE_POGP37_4_GE09_39_19,131,TOWE,1122,GE09,2023-05-10,19806
TOWE_POGP37_4_GE09_39_19,142,TOWE,0,GE09,2024-04-22,19806
TOWE_POGP37_4_GE09_39_20,47,TOWE,0,GE09,2016-05-19,0
TOWE_POGP37_4_GE09_39_20,58,TOWE,0,GE09,2017-04-27,0
TOWE_POGP37_4_GE09_39_20,57,TOWE,0,GE09,2017-03-30,0
TOWE_POGP37_4_GE09_39_20,68,TOWE,0,GE09,2018-02-22,0
TOWE_POGP37_4_GE09_39_20,68,TOWE,0,GE09,2018-02-08,0
TOWE_POGP37_4_GE09_39_20,69,TOWE,0,GE09,2018-03-01,0
TOWE_POGP37_4_GE09_39_20,70,TOWE,812,GE09,2018-04-12,812
TOWE_POGP37_4_GE09_39_20,71,TOWE,722,GE09,2018-05-03,1534
TOWE_POGP37_4_GE09_39_20,71,TOWE,722,GE09,2018-05-10,2256
TOWE_POGP37_4_GE09_39_20,71,TOWE,722,GE09,2018-05-31,2978
TOWE_POGP37_4_GE09_39_20,91,TOWE,1913,GE09,2020-01-08,4891
TOWE_POGP37_4_GE09_39_20,92,TOWE,0,GE09,2020-02-10,4891
TOWE_POGP37_4_GE09_39_20,95,TOWE,1440,GE09,2020-05-14,6331
TOWE_POGP37_4_GE09_39_20,95,TOWE,1440,GE09,2020-05-28,7771
TOWE_POGP37_4_GE09_39_20,106,TOWE,0,GE09,2021-04-01,7771
TOWE_POGP37_4_GE09_39_20,107,TOWE,1392,GE09,2021-05-06,9163
TOWE_POGP37_4_GE09_39_20,107,TOWE,1392,GE09,2021-05-20,10555
TOWE_POGP37_4_GE09_39_20,108,TOWE,1699,GE09,2021-06-16,12254
TOWE_POGP37_4_GE09_39_20,119,TOWE,1382,GE09,2022-05-17,13636
TOWE_POGP37_4_GE09_39_20,120,TOWE,1731,GE09,2022-06-02,15367
TOWE_POGP37_4_GE09_39_20,120,TOWE,1731,GE09,2022-06-01,17098
TOWE_POGP37_4_GE09_39_20,131,TOWE,2265,GE09,2023-05-10,19363
TOWE_POGP37_4_GE09_39_20,143,TOWE,0,GE09,2024-05-09,19363
TOWE_POGP37_4_GE09_39_20,142,TOWE,0,GE09,2024-04-22,19363
TOWE_POGP37_3_GE12_39_3,59,TOWE,0,GE12,2017-05-31,0
TOWE_POGP37_3_GE12_39_3,60,TOWE,0,GE12,2017-06-07,0
TOWE_POGP37_3_GE12_39_3,60,TOWE,0,GE12,2017-06-21,0
TOWE_POGP37_3_GE12_39_3,61,TOWE,0,GE12,2017-07-05,0
TOWE_POGP37_3_GE12_39_3,61,TOWE,0,GE12,2017-07-26,0
TOWE_POGP37_3_GE12_39_3,69,TOWE,490,GE12,2018-03-07,490
TOWE_POGP37_3_GE12_39_3,69,TOWE,490,GE12,2018-03-14,980
TOWE_POGP37_3_GE12_39_3,69,TOWE,490,GE12,2018-03-21,1470
TOWE_POGP37_3_GE12_39_3,68,TOWE,593,GE12,2018-02-28,2063
TOWE_POGP37_3_GE12_39_3,80,TOWE,553,GE12,2019-02-06,2616
TOWE_POGP37_3_GE12_39_3,82,TOWE,653,GE12,2019-04-02,3269
TOWE_POGP37_3_GE12_39_3,82,TOWE,653,GE12,2019-04-17,3922
TOWE_POGP37_3_GE12_39_3,82,TOWE,653,GE12,2019-04-24,4575
TOWE_POGP37_3_GE12_39_3,86,TOWE,827,GE12,2019-08-28,5402
TOWE_POGP37_3_GE12_39_3,87,TOWE,810,GE12,2019-09-04,6212
TOWE_POGP37_3_GE12_39_3,87,TOWE,810,GE12,2019-09-18,7022
TOWE_POGP37_3_GE12_39_3,88,TOWE,1096,GE12,2019-10-16,8118
TOWE_POGP37_3_GE12_39_3,90,TOWE,1118,GE12,2019-12-18,9236
TOWE_POGP37_3_GE12_39_3,90,TOWE,1118,GE12,2019-12-25,10354
TOWE_POGP37_3_GE12_39_3,93,TOWE,419,GE12,2020-03-11,10773
TOWE_POGP37_3_GE12_39_3,92,TOWE,1082,GE12,2020-02-12,11855
TOWE_POGP37_3_GE12_39_3,94,TOWE,597,GE12,2020-04-01,12452
TOWE_POGP37_3_GE12_39_3,94,TOWE,597,GE12,2020-04-08,13049
TOWE_POGP37_3_GE12_39_3,94,TOWE,597,GE12,2020-04-15,13646
TOWE_POGP37_3_GE12_39_3,94,TOWE,597,GE12,2020-04-22,14243
TOWE_POGP37_3_GE12_39_3,95,TOWE,791,GE12,2020-05-13,15034
TOWE_POGP37_3_GE12_39_3,96,TOWE,761,GE12,2020-06-03,15795
TOWE_POGP37_3_GE12_39_3,107,TOWE,828,GE12,2021-05-05,16623
TOWE_POGP37_3_GE12_39_3,106,TOWE,931,GE12,2021-04-30,17554
TOWE_POGP37_3_GE12_39_3,117,TOWE,997,GE12,2022-03-22,18551
TOWE_POGP37_3_GE12_39_3,118,TOWE,926,GE12,2022-04-06,19477
TOWE_POGP37_3_GE12_39_3,119,TOWE,716,GE12,2022-05-11,20193
TOWE_POGP37_3_GE12_39_3,120,TOWE,920,GE12,2022-06-09,21113
TOWE_POGP37_3_GE12_39_3,121,TOWE,0,GE12,2022-07-20,21113
TOWE_POGP37_3_GE12_39_3,130,TOWE,0,GE12,2023-04-05,21113
TOWE_POGP37_3_GE12_39_3,132,TOWE,936,GE12,2023-06-01,22049
TOWE_POGP37_3_GE12_39_3,141,TOWE,0,GE12,2024-03-06,22049
TOWE_POGP37_3_GE12_39_3,140,TOWE,0,GE12,2024-02-21,22049
TOWE_POGP37_3_GE12_39_3,143,TOWE,0,GE12,2024-05-14,22049
TOWE_POGP37_3_GE12_39_5,47,TOWE,0,GE12,2016-05-18,0
TOWE_POGP37_3_GE12_39_5,61,TOWE,0,GE12,2017-07-12,0
TOWE_POGP37_3_GE12_39_5,61,TOWE,0,GE12,2017-07-26,0
TOWE_POGP37_3_GE12_39_5,69,TOWE,631,GE12,2018-03-07,631
TOWE_POGP37_3_GE12_39_5,69,TOWE,631,GE12,2018-03-14,1262
TOWE_POGP37_3_GE12_39_5,81,TOWE,620,GE12,2019-03-06,1882
TOWE_POGP37_3_GE12_39_5,80,TOWE,595,GE12,2019-02-20,2477
TOWE_POGP37_3_GE12_39_5,80,TOWE,595,GE12,2019-02-06,3072
TOWE_POGP37_3_GE12_39_5,80,TOWE,595,GE12,2019-02-27,3667
TOWE_POGP37_3_GE12_39_5,79,TOWE,509,GE12,2019-01-23,4176
TOWE_POGP37_3_GE12_39_5,79,TOWE,509,GE12,2019-01-30,4685
TOWE_POGP37_3_GE12_39_5,82,TOWE,0,GE12,2019-04-02,4685
TOWE_POGP37_3_GE12_39_5,82,TOWE,0,GE12,2019-04-10,4685
TOWE_POGP37_3_GE12_39_5,83,TOWE,670,GE12,2019-05-08,5355
TOWE_POGP37_3_GE12_39_5,94,TOWE,1190,GE12,2020-04-15,6545
TOWE_POGP37_3_GE12_39_5,94,TOWE,1190,GE12,2020-04-01,7735
TOWE_POGP37_3_GE12_39_5,94,TOWE,1190,GE12,2020-04-08,8925
TOWE_POGP37_3_GE12_39_5,94,TOWE,1190,GE12,2020-04-29,10115
TOWE_POGP37_3_GE12_39_5,95,TOWE,1100,GE12,2020-05-13,11215
TOWE_POGP37_3_GE12_39_5,96,TOWE,668,GE12,2020-06-03,11883
TOWE_POGP37_3_GE12_39_5,106,TOWE,889,GE12,2021-04-22,12772
TOWE_POGP37_3_GE12_39_5,106,TOWE,889,GE12,2021-04-29,13661
TOWE_POGP37_3_GE12_39_5,107,TOWE,806,GE12,2021-05-20,14467
TOWE_POGP37_3_GE12_39_5,108,TOWE,689,GE12,2021-06-09,15156
TOWE_POGP37_3_GE12_39_5,108,TOWE,689,GE12,2021-06-16,15845
TOWE_POGP37_3_GE12_39_5,118,TOWE,1028,GE12,2022-04-06,16873
TOWE_POGP37_3_GE12_39_5,119,TOWE,1284,GE12,2022-05-11,18157
TOWE_POGP37_3_GE12_39_5,119,TOWE,1284,GE12,2022-05-24,19441
TOWE_POGP37_3_GE12_39_5,120,TOWE,1161,GE12,2022-06-09,20602
TOWE_POGP37_3_GE12_39_5,121,TOWE,0,GE12,2022-07-20,20602
TOWE_POGP37_3_GE12_39_5,131,TOWE,1368,GE12,2023-05-18,21970
TOWE_POGP37_3_GE12_39_5,132,TOWE,1521,GE12,2023-06-01,23491
TOWE_POGP37_3_GE12_39_5,141,TOWE,0,GE12,2024-03-06,23491
TOWE_POGP37_3_GE12_39_5,142,TOWE,0,GE12,2024-04-24,23491
TOWE_POGP37_3_GE12_39_5,143,TOWE,0,GE12,2024-05-15,23491
TOWE_POGP37_3_GE12_39_5,143,TOWE,0,GE12,2024-05-14,23491
TOWE_POGP37_2_GE12_3_29,45,TOWE,0,GE12,2016-03-22,0
TOWE_POGP37_2_GE12_3_29,46,TOWE,373,GE12,2016-04-05,373
TOWE_POGP37_2_GE12_3_29,46,TOWE,373,GE12,2016-04-12,746
TOWE_POGP37_2_GE12_3_29,46,TOWE,373,GE12,2016-04-19,1119
TOWE_POGP37_2_GE12_3_29,48,TOWE,0,GE12,2016-06-07,1119
TOWE_POGP37_2_GE12_3_29,60,TOWE,438,GE12,2017-06-20,1557
TOWE_POGP37_2_GE12_3_29,60,TOWE,438,GE12,2017-06-27,1995
TOWE_POGP37_2_GE12_3_29,61,TOWE,480,GE12,2017-07-04,2475
TOWE_POGP37_2_GE12_3_29,61,TOWE,480,GE12,2017-07-25,2955
TOWE_POGP37_2_GE12_3_29,62,TOWE,0,GE12,2017-08-08,2955
TOWE_POGP37_2_GE12_3_29,62,TOWE,0,GE12,2017-08-29,2955
TOWE_POGP37_2_GE12_3_29,63,TOWE,595,GE12,2017-09-12,3550
TOWE_POGP37_2_GE12_3_29,64,TOWE,687,GE12,2017-10-03,4237
TOWE_POGP37_2_GE12_3_29,64,TOWE,687,GE12,2017-10-10,4924
TOWE_POGP37_2_GE12_3_29,65,TOWE,531,GE12,2017-11-07,5455
TOWE_POGP37_2_GE12_3_29,65,TOWE,531,GE12,2017-11-28,5986
TOWE_POGP37_2_GE12_3_29,66,TOWE,683,GE12,2017-12-05,6669
TOWE_POGP37_2_GE12_3_29,66,TOWE,683,GE12,2017-12-26,7352
TOWE_POGP37_2_GE12_3_29,75,TOWE,556,GE12,2018-09-04,7908
TOWE_POGP37_2_GE12_3_29,75,TOWE,556,GE12,2018-09-18,8464
TOWE_POGP37_2_GE12_3_29,75,TOWE,556,GE12,2018-09-25,9020
TOWE_POGP37_2_GE12_3_29,76,TOWE,0,GE12,2018-10-09,9020
TOWE_POGP37_2_GE12_3_29,76,TOWE,0,GE12,2018-10-23,9020
TOWE_POGP37_2_GE12_3_29,77,TOWE,682,GE12,2018-11-13,9702
TOWE_POGP37_2_GE12_3_29,80,TOWE,669,GE12,2019-02-11,10371
TOWE_POGP37_2_GE12_3_29,81,TOWE,1004,GE12,2019-03-05,11375
TOWE_POGP37_2_GE12_3_29,81,TOWE,1004,GE12,2019-03-12,12379
TOWE_POGP37_2_GE12_3_29,81,TOWE,1004,GE12,2019-03-19,13383
TOWE_POGP37_2_GE12_3_29,82,TOWE,968,GE12,2019-04-02,14351
TOWE_POGP37_2_GE12_3_29,82,TOWE,968,GE12,2019-04-16,15319
TOWE_POGP37_2_GE12_3_29,82,TOWE,968,GE12,2019-04-30,16287
TOWE_POGP37_2_GE12_3_29,91,TOWE,1211,GE12,2020-01-28,17498
TOWE_POGP37_2_GE12_3_29,93,TOWE,1050,GE12,2020-03-10,18548
TOWE_POGP37_2_GE12_3_29,93,TOWE,1050,GE12,2020-03-31,19598
TOWE_POGP37_2_GE12_3_29,92,TOWE,0,GE12,2020-02-19,19598
TOWE_POGP37_2_GE12_3_29,100,TOWE,900,GE12,2020-10-06,20498
TOWE_POGP37_2_GE12_3_29,100,TOWE,900,GE12,2020-10-15,21398
TOWE_POGP37_2_GE12_3_29,101,TOWE,0,GE12,2020-11-10,21398
TOWE_POGP37_2_GE12_3_29,106,TOWE,1009,GE12,2021-04-14,22407
TOWE_POGP37_2_GE12_3_29,106,TOWE,1009,GE12,2021-04-22,23416
TOWE_POGP37_2_GE12_3_29,106,TOWE,1009,GE12,2021-04-29,24425
TOWE_POGP37_2_GE12_3_29,119,TOWE,1259,GE12,2022-05-10,25684
TOWE_POGP37_2_GE12_3_29,120,TOWE,741,GE12,2022-06-08,26425
TOWE_POGP37_2_GE12_3_29,121,TOWE,605,GE12,2022-07-19,27030
TOWE_POGP37_2_GE12_3_29,121,TOWE,605,GE12,2022-07-25,27635
TOWE_POGP37_2_GE12_3_29,131,TOWE,1400,GE12,2023-05-30,29035
TOWE_POGP37_2_GE12_3_29,132,TOWE,1510,GE12,2023-06-07,30545
TOWE_POGP37_2_GE12_3_29,144,TOWE,0,GE12,2024-06-18,30545
TOWE_POGP37_2_GE12_3_29,145,TOWE,0,GE12,2024-07-01,30545
TOWE_POGP37_4_GE12_44_19,43,TOWE,0,GE12,2016-01-14,0
TOWE_POGP37_4_GE12_44_19,46,TOWE,0,GE12,2016-04-07,0
TOWE_POGP37_4_GE12_44_19,46,TOWE,0,GE12,2016-04-21,0
TOWE_POGP37_4_GE12_44_19,47,TOWE,0,GE12,2016-05-05,0
TOWE_POGP37_4_GE12_44_19,60,TOWE,0,GE12,2017-06-22,0
TOWE_POGP37_4_GE12_44_19,60,TOWE,0,GE12,2017-06-30,0
TOWE_POGP37_4_GE12_44_19,61,TOWE,0,GE12,2017-07-27,0
TOWE_POGP37_4_GE12_44_19,64,TOWE,0,GE12,2017-10-12,0
TOWE_POGP37_4_GE12_44_19,69,TOWE,701,GE12,2018-03-08,701
TOWE_POGP37_4_GE12_44_19,69,TOWE,701,GE12,2018-03-15,1402
TOWE_POGP37_4_GE12_44_19,81,TOWE,1111,GE12,2019-03-21,2513
TOWE_POGP37_4_GE12_44_19,81,TOWE,1111,GE12,2019-03-07,3624
TOWE_POGP37_4_GE12_44_19,80,TOWE,968,GE12,2019-02-28,4592
TOWE_POGP37_4_GE12_44_19,82,TOWE,1040,GE12,2019-04-04,5632
TOWE_POGP37_4_GE12_44_19,82,TOWE,1040,GE12,2019-04-18,6672
TOWE_POGP37_4_GE12_44_19,83,TOWE,877,GE12,2019-05-02,7549
TOWE_POGP37_4_GE12_44_19,93,TOWE,911,GE12,2020-03-26,8460
TOWE_POGP37_4_GE12_44_19,94,TOWE,1350,GE12,2020-04-02,9810
TOWE_POGP37_4_GE12_44_19,94,TOWE,1350,GE12,2020-04-16,11160
TOWE_POGP37_4_GE12_44_19,95,TOWE,662,GE12,2020-05-12,11822
TOWE_POGP37_4_GE12_44_19,98,TOWE,674,GE12,2020-08-06,12496
TOWE_POGP37_4_GE12_44_19,99,TOWE,884,GE12,2020-09-14,13380
TOWE_POGP37_4_GE12_44_19,104,TOWE,1116,GE12,2021-02-18,14496
TOWE_POGP37_4_GE12_44_19,105,TOWE,1025,GE12,2021-03-25,15521
TOWE_POGP37_4_GE12_44_19,106,TOWE,1146,GE12,2021-04-08,16667
TOWE_POGP37_4_GE12_44_19,117,TOWE,1260,GE12,2022-03-14,17927
TOWE_POGP37_4_GE12_44_19,118,TOWE,757,GE12,2022-04-21,18684
TOWE_POGP37_4_GE12_44_19,119,TOWE,937,GE12,2022-05-17,19621
TOWE_POGP37_4_GE12_44_19,119,TOWE,937,GE12,2022-05-26,20558
TOWE_POGP37_4_GE12_44_19,120,TOWE,1415,GE12,2022-06-09,21973
TOWE_POGP37_4_GE12_44_19,130,TOWE,0,GE12,2023-04-13,21973
TOWE_POGP37_4_GE12_44_19,132,TOWE,1059,GE12,2023-06-08,23032
TOWE_POGP37_4_GE12_44_19,141,TOWE,0,GE12,2024-03-07,23032
TOWE_POGP37_4_GE12_44_19,143,TOWE,0,GE12,2024-05-09,23032
TOWE_POGP37_4_GE12_44_19,143,TOWE,0,GE12,2024-05-02,23032
TOWE_POGP37_4_GE12_44_19,142,TOWE,0,GE12,2024-04-24,23032
TOWE_POGP37_4_GE12_45_20,42,TOWE,0,GE12,2015-12-10,0
TOWE_POGP37_4_GE12_45_20,43,TOWE,0,GE12,2016-01-04,0
TOWE_POGP37_4_GE12_45_20,44,TOWE,0,GE12,2016-02-18,0
TOWE_POGP37_4_GE12_45_20,46,TOWE,0,GE12,2016-04-14,0
TOWE_POGP37_4_GE12_45_20,46,TOWE,0,GE12,2016-04-21,0
TOWE_POGP37_4_GE12_45_20,47,TOWE,0,GE12,2016-05-05,0
TOWE_POGP37_4_GE12_45_20,47,TOWE,0,GE12,2016-05-19,0
TOWE_POGP37_4_GE12_45_20,48,TOWE,0,GE12,2016-06-09,0
TOWE_POGP37_4_GE12_45_20,48,TOWE,0,GE12,2016-06-23,0
TOWE_POGP37_4_GE12_45_20,60,TOWE,0,GE12,2017-06-30,0
TOWE_POGP37_4_GE12_45_20,60,TOWE,0,GE12,2017-06-22,0
TOWE_POGP37_4_GE12_45_20,61,TOWE,0,GE12,2017-07-27,0
TOWE_POGP37_4_GE12_45_20,63,TOWE,0,GE12,2017-09-28,0
TOWE_POGP37_4_GE12_45_20,64,TOWE,0,GE12,2017-10-19,0
TOWE_POGP37_4_GE12_45_20,67,TOWE,0,GE12,2018-01-04,0
TOWE_POGP37_4_GE12_45_20,68,TOWE,579,GE12,2018-02-01,579
TOWE_POGP37_4_GE12_45_20,68,TOWE,579,GE12,2018-02-22,1158
TOWE_POGP37_4_GE12_45_20,69,TOWE,656,GE12,2018-03-01,1814
TOWE_POGP37_4_GE12_45_20,69,TOWE,656,GE12,2018-03-15,2470
TOWE_POGP37_4_GE12_45_20,69,TOWE,656,GE12,2018-03-29,3126
TOWE_POGP37_4_GE12_45_20,80,TOWE,638,GE12,2019-02-28,3764
TOWE_POGP37_4_GE12_45_20,81,TOWE,895,GE12,2019-03-07,4659
TOWE_POGP37_4_GE12_45_20,81,TOWE,895,GE12,2019-03-21,5554
TOWE_POGP37_4_GE12_45_20,92,TOWE,1046,GE12,2020-02-27,6600
TOWE_POGP37_4_GE12_45_20,93,TOWE,1011,GE12,2020-03-12,7611
TOWE_POGP37_4_GE12_45_20,94,TOWE,943,GE12,2020-04-02,8554
TOWE_POGP37_4_GE12_45_20,94,TOWE,943,GE12,2020-04-09,9497
TOWE_POGP37_4_GE12_45_20,94,TOWE,943,GE12,2020-04-16,10440
TOWE_POGP37_4_GE12_45_20,94,TOWE,943,GE12,2020-04-30,11383
TOWE_POGP37_4_GE12_45_20,107,TOWE,840,GE12,2021-05-06,12223
TOWE_POGP37_4_GE12_45_20,107,TOWE,840,GE12,2021-05-20,13063
TOWE_POGP37_4_GE12_45_20,108,TOWE,1096,GE12,2021-06-03,14159
TOWE_POGP37_4_GE12_45_20,108,TOWE,1096,GE12,2021-06-09,15255
TOWE_POGP37_4_GE12_45_20,117,TOWE,695,GE12,2022-03-30,15950
TOWE_POGP37_4_GE12_45_20,118,TOWE,1145,GE12,2022-04-07,17095
TOWE_POGP37_4_GE12_45_20,119,TOWE,1368,GE12,2022-05-17,18463
TOWE_POGP37_4_GE12_45_20,119,TOWE,1368,GE12,2022-05-26,19831
TOWE_POGP37_4_GE12_45_20,120,TOWE,1043,GE12,2022-06-01,20874
TOWE_POGP37_4_GE12_45_20,130,TOWE,925,GE12,2023-04-13,21799
TOWE_POGP37_4_GE12_45_20,131,TOWE,2050,GE12,2023-05-10,23849
TOWE_POGP37_4_GE12_45_20,132,TOWE,955,GE12,2023-06-01,24804
TOWE_POGP37_4_GE12_45_20,132,TOWE,955,GE12,2023-06-22,25759
TOWE_POGP37_4_GE12_45_20,141,TOWE,0,GE12,2024-03-20,25759
TOWE_POGP37_4_GE12_45_20,143,TOWE,0,GE12,2024-05-09,25759
TOWE_POGP37_4_GE06_49_18,42,TOWE,0,GE06,2015-12-17,0
TOWE_POGP37_4_GE06_49_18,43,TOWE,0,GE06,2016-01-07,0
TOWE_POGP37_4_GE06_49_18,43,TOWE,0,GE06,2016-01-28,0
TOWE_POGP37_4_GE06_49_18,46,TOWE,0,GE06,2016-04-14,0
TOWE_POGP37_4_GE06_49_18,47,TOWE,0,GE06,2016-05-05,0
TOWE_POGP37_4_GE06_49_18,47,TOWE,0,GE06,2016-05-19,0
TOWE_POGP37_4_GE06_49_18,57,TOWE,0,GE06,2017-03-02,0
TOWE_POGP37_4_GE06_49_18,56,TOWE,0,GE06,2017-02-23,0
TOWE_POGP37_4_GE06_49_18,59,TOWE,0,GE06,2017-05-11,0
TOWE_POGP37_4_GE06_49_18,59,TOWE,0,GE06,2017-05-25,0
TOWE_POGP37_4_GE06_49_18,60,TOWE,0,GE06,2017-06-01,0
TOWE_POGP37_4_GE06_49_18,60,TOWE,0,GE06,2017-06-15,0
TOWE_POGP37_4_GE06_49_18,60,TOWE,0,GE06,2017-06-22,0
TOWE_POGP37_4_GE06_49_18,62,TOWE,0,GE06,2017-08-31,0
TOWE_POGP37_4_GE06_49_18,68,TOWE,0,GE06,2018-02-08,0
TOWE_POGP37_4_GE06_49_18,68,TOWE,0,GE06,2018-02-22,0
TOWE_POGP37_4_GE06_49_18,69,TOWE,631,GE06,2018-03-01,631
TOWE_POGP37_4_GE06_49_18,69,TOWE,631,GE06,2018-03-08,1262
TOWE_POGP37_4_GE06_49_18,78,TOWE,0,GE06,2018-12-20,1262
TOWE_POGP37_4_GE06_49_18,78,TOWE,0,GE06,2018-12-27,1262
TOWE_POGP37_4_GE06_49_18,79,TOWE,861,GE06,2019-01-03,2123
TOWE_POGP37_4_GE06_49_18,79,TOWE,861,GE06,2019-01-10,2984
TOWE_POGP37_4_GE06_49_18,79,TOWE,861,GE06,2019-01-24,3845
TOWE_POGP37_4_GE06_49_18,79,TOWE,861,GE06,2019-01-31,4706
TOWE_POGP37_4_GE06_49_18,80,TOWE,879,GE06,2019-02-21,5585
TOWE_POGP37_4_GE06_49_18,80,TOWE,879,GE06,2019-02-28,6464
TOWE_POGP37_4_GE06_49_18,81,TOWE,830,GE06,2019-03-07,7294
TOWE_POGP37_4_GE06_49_18,81,TOWE,830,GE06,2019-03-21,8124
TOWE_POGP37_4_GE06_49_18,81,TOWE,830,GE06,2019-03-28,8954
TOWE_POGP37_4_GE06_49_18,82,TOWE,884,GE06,2019-04-04,9838
TOWE_POGP37_4_GE06_49_18,92,TOWE,1100,GE06,2020-02-27,10938
TOWE_POGP37_4_GE06_49_18,92,TOWE,1100,GE06,2020-02-10,12038
TOWE_POGP37_4_GE06_49_18,93,TOWE,1007,GE06,2020-03-12,13045
TOWE_POGP37_4_GE06_49_18,94,TOWE,877,GE06,2020-04-09,13922
TOWE_POGP37_4_GE06_49_18,94,TOWE,877,GE06,2020-04-16,14799
TOWE_POGP37_4_GE06_49_18,105,TOWE,1007,GE06,2021-03-04,15806
TOWE_POGP37_4_GE06_49_18,105,TOWE,1007,GE06,2021-03-18,16813
TOWE_POGP37_4_GE06_49_18,104,TOWE,900,GE06,2021-02-18,17713
TOWE_POGP37_4_GE06_49_18,106,TOWE,999,GE06,2021-04-08,18712
TOWE_POGP37_4_GE06_49_18,106,TOWE,999,GE06,2021-04-15,19711
TOWE_POGP37_4_GE06_49_18,106,TOWE,999,GE06,2021-04-29,20710
TOWE_POGP37_4_GE06_49_18,118,TOWE,910,GE06,2022-04-07,21620
TOWE_POGP37_4_GE06_49_18,117,TOWE,990,GE06,2022-03-30,22610
TOWE_POGP37_4_GE06_49_18,119,TOWE,0,GE06,2022-05-17,22610
TOWE_POGP37_4_GE06_49_18,129,TOWE,950,GE06,2023-03-09,23560
TOWE_POGP37_4_GE06_49_18,129,TOWE,950,GE06,2023-03-23,24510
TOWE_POGP37_4_GE06_49_18,131,TOWE,0,GE06,2023-05-10,24510
TOWE_POGP37_4_GE06_49_18,138,TOWE,987,GE06,2023-12-25,25497
TOWE_POGP37_4_GE06_49_18,139,TOWE,0,GE06,2024-01-22,25497
TOWE_POGP37_4_GE06_49_18,140,TOWE,1453,GE06,2024-02-01,26950
TOWE_POGP37_4_GE06_49_18,141,TOWE,0,GE06,2024-03-07,26950
TOWE_POGP37_4_GE06_49_19,43,TOWE,0,GE06,2016-01-21,0
TOWE_POGP37_4_GE06_49_19,55,TOWE,0,GE06,2017-01-19,0
TOWE_POGP37_4_GE06_49_19,56,TOWE,0,GE06,2017-02-02,0
TOWE_POGP37_4_GE06_49_19,56,TOWE,0,GE06,2017-02-09,0
TOWE_POGP37_4_GE06_49_19,56,TOWE,0,GE06,2017-02-16,0
TOWE_POGP37_4_GE06_49_19,56,TOWE,0,GE06,2017-02-23,0
TOWE_POGP37_4_GE06_49_19,58,TOWE,0,GE06,2017-04-13,0
TOWE_POGP37_4_GE06_49_19,69,TOWE,695,GE06,2018-03-01,695
TOWE_POGP37_4_GE06_49_19,69,TOWE,695,GE06,2018-03-08,1390
TOWE_POGP37_4_GE06_49_19,69,TOWE,695,GE06,2018-03-15,2085
TOWE_POGP37_4_GE06_49_19,69,TOWE,695,GE06,2018-03-22,2780
TOWE_POGP37_4_GE06_49_19,70,TOWE,629,GE06,2018-04-05,3409
TOWE_POGP37_4_GE06_49_19,70,TOWE,629,GE06,2018-04-12,4038
TOWE_POGP37_4_GE06_49_19,81,TOWE,755,GE06,2019-03-07,4793
TOWE_POGP37_4_GE06_49_19,81,TOWE,755,GE06,2019-03-21,5548
TOWE_POGP37_4_GE06_49_19,80,TOWE,774,GE06,2019-02-21,6322
TOWE_POGP37_4_GE06_49_19,80,TOWE,774,GE06,2019-02-28,7096
TOWE_POGP37_4_GE06_49_19,82,TOWE,549,GE06,2019-04-04,7645
TOWE_POGP37_4_GE06_49_19,82,TOWE,549,GE06,2019-04-11,8194
TOWE_POGP37_4_GE06_49_19,84,TOWE,845,GE06,2019-06-06,9039
TOWE_POGP37_4_GE06_49_19,84,TOWE,845,GE06,2019-06-27,9884
TOWE_POGP37_4_GE06_49_19,85,TOWE,0,GE06,2019-07-12,9884
TOWE_POGP37_4_GE06_49_19,92,TOWE,1066,GE06,2020-02-27,10950
TOWE_POGP37_4_GE06_49_19,92,TOWE,1066,GE06,2020-02-10,12016
TOWE_POGP37_4_GE06_49_19,93,TOWE,966,GE06,2020-03-12,12982
TOWE_POGP37_4_GE06_49_19,94,TOWE,954,GE06,2020-04-02,13936
TOWE_POGP37_4_GE06_49_19,94,TOWE,954,GE06,2020-04-16,14890
TOWE_POGP37_4_GE06_49_19,94,TOWE,954,GE06,2020-04-09,15844
TOWE_POGP37_4_GE06_49_19,94,TOWE,954,GE06,2020-04-30,16798
TOWE_POGP37_4_GE06_49_19,106,TOWE,932,GE06,2021-04-15,17730
TOWE_POGP37_4_GE06_49_19,106,TOWE,932,GE06,2021-04-29,18662
TOWE_POGP37_4_GE06_49_19,105,TOWE,911,GE06,2021-03-25,19573
TOWE_POGP37_4_GE06_49_19,107,TOWE,1066,GE06,2021-05-06,20639
TOWE_POGP37_4_GE06_49_19,107,TOWE,1066,GE06,2021-05-20,21705
TOWE_POGP37_4_GE06_49_19,118,TOWE,907,GE06,2022-04-07,22612
TOWE_POGP37_4_GE06_49_19,117,TOWE,0,GE06,2022-03-30,22612
TOWE_POGP37_4_GE06_49_19,119,TOWE,0,GE06,2022-05-17,22612
TOWE_POGP37_4_GE06_49_19,120,TOWE,1013,GE06,2022-06-01,23625
TOWE_POGP37_4_GE06_49_19,129,TOWE,1041,GE06,2023-03-09,24666
TOWE_POGP37_4_GE06_49_19,130,TOWE,944,GE06,2023-04-06,25610
TOWE_POGP37_4_GE06_49_19,131,TOWE,0,GE06,2023-05-10,25610
TOWE_POGP37_4_GE06_49_19,140,TOWE,0,GE06,2024-02-15,25610
TOWE_POGP37_4_GE06_49_19,141,TOWE,0,GE06,2024-03-07,25610
TOWE_POGP37_4_GE06_49_19,143,TOWE,0,GE06,2024-05-09,25610
TOWE_POGP37_4_GE06_49_19,142,TOWE,0,GE06,2024-04-24,25610
TOWE_POGP37_4_GE06_49_20,43,TOWE,0,GE06,2016-01-28,0
TOWE_POGP37_4_GE06_49_20,47,TOWE,0,GE06,2016-05-05,0
TOWE_POGP37_4_GE06_49_20,47,TOWE,0,GE06,2016-05-19,0
TOWE_POGP37_4_GE06_49_20,57,TOWE,0,GE06,2017-03-09,0
TOWE_POGP37_4_GE06_49_20,59,TOWE,0,GE06,2017-05-25,0
TOWE_POGP37_4_GE06_49_20,60,TOWE,0,GE06,2017-06-01,0
TOWE_POGP37_4_GE06_49_20,60,TOWE,0,GE06,2017-06-15,0
TOWE_POGP37_4_GE06_49_20,60,TOWE,0,GE06,2017-06-30,0
TOWE_POGP37_4_GE06_49_20,62,TOWE,0,GE06,2017-08-31,0
TOWE_POGP37_4_GE06_49_20,63,TOWE,0,GE06,2017-09-28,0
TOWE_POGP37_4_GE06_49_20,64,TOWE,0,GE06,2017-10-12,0
TOWE_POGP37_4_GE06_49_20,67,TOWE,0,GE06,2018-01-18,0
TOWE_POGP37_4_GE06_49_20,69,TOWE,0,GE06,2018-03-22,0
TOWE_POGP37_4_GE06_49_20,70,TOWE,502,GE06,2018-04-19,502
TOWE_POGP37_4_GE06_49_20,79,TOWE,766,GE06,2019-01-24,1268
TOWE_POGP37_4_GE06_49_20,79,TOWE,766,GE06,2019-01-17,2034
TOWE_POGP37_4_GE06_49_20,80,TOWE,666,GE06,2019-02-07,2700
TOWE_POGP37_4_GE06_49_20,80,TOWE,666,GE06,2019-02-14,3366
TOWE_POGP37_4_GE06_49_20,80,TOWE,666,GE06,2019-02-28,4032
TOWE_POGP37_4_GE06_49_20,81,TOWE,930,GE06,2019-03-07,4962
TOWE_POGP37_4_GE06_49_20,82,TOWE,816,GE06,2019-04-11,5778
TOWE_POGP37_4_GE06_49_20,82,TOWE,816,GE06,2019-04-25,6594
TOWE_POGP37_4_GE06_49_20,83,TOWE,537,GE06,2019-05-02,7131
TOWE_POGP37_4_GE06_49_20,91,TOWE,935,GE06,2020-01-03,8066
TOWE_POGP37_4_GE06_49_20,91,TOWE,935,GE06,2020-01-08,9001
TOWE_POGP37_4_GE06_49_20,91,TOWE,935,GE06,2020-01-16,9936
TOWE_POGP37_4_GE06_49_20,91,TOWE,935,GE06,2020-01-30,10871
TOWE_POGP37_4_GE06_49_20,92,TOWE,972,GE06,2020-02-10,11843
TOWE_POGP37_4_GE06_49_20,93,TOWE,1204,GE06,2020-03-12,13047
TOWE_POGP37_4_GE06_49_20,94,TOWE,0,GE06,2020-04-02,13047
TOWE_POGP37_4_GE06_49_20,94,TOWE,0,GE06,2020-04-16,13047
TOWE_POGP37_4_GE06_49_20,105,TOWE,1074,GE06,2021-03-18,14121
TOWE_POGP37_4_GE06_49_20,105,TOWE,1074,GE06,2021-03-04,15195
TOWE_POGP37_4_GE06_49_20,105,TOWE,1074,GE06,2021-03-11,16269
TOWE_POGP37_4_GE06_49_20,105,TOWE,1074,GE06,2021-03-25,17343
TOWE_POGP37_4_GE06_49_20,106,TOWE,924,GE06,2021-04-01,18267
TOWE_POGP37_4_GE06_49_20,115,TOWE,1009,GE06,2022-01-26,19276
TOWE_POGP37_4_GE06_49_20,116,TOWE,1008,GE06,2022-02-09,20284
TOWE_POGP37_4_GE06_49_20,117,TOWE,958,GE06,2022-03-14,21242
TOWE_POGP37_4_GE06_49_20,118,TOWE,973,GE06,2022-04-07,22215
TOWE_POGP37_4_GE06_49_20,119,TOWE,0,GE06,2022-05-17,22215
TOWE_POGP37_4_GE06_49_20,131,TOWE,1656,GE06,2023-05-18,23871
TOWE_POGP37_4_GE06_49_20,139,TOWE,605,GE06,2024-01-11,24476
TOWE_POGP37_4_GE06_49_20,140,TOWE,0,GE06,2024-02-15,24476
TOWE_POGP37_4_GE06_49_20,141,TOWE,0,GE06,2024-03-07,24476
TOWE_POGP37_1_GE02_4_10,45,TOWE,0,GE02,2016-03-21,0
TOWE_POGP37_1_GE02_4_10,47,TOWE,257,GE02,2016-05-09,257
TOWE_POGP37_1_GE02_4_10,47,TOWE,257,GE02,2016-05-02,514
TOWE_POGP37_1_GE02_4_10,47,TOWE,257,GE02,2016-05-16,771
TOWE_POGP37_1_GE02_4_10,47,TOWE,257,GE02,2016-05-30,1028
TOWE_POGP37_1_GE02_4_10,46,TOWE,219,GE02,2016-04-25,1247
TOWE_POGP37_1_GE02_4_10,48,TOWE,98,GE02,2016-06-13,1345
TOWE_POGP37_1_GE02_4_10,48,TOWE,98,GE02,2016-06-27,1443
TOWE_POGP37_1_GE02_4_10,49,TOWE,195,GE02,2016-07-04,1638
TOWE_POGP37_1_GE02_4_10,58,TOWE,489,GE02,2017-04-17,2127
TOWE_POGP37_1_GE02_4_10,59,TOWE,416,GE02,2017-05-08,2543
TOWE_POGP37_1_GE02_4_10,59,TOWE,416,GE02,2017-05-15,2959
TOWE_POGP37_1_GE02_4_10,60,TOWE,502,GE02,2017-06-05,3461
TOWE_POGP37_1_GE02_4_10,62,TOWE,0,GE02,2017-08-01,3461
TOWE_POGP37_1_GE02_4_10,61,TOWE,510,GE02,2017-07-10,3971
TOWE_POGP37_1_GE02_4_10,63,TOWE,381,GE02,2017-09-04,4352
TOWE_POGP37_1_GE02_4_10,63,TOWE,381,GE02,2017-09-11,4733
TOWE_POGP37_1_GE02_4_10,68,TOWE,0,GE02,2018-02-26,4733
TOWE_POGP37_1_GE02_4_10,69,TOWE,199,GE02,2018-03-12,4932
TOWE_POGP37_1_GE02_4_10,72,TOWE,633,GE02,2018-06-11,5565
TOWE_POGP37_1_GE02_4_10,73,TOWE,519,GE02,2018-07-02,6084
TOWE_POGP37_1_GE02_4_10,73,TOWE,519,GE02,2018-07-09,6603
TOWE_POGP37_1_GE02_4_10,74,TOWE,570,GE02,2018-08-20,7173
TOWE_POGP37_1_GE02_4_10,74,TOWE,570,GE02,2018-08-27,7743
TOWE_POGP37_1_GE02_4_10,75,TOWE,719,GE02,2018-09-24,8462
TOWE_POGP37_1_GE02_4_10,80,TOWE,968,GE02,2019-02-04,9430
TOWE_POGP37_1_GE02_4_10,79,TOWE,876,GE02,2019-01-16,10306
TOWE_POGP37_1_GE02_4_10,81,TOWE,967,GE02,2019-03-04,11273
TOWE_POGP37_1_GE02_4_10,81,TOWE,967,GE02,2019-03-11,12240
TOWE_POGP37_1_GE02_4_10,86,TOWE,908,GE02,2019-08-12,13148
TOWE_POGP37_1_GE02_4_10,86,TOWE,908,GE02,2019-08-26,14056
TOWE_POGP37_1_GE02_4_10,87,TOWE,933,GE02,2019-09-16,14989
TOWE_POGP37_1_GE02_4_10,91,TOWE,970,GE02,2020-01-13,15959
TOWE_POGP37_1_GE02_4_10,91,TOWE,970,GE02,2020-01-07,16929
TOWE_POGP37_1_GE02_4_10,90,TOWE,1052,GE02,2019-12-17,17981
TOWE_POGP37_1_GE02_4_10,92,TOWE,1045,GE02,2020-02-03,19026
TOWE_POGP37_1_GE02_4_10,92,TOWE,1045,GE02,2020-02-19,20071
TOWE_POGP37_1_GE02_4_10,93,TOWE,0,GE02,2020-03-30,20071
TOWE_POGP37_1_GE02_4_10,94,TOWE,970,GE02,2020-04-06,21041
TOWE_POGP37_1_GE02_4_10,104,TOWE,840,GE02,2021-02-11,21881
TOWE_POGP37_1_GE02_4_10,105,TOWE,1080,GE02,2021-03-03,22961
TOWE_POGP37_1_GE02_4_10,105,TOWE,1080,GE02,2021-03-18,24041
TOWE_POGP37_1_GE02_4_10,106,TOWE,964,GE02,2021-04-07,25005
TOWE_POGP37_1_GE02_4_10,106,TOWE,964,GE02,2021-04-14,25969
TOWE_POGP37_1_GE02_4_10,106,TOWE,964,GE02,2021-04-29,26933
TOWE_POGP37_1_GE02_4_10,107,TOWE,765,GE02,2021-05-05,27698
TOWE_POGP37_1_GE02_4_10,118,TOWE,1378,GE02,2022-04-19,29076
TOWE_POGP37_1_GE02_4_10,120,TOWE,0,GE02,2022-06-08,29076
TOWE_POGP37_1_GE02_4_10,119,TOWE,0,GE02,2022-05-30,29076
TOWE_POGP37_1_GE02_4_10,129,TOWE,892,GE02,2023-03-16,29968
TOWE_POGP37_1_GE02_4_10,130,TOWE,1175,GE02,2023-04-03,31143
TOWE_POGP37_1_GE02_4_10,140,TOWE,0,GE02,2024-02-20,31143
TOWE_POGP37_1_GE02_4_10,141,TOWE,0,GE02,2024-03-05,31143
TOWE_POGP37_1_GE02_4_10,142,TOWE,0,GE02,2024-04-01,31143
TOWE_POGP37_2_GE12_4_28,42,TOWE,0,GE12,2015-12-01,0
TOWE_POGP37_2_GE12_4_28,44,TOWE,227,GE12,2016-02-09,227
TOWE_POGP37_2_GE12_4_28,45,TOWE,0,GE12,2016-03-01,227
TOWE_POGP37_2_GE12_4_28,46,TOWE,302,GE12,2016-04-12,529
TOWE_POGP37_2_GE12_4_28,46,TOWE,302,GE12,2016-04-19,831
TOWE_POGP37_2_GE12_4_28,47,TOWE,0,GE12,2016-05-03,831
TOWE_POGP37_2_GE12_4_28,59,TOWE,480,GE12,2017-05-16,1311
TOWE_POGP37_2_GE12_4_28,59,TOWE,480,GE12,2017-05-30,1791
TOWE_POGP37_2_GE12_4_28,60,TOWE,455,GE12,2017-06-06,2246
TOWE_POGP37_2_GE12_4_28,60,TOWE,455,GE12,2017-06-27,2701
TOWE_POGP37_2_GE12_4_28,63,TOWE,0,GE12,2017-09-27,2701
TOWE_POGP37_2_GE12_4_28,64,TOWE,500,GE12,2017-10-03,3201
TOWE_POGP37_2_GE12_4_28,64,TOWE,500,GE12,2017-10-10,3701
TOWE_POGP37_2_GE12_4_28,65,TOWE,592,GE12,2017-11-07,4293
TOWE_POGP37_2_GE12_4_28,65,TOWE,592,GE12,2017-11-21,4885
TOWE_POGP37_2_GE12_4_28,66,TOWE,493,GE12,2017-12-12,5378
TOWE_POGP37_2_GE12_4_28,73,TOWE,624,GE12,2018-07-24,6002
TOWE_POGP37_2_GE12_4_28,74,TOWE,577,GE12,2018-08-07,6579
TOWE_POGP37_2_GE12_4_28,74,TOWE,577,GE12,2018-08-28,7156
TOWE_POGP37_2_GE12_4_28,75,TOWE,641,GE12,2018-09-04,7797
TOWE_POGP37_2_GE12_4_28,75,TOWE,641,GE12,2018-09-25,8438
TOWE_POGP37_2_GE12_4_28,76,TOWE,0,GE12,2018-10-16,8438
TOWE_POGP37_2_GE12_4_28,76,TOWE,0,GE12,2018-10-23,8438
TOWE_POGP37_2_GE12_4_28,77,TOWE,0,GE12,2018-11-13,8438
TOWE_POGP37_2_GE12_4_28,77,TOWE,0,GE12,2018-11-27,8438
TOWE_POGP37_2_GE12_4_28,78,TOWE,0,GE12,2018-12-11,8438
TOWE_POGP37_2_GE12_4_28,82,TOWE,963,GE12,2019-04-02,9401
TOWE_POGP37_2_GE12_4_28,82,TOWE,963,GE12,2019-04-16,10364
TOWE_POGP37_2_GE12_4_28,88,TOWE,0,GE12,2019-10-01,10364
TOWE_POGP37_2_GE12_4_28,88,TOWE,0,GE12,2019-10-08,10364
TOWE_POGP37_2_GE12_4_28,89,TOWE,854,GE12,2019-11-05,11218
TOWE_POGP37_2_GE12_4_28,90,TOWE,894,GE12,2019-12-31,12112
TOWE_POGP37_2_GE12_4_28,91,TOWE,0,GE12,2020-01-14,12112
TOWE_POGP37_2_GE12_4_28,91,TOWE,0,GE12,2020-01-28,12112
TOWE_POGP37_2_GE12_4_28,93,TOWE,870,GE12,2020-03-10,12982
TOWE_POGP37_2_GE12_4_28,97,TOWE,1102,GE12,2020-07-07,14084
TOWE_POGP37_2_GE12_4_28,99,TOWE,951,GE12,2020-09-15,15035
TOWE_POGP37_2_GE12_4_28,99,TOWE,951,GE12,2020-09-22,15986
TOWE_POGP37_2_GE12_4_28,100,TOWE,1171,GE12,2020-10-06,17157
TOWE_POGP37_2_GE12_4_28,100,TOWE,1171,GE12,2020-10-20,18328
TOWE_POGP37_2_GE12_4_28,101,TOWE,1091,GE12,2020-11-03,19419
TOWE_POGP37_2_GE12_4_28,101,TOWE,1091,GE12,2020-11-02,20510
TOWE_POGP37_2_GE12_4_28,101,TOWE,1091,GE12,2020-11-24,21601
TOWE_POGP37_2_GE12_4_28,105,TOWE,791,GE12,2021-03-25,22392
TOWE_POGP37_2_GE12_4_28,102,TOWE,1132,GE12,2020-12-23,23524
TOWE_POGP37_2_GE12_4_28,106,TOWE,713,GE12,2021-04-01,24237
TOWE_POGP37_2_GE12_4_28,106,TOWE,713,GE12,2021-04-29,24950
TOWE_POGP37_2_GE12_4_28,107,TOWE,755,GE12,2021-05-05,25705
TOWE_POGP37_2_GE12_4_28,118,TOWE,1255,GE12,2022-04-05,26960
TOWE_POGP37_2_GE12_4_28,121,TOWE,677,GE12,2022-07-25,27637
TOWE_POGP37_2_GE12_4_28,130,TOWE,1294,GE12,2023-04-26,28931
TOWE_POGP37_2_GE12_4_28,131,TOWE,739,GE12,2023-05-02,29670
TOWE_POGP37_2_GE12_4_28,135,TOWE,878,GE12,2023-09-07,30548
TOWE_POGP37_2_GE12_4_28,142,TOWE,0,GE12,2024-04-16,30548
TOWE_POGP37_2_GE12_4_28,144,TOWE,0,GE12,2024-06-18,30548
TOWE_POGP37_2_GE12_4_28,145,TOWE,0,GE12,2024-07-16,30548
TOWE_POGP37_2_GE12_4_29,41,TOWE,0,GE12,2015-11-10,0
TOWE_POGP37_2_GE12_4_29,45,TOWE,0,GE12,2016-03-01,0
TOWE_POGP37_2_GE12_4_29,45,TOWE,0,GE12,2016-03-29,0
TOWE_POGP37_2_GE12_4_29,47,TOWE,338,GE12,2016-05-17,338
TOWE_POGP37_2_GE12_4_29,47,TOWE,338,GE12,2016-05-10,676
TOWE_POGP37_2_GE12_4_29,49,TOWE,185,GE12,2016-07-19,861
TOWE_POGP37_2_GE12_4_29,56,TOWE,367,GE12,2017-02-21,1228
TOWE_POGP37_2_GE12_4_29,56,TOWE,367,GE12,2017-02-14,1595
TOWE_POGP37_2_GE12_4_29,56,TOWE,367,GE12,2017-02-28,1962
TOWE_POGP37_2_GE12_4_29,59,TOWE,556,GE12,2017-05-09,2518
TOWE_POGP37_2_GE12_4_29,59,TOWE,556,GE12,2017-05-30,3074
TOWE_POGP37_2_GE12_4_29,60,TOWE,507,GE12,2017-06-20,3581
TOWE_POGP37_2_GE12_4_29,60,TOWE,507,GE12,2017-06-06,4088
TOWE_POGP37_2_GE12_4_29,60,TOWE,507,GE12,2017-06-27,4595
TOWE_POGP37_2_GE12_4_29,61,TOWE,530,GE12,2017-07-11,5125
TOWE_POGP37_2_GE12_4_29,61,TOWE,530,GE12,2017-07-25,5655
TOWE_POGP37_2_GE12_4_29,62,TOWE,320,GE12,2017-08-08,5975
TOWE_POGP37_2_GE12_4_29,62,TOWE,320,GE12,2017-08-29,6295
TOWE_POGP37_2_GE12_4_29,63,TOWE,556,GE12,2017-09-27,6851
TOWE_POGP37_2_GE12_4_29,70,TOWE,136,GE12,2018-04-24,6987
TOWE_POGP37_2_GE12_4_29,73,TOWE,522,GE12,2018-07-10,7509
TOWE_POGP37_2_GE12_4_29,73,TOWE,522,GE12,2018-07-03,8031
TOWE_POGP37_2_GE12_4_29,73,TOWE,522,GE12,2018-07-24,8553
TOWE_POGP37_2_GE12_4_29,74,TOWE,966,GE12,2018-08-21,9519
TOWE_POGP37_2_GE12_4_29,74,TOWE,966,GE12,2018-08-28,10485
TOWE_POGP37_2_GE12_4_29,75,TOWE,583,GE12,2018-09-11,11068
TOWE_POGP37_2_GE12_4_29,75,TOWE,583,GE12,2018-09-25,11651
TOWE_POGP37_2_GE12_4_29,76,TOWE,423,GE12,2018-10-23,12074
TOWE_POGP37_2_GE12_4_29,81,TOWE,963,GE12,2019-03-19,13037
TOWE_POGP37_2_GE12_4_29,81,TOWE,963,GE12,2019-03-05,14000
TOWE_POGP37_2_GE12_4_29,81,TOWE,963,GE12,2019-03-12,14963
TOWE_POGP37_2_GE12_4_29,80,TOWE,0,GE12,2019-02-26,14963
TOWE_POGP37_2_GE12_4_29,80,TOWE,0,GE12,2019-02-11,14963
TOWE_POGP37_2_GE12_4_29,82,TOWE,845,GE12,2019-04-02,15808
TOWE_POGP37_2_GE12_4_29,82,TOWE,845,GE12,2019-04-16,16653
TOWE_POGP37_2_GE12_4_29,82,TOWE,845,GE12,2019-04-30,17498
TOWE_POGP37_2_GE12_4_29,86,TOWE,926,GE12,2019-08-27,18424
TOWE_POGP37_2_GE12_4_29,87,TOWE,950,GE12,2019-09-10,19374
TOWE_POGP37_2_GE12_4_29,87,TOWE,950,GE12,2019-09-24,20324
TOWE_POGP37_2_GE12_4_29,88,TOWE,0,GE12,2019-10-01,20324
TOWE_POGP37_2_GE12_4_29,88,TOWE,0,GE12,2019-10-29,20324
TOWE_POGP37_2_GE12_4_29,89,TOWE,0,GE12,2019-11-12,20324
TOWE_POGP37_2_GE12_4_29,93,TOWE,1121,GE12,2020-03-10,21445
TOWE_POGP37_2_GE12_4_29,93,TOWE,1121,GE12,2020-03-31,22566
TOWE_POGP37_2_GE12_4_29,94,TOWE,967,GE12,2020-04-07,23533
TOWE_POGP37_2_GE12_4_29,99,TOWE,793,GE12,2020-09-15,24326
TOWE_POGP37_2_GE12_4_29,99,TOWE,793,GE12,2020-09-29,25119
TOWE_POGP37_2_GE12_4_29,99,TOWE,793,GE12,2020-09-22,25912
TOWE_POGP37_2_GE12_4_29,100,TOWE,1130,GE12,2020-10-06,27042
TOWE_POGP37_2_GE12_4_29,100,TOWE,1130,GE12,2020-10-27,28172
TOWE_POGP37_2_GE12_4_29,101,TOWE,0,GE12,2020-11-10,28172
TOWE_POGP37_2_GE12_4_29,105,TOWE,840,GE12,2021-03-18,29012
TOWE_POGP37_2_GE12_4_29,106,TOWE,929,GE12,2021-04-01,29941
TOWE_POGP37_2_GE12_4_29,106,TOWE,929,GE12,2021-04-14,30870
TOWE_POGP37_2_GE12_4_29,112,TOWE,950,GE12,2021-10-06,31820
TOWE_POGP37_2_GE12_4_29,112,TOWE,950,GE12,2021-10-12,32770
TOWE_POGP37_2_GE12_4_29,113,TOWE,1009,GE12,2021-11-16,33779
TOWE_POGP37_2_GE12_4_29,117,TOWE,885,GE12,2022-03-14,34664
TOWE_POGP37_2_GE12_4_29,117,TOWE,885,GE12,2022-03-28,35549
TOWE_POGP37_2_GE12_4_29,118,TOWE,1108,GE12,2022-04-05,36657
TOWE_POGP37_2_GE12_4_29,130,TOWE,0,GE12,2023-04-04,36657
TOWE_POGP37_2_GE12_4_29,130,TOWE,0,GE12,2023-04-12,36657
TOWE_POGP37_2_GE12_4_29,131,TOWE,1510,GE12,2023-05-02,38167
TOWE_POGP37_2_GE12_4_29,131,TOWE,1510,GE12,2023-05-24,39677
TOWE_POGP37_2_GE12_4_29,131,TOWE,1510,GE12,2023-05-30,41187
TOWE_POGP37_2_GE12_4_29,132,TOWE,974,GE12,2023-06-07,42161
TOWE_POGP37_2_GE12_4_29,141,TOWE,0,GE12,2024-03-12,42161
TOWE_POGP37_2_GE12_4_29,142,TOWE,0,GE12,2024-04-16,42161
TOWE_POGP37_2_GE12_4_29,143,TOWE,0,GE12,2024-05-21,42161
TOWE_POGP37_2_GE12_4_29,144,TOWE,0,GE12,2024-06-04,42161
TOWE_POGP37_2_GE12_4_29,145,TOWE,0,GE12,2024-07-01,42161
TOWE_POGP37_2_GE12_4_30,60,TOWE,310,GE12,2017-06-20,310
TOWE_POGP37_2_GE12_4_30,60,TOWE,310,GE12,2017-06-27,620
TOWE_POGP37_2_GE12_4_30,61,TOWE,367,GE12,2017-07-25,987
TOWE_POGP37_2_GE12_4_30,62,TOWE,0,GE12,2017-08-22,987
TOWE_POGP37_2_GE12_4_30,64,TOWE,432,GE12,2017-10-03,1419
TOWE_POGP37_2_GE12_4_30,76,TOWE,530,GE12,2018-10-09,1949
TOWE_POGP37_2_GE12_4_30,76,TOWE,530,GE12,2018-10-16,2479
TOWE_POGP37_2_GE12_4_30,86,TOWE,1292,GE12,2019-08-20,3771
TOWE_POGP37_2_GE12_4_30,89,TOWE,1040,GE12,2019-11-05,4811
TOWE_POGP37_2_GE12_4_30,88,TOWE,1132,GE12,2019-10-01,5943
TOWE_POGP37_2_GE12_4_30,90,TOWE,850,GE12,2019-12-17,6793
TOWE_POGP37_2_GE12_4_30,90,TOWE,850,GE12,2019-12-10,7643
TOWE_POGP37_2_GE12_4_30,90,TOWE,850,GE12,2019-12-31,8493
TOWE_POGP37_2_GE12_4_30,93,TOWE,0,GE12,2020-03-31,8493
TOWE_POGP37_2_GE12_4_30,105,TOWE,1042,GE12,2021-03-25,9535
TOWE_POGP37_2_GE12_4_30,105,TOWE,1042,GE12,2021-03-11,10577
TOWE_POGP37_2_GE12_4_30,106,TOWE,518,GE12,2021-04-14,11095
TOWE_POGP37_2_GE12_4_30,111,TOWE,817,GE12,2021-09-08,11912
TOWE_POGP37_2_GE12_4_30,119,TOWE,308,GE12,2022-05-30,12220
TOWE_POGP37_2_GE12_4_30,132,TOWE,966,GE12,2023-06-27,13186
TOWE_POGP37_2_GE12_4_30,142,TOWE,0,GE12,2024-04-16,13186
TOWE_POGP37_2_GE12_4_30,143,TOWE,0,GE12,2024-05-28,13186
TOWE_POGP37_2_GE12_4_30,143,TOWE,0,GE12,2024-05-21,13186
TOWE_POGP37_2_GE12_4_30,144,TOWE,0,GE12,2024-06-04,13186
TOWE_POGP37_2_GE12_4_30,145,TOWE,0,GE12,2024-07-01,13186
TOWE_POGP37_1_GE02_4_8,41,TOWE,173,GE02,2015-11-09,173
TOWE_POGP37_1_GE02_4_8,46,TOWE,536,GE02,2016-04-11,709
TOWE_POGP37_1_GE02_4_8,46,TOWE,536,GE02,2016-04-25,1245
TOWE_POGP37_1_GE02_4_8,47,TOWE,290,GE02,2016-05-02,1535
TOWE_POGP37_1_GE02_4_8,47,TOWE,290,GE02,2016-05-16,1825
TOWE_POGP37_1_GE02_4_8,48,TOWE,256,GE02,2016-06-06,2081
TOWE_POGP37_1_GE02_4_8,48,TOWE,256,GE02,2016-06-13,2337
TOWE_POGP37_1_GE02_4_8,48,TOWE,256,GE02,2016-06-27,2593
TOWE_POGP37_1_GE02_4_8,58,TOWE,376,GE02,2017-04-24,2969
TOWE_POGP37_1_GE02_4_8,58,TOWE,376,GE02,2017-04-10,3345
TOWE_POGP37_1_GE02_4_8,59,TOWE,326,GE02,2017-05-08,3671
TOWE_POGP37_1_GE02_4_8,59,TOWE,326,GE02,2017-05-15,3997
TOWE_POGP37_1_GE02_4_8,59,TOWE,326,GE02,2017-05-22,4323
TOWE_POGP37_1_GE02_4_8,59,TOWE,326,GE02,2017-05-29,4649
TOWE_POGP37_1_GE02_4_8,60,TOWE,271,GE02,2017-06-05,4920
TOWE_POGP37_1_GE02_4_8,60,TOWE,271,GE02,2017-06-12,5191
TOWE_POGP37_1_GE02_4_8,61,TOWE,269,GE02,2017-07-03,5460
TOWE_POGP37_1_GE02_4_8,61,TOWE,269,GE02,2017-07-24,5729
TOWE_POGP37_1_GE02_4_8,62,TOWE,311,GE02,2017-08-07,6040
TOWE_POGP37_1_GE02_4_8,64,TOWE,531,GE02,2017-10-02,6571
TOWE_POGP37_1_GE02_4_8,64,TOWE,531,GE02,2017-10-30,7102
TOWE_POGP37_1_GE02_4_8,69,TOWE,0,GE02,2018-03-26,7102
TOWE_POGP37_1_GE02_4_8,72,TOWE,638,GE02,2018-06-25,7740
TOWE_POGP37_1_GE02_4_8,73,TOWE,520,GE02,2018-07-02,8260
TOWE_POGP37_1_GE02_4_8,73,TOWE,520,GE02,2018-07-30,8780
TOWE_POGP37_1_GE02_4_8,74,TOWE,715,GE02,2018-08-06,9495
TOWE_POGP37_1_GE02_4_8,75,TOWE,565,GE02,2018-09-03,10060
TOWE_POGP37_1_GE02_4_8,75,TOWE,565,GE02,2018-09-17,10625
TOWE_POGP37_1_GE02_4_8,75,TOWE,565,GE02,2018-09-24,11190
TOWE_POGP37_1_GE02_4_8,76,TOWE,654,GE02,2018-10-08,11844
TOWE_POGP37_1_GE02_4_8,76,TOWE,654,GE02,2018-10-29,12498
TOWE_POGP37_1_GE02_4_8,77,TOWE,882,GE02,2018-11-12,13380
TOWE_POGP37_1_GE02_4_8,78,TOWE,0,GE02,2018-12-01,13380
TOWE_POGP37_1_GE02_4_8,80,TOWE,931,GE02,2019-02-18,14311
TOWE_POGP37_1_GE02_4_8,80,TOWE,931,GE02,2019-02-04,15242
TOWE_POGP37_1_GE02_4_8,81,TOWE,884,GE02,2019-03-04,16126
TOWE_POGP37_1_GE02_4_8,81,TOWE,884,GE02,2019-03-18,17010
TOWE_POGP37_1_GE02_4_8,82,TOWE,0,GE02,2019-04-01,17010
TOWE_POGP37_1_GE02_4_8,92,TOWE,1046,GE02,2020-02-03,18056
TOWE_POGP37_1_GE02_4_8,92,TOWE,1046,GE02,2020-02-19,19102
TOWE_POGP37_1_GE02_4_8,91,TOWE,1147,GE02,2020-01-13,20249
TOWE_POGP37_1_GE02_4_8,91,TOWE,1147,GE02,2020-01-20,21396
TOWE_POGP37_1_GE02_4_8,93,TOWE,966,GE02,2020-03-09,22362
TOWE_POGP37_1_GE02_4_8,96,TOWE,656,GE02,2020-06-08,23018
TOWE_POGP37_1_GE02_4_8,96,TOWE,656,GE02,2020-06-29,23674
TOWE_POGP37_1_GE02_4_8,105,TOWE,908,GE02,2021-03-31,24582
TOWE_POGP37_1_GE02_4_8,105,TOWE,908,GE02,2021-03-25,25490
TOWE_POGP37_1_GE02_4_8,106,TOWE,1148,GE02,2021-04-07,26638
TOWE_POGP37_1_GE02_4_8,106,TOWE,1148,GE02,2021-04-14,27786
TOWE_POGP37_1_GE02_4_8,106,TOWE,1148,GE02,2021-04-29,28934
TOWE_POGP37_1_GE02_4_8,108,TOWE,238,GE02,2021-06-24,29172
TOWE_POGP37_1_GE02_4_8,109,TOWE,0,GE02,2021-07-08,29172
TOWE_POGP37_1_GE02_4_8,109,TOWE,0,GE02,2021-07-28,29172
TOWE_POGP37_1_GE02_4_8,118,TOWE,1963,GE02,2022-04-04,31135
TOWE_POGP37_1_GE02_4_8,119,TOWE,887,GE02,2022-05-03,32022
TOWE_POGP37_1_GE02_4_8,120,TOWE,376,GE02,2022-06-08,32398
TOWE_POGP37_1_GE02_4_8,132,TOWE,645,GE02,2023-06-15,33043
TOWE_POGP37_1_GE02_4_8,140,TOWE,1069,GE02,2024-02-01,34112
TOWE_POGP37_1_GE02_4_8,141,TOWE,0,GE02,2024-03-05,34112
TOWE_POGP37_1_GE02_4_9,45,TOWE,375,GE02,2016-03-21,375
TOWE_POGP37_1_GE02_4_9,46,TOWE,507,GE02,2016-04-18,882
TOWE_POGP37_1_GE02_4_9,47,TOWE,361,GE02,2016-05-02,1243
TOWE_POGP37_1_GE02_4_9,47,TOWE,361,GE02,2016-05-09,1604
TOWE_POGP37_1_GE02_4_9,47,TOWE,361,GE02,2016-05-16,1965
TOWE_POGP37_1_GE02_4_9,47,TOWE,361,GE02,2016-05-23,2326
TOWE_POGP37_1_GE02_4_9,48,TOWE,265,GE02,2016-06-13,2591
TOWE_POGP37_1_GE02_4_9,48,TOWE,265,GE02,2016-06-27,2856
TOWE_POGP37_1_GE02_4_9,57,TOWE,640,GE02,2017-03-27,3496
TOWE_POGP37_1_GE02_4_9,57,TOWE,640,GE02,2017-03-20,4136
TOWE_POGP37_1_GE02_4_9,59,TOWE,685,GE02,2017-05-01,4821
TOWE_POGP37_1_GE02_4_9,59,TOWE,685,GE02,2017-05-15,5506
TOWE_POGP37_1_GE02_4_9,59,TOWE,685,GE02,2017-05-29,6191
TOWE_POGP37_1_GE02_4_9,60,TOWE,290,GE02,2017-06-05,6481
TOWE_POGP37_1_GE02_4_9,60,TOWE,290,GE02,2017-06-19,6771
TOWE_POGP37_1_GE02_4_9,61,TOWE,270,GE02,2017-07-10,7041
TOWE_POGP37_1_GE02_4_9,62,TOWE,462,GE02,2017-08-07,7503
TOWE_POGP37_1_GE02_4_9,62,TOWE,462,GE02,2017-08-21,7965
TOWE_POGP37_1_GE02_4_9,63,TOWE,512,GE02,2017-09-11,8477
TOWE_POGP37_1_GE02_4_9,64,TOWE,738,GE02,2017-10-02,9215
TOWE_POGP37_1_GE02_4_9,64,TOWE,738,GE02,2017-10-23,9953
TOWE_POGP37_1_GE02_4_9,69,TOWE,850,GE02,2018-03-05,10803
TOWE_POGP37_1_GE02_4_9,69,TOWE,850,GE02,2018-03-19,11653
TOWE_POGP37_1_GE02_4_9,70,TOWE,787,GE02,2018-04-02,12440
TOWE_POGP37_1_GE02_4_9,70,TOWE,787,GE02,2018-04-16,13227
TOWE_POGP37_1_GE02_4_9,73,TOWE,557,GE02,2018-07-02,13784
TOWE_POGP37_1_GE02_4_9,73,TOWE,557,GE02,2018-07-09,14341
TOWE_POGP37_1_GE02_4_9,74,TOWE,452,GE02,2018-08-06,14793
TOWE_POGP37_1_GE02_4_9,74,TOWE,452,GE02,2018-08-27,15245
TOWE_POGP37_1_GE02_4_9,75,TOWE,505,GE02,2018-09-24,15750
TOWE_POGP37_1_GE02_4_9,76,TOWE,1054,GE02,2018-10-29,16804
TOWE_POGP37_1_GE02_4_9,81,TOWE,1021,GE02,2019-03-04,17825
TOWE_POGP37_1_GE02_4_9,81,TOWE,1021,GE02,2019-03-11,18846
TOWE_POGP37_1_GE02_4_9,82,TOWE,1240,GE02,2019-04-01,20086
TOWE_POGP37_1_GE02_4_9,82,TOWE,1240,GE02,2019-04-15,21326
TOWE_POGP37_1_GE02_4_9,83,TOWE,0,GE02,2019-05-06,21326
TOWE_POGP37_1_GE02_4_9,88,TOWE,1257,GE02,2019-10-21,22583
TOWE_POGP37_1_GE02_4_9,93,TOWE,1358,GE02,2020-03-16,23941
TOWE_POGP37_1_GE02_4_9,93,TOWE,1358,GE02,2020-03-02,25299
TOWE_POGP37_1_GE02_4_9,93,TOWE,1358,GE02,2020-03-30,26657
TOWE_POGP37_1_GE02_4_9,94,TOWE,1045,GE02,2020-04-06,27702
TOWE_POGP37_1_GE02_4_9,94,TOWE,1045,GE02,2020-04-20,28747
TOWE_POGP37_1_GE02_4_9,98,TOWE,757,GE02,2020-08-31,29504
TOWE_POGP37_1_GE02_4_9,100,TOWE,1130,GE02,2020-10-05,30634
TOWE_POGP37_1_GE02_4_9,100,TOWE,1130,GE02,2020-10-19,31764
TOWE_POGP37_1_GE02_4_9,105,TOWE,1275,GE02,2021-03-18,33039
TOWE_POGP37_1_GE02_4_9,105,TOWE,1275,GE02,2021-03-03,34314
TOWE_POGP37_1_GE02_4_9,105,TOWE,1275,GE02,2021-03-31,35589
TOWE_POGP37_1_GE02_4_9,106,TOWE,915,GE02,2021-04-14,36504
TOWE_POGP37_1_GE02_4_9,106,TOWE,915,GE02,2021-04-29,37419
TOWE_POGP37_1_GE02_4_9,107,TOWE,825,GE02,2021-05-05,38244
TOWE_POGP37_1_GE02_4_9,118,TOWE,1291,GE02,2022-04-04,39535
TOWE_POGP37_1_GE02_4_9,119,TOWE,1232,GE02,2022-05-03,40767
TOWE_POGP37_1_GE02_4_9,119,TOWE,1232,GE02,2022-05-19,41999
TOWE_POGP37_1_GE02_4_9,120,TOWE,1212,GE02,2022-06-08,43211
TOWE_POGP37_1_GE02_4_9,121,TOWE,0,GE02,2022-07-18,43211
TOWE_POGP37_1_GE02_4_9,131,TOWE,0,GE02,2023-05-04,43211
TOWE_POGP37_1_GE02_4_9,132,TOWE,1360,GE02,2023-06-15,44571
TOWE_POGP37_1_GE02_4_9,141,TOWE,0,GE02,2024-03-05,44571
TOWE_POGP37_1_GE02_4_9,144,TOWE,0,GE02,2024-06-17,44571
TOWE_POGP37_1_GE02_4_9,145,TOWE,0,GE02,2024-07-01,44571
TOWE_POGP37_5_GE06_54_18,43,TOWE,0,GE06,2016-01-29,0
TOWE_POGP37_5_GE06_54_18,44,TOWE,0,GE06,2016-02-05,0
TOWE_POGP37_5_GE06_54_18,46,TOWE,0,GE06,2016-04-14,0
TOWE_POGP37_5_GE06_54_18,46,TOWE,0,GE06,2016-04-22,0
TOWE_POGP37_5_GE06_54_18,47,TOWE,0,GE06,2016-05-06,0
TOWE_POGP37_5_GE06_54_18,47,TOWE,0,GE06,2016-05-20,0
TOWE_POGP37_5_GE06_54_18,58,TOWE,0,GE06,2017-04-06,0
TOWE_POGP37_5_GE06_54_18,58,TOWE,0,GE06,2017-04-14,0
TOWE_POGP37_5_GE06_54_18,57,TOWE,0,GE06,2017-03-23,0
TOWE_POGP37_5_GE06_54_18,59,TOWE,0,GE06,2017-05-04,0
TOWE_POGP37_5_GE06_54_18,59,TOWE,0,GE06,2017-05-11,0
TOWE_POGP37_5_GE06_54_18,59,TOWE,0,GE06,2017-05-25,0
TOWE_POGP37_5_GE06_54_18,69,TOWE,0,GE06,2018-03-15,0
TOWE_POGP37_5_GE06_54_18,70,TOWE,474,GE06,2018-04-26,474
TOWE_POGP37_5_GE06_54_18,71,TOWE,438,GE06,2018-05-03,912
TOWE_POGP37_5_GE06_54_18,79,TOWE,591,GE06,2019-01-31,1503
TOWE_POGP37_5_GE06_54_18,80,TOWE,642,GE06,2019-02-14,2145
TOWE_POGP37_5_GE06_54_18,81,TOWE,0,GE06,2019-03-08,2145
TOWE_POGP37_5_GE06_54_18,81,TOWE,0,GE06,2019-03-28,2145
TOWE_POGP37_5_GE06_54_18,82,TOWE,659,GE06,2019-04-04,2804
TOWE_POGP37_5_GE06_54_18,82,TOWE,659,GE06,2019-04-11,3463
TOWE_POGP37_5_GE06_54_18,82,TOWE,659,GE06,2019-04-26,4122
TOWE_POGP37_5_GE06_54_18,83,TOWE,0,GE06,2019-05-09,4122
TOWE_POGP37_5_GE06_54_18,83,TOWE,0,GE06,2019-05-17,4122
TOWE_POGP37_5_GE06_54_18,84,TOWE,663,GE06,2019-06-13,4785
TOWE_POGP37_5_GE06_54_18,93,TOWE,621,GE06,2020-03-12,5406
TOWE_POGP37_5_GE06_54_18,93,TOWE,621,GE06,2020-03-19,6027
TOWE_POGP37_5_GE06_54_18,94,TOWE,749,GE06,2020-04-03,6776
TOWE_POGP37_5_GE06_54_18,94,TOWE,749,GE06,2020-04-09,7525
TOWE_POGP37_5_GE06_54_18,94,TOWE,749,GE06,2020-04-16,8274
TOWE_POGP37_5_GE06_54_18,95,TOWE,606,GE06,2020-05-12,8880
TOWE_POGP37_5_GE06_54_18,96,TOWE,800,GE06,2020-06-11,9680
TOWE_POGP37_5_GE06_54_18,106,TOWE,827,GE06,2021-04-15,10507
TOWE_POGP37_5_GE06_54_18,106,TOWE,827,GE06,2021-04-08,11334
TOWE_POGP37_5_GE06_54_18,106,TOWE,827,GE06,2021-04-29,12161
TOWE_POGP37_5_GE06_54_18,107,TOWE,671,GE06,2021-05-13,12832
TOWE_POGP37_5_GE06_54_18,118,TOWE,732,GE06,2022-04-14,13564
TOWE_POGP37_5_GE06_54_18,120,TOWE,818,GE06,2022-06-06,14382
TOWE_POGP37_5_GE06_54_18,129,TOWE,892,GE06,2023-03-01,15274
TOWE_POGP37_5_GE06_54_18,129,TOWE,892,GE06,2023-03-09,16166
TOWE_POGP37_5_GE06_54_18,130,TOWE,0,GE06,2023-04-13,16166
TOWE_POGP37_5_GE06_54_18,131,TOWE,0,GE06,2023-05-24,16166
TOWE_POGP37_5_GE06_54_18,141,TOWE,0,GE06,2024-03-14,16166
TOWE_POGP37_5_GE06_54_18,143,TOWE,0,GE06,2024-05-21,16166
TOWE_POGP37_5_GE06_54_18,142,TOWE,0,GE06,2024-04-01,16166
TOWE_POGP37_5_GE06_54_18,142,TOWE,0,GE06,2024-04-15,16166
TOWE_POGP37_5_GE06_54_19,43,TOWE,0,GE06,2016-01-01,0
TOWE_POGP37_5_GE06_54_19,43,TOWE,0,GE06,2016-01-14,0
TOWE_POGP37_5_GE06_54_19,42,TOWE,0,GE06,2015-12-17,0
TOWE_POGP37_5_GE06_54_19,46,TOWE,0,GE06,2016-04-14,0
TOWE_POGP37_5_GE06_54_19,59,TOWE,0,GE06,2017-05-25,0
TOWE_POGP37_5_GE06_54_19,60,TOWE,0,GE06,2017-06-01,0
TOWE_POGP37_5_GE06_54_19,60,TOWE,0,GE06,2017-06-16,0
TOWE_POGP37_5_GE06_54_19,60,TOWE,0,GE06,2017-06-30,0
TOWE_POGP37_5_GE06_54_19,62,TOWE,0,GE06,2017-08-11,0
TOWE_POGP37_5_GE06_54_19,63,TOWE,0,GE06,2017-09-08,0
TOWE_POGP37_5_GE06_54_19,68,TOWE,0,GE06,2018-02-22,0
TOWE_POGP37_5_GE06_54_19,68,TOWE,0,GE06,2018-02-15,0
TOWE_POGP37_5_GE06_54_19,69,TOWE,597,GE06,2018-03-02,597
TOWE_POGP37_5_GE06_54_19,69,TOWE,597,GE06,2018-03-08,1194
TOWE_POGP37_5_GE06_54_19,75,TOWE,587,GE06,2018-09-20,1781
TOWE_POGP37_5_GE06_54_19,78,TOWE,0,GE06,2018-12-13,1781
TOWE_POGP37_5_GE06_54_19,79,TOWE,837,GE06,2019-01-03,2618
TOWE_POGP37_5_GE06_54_19,79,TOWE,837,GE06,2019-01-24,3455
TOWE_POGP37_5_GE06_54_19,80,TOWE,968,GE06,2019-02-07,4423
TOWE_POGP37_5_GE06_54_19,80,TOWE,968,GE06,2019-02-21,5391
TOWE_POGP37_5_GE06_54_19,81,TOWE,0,GE06,2019-03-08,5391
TOWE_POGP37_5_GE06_54_19,81,TOWE,0,GE06,2019-03-21,5391
TOWE_POGP37_5_GE06_54_19,82,TOWE,0,GE06,2019-04-04,5391
TOWE_POGP37_5_GE06_54_19,82,TOWE,0,GE06,2019-04-18,5391
TOWE_POGP37_5_GE06_54_19,91,TOWE,0,GE06,2020-01-30,5391
TOWE_POGP37_5_GE06_54_19,92,TOWE,1128,GE06,2020-02-20,6519
TOWE_POGP37_5_GE06_54_19,93,TOWE,1078,GE06,2020-03-12,7597
TOWE_POGP37_5_GE06_54_19,94,TOWE,1040,GE06,2020-04-16,8637
TOWE_POGP37_5_GE06_54_19,95,TOWE,0,GE06,2020-05-12,8637
TOWE_POGP37_5_GE06_54_19,104,TOWE,1036,GE06,2021-02-18,9673
TOWE_POGP37_5_GE06_54_19,105,TOWE,1485,GE06,2021-03-04,11158
TOWE_POGP37_5_GE06_54_19,105,TOWE,1485,GE06,2021-03-25,12643
TOWE_POGP37_5_GE06_54_19,106,TOWE,708,GE06,2021-04-29,13351
TOWE_POGP37_5_GE06_54_19,107,TOWE,977,GE06,2021-05-06,14328
TOWE_POGP37_5_GE06_54_19,117,TOWE,870,GE06,2022-03-17,15198
TOWE_POGP37_5_GE06_54_19,118,TOWE,1179,GE06,2022-04-14,16377
TOWE_POGP37_5_GE06_54_19,119,TOWE,1158,GE06,2022-05-16,17535
TOWE_POGP37_5_GE06_54_19,120,TOWE,978,GE06,2022-06-02,18513
TOWE_POGP37_5_GE06_54_19,120,TOWE,978,GE06,2022-06-06,19491
TOWE_POGP37_5_GE06_54_19,141,TOWE,0,GE06,2024-03-14,19491
TOWE_POGP37_5_GE06_54_19,142,TOWE,0,GE06,2024-04-15,19491
TOWE_POGP37_5_GE06_54_19,143,TOWE,0,GE06,2024-05-07,19491
TOWE_POGP37_5_GE06_54_20,45,TOWE,0,GE06,2016-03-11,0
TOWE_POGP37_5_GE06_54_20,45,TOWE,0,GE06,2016-03-17,0
TOWE_POGP37_5_GE06_54_20,46,TOWE,0,GE06,2016-04-14,0
TOWE_POGP37_5_GE06_54_20,55,TOWE,0,GE06,2017-01-26,0
TOWE_POGP37_5_GE06_54_20,56,TOWE,0,GE06,2017-02-02,0
TOWE_POGP37_5_GE06_54_20,56,TOWE,0,GE06,2017-02-23,0
TOWE_POGP37_5_GE06_54_20,63,TOWE,0,GE06,2017-09-08,0
TOWE_POGP37_5_GE06_54_20,63,TOWE,0,GE06,2017-09-28,0
TOWE_POGP37_5_GE06_54_20,68,TOWE,0,GE06,2018-02-08,0
TOWE_POGP37_5_GE06_54_20,68,TOWE,0,GE06,2018-02-15,0
TOWE_POGP37_5_GE06_54_20,69,TOWE,0,GE06,2018-03-22,0
TOWE_POGP37_5_GE06_54_20,69,TOWE,0,GE06,2018-03-15,0
TOWE_POGP37_5_GE06_54_20,69,TOWE,0,GE06,2018-03-30,0
TOWE_POGP37_5_GE06_54_20,70,TOWE,727,GE06,2018-04-05,727
TOWE_POGP37_5_GE06_54_20,70,TOWE,727,GE06,2018-04-19,1454
TOWE_POGP37_5_GE06_54_20,71,TOWE,741,GE06,2018-05-03,2195
TOWE_POGP37_5_GE06_54_20,71,TOWE,741,GE06,2018-05-10,2936
TOWE_POGP37_5_GE06_54_20,81,TOWE,1045,GE06,2019-03-21,3981
TOWE_POGP37_5_GE06_54_20,82,TOWE,1028,GE06,2019-04-04,5009
TOWE_POGP37_5_GE06_54_20,82,TOWE,1028,GE06,2019-04-26,6037
TOWE_POGP37_5_GE06_54_20,82,TOWE,1028,GE06,2019-04-18,7065
TOWE_POGP37_5_GE06_54_20,83,TOWE,722,GE06,2019-05-02,7787
TOWE_POGP37_5_GE06_54_20,83,TOWE,722,GE06,2019-05-17,8509
TOWE_POGP37_5_GE06_54_20,93,TOWE,1152,GE06,2020-03-12,9661
TOWE_POGP37_5_GE06_54_20,94,TOWE,1229,GE06,2020-04-03,10890
TOWE_POGP37_5_GE06_54_20,94,TOWE,1229,GE06,2020-04-09,12119
TOWE_POGP37_5_GE06_54_20,95,TOWE,901,GE06,2020-05-12,13020
TOWE_POGP37_5_GE06_54_20,96,TOWE,0,GE06,2020-06-04,13020
TOWE_POGP37_5_GE06_54_20,106,TOWE,734,GE06,2021-04-29,13754
TOWE_POGP37_5_GE06_54_20,107,TOWE,1600,GE06,2021-05-13,15354
TOWE_POGP37_5_GE06_54_20,117,TOWE,1128,GE06,2022-03-17,16482
TOWE_POGP37_5_GE06_54_20,116,TOWE,0,GE06,2022-02-24,16482
TOWE_POGP37_5_GE06_54_20,120,TOWE,0,GE06,2022-06-02,16482
TOWE_POGP37_5_GE06_54_20,131,TOWE,1546,GE06,2023-05-10,18028
TOWE_POGP37_5_GE06_54_20,131,TOWE,1546,GE06,2023-05-24,19574
TOWE_POGP37_5_GE06_54_20,142,TOWE,0,GE06,2024-04-01,19574
TOWE_POGP37_5_GE06_54_20,143,TOWE,0,GE06,2024-05-07,19574
TOWE_POGP37_5_GE12_54_3,41,TOWE,0,GE12,2015-11-12,0
TOWE_POGP37_5_GE12_54_3,42,TOWE,0,GE12,2015-12-17,0
TOWE_POGP37_5_GE12_54_3,44,TOWE,0,GE12,2016-02-05,0
TOWE_POGP37_5_GE12_54_3,44,TOWE,0,GE12,2016-02-19,0
TOWE_POGP37_5_GE12_54_3,46,TOWE,0,GE12,2016-04-14,0
TOWE_POGP37_5_GE12_54_3,46,TOWE,0,GE12,2016-04-22,0
TOWE_POGP37_5_GE12_54_3,47,TOWE,0,GE12,2016-05-06,0
TOWE_POGP37_5_GE12_54_3,47,TOWE,0,GE12,2016-05-20,0
TOWE_POGP37_5_GE12_54_3,48,TOWE,0,GE12,2016-06-09,0
TOWE_POGP37_5_GE12_54_3,59,TOWE,0,GE12,2017-05-11,0
TOWE_POGP37_5_GE12_54_3,60,TOWE,0,GE12,2017-06-08,0
TOWE_POGP37_5_GE12_54_3,60,TOWE,0,GE12,2017-06-01,0
TOWE_POGP37_5_GE12_54_3,62,TOWE,0,GE12,2017-08-25,0
TOWE_POGP37_5_GE12_54_3,62,TOWE,0,GE12,2017-08-31,0
TOWE_POGP37_5_GE12_54_3,63,TOWE,0,GE12,2017-09-08,0
TOWE_POGP37_5_GE12_54_3,65,TOWE,0,GE12,2017-11-09,0
TOWE_POGP37_5_GE12_54_3,65,TOWE,0,GE12,2017-11-23,0
TOWE_POGP37_5_GE12_54_3,67,TOWE,0,GE12,2018-01-11,0
TOWE_POGP37_5_GE12_54_3,67,TOWE,0,GE12,2018-01-25,0
TOWE_POGP37_5_GE12_54_3,68,TOWE,0,GE12,2018-02-15,0
TOWE_POGP37_5_GE12_54_3,69,TOWE,631,GE12,2018-03-02,631
TOWE_POGP37_5_GE12_54_3,69,TOWE,631,GE12,2018-03-15,1262
TOWE_POGP37_5_GE12_54_3,80,TOWE,1576,GE12,2019-02-28,2838
TOWE_POGP37_5_GE12_54_3,80,TOWE,1576,GE12,2019-02-07,4414
TOWE_POGP37_5_GE12_54_3,80,TOWE,1576,GE12,2019-02-21,5990
TOWE_POGP37_5_GE12_54_3,80,TOWE,1576,GE12,2019-02-14,7566
TOWE_POGP37_5_GE12_54_3,81,TOWE,907,GE12,2019-03-08,8473
TOWE_POGP37_5_GE12_54_3,81,TOWE,907,GE12,2019-03-21,9380
TOWE_POGP37_5_GE12_54_3,82,TOWE,882,GE12,2019-04-04,10262
TOWE_POGP37_5_GE12_54_3,82,TOWE,882,GE12,2019-04-18,11144
TOWE_POGP37_5_GE12_54_3,82,TOWE,882,GE12,2019-04-26,12026
TOWE_POGP37_5_GE12_54_3,94,TOWE,1219,GE12,2020-04-03,13245
TOWE_POGP37_5_GE12_54_3,94,TOWE,1219,GE12,2020-04-16,14464
TOWE_POGP37_5_GE12_54_3,93,TOWE,1334,GE12,2020-03-26,15798
TOWE_POGP37_5_GE12_54_3,95,TOWE,762,GE12,2020-05-12,16560
TOWE_POGP37_5_GE12_54_3,95,TOWE,762,GE12,2020-05-14,17322
TOWE_POGP37_5_GE12_54_3,107,TOWE,954,GE12,2021-05-06,18276
TOWE_POGP37_5_GE12_54_3,106,TOWE,0,GE12,2021-04-29,18276
TOWE_POGP37_5_GE12_54_3,108,TOWE,961,GE12,2021-06-03,19237
TOWE_POGP37_5_GE12_54_3,108,TOWE,961,GE12,2021-06-30,20198
TOWE_POGP37_5_GE12_54_3,117,TOWE,1119,GE12,2022-03-31,21317
TOWE_POGP37_5_GE12_54_3,118,TOWE,1022,GE12,2022-04-14,22339
TOWE_POGP37_5_GE12_54_3,119,TOWE,0,GE12,2022-05-16,22339
TOWE_POGP37_5_GE12_54_3,120,TOWE,1106,GE12,2022-06-06,23445
TOWE_POGP37_5_GE12_54_3,131,TOWE,818,GE12,2023-05-09,24263
TOWE_POGP37_5_GE12_54_3,132,TOWE,1570,GE12,2023-06-08,25833
TOWE_POGP37_5_GE12_54_3,133,TOWE,1050,GE12,2023-07-05,26883
TOWE_POGP37_5_GE12_54_3,141,TOWE,0,GE12,2024-03-14,26883
TOWE_POGP37_5_GE12_54_3,142,TOWE,0,GE12,2024-04-15,26883
TOWE_POGP37_5_GE12_54_3,143,TOWE,0,GE12,2024-05-07,26883
TOWE_POGP37_5_GE12_54_4,42,TOWE,0,GE12,2015-12-23,0
TOWE_POGP37_5_GE12_54_4,44,TOWE,0,GE12,2016-02-19,0
TOWE_POGP37_5_GE12_54_4,47,TOWE,0,GE12,2016-05-06,0
TOWE_POGP37_5_GE12_54_4,47,TOWE,0,GE12,2016-05-20,0
TOWE_POGP37_5_GE12_54_4,60,TOWE,0,GE12,2017-06-16,0
TOWE_POGP37_5_GE12_54_4,61,TOWE,0,GE12,2017-07-07,0
TOWE_POGP37_5_GE12_54_4,61,TOWE,0,GE12,2017-07-13,0
TOWE_POGP37_5_GE12_54_4,61,TOWE,0,GE12,2017-07-27,0
TOWE_POGP37_5_GE12_54_4,68,TOWE,0,GE12,2018-02-22,0
TOWE_POGP37_5_GE12_54_4,69,TOWE,720,GE12,2018-03-02,720
TOWE_POGP37_5_GE12_54_4,72,TOWE,684,GE12,2018-06-13,1404
TOWE_POGP37_5_GE12_54_4,73,TOWE,762,GE12,2018-07-02,2166
TOWE_POGP37_5_GE12_54_4,73,TOWE,762,GE12,2018-07-26,2928
TOWE_POGP37_5_GE12_54_4,74,TOWE,967,GE12,2018-08-09,3895
TOWE_POGP37_5_GE12_54_4,79,TOWE,826,GE12,2019-01-24,4721
TOWE_POGP37_5_GE12_54_4,80,TOWE,0,GE12,2019-02-07,4721
TOWE_POGP37_5_GE12_54_4,80,TOWE,0,GE12,2019-02-14,4721
TOWE_POGP37_5_GE12_54_4,80,TOWE,0,GE12,2019-02-28,4721
TOWE_POGP37_5_GE12_54_4,81,TOWE,0,GE12,2019-03-08,4721
TOWE_POGP37_5_GE12_54_4,81,TOWE,0,GE12,2019-03-21,4721
TOWE_POGP37_5_GE12_54_4,93,TOWE,657,GE12,2020-03-12,5378
TOWE_POGP37_5_GE12_54_4,93,TOWE,657,GE12,2020-03-05,6035
TOWE_POGP37_5_GE12_54_4,93,TOWE,657,GE12,2020-03-19,6692
TOWE_POGP37_5_GE12_54_4,92,TOWE,1039,GE12,2020-02-10,7731
TOWE_POGP37_5_GE12_54_4,98,TOWE,915,GE12,2020-08-06,8646
TOWE_POGP37_5_GE12_54_4,98,TOWE,915,GE12,2020-08-27,9561
TOWE_POGP37_5_GE12_54_4,99,TOWE,810,GE12,2020-09-14,10371
TOWE_POGP37_5_GE12_54_4,100,TOWE,891,GE12,2020-10-08,11262
TOWE_POGP37_5_GE12_54_4,102,TOWE,1102,GE12,2020-12-03,12364
TOWE_POGP37_5_GE12_54_4,102,TOWE,1102,GE12,2020-12-17,13466
TOWE_POGP37_5_GE12_54_4,111,TOWE,964,GE12,2021-09-09,14430
TOWE_POGP37_5_GE12_54_4,112,TOWE,1202,GE12,2021-10-07,15632
TOWE_POGP37_5_GE12_54_4,113,TOWE,2035,GE12,2021-11-10,17667
TOWE_POGP37_5_GE12_54_4,114,TOWE,1652,GE12,2021-12-22,19319
TOWE_POGP37_5_GE12_54_4,115,TOWE,1151,GE12,2022-01-12,20470
TOWE_POGP37_5_GE12_54_4,117,TOWE,1230,GE12,2022-03-17,21700
TOWE_POGP37_5_GE12_54_4,119,TOWE,1319,GE12,2022-05-16,23019
TOWE_POGP37_5_GE12_54_4,129,TOWE,0,GE12,2023-03-09,23019
TOWE_POGP37_5_GE12_54_4,129,TOWE,0,GE12,2023-03-01,23019
TOWE_POGP37_5_GE12_54_4,132,TOWE,1505,GE12,2023-06-08,24524
TOWE_POGP37_5_GE12_54_4,139,TOWE,882,GE12,2024-01-25,25406
TOWE_POGP37_5_GE12_54_4,141,TOWE,0,GE12,2024-03-14,25406
TOWE_POGP37_5_GE12_54_4,142,TOWE,0,GE12,2024-04-01,25406
TOWE_POGP37_5_GE12_54_4,143,TOWE,0,GE12,2024-05-07,25406
TOWE_POGP37_5_GE12_54_5,42,TOWE,0,GE12,2015-12-03,0
TOWE_POGP37_5_GE12_54_5,42,TOWE,0,GE12,2015-12-23,0
TOWE_POGP37_5_GE12_54_5,43,TOWE,0,GE12,2016-01-08,0
TOWE_POGP37_5_GE12_54_5,45,TOWE,0,GE12,2016-03-11,0
TOWE_POGP37_5_GE12_54_5,46,TOWE,0,GE12,2016-04-14,0
TOWE_POGP37_5_GE12_54_5,47,TOWE,0,GE12,2016-05-06,0
TOWE_POGP37_5_GE12_54_5,47,TOWE,0,GE12,2016-05-20,0
TOWE_POGP37_5_GE12_54_5,60,TOWE,0,GE12,2017-06-16,0
TOWE_POGP37_5_GE12_54_5,60,TOWE,0,GE12,2017-06-30,0
TOWE_POGP37_5_GE12_54_5,62,TOWE,0,GE12,2017-08-25,0
TOWE_POGP37_5_GE12_54_5,69,TOWE,723,GE12,2018-03-02,723
TOWE_POGP37_5_GE12_54_5,69,TOWE,723,GE12,2018-03-15,1446
TOWE_POGP37_5_GE12_54_5,75,TOWE,474,GE12,2018-09-20,1920
TOWE_POGP37_5_GE12_54_5,80,TOWE,0,GE12,2019-02-07,1920
TOWE_POGP37_5_GE12_54_5,80,TOWE,0,GE12,2019-02-14,1920
TOWE_POGP37_5_GE12_54_5,80,TOWE,0,GE12,2019-02-28,1920
TOWE_POGP37_5_GE12_54_5,81,TOWE,0,GE12,2019-03-08,1920
TOWE_POGP37_5_GE12_54_5,87,TOWE,776,GE12,2019-09-26,2696
TOWE_POGP37_5_GE12_54_5,88,TOWE,924,GE12,2019-10-10,3620
TOWE_POGP37_5_GE12_54_5,91,TOWE,995,GE12,2020-01-03,4615
TOWE_POGP37_5_GE12_54_5,91,TOWE,995,GE12,2020-01-23,5610
TOWE_POGP37_5_GE12_54_5,91,TOWE,995,GE12,2020-01-30,6605
TOWE_POGP37_5_GE12_54_5,92,TOWE,970,GE12,2020-02-10,7575
TOWE_POGP37_5_GE12_54_5,93,TOWE,934,GE12,2020-03-26,8509
TOWE_POGP37_5_GE12_54_5,94,TOWE,954,GE12,2020-04-03,9463
TOWE_POGP37_5_GE12_54_5,94,TOWE,954,GE12,2020-04-16,10417
TOWE_POGP37_5_GE12_54_5,104,TOWE,823,GE12,2021-02-25,11240
TOWE_POGP37_5_GE12_54_5,106,TOWE,1053,GE12,2021-04-01,12293
TOWE_POGP37_5_GE12_54_5,106,TOWE,1053,GE12,2021-04-29,13346
TOWE_POGP37_5_GE12_54_5,114,TOWE,1006,GE12,2021-12-13,14352
TOWE_POGP37_5_GE12_54_5,115,TOWE,932,GE12,2022-01-06,15284
TOWE_POGP37_5_GE12_54_5,115,TOWE,932,GE12,2022-01-26,16216
TOWE_POGP37_5_GE12_54_5,116,TOWE,0,GE12,2022-02-03,16216
TOWE_POGP37_5_GE12_54_5,116,TOWE,0,GE12,2022-02-24,16216
TOWE_POGP37_5_GE12_54_5,117,TOWE,1170,GE12,2022-03-24,17386
TOWE_POGP37_5_GE12_54_5,118,TOWE,1709,GE12,2022-04-14,19095
TOWE_POGP37_5_GE12_54_5,119,TOWE,1135,GE12,2022-05-16,20230
TOWE_POGP37_5_GE12_54_5,119,TOWE,1135,GE12,2022-05-26,21365
TOWE_POGP37_5_GE12_54_5,131,TOWE,1055,GE12,2023-05-24,22420
TOWE_POGP37_5_GE12_54_5,132,TOWE,0,GE12,2023-06-01,22420
TOWE_POGP37_5_GE12_54_5,141,TOWE,0,GE12,2024-03-14,22420
TOWE_POGP37_5_GE12_54_5,142,TOWE,0,GE12,2024-04-01,22420
TOWE_POGP37_5_GE12_54_5,142,TOWE,0,GE12,2024-04-15,22420
TOWE_POGP37_5_GE09_58_4,42,TOWE,0,GE09,2015-12-03,0
TOWE_POGP37_5_GE09_58_4,43,TOWE,0,GE09,2016-01-08,0
TOWE_POGP37_5_GE09_58_4,43,TOWE,0,GE09,2016-01-29,0
TOWE_POGP37_5_GE09_58_4,44,TOWE,0,GE09,2016-02-05,0
TOWE_POGP37_5_GE09_58_4,46,TOWE,0,GE09,2016-04-14,0
TOWE_POGP37_5_GE09_58_4,46,TOWE,0,GE09,2016-04-22,0
TOWE_POGP37_5_GE09_58_4,47,TOWE,0,GE09,2016-05-06,0
TOWE_POGP37_5_GE09_58_4,57,TOWE,0,GE09,2017-03-09,0
TOWE_POGP37_5_GE09_58_4,57,TOWE,0,GE09,2017-03-16,0
TOWE_POGP37_5_GE09_58_4,58,TOWE,0,GE09,2017-04-06,0
TOWE_POGP37_5_GE09_58_4,60,TOWE,0,GE09,2017-06-08,0
TOWE_POGP37_5_GE09_58_4,60,TOWE,0,GE09,2017-06-16,0
TOWE_POGP37_5_GE09_58_4,61,TOWE,0,GE09,2017-07-20,0
TOWE_POGP37_5_GE09_58_4,62,TOWE,0,GE09,2017-08-11,0
TOWE_POGP37_5_GE09_58_4,69,TOWE,1268,GE09,2018-03-02,1268
TOWE_POGP37_5_GE09_58_4,69,TOWE,1268,GE09,2018-03-22,2536
TOWE_POGP37_5_GE09_58_4,69,TOWE,1268,GE09,2018-03-15,3804
TOWE_POGP37_5_GE09_58_4,69,TOWE,1268,GE09,2018-03-30,5072
TOWE_POGP37_5_GE09_58_4,70,TOWE,661,GE09,2018-04-05,5733
TOWE_POGP37_5_GE09_58_4,75,TOWE,1080,GE09,2018-09-20,6813
TOWE_POGP37_5_GE09_58_4,76,TOWE,959,GE09,2018-10-18,7772
TOWE_POGP37_5_GE09_58_4,79,TOWE,895,GE09,2019-01-17,8667
TOWE_POGP37_5_GE09_58_4,79,TOWE,895,GE09,2019-01-31,9562
TOWE_POGP37_5_GE09_58_4,80,TOWE,819,GE09,2019-02-14,10381
TOWE_POGP37_5_GE09_58_4,84,TOWE,854,GE09,2019-06-06,11235
TOWE_POGP37_5_GE09_58_4,84,TOWE,854,GE09,2019-06-20,12089
TOWE_POGP37_5_GE09_58_4,84,TOWE,854,GE09,2019-06-27,12943
TOWE_POGP37_5_GE09_58_4,91,TOWE,1425,GE09,2020-01-30,14368
TOWE_POGP37_5_GE09_58_4,91,TOWE,1425,GE09,2020-01-03,15793
TOWE_POGP37_5_GE09_58_4,91,TOWE,1425,GE09,2020-01-08,17218
TOWE_POGP37_5_GE09_58_4,91,TOWE,1425,GE09,2020-01-23,18643
TOWE_POGP37_5_GE09_58_4,92,TOWE,1485,GE09,2020-02-10,20128
TOWE_POGP37_5_GE09_58_4,92,TOWE,1485,GE09,2020-02-20,21613
TOWE_POGP37_5_GE09_58_4,92,TOWE,1485,GE09,2020-02-13,23098
TOWE_POGP37_5_GE09_58_4,94,TOWE,1135,GE09,2020-04-03,24233
TOWE_POGP37_5_GE09_58_4,95,TOWE,736,GE09,2020-05-12,24969
TOWE_POGP37_5_GE09_58_4,95,TOWE,736,GE09,2020-05-28,25705
TOWE_POGP37_5_GE09_58_4,106,TOWE,137,GE09,2021-04-08,25842
TOWE_POGP37_5_GE09_58_4,106,TOWE,137,GE09,2021-04-29,25979
TOWE_POGP37_5_GE09_58_4,107,TOWE,910,GE09,2021-05-06,26889
TOWE_POGP37_5_GE09_58_4,107,TOWE,910,GE09,2021-05-20,27799
TOWE_POGP37_5_GE09_58_4,108,TOWE,1629,GE09,2021-06-03,29428
TOWE_POGP37_5_GE09_58_4,119,TOWE,1255,GE09,2022-05-16,30683
TOWE_POGP37_5_GE09_58_4,120,TOWE,1803,GE09,2022-06-06,32486
TOWE_POGP37_5_GE09_58_4,131,TOWE,1748,GE09,2023-05-10,34234
TOWE_POGP37_5_GE09_58_4,133,TOWE,0,GE09,2023-07-05,34234
TOWE_POGP37_5_GE09_58_4,132,TOWE,1705,GE09,2023-06-08,35939
TOWE_POGP37_5_GE09_58_4,141,TOWE,0,GE09,2024-03-14,35939
TOWE_POGP37_5_GE09_58_4,142,TOWE,0,GE09,2024-04-15,35939
TOWE_POGP37_5_GE09_58_4,143,TOWE,0,GE09,2024-05-07,35939
TOWE_POGP37_5_GE09_58_4,144,TOWE,0,GE09,2024-06-27,35939
TOWE_POGP37_5_GE02_59_13,43,TOWE,0,GE02,2016-01-01,0
TOWE_POGP37_5_GE02_59_13,46,TOWE,0,GE02,2016-04-22,0
TOWE_POGP37_5_GE02_59_13,47,TOWE,0,GE02,2016-05-06,0
TOWE_POGP37_5_GE02_59_13,47,TOWE,0,GE02,2016-05-13,0
TOWE_POGP37_5_GE02_59_13,47,TOWE,0,GE02,2016-05-20,0
TOWE_POGP37_5_GE02_59_13,48,TOWE,0,GE02,2016-06-02,0
TOWE_POGP37_5_GE02_59_13,60,TOWE,0,GE02,2017-06-16,0
TOWE_POGP37_5_GE02_59_13,60,TOWE,0,GE02,2017-06-23,0
TOWE_POGP37_5_GE02_59_13,62,TOWE,0,GE02,2017-08-31,0
TOWE_POGP37_5_GE02_59_13,63,TOWE,0,GE02,2017-09-21,0
TOWE_POGP37_5_GE02_59_13,67,TOWE,0,GE02,2018-01-03,0
TOWE_POGP37_5_GE02_59_13,67,TOWE,0,GE02,2018-01-11,0
TOWE_POGP37_5_GE02_59_13,68,TOWE,0,GE02,2018-02-08,0
TOWE_POGP37_5_GE02_59_13,69,TOWE,0,GE02,2018-03-22,0
TOWE_POGP37_5_GE02_59_13,69,TOWE,0,GE02,2018-03-15,0
TOWE_POGP37_5_GE02_59_13,69,TOWE,0,GE02,2018-03-30,0
TOWE_POGP37_5_GE02_59_13,70,TOWE,608,GE02,2018-04-05,608
TOWE_POGP37_5_GE02_59_13,81,TOWE,0,GE02,2019-03-08,608
TOWE_POGP37_5_GE02_59_13,82,TOWE,748,GE02,2019-04-18,1356
TOWE_POGP37_5_GE02_59_13,82,TOWE,748,GE02,2019-04-04,2104
TOWE_POGP37_5_GE02_59_13,83,TOWE,981,GE02,2019-05-09,3085
TOWE_POGP37_5_GE02_59_13,87,TOWE,796,GE02,2019-09-26,3881
TOWE_POGP37_5_GE02_59_13,91,TOWE,831,GE02,2020-01-30,4712
TOWE_POGP37_5_GE02_59_13,91,TOWE,831,GE02,2020-01-23,5543
TOWE_POGP37_5_GE02_59_13,91,TOWE,831,GE02,2020-01-08,6374
TOWE_POGP37_5_GE02_59_13,92,TOWE,713,GE02,2020-02-10,7087
TOWE_POGP37_5_GE02_59_13,93,TOWE,796,GE02,2020-03-12,7883
TOWE_POGP37_5_GE02_59_13,94,TOWE,722,GE02,2020-04-03,8605
TOWE_POGP37_5_GE02_59_13,94,TOWE,722,GE02,2020-04-16,9327
TOWE_POGP37_5_GE02_59_13,94,TOWE,722,GE02,2020-04-30,10049
TOWE_POGP37_5_GE02_59_13,106,TOWE,794,GE02,2021-04-01,10843
TOWE_POGP37_5_GE02_59_13,106,TOWE,794,GE02,2021-04-08,11637
TOWE_POGP37_5_GE02_59_13,106,TOWE,794,GE02,2021-04-22,12431
TOWE_POGP37_5_GE02_59_13,105,TOWE,955,GE02,2021-03-25,13386
TOWE_POGP37_5_GE02_59_13,107,TOWE,955,GE02,2021-05-06,14341
TOWE_POGP37_5_GE02_59_13,107,TOWE,955,GE02,2021-05-13,15296
TOWE_POGP37_5_GE02_59_13,118,TOWE,765,GE02,2022-04-14,16061
TOWE_POGP37_5_GE02_59_13,119,TOWE,732,GE02,2022-05-16,16793
TOWE_POGP37_5_GE02_59_13,141,TOWE,0,GE02,2024-03-14,16793
TOWE_POGP37_5_GE02_59_13,141,TOWE,0,GE02,2024-03-07,16793
TOWE_POGP37_5_GE02_59_14,47,TOWE,0,GE02,2016-05-06,0
TOWE_POGP37_5_GE02_59_14,47,TOWE,0,GE02,2016-05-13,0
TOWE_POGP37_5_GE02_59_14,47,TOWE,0,GE02,2016-05-20,0
TOWE_POGP37_5_GE02_59_14,48,TOWE,0,GE02,2016-06-02,0
TOWE_POGP37_5_GE02_59_14,58,TOWE,0,GE02,2017-04-06,0
TOWE_POGP37_5_GE02_59_14,57,TOWE,0,GE02,2017-03-31,0
TOWE_POGP37_5_GE02_59_14,59,TOWE,0,GE02,2017-05-11,0
TOWE_POGP37_5_GE02_59_14,59,TOWE,0,GE02,2017-05-04,0
TOWE_POGP37_5_GE02_59_14,60,TOWE,0,GE02,2017-06-16,0
TOWE_POGP37_5_GE02_59_14,60,TOWE,0,GE02,2017-06-23,0
TOWE_POGP37_5_GE02_59_14,69,TOWE,672,GE02,2018-03-02,672
TOWE_POGP37_5_GE02_59_14,69,TOWE,672,GE02,2018-03-15,1344
TOWE_POGP37_5_GE02_59_14,70,TOWE,700,GE02,2018-04-05,2044
TOWE_POGP37_5_GE02_59_14,70,TOWE,700,GE02,2018-04-26,2744
TOWE_POGP37_5_GE02_59_14,81,TOWE,716,GE02,2019-03-21,3460
TOWE_POGP37_5_GE02_59_14,81,TOWE,716,GE02,2019-03-14,4176
TOWE_POGP37_5_GE02_59_14,82,TOWE,807,GE02,2019-04-04,4983
TOWE_POGP37_5_GE02_59_14,82,TOWE,807,GE02,2019-04-11,5790
TOWE_POGP37_5_GE02_59_14,82,TOWE,807,GE02,2019-04-26,6597
TOWE_POGP37_5_GE02_59_14,83,TOWE,0,GE02,2019-05-09,6597
TOWE_POGP37_5_GE02_59_14,87,TOWE,728,GE02,2019-09-12,7325
TOWE_POGP37_5_GE02_59_14,88,TOWE,885,GE02,2019-10-03,8210
TOWE_POGP37_5_GE02_59_14,94,TOWE,1207,GE02,2020-04-30,9417
TOWE_POGP37_5_GE02_59_14,95,TOWE,902,GE02,2020-05-12,10319
TOWE_POGP37_5_GE02_59_14,95,TOWE,902,GE02,2020-05-28,11221
TOWE_POGP37_5_GE02_59_14,106,TOWE,864,GE02,2021-04-29,12085
TOWE_POGP37_5_GE02_59_14,107,TOWE,900,GE02,2021-05-06,12985
TOWE_POGP37_5_GE02_59_14,107,TOWE,900,GE02,2021-05-20,13885
TOWE_POGP37_5_GE02_59_14,118,TOWE,916,GE02,2022-04-20,14801
TOWE_POGP37_5_GE02_59_14,119,TOWE,1064,GE02,2022-05-16,15865
TOWE_POGP37_5_GE02_59_14,120,TOWE,1350,GE02,2022-06-02,17215
TOWE_POGP37_5_GE02_59_14,120,TOWE,1350,GE02,2022-06-06,18565
TOWE_POGP37_5_GE02_59_14,132,TOWE,876,GE02,2023-06-08,19441
TOWE_POGP37_5_GE02_59_14,131,TOWE,1435,GE02,2023-05-24,20876
TOWE_POGP37_5_GE02_59_14,133,TOWE,780,GE02,2023-07-05,21656
TOWE_POGP37_5_GE02_59_14,141,TOWE,0,GE02,2024-03-07,21656
TOWE_POGP37_5_GE02_59_14,141,TOWE,0,GE02,2024-03-14,21656
TOWE_POGP37_5_GE02_59_14,142,TOWE,0,GE02,2024-04-01,21656
TOWE_POGP37_5_GE02_59_14,142,TOWE,0,GE02,2024-04-15,21656
TOWE_POGP37_5_GE02_59_14,143,TOWE,0,GE02,2024-05-09,21656
TOWE_POGP37_5_GE02_59_14,144,TOWE,0,GE02,2024-06-27,21656
TOWE_POGP37_5_GE02_59_14,145,TOWE,0,GE02,2024-07-18,21656
TOWE_POGP37_5_GE02_59_15,42,TOWE,0,GE02,2015-12-17,0
TOWE_POGP37_5_GE02_59_15,47,TOWE,0,GE02,2016-05-06,0
TOWE_POGP37_5_GE02_59_15,47,TOWE,0,GE02,2016-05-20,0
TOWE_POGP37_5_GE02_59_15,48,TOWE,0,GE02,2016-06-02,0
TOWE_POGP37_5_GE02_59_15,59,TOWE,0,GE02,2017-05-18,0
TOWE_POGP37_5_GE02_59_15,60,TOWE,0,GE02,2017-06-23,0
TOWE_POGP37_5_GE02_59_15,61,TOWE,0,GE02,2017-07-27,0
TOWE_POGP37_5_GE02_59_15,62,TOWE,0,GE02,2017-08-25,0
TOWE_POGP37_5_GE02_59_15,63,TOWE,0,GE02,2017-09-14,0
TOWE_POGP37_5_GE02_59_15,64,TOWE,0,GE02,2017-10-26,0
TOWE_POGP37_5_GE02_59_15,69,TOWE,353,GE02,2018-03-02,353
TOWE_POGP37_5_GE02_59_15,69,TOWE,353,GE02,2018-03-30,706
TOWE_POGP37_5_GE02_59_15,81,TOWE,0,GE02,2019-03-08,706
TOWE_POGP37_5_GE02_59_15,80,TOWE,483,GE02,2019-02-21,1189
TOWE_POGP37_5_GE02_59_15,91,TOWE,1480,GE02,2020-01-03,2669
TOWE_POGP37_5_GE02_59_15,91,TOWE,1480,GE02,2020-01-16,4149
TOWE_POGP37_5_GE02_59_15,91,TOWE,1480,GE02,2020-01-08,5629
TOWE_POGP37_5_GE02_59_15,90,TOWE,0,GE02,2019-12-19,5629
TOWE_POGP37_5_GE02_59_15,92,TOWE,1376,GE02,2020-02-10,7005
TOWE_POGP37_5_GE02_59_15,93,TOWE,1158,GE02,2020-03-12,8163
TOWE_POGP37_5_GE02_59_15,97,TOWE,702,GE02,2020-07-20,8865
TOWE_POGP37_5_GE02_59_15,105,TOWE,1200,GE02,2021-03-04,10065
TOWE_POGP37_5_GE02_59_15,105,TOWE,1200,GE02,2021-03-25,11265
TOWE_POGP37_5_GE02_59_15,103,TOWE,1171,GE02,2021-01-28,12436
TOWE_POGP37_5_GE02_59_15,106,TOWE,1053,GE02,2021-04-08,13489
TOWE_POGP37_5_GE02_59_15,106,TOWE,1053,GE02,2021-04-22,14542
TOWE_POGP37_5_GE02_59_15,106,TOWE,1053,GE02,2021-04-29,15595
TOWE_POGP37_5_GE02_59_15,107,TOWE,873,GE02,2021-05-06,16468
TOWE_POGP37_5_GE02_59_15,118,TOWE,1397,GE02,2022-04-14,17865
TOWE_POGP37_5_GE02_59_15,119,TOWE,1242,GE02,2022-05-16,19107
TOWE_POGP37_5_GE02_59_15,120,TOWE,1447,GE02,2022-06-06,20554
TOWE_POGP37_5_GE02_59_15,130,TOWE,683,GE02,2023-04-13,21237
TOWE_POGP37_5_GE02_59_15,130,TOWE,683,GE02,2023-04-21,21920
TOWE_POGP37_5_GE02_59_15,133,TOWE,1543,GE02,2023-07-05,23463
TOWE_POGP37_5_GE02_59_15,141,TOWE,0,GE02,2024-03-14,23463
TOWE_POGP37_5_GE02_59_15,142,TOWE,0,GE02,2024-04-25,23463
TOWE_POGP37_5_GE02_59_15,143,TOWE,0,GE02,2024-05-09,23463
TOWE_POGP37_5_GE09_59_3,42,TOWE,0,GE09,2015-12-17,0
TOWE_POGP37_5_GE09_59_3,42,TOWE,0,GE09,2015-12-23,0
TOWE_POGP37_5_GE09_59_3,47,TOWE,0,GE09,2016-05-06,0
TOWE_POGP37_5_GE09_59_3,47,TOWE,0,GE09,2016-05-13,0
TOWE_POGP37_5_GE09_59_3,47,TOWE,0,GE09,2016-05-20,0
TOWE_POGP37_5_GE09_59_3,47,TOWE,0,GE09,2016-05-27,0
TOWE_POGP37_5_GE09_59_3,59,TOWE,0,GE09,2017-05-11,0
TOWE_POGP37_5_GE09_59_3,59,TOWE,0,GE09,2017-05-04,0
TOWE_POGP37_5_GE09_59_3,58,TOWE,0,GE09,2017-04-28,0
TOWE_POGP37_5_GE09_59_3,60,TOWE,0,GE09,2017-06-01,0
TOWE_POGP37_5_GE09_59_3,60,TOWE,0,GE09,2017-06-08,0
TOWE_POGP37_5_GE09_59_3,60,TOWE,0,GE09,2017-06-23,0
TOWE_POGP37_5_GE09_59_3,61,TOWE,0,GE09,2017-07-07,0
TOWE_POGP37_5_GE09_59_3,70,TOWE,869,GE09,2018-04-19,869
TOWE_POGP37_5_GE09_59_3,74,TOWE,542,GE09,2018-08-02,1411
TOWE_POGP37_5_GE09_59_3,75,TOWE,508,GE09,2018-09-06,1919
TOWE_POGP37_5_GE09_59_3,78,TOWE,0,GE09,2018-12-27,1919
TOWE_POGP37_5_GE09_59_3,79,TOWE,795,GE09,2019-01-10,2714
TOWE_POGP37_5_GE09_59_3,80,TOWE,985,GE09,2019-02-07,3699
TOWE_POGP37_5_GE09_59_3,80,TOWE,985,GE09,2019-02-21,4684
TOWE_POGP37_5_GE09_59_3,81,TOWE,0,GE09,2019-03-08,4684
TOWE_POGP37_5_GE09_59_3,81,TOWE,0,GE09,2019-03-21,4684
TOWE_POGP37_5_GE09_59_3,82,TOWE,772,GE09,2019-04-18,5456
TOWE_POGP37_5_GE09_59_3,83,TOWE,521,GE09,2019-05-02,5977
TOWE_POGP37_5_GE09_59_3,87,TOWE,875,GE09,2019-09-19,6852
TOWE_POGP37_5_GE09_59_3,94,TOWE,27,GE09,2020-04-03,6879
TOWE_POGP37_5_GE09_59_3,95,TOWE,0,GE09,2020-05-12,6879
TOWE_POGP37_5_GE09_59_3,95,TOWE,0,GE09,2020-05-14,6879
TOWE_POGP37_5_GE09_59_3,106,TOWE,1101,GE09,2021-04-29,7980
TOWE_POGP37_5_GE09_59_3,107,TOWE,1649,GE09,2021-05-20,9629
TOWE_POGP37_5_GE09_59_3,107,TOWE,1649,GE09,2021-05-06,11278
TOWE_POGP37_5_GE09_59_3,119,TOWE,1208,GE09,2022-05-16,12486
TOWE_POGP37_5_GE09_59_3,120,TOWE,1412,GE09,2022-06-02,13898
TOWE_POGP37_5_GE09_59_3,120,TOWE,1412,GE09,2022-06-06,15310
TOWE_POGP37_5_GE09_59_3,131,TOWE,0,GE09,2023-05-10,15310
TOWE_POGP37_5_GE09_59_3,132,TOWE,1118,GE09,2023-06-01,16428
TOWE_POGP37_5_GE09_59_3,133,TOWE,0,GE09,2023-07-05,16428
TOWE_POGP37_5_GE09_59_3,141,TOWE,0,GE09,2024-03-14,16428
TOWE_POGP37_5_GE09_59_3,141,TOWE,0,GE09,2024-03-07,16428
TOWE_POGP37_5_GE09_59_3,142,TOWE,0,GE09,2024-04-01,16428
TOWE_POGP37_5_GE09_59_3,142,TOWE,0,GE09,2024-04-15,16428
TOWE_POGP37_5_GE09_59_3,143,TOWE,0,GE09,2024-05-07,16428
TOWE_POGP37_5_GE09_59_4,55,TOWE,0,GE09,2017-01-26,0
TOWE_POGP37_5_GE09_59_4,59,TOWE,0,GE09,2017-05-04,0
TOWE_POGP37_5_GE09_59_4,59,TOWE,0,GE09,2017-05-11,0
TOWE_POGP37_5_GE09_59_4,57,TOWE,0,GE09,2017-03-31,0
TOWE_POGP37_5_GE09_59_4,58,TOWE,0,GE09,2017-04-28,0
TOWE_POGP37_5_GE09_59_4,60,TOWE,0,GE09,2017-06-16,0
TOWE_POGP37_5_GE09_59_4,70,TOWE,460,GE09,2018-04-05,460
TOWE_POGP37_5_GE09_59_4,72,TOWE,458,GE09,2018-06-13,918
TOWE_POGP37_5_GE09_59_4,73,TOWE,325,GE09,2018-07-05,1243
TOWE_POGP37_5_GE09_59_4,74,TOWE,337,GE09,2018-08-02,1580
TOWE_POGP37_5_GE09_59_4,76,TOWE,363,GE09,2018-10-04,1943
TOWE_POGP37_5_GE09_59_4,81,TOWE,0,GE09,2019-03-08,1943
TOWE_POGP37_5_GE09_59_4,81,TOWE,0,GE09,2019-03-21,1943
TOWE_POGP37_5_GE09_59_4,80,TOWE,538,GE09,2019-02-28,2481
TOWE_POGP37_5_GE09_59_4,82,TOWE,655,GE09,2019-04-11,3136
TOWE_POGP37_5_GE09_59_4,86,TOWE,0,GE09,2019-08-15,3136
TOWE_POGP37_5_GE09_59_4,86,TOWE,0,GE09,2019-08-29,3136
TOWE_POGP37_5_GE09_59_4,87,TOWE,0,GE09,2019-09-12,3136
TOWE_POGP37_5_GE09_59_4,87,TOWE,0,GE09,2019-09-19,3136
TOWE_POGP37_5_GE09_59_4,91,TOWE,0,GE09,2020-01-30,3136
TOWE_POGP37_5_GE09_59_4,92,TOWE,740,GE09,2020-02-10,3876
TOWE_POGP37_5_GE09_59_4,92,TOWE,740,GE09,2020-02-13,4616
TOWE_POGP37_5_GE09_59_4,92,TOWE,740,GE09,2020-02-20,5356
TOWE_POGP37_5_GE09_59_4,93,TOWE,965,GE09,2020-03-05,6321
TOWE_POGP37_5_GE09_59_4,94,TOWE,1024,GE09,2020-04-03,7345
TOWE_POGP37_5_GE09_59_4,94,TOWE,1024,GE09,2020-04-16,8369
TOWE_POGP37_5_GE09_59_4,106,TOWE,852,GE09,2021-04-15,9221
TOWE_POGP37_5_GE09_59_4,106,TOWE,852,GE09,2021-04-01,10073
TOWE_POGP37_5_GE09_59_4,105,TOWE,974,GE09,2021-03-11,11047
TOWE_POGP37_5_GE09_59_4,105,TOWE,974,GE09,2021-03-18,12021
TOWE_POGP37_5_GE09_59_4,107,TOWE,0,GE09,2021-05-13,12021
TOWE_POGP37_5_GE09_59_4,118,TOWE,849,GE09,2022-04-14,12870
TOWE_POGP37_5_GE09_59_4,117,TOWE,1012,GE09,2022-03-24,13882
TOWE_POGP37_5_GE09_59_4,119,TOWE,891,GE09,2022-05-16,14773
TOWE_POGP37_5_GE09_59_4,120,TOWE,1301,GE09,2022-06-02,16074
TOWE_POGP37_5_GE09_59_4,120,TOWE,1301,GE09,2022-06-06,17375
TOWE_POGP37_5_GE09_59_4,131,TOWE,1241,GE09,2023-05-24,18616
TOWE_POGP37_5_GE09_59_4,142,TOWE,0,GE09,2024-04-01,18616
TOWE_POGP37_5_GE09_59_4,142,TOWE,0,GE09,2024-04-15,18616
TOWE_POGP37_5_GE09_59_4,143,TOWE,0,GE09,2024-05-07,18616
